NAME	GS<br> follow link to MSigDB	GS DETAILS	SIZE	ES	NES	NOM p-val	FDR q-val	FWER p-val	RANK AT MAX	LEADING EDGE	
REACTOME_NEUTROPHIL_DEGRANULATION	REACTOME_NEUTROPHIL_DEGRANULATION	Details ...	427	-0.48912606	-2.447123	0.0	0.0	0.0	2888	tags=38%, list=19%, signal=45%	
REACTOME_INTEGRIN_CELL_SURFACE_INTERACTIONS	REACTOME_INTEGRIN_CELL_SURFACE_INTERACTIONS	Details ...	41	-0.6378947	-2.3017511	0.0	0.0	0.0	1839	tags=39%, list=12%, signal=44%	
REACTOME_PEPTIDE_LIGAND_BINDING_RECEPTORS	REACTOME_PEPTIDE_LIGAND_BINDING_RECEPTORS	Details ...	72	-0.55823386	-2.237898	0.0	0.0	0.0	2511	tags=43%, list=16%, signal=51%	
WP_PROSTAGLANDIN_SYNTHESIS_AND_REGULATION	WP_PROSTAGLANDIN_SYNTHESIS_AND_REGULATION	Details ...	20	-0.7349764	-2.2142563	0.0	6.096372E-4	0.002	2061	tags=60%, list=13%, signal=69%	
REACTOME_SIGNAL_REGULATORY_PROTEIN_FAMILY_INTERACTIONS	REACTOME_SIGNAL_REGULATORY_PROTEIN_FAMILY_INTERACTIONS	Details ...	12	-0.83382934	-2.1827495	0.0	7.3450385E-4	0.003	1763	tags=75%, list=11%, signal=85%	
REACTOME_IMMUNOREGULATORY_INTERACTIONS_BETWEEN_A_LYMPHOID_AND_A_NON_LYMPHOID_CELL	REACTOME_IMMUNOREGULATORY_INTERACTIONS_BETWEEN_A_LYMPHOID_AND_A_NON_LYMPHOID_CELL	Details ...	85	-0.5294559	-2.1827102	0.0	6.1208656E-4	0.003	2361	tags=41%, list=15%, signal=48%	
REACTOME_CELL_SURFACE_INTERACTIONS_AT_THE_VASCULAR_WALL	REACTOME_CELL_SURFACE_INTERACTIONS_AT_THE_VASCULAR_WALL	Details ...	93	-0.5293088	-2.1821623	0.0	5.246456E-4	0.003	1713	tags=38%, list=11%, signal=42%	
REACTOME_EXTRACELLULAR_MATRIX_ORGANIZATION	REACTOME_EXTRACELLULAR_MATRIX_ORGANIZATION	Details ...	117	-0.5086862	-2.1660342	0.0	6.1542186E-4	0.004	2599	tags=40%, list=17%, signal=48%	
REACTOME_ERYTHROCYTES_TAKE_UP_OXYGEN_AND_RELEASE_CARBON_DIOXIDE	REACTOME_ERYTHROCYTES_TAKE_UP_OXYGEN_AND_RELEASE_CARBON_DIOXIDE	Details ...	8	-0.93731344	-2.1587932	0.0	5.4704165E-4	0.004	975	tags=100%, list=6%, signal=107%	
REACTOME_ANTIMICROBIAL_PEPTIDES	REACTOME_ANTIMICROBIAL_PEPTIDES	Details ...	25	-0.6932379	-2.1580389	0.0	4.9233745E-4	0.004	2016	tags=60%, list=13%, signal=69%	
REACTOME_METABOLISM_OF_PORPHYRINS	REACTOME_METABOLISM_OF_PORPHYRINS	Details ...	18	-0.75084573	-2.1511257	0.0	4.475795E-4	0.004	1040	tags=50%, list=7%, signal=54%	
REACTOME_HEME_BIOSYNTHESIS	REACTOME_HEME_BIOSYNTHESIS	Details ...	12	-0.84217745	-2.1396792	0.0	5.148769E-4	0.005	1860	tags=75%, list=12%, signal=85%	
REACTOME_FORMYL_PEPTIDE_RECEPTORS_BIND_FORMYL_PEPTIDES_AND_MANY_OTHER_LIGANDS	REACTOME_FORMYL_PEPTIDE_RECEPTORS_BIND_FORMYL_PEPTIDES_AND_MANY_OTHER_LIGANDS	Details ...	7	-0.95542145	-2.1329746	0.0	5.705132E-4	0.006	695	tags=100%, list=5%, signal=105%	
WP_OXIDATIVE_STRESS_AND_REDOX_PATHWAY	WP_OXIDATIVE_STRESS_AND_REDOX_PATHWAY	Details ...	72	-0.5400933	-2.1176014	0.0	9.6717145E-4	0.011	3485	tags=57%, list=23%, signal=73%	
WP_HEME_BIOSYNTHESIS	WP_HEME_BIOSYNTHESIS	Details ...	9	-0.87994033	-2.1093228	0.0	0.0010690817	0.013	1860	tags=100%, list=12%, signal=114%	
REACTOME_ERYTHROCYTES_TAKE_UP_CARBON_DIOXIDE_AND_RELEASE_OXYGEN	REACTOME_ERYTHROCYTES_TAKE_UP_CARBON_DIOXIDE_AND_RELEASE_OXYGEN	Details ...	12	-0.8056208	-2.1041179	0.0	0.001461007	0.019	1086	tags=75%, list=7%, signal=81%	
REACTOME_BINDING_AND_UPTAKE_OF_LIGANDS_BY_SCAVENGER_RECEPTORS	REACTOME_BINDING_AND_UPTAKE_OF_LIGANDS_BY_SCAVENGER_RECEPTORS	Details ...	24	-0.65119857	-2.0734127	0.0	0.0024733213	0.032	830	tags=42%, list=5%, signal=44%	
REACTOME_RESPONSE_TO_ELEVATED_PLATELET_CYTOSOLIC_CA2	REACTOME_RESPONSE_TO_ELEVATED_PLATELET_CYTOSOLIC_CA2	Details ...	87	-0.50591606	-2.0489812	0.0	0.0037728834	0.052	3852	tags=55%, list=25%, signal=73%	
REACTOME_DETOXIFICATION_OF_REACTIVE_OXYGEN_SPECIES	REACTOME_DETOXIFICATION_OF_REACTIVE_OXYGEN_SPECIES	Details ...	30	-0.6163517	-2.043703	0.0	0.0040956046	0.059	3914	tags=63%, list=25%, signal=85%	
REACTOME_HEMOSTASIS	REACTOME_HEMOSTASIS	Details ...	410	-0.40889084	-2.0254433	0.0	0.005129546	0.079	2731	tags=32%, list=18%, signal=38%	
REACTOME_RAF_INDEPENDENT_MAPK1_3_ACTIVATION	REACTOME_RAF_INDEPENDENT_MAPK1_3_ACTIVATION	Details ...	21	-0.678089	-2.0252745	0.0	0.004885282	0.079	2222	tags=52%, list=14%, signal=61%	
REACTOME_CLASS_A_1_RHODOPSIN_LIKE_RECEPTORS	REACTOME_CLASS_A_1_RHODOPSIN_LIKE_RECEPTORS	Details ...	125	-0.47166482	-2.0252023	0.0	0.004663224	0.079	2511	tags=37%, list=16%, signal=44%	
REACTOME_TRANSPORT_OF_BILE_SALTS_AND_ORGANIC_ACIDS_METAL_IONS_AND_AMINE_COMPOUNDS	REACTOME_TRANSPORT_OF_BILE_SALTS_AND_ORGANIC_ACIDS_METAL_IONS_AND_AMINE_COMPOUNDS	Details ...	38	-0.57408565	-2.022941	0.0	0.004619994	0.081	1169	tags=37%, list=8%, signal=40%	
REACTOME_TRANSPORT_OF_INORGANIC_CATIONS_ANIONS_AND_AMINO_ACIDS_OLIGOPEPTIDES	REACTOME_TRANSPORT_OF_INORGANIC_CATIONS_ANIONS_AND_AMINO_ACIDS_OLIGOPEPTIDES	Details ...	68	-0.5099519	-1.99714	0.0	0.0061759884	0.112	3543	tags=40%, list=23%, signal=51%	
REACTOME_BASIGIN_INTERACTIONS	REACTOME_BASIGIN_INTERACTIONS	Details ...	19	-0.6811345	-1.9966513	0.0	0.0059793275	0.113	912	tags=37%, list=6%, signal=39%	
REACTOME_SLC_MEDIATED_TRANSMEMBRANE_TRANSPORT	REACTOME_SLC_MEDIATED_TRANSMEMBRANE_TRANSPORT	Details ...	143	-0.4443558	-1.9826003	0.0	0.007457442	0.145	1169	tags=20%, list=8%, signal=22%	
REACTOME_REGULATION_OF_INSULIN_LIKE_GROWTH_FACTOR_IGF_TRANSPORT_AND_UPTAKE_BY_INSULIN_LIKE_GROWTH_FACTOR_BINDING_PROTEINS_IGFBPS	REACTOME_REGULATION_OF_INSULIN_LIKE_GROWTH_FACTOR_IGF_TRANSPORT_AND_UPTAKE_BY_INSULIN_LIKE_GROWTH_FACTOR_BINDING_PROTEINS_IGFBPS	Details ...	61	-0.5096419	-1.9690974	0.0	0.0088236295	0.176	2786	tags=44%, list=18%, signal=54%	
REACTOME_CELL_CELL_COMMUNICATION	REACTOME_CELL_CELL_COMMUNICATION	Details ...	63	-0.50791997	-1.9651221	0.0	0.008993191	0.185	4889	tags=63%, list=32%, signal=93%	
WP_GLYCOLYSIS_AND_GLUCONEOGENESIS	WP_GLYCOLYSIS_AND_GLUCONEOGENESIS	Details ...	39	-0.5545805	-1.9559631	0.0	0.009789482	0.205	3440	tags=46%, list=22%, signal=59%	
REACTOME_PLATELET_ACTIVATION_SIGNALING_AND_AGGREGATION	REACTOME_PLATELET_ACTIVATION_SIGNALING_AND_AGGREGATION	Details ...	190	-0.42142004	-1.9395604	0.0	0.011758598	0.251	3852	tags=45%, list=25%, signal=59%	
REACTOME_DNA_DAMAGE_TELOMERE_STRESS_INDUCED_SENESCENCE	REACTOME_DNA_DAMAGE_TELOMERE_STRESS_INDUCED_SENESCENCE	Details ...	65	-0.49095392	-1.9366695	0.0	0.01161777	0.255	2796	tags=40%, list=18%, signal=49%	
REACTOME_ECM_PROTEOGLYCANS	REACTOME_ECM_PROTEOGLYCANS	Details ...	18	-0.64926493	-1.9263929	0.0	0.013448053	0.299	2599	tags=56%, list=17%, signal=67%	
WP_TYROBP_CAUSAL_NETWORK_IN_MICROGLIA	WP_TYROBP_CAUSAL_NETWORK_IN_MICROGLIA	Details ...	53	-0.5201878	-1.9250193	0.0	0.013337352	0.305	2876	tags=47%, list=19%, signal=58%	
REACTOME_CONDENSATION_OF_PROPHASE_CHROMOSOMES	REACTOME_CONDENSATION_OF_PROPHASE_CHROMOSOMES	Details ...	55	-0.509728	-1.923796	0.0	0.013233848	0.308	3807	tags=51%, list=25%, signal=67%	
WP_IRON_HOMEOSTASIS	WP_IRON_HOMEOSTASIS	Details ...	10	-0.7778579	-1.9166679	0.0	0.014302306	0.338	1317	tags=70%, list=9%, signal=76%	
WP_MICROGLIA_PATHOGEN_PHAGOCYTOSIS_PATHWAY	WP_MICROGLIA_PATHOGEN_PHAGOCYTOSIS_PATHWAY	Details ...	40	-0.54927325	-1.914385	0.0	0.014278753	0.343	2560	tags=40%, list=17%, signal=48%	
REACTOME_SIGNALING_BY_GPCR	REACTOME_SIGNALING_BY_GPCR	Details ...	316	-0.39082247	-1.9129937	0.0	0.014191307	0.348	2731	tags=33%, list=18%, signal=39%	
REACTOME_GPCR_LIGAND_BINDING	REACTOME_GPCR_LIGAND_BINDING	Details ...	151	-0.4288014	-1.9127629	0.0	0.013882116	0.349	2511	tags=34%, list=16%, signal=41%	
REACTOME_ASPIRIN_ADME	REACTOME_ASPIRIN_ADME	Details ...	6	-0.8934461	-1.9046614	0.0	0.015077763	0.381	515	tags=50%, list=3%, signal=52%	
WP_GPCRS_CLASS_A_RHODOPSINLIKE	WP_GPCRS_CLASS_A_RHODOPSINLIKE	Details ...	62	-0.485791	-1.8965297	0.0	0.016703544	0.419	2135	tags=39%, list=14%, signal=45%	
REACTOME_DEGRADATION_OF_THE_EXTRACELLULAR_MATRIX	REACTOME_DEGRADATION_OF_THE_EXTRACELLULAR_MATRIX	Details ...	48	-0.51718664	-1.8896362	0.0	0.018284177	0.458	2123	tags=40%, list=14%, signal=46%	
REACTOME_RHOB_GTPASE_CYCLE	REACTOME_RHOB_GTPASE_CYCLE	Details ...	56	-0.49658373	-1.8859378	0.0	0.018902883	0.478	3389	tags=50%, list=22%, signal=64%	
WP_FOLIC_ACID_NETWORK	WP_FOLIC_ACID_NETWORK	Details ...	17	-0.6523134	-1.8588144	0.0034722222	0.026852632	0.61	3211	tags=65%, list=21%, signal=82%	
BIOCARTA_VOBESITY_PATHWAY	BIOCARTA_VOBESITY_PATHWAY	Details ...	6	-0.8689058	-1.8252332	0.0	0.040566366	0.77	1139	tags=83%, list=7%, signal=90%	
REACTOME_TRANSPORT_OF_SMALL_MOLECULES	REACTOME_TRANSPORT_OF_SMALL_MOLECULES	Details ...	459	-0.3614453	-1.815079	0.0	0.04490342	0.808	3571	tags=33%, list=23%, signal=42%	
WP_GLUTATHIONE_METABOLISM	WP_GLUTATHIONE_METABOLISM	Details ...	16	-0.6407995	-1.8120112	0.0	0.04628333	0.821	846	tags=44%, list=5%, signal=46%	
REACTOME_INTERLEUKIN_6_FAMILY_SIGNALING	REACTOME_INTERLEUKIN_6_FAMILY_SIGNALING	Details ...	14	-0.6594585	-1.8115698	0.0073394496	0.045610864	0.823	2222	tags=57%, list=14%, signal=67%	
WP_INTEGRINMEDIATED_CELL_ADHESION	WP_INTEGRINMEDIATED_CELL_ADHESION	Details ...	82	-0.4469694	-1.8106132	0.0015748031	0.045300633	0.826	2809	tags=39%, list=18%, signal=47%	
WP_GPCRS_NONODORANT	WP_GPCRS_NONODORANT	Details ...	105	-0.4260528	-1.8088632	0.0	0.04541158	0.837	1911	tags=30%, list=12%, signal=35%	
REACTOME_TP53_REGULATES_TRANSCRIPTION_OF_GENES_INVOLVED_IN_G1_CELL_CYCLE_ARREST	REACTOME_TP53_REGULATES_TRANSCRIPTION_OF_GENES_INVOLVED_IN_G1_CELL_CYCLE_ARREST	Details ...	8	-0.77390164	-1.8059262	0.0035149385	0.046181608	0.844	2934	tags=88%, list=19%, signal=108%	
REACTOME_RUNX1_REGULATES_GENES_INVOLVED_IN_MEGAKARYOCYTE_DIFFERENTIATION_AND_PLATELET_FUNCTION	REACTOME_RUNX1_REGULATES_GENES_INVOLVED_IN_MEGAKARYOCYTE_DIFFERENTIATION_AND_PLATELET_FUNCTION		62	-0.47062656	-1.8050271	0.0	0.045883156	0.847	2796	tags=35%, list=18%, signal=43%	
WP_IL5_SIGNALING_PATHWAY	WP_IL5_SIGNALING_PATHWAY		66	-0.46287727	-1.7999943	0.0016863407	0.04791421	0.868	3080	tags=36%, list=20%, signal=45%	
REACTOME_PRC2_METHYLATES_HISTONES_AND_DNA	REACTOME_PRC2_METHYLATES_HISTONES_AND_DNA		57	-0.46378887	-1.7989863	0.0	0.047407832	0.869	2796	tags=37%, list=18%, signal=45%	
REACTOME_ELASTIC_FIBRE_FORMATION	REACTOME_ELASTIC_FIBRE_FORMATION		18	-0.62011814	-1.7942553	0.0034904014	0.04968758	0.887	2535	tags=50%, list=16%, signal=60%	
REACTOME_TRANSFERRIN_ENDOCYTOSIS_AND_RECYCLING	REACTOME_TRANSFERRIN_ENDOCYTOSIS_AND_RECYCLING		26	-0.5600308	-1.7940443	0.010909091	0.048895843	0.887	2832	tags=42%, list=18%, signal=52%	
REACTOME_DAP12_INTERACTIONS	REACTOME_DAP12_INTERACTIONS		45	-0.49307308	-1.7863265	0.0	0.052623745	0.899	2731	tags=42%, list=18%, signal=51%	
REACTOME_TNFS_BIND_THEIR_PHYSIOLOGICAL_RECEPTORS	REACTOME_TNFS_BIND_THEIR_PHYSIOLOGICAL_RECEPTORS		21	-0.5818938	-1.779702	0.0035273368	0.05603656	0.92	1614	tags=48%, list=10%, signal=53%	
BIOCARTA_EPHA4_PATHWAY	BIOCARTA_EPHA4_PATHWAY		7	-0.7888896	-1.7794538	0.007490637	0.05524116	0.92	1325	tags=57%, list=9%, signal=62%	
BIOCARTA_NFKB_PATHWAY	BIOCARTA_NFKB_PATHWAY		20	-0.5869358	-1.7760675	0.0054545454	0.05635591	0.933	2302	tags=40%, list=15%, signal=47%	
BIOCARTA_UCALPAIN_PATHWAY	BIOCARTA_UCALPAIN_PATHWAY		10	-0.7003834	-1.7704906	0.0072202166	0.059572265	0.947	2467	tags=40%, list=16%, signal=48%	
REACTOME_MISCELLANEOUS_TRANSPORT_AND_BINDING_EVENTS	REACTOME_MISCELLANEOUS_TRANSPORT_AND_BINDING_EVENTS		19	-0.58792293	-1.7703558	0.009242144	0.058715977	0.947	1103	tags=26%, list=7%, signal=28%	
BIOCARTA_MCALPAIN_PATHWAY	BIOCARTA_MCALPAIN_PATHWAY		15	-0.636227	-1.7640276	0.007029877	0.062035207	0.955	2878	tags=60%, list=19%, signal=74%	
REACTOME_LDL_CLEARANCE	REACTOME_LDL_CLEARANCE		16	-0.6256584	-1.7564131	0.0	0.06701274	0.965	4459	tags=81%, list=29%, signal=114%	
REACTOME_RAC1_GTPASE_CYCLE	REACTOME_RAC1_GTPASE_CYCLE		145	-0.39411467	-1.7546717	0.0	0.06710414	0.967	3381	tags=39%, list=22%, signal=49%	
BIOCARTA_IL10_PATHWAY	BIOCARTA_IL10_PATHWAY		11	-0.6849637	-1.7499317	0.0053475937	0.06938997	0.973	2671	tags=55%, list=17%, signal=66%	
REACTOME_G_ALPHA_I_SIGNALLING_EVENTS	REACTOME_G_ALPHA_I_SIGNALLING_EVENTS		140	-0.39268696	-1.74956	0.0	0.06858139	0.974	2514	tags=32%, list=16%, signal=38%	
REACTOME_FORMATION_OF_FIBRIN_CLOT_CLOTTING_CASCADE	REACTOME_FORMATION_OF_FIBRIN_CLOT_CLOTTING_CASCADE		21	-0.58527315	-1.7477009	0.008695652	0.06897534	0.977	1592	tags=43%, list=10%, signal=48%	
REACTOME_PARACETAMOL_ADME	REACTOME_PARACETAMOL_ADME		14	-0.6306037	-1.7428374	0.008726004	0.07142515	0.982	2845	tags=50%, list=18%, signal=61%	
REACTOME_DECTIN_2_FAMILY	REACTOME_DECTIN_2_FAMILY		8	-0.7585096	-1.7325227	0.006993007	0.07860984	0.987	1955	tags=63%, list=13%, signal=72%	
WP_PPAR_SIGNALING_PATHWAY	WP_PPAR_SIGNALING_PATHWAY		42	-0.4873887	-1.7269781	0.0036363637	0.08146479	0.989	2867	tags=45%, list=19%, signal=55%	
WP_OXIDATIVE_STRESS_RESPONSE	WP_OXIDATIVE_STRESS_RESPONSE		24	-0.5432941	-1.7245871	0.010507881	0.08209066	0.989	4830	tags=71%, list=31%, signal=103%	
BIOCARTA_FREE_PATHWAY	BIOCARTA_FREE_PATHWAY		8	-0.7398987	-1.7239496	0.005628518	0.08161793	0.989	1139	tags=50%, list=7%, signal=54%	
REACTOME_L1CAM_INTERACTIONS	REACTOME_L1CAM_INTERACTIONS		57	-0.44932443	-1.7184128	0.001633987	0.08485615	0.995	4056	tags=53%, list=26%, signal=71%	
WP_HYPOXIADEPENDENT_DIFFERENTIATION_OF_MYOBLASTS	WP_HYPOXIADEPENDENT_DIFFERENTIATION_OF_MYOBLASTS		9	-0.738772	-1.713764	0.008665511	0.08833384	0.996	2528	tags=56%, list=16%, signal=66%	
REACTOME_AMINO_ACID_TRANSPORT_ACROSS_THE_PLASMA_MEMBRANE	REACTOME_AMINO_ACID_TRANSPORT_ACROSS_THE_PLASMA_MEMBRANE		23	-0.55713654	-1.7130029	0.003508772	0.08783013	0.996	3327	tags=43%, list=22%, signal=55%	
REACTOME_PLASMA_LIPOPROTEIN_CLEARANCE	REACTOME_PLASMA_LIPOPROTEIN_CLEARANCE		29	-0.52203023	-1.7067505	0.006956522	0.09237158	0.996	4459	tags=72%, list=29%, signal=102%	
REACTOME_ACYL_CHAIN_REMODELLING_OF_PC	REACTOME_ACYL_CHAIN_REMODELLING_OF_PC		16	-0.60925364	-1.7066098	0.013722127	0.091363944	0.996	2613	tags=50%, list=17%, signal=60%	
REACTOME_INHIBITION_OF_DNA_RECOMBINATION_AT_TELOMERE	REACTOME_INHIBITION_OF_DNA_RECOMBINATION_AT_TELOMERE		43	-0.48109922	-1.7009557	0.0017211704	0.09553984	0.997	2796	tags=42%, list=18%, signal=51%	
REACTOME_INTERLEUKIN_6_SIGNALING	REACTOME_INTERLEUKIN_6_SIGNALING		9	-0.7022294	-1.6996775	0.01119403	0.09559399	0.998	2222	tags=56%, list=14%, signal=65%	
REACTOME_RHO_GTPASES_ACTIVATE_IQGAPS	REACTOME_RHO_GTPASES_ACTIVATE_IQGAPS		26	-0.5206122	-1.6984708	0.00837521	0.09543583	0.998	4559	tags=65%, list=30%, signal=93%	
WP_SELENIUM_MICRONUTRIENT_NETWORK	WP_SELENIUM_MICRONUTRIENT_NETWORK		18	-0.58652586	-1.6981646	0.00907441	0.09465172	0.998	2142	tags=56%, list=14%, signal=64%	
REACTOME_MET_INTERACTS_WITH_TNS_PROTEINS	REACTOME_MET_INTERACTS_WITH_TNS_PROTEINS		5	-0.87904626	-1.6964726	0.0057034222	0.09509051	0.998	448	tags=60%, list=3%, signal=62%	
REACTOME_ACTIVATION_OF_MATRIX_METALLOPROTEINASES	REACTOME_ACTIVATION_OF_MATRIX_METALLOPROTEINASES		17	-0.58660454	-1.6947303	0.012939001	0.09545052	0.998	2123	tags=47%, list=14%, signal=55%	
WP_GLYCEROLIPIDS_AND_GLYCEROPHOSPHOLIPIDS	WP_GLYCEROLIPIDS_AND_GLYCEROPHOSPHOLIPIDS		21	-0.56450194	-1.6876804	0.007142857	0.10104495	0.999	1202	tags=33%, list=8%, signal=36%	
REACTOME_COMMON_PATHWAY_OF_FIBRIN_CLOT_FORMATION	REACTOME_COMMON_PATHWAY_OF_FIBRIN_CLOT_FORMATION		13	-0.6237391	-1.6857148	0.01431127	0.10197687	0.999	1592	tags=54%, list=10%, signal=60%	
REACTOME_MET_PROMOTES_CELL_MOTILITY	REACTOME_MET_PROMOTES_CELL_MOTILITY		22	-0.5352078	-1.6839849	0.012027492	0.10268275	0.999	1597	tags=32%, list=10%, signal=35%	
REACTOME_N_GLYCAN_ANTENNAE_ELONGATION	REACTOME_N_GLYCAN_ANTENNAE_ELONGATION		12	-0.64557415	-1.683788	0.017513135	0.10167258	0.999	1187	tags=42%, list=8%, signal=45%	
BIOCARTA_IL1R_PATHWAY	BIOCARTA_IL1R_PATHWAY		27	-0.5227089	-1.6825253	0.008517887	0.1018911	0.999	1605	tags=37%, list=10%, signal=41%	
REACTOME_METABOLISM_OF_ANGIOTENSINOGEN_TO_ANGIOTENSINS	REACTOME_METABOLISM_OF_ANGIOTENSINOGEN_TO_ANGIOTENSINS		8	-0.72280973	-1.6756648	0.011257036	0.10809887	0.999	1578	tags=63%, list=10%, signal=70%	
WP_NUCLEOTIDE_GPCRS	WP_NUCLEOTIDE_GPCRS		7	-0.7513011	-1.6747949	0.015037594	0.10772709	0.999	1896	tags=86%, list=12%, signal=98%	
REACTOME_RHOG_GTPASE_CYCLE	REACTOME_RHOG_GTPASE_CYCLE		64	-0.43059817	-1.6730531	0.0031746032	0.10879292	0.999	3317	tags=41%, list=22%, signal=52%	
WP_ADIPOGENESIS_GENES	WP_ADIPOGENESIS_GENES		93	-0.4072084	-1.6727698	0.0016207455	0.10786533	0.999	2438	tags=30%, list=16%, signal=36%	
WP_IL3_SIGNALING_PATHWAY	WP_IL3_SIGNALING_PATHWAY		94	-0.40119976	-1.6716185	0.0031152647	0.107898176	0.999	3338	tags=38%, list=22%, signal=49%	
WP_FOCAL_ADHESION	WP_FOCAL_ADHESION		131	-0.38011017	-1.6714675	0.00152207	0.10695952	0.999	2824	tags=34%, list=18%, signal=41%	
REACTOME_COLLAGEN_DEGRADATION	REACTOME_COLLAGEN_DEGRADATION		17	-0.57831365	-1.670084	0.01048951	0.107186995	0.999	2123	tags=41%, list=14%, signal=48%	
REACTOME_METALLOPROTEASE_DUBS	REACTOME_METALLOPROTEASE_DUBS		35	-0.4804027	-1.6690998	0.004950495	0.10722802	0.999	2417	tags=43%, list=16%, signal=51%	
WP_ELONGATION_OF_VERY_LONG_CHAIN_FATTY_ACIDS	WP_ELONGATION_OF_VERY_LONG_CHAIN_FATTY_ACIDS		11	-0.6656025	-1.6688424	0.014571949	0.10632536	0.999	2509	tags=64%, list=16%, signal=76%	
REACTOME_MOLECULES_ASSOCIATED_WITH_ELASTIC_FIBRES	REACTOME_MOLECULES_ASSOCIATED_WITH_ELASTIC_FIBRES		14	-0.60297227	-1.6670283	0.014336918	0.10710022	1.0	2535	tags=50%, list=16%, signal=60%	
REACTOME_CDC42_GTPASE_CYCLE	REACTOME_CDC42_GTPASE_CYCLE		74	-0.4227062	-1.6651398	0.0050083473	0.107847	1.0	3381	tags=45%, list=22%, signal=57%	
REACTOME_FCGR_ACTIVATION	REACTOME_FCGR_ACTIVATION		17	-0.57898515	-1.664809	0.016885553	0.10717497	1.0	2228	tags=47%, list=14%, signal=55%	
REACTOME_CELL_EXTRACELLULAR_MATRIX_INTERACTIONS	REACTOME_CELL_EXTRACELLULAR_MATRIX_INTERACTIONS		12	-0.64054966	-1.6612171	0.020332716	0.10983721	1.0	3892	tags=75%, list=25%, signal=100%	
REACTOME_CELLULAR_SENESCENCE	REACTOME_CELLULAR_SENESCENCE		130	-0.378815	-1.6608428	0.0	0.10906254	1.0	2862	tags=33%, list=19%, signal=40%	
REACTOME_PLATELET_ADHESION_TO_EXPOSED_COLLAGEN	REACTOME_PLATELET_ADHESION_TO_EXPOSED_COLLAGEN		8	-0.71607673	-1.6561347	0.014362657	0.112923674	1.0	839	tags=50%, list=5%, signal=53%	
BIOCARTA_MONOCYTE_PATHWAY	BIOCARTA_MONOCYTE_PATHWAY		11	-0.6613167	-1.6539781	0.012681159	0.114197105	1.0	1435	tags=55%, list=9%, signal=60%	
BIOCARTA_BARRESTIN_SRC_PATHWAY	BIOCARTA_BARRESTIN_SRC_PATHWAY		13	-0.6374914	-1.6522746	0.014925373	0.11474497	1.0	2809	tags=46%, list=18%, signal=56%	
REACTOME_GAP_JUNCTION_ASSEMBLY	REACTOME_GAP_JUNCTION_ASSEMBLY		14	-0.5955643	-1.6440386	0.017699115	0.122718446	1.0	1889	tags=50%, list=12%, signal=57%	
BIOCARTA_AMAN_PATHWAY	BIOCARTA_AMAN_PATHWAY		6	-0.77735263	-1.6424171	0.02398524	0.123854116	1.0	642	tags=67%, list=4%, signal=70%	
REACTOME_METABOLISM_OF_CARBOHYDRATES	REACTOME_METABOLISM_OF_CARBOHYDRATES		203	-0.35423544	-1.6416949	0.0	0.123641774	1.0	4707	tags=45%, list=31%, signal=64%	
WP_TGFBETA_SIGNALING_PATHWAY	WP_TGFBETA_SIGNALING_PATHWAY		41	-0.4565067	-1.6393211	0.013816926	0.12531838	1.0	4559	tags=54%, list=30%, signal=76%	
REACTOME_ALPHA_LINOLENIC_OMEGA3_AND_LINOLEIC_OMEGA6_ACID_METABOLISM	REACTOME_ALPHA_LINOLENIC_OMEGA3_AND_LINOLEIC_OMEGA6_ACID_METABOLISM		11	-0.6497793	-1.639191	0.012612613	0.12433437	1.0	2142	tags=55%, list=14%, signal=63%	
REACTOME_SIGNALING_BY_MET	REACTOME_SIGNALING_BY_MET		57	-0.42825463	-1.6368163	0.0016420361	0.12590553	1.0	2138	tags=28%, list=14%, signal=32%	
REACTOME_BASE_EXCISION_REPAIR_AP_SITE_FORMATION	REACTOME_BASE_EXCISION_REPAIR_AP_SITE_FORMATION		49	-0.43973973	-1.6336616	0.0033003301	0.12836963	1.0	2796	tags=37%, list=18%, signal=45%	
REACTOME_POST_TRANSLATIONAL_MODIFICATION_SYNTHESIS_OF_GPI_ANCHORED_PROTEINS	REACTOME_POST_TRANSLATIONAL_MODIFICATION_SYNTHESIS_OF_GPI_ANCHORED_PROTEINS		46	-0.45203024	-1.6326474	0.0051282053	0.12835523	1.0	1720	tags=28%, list=11%, signal=32%	
WP_FACTORS_AND_PATHWAYS_AFFECTING_INSULINLIKE_GROWTH_FACTOR_IGF1AKT_SIGNALING	WP_FACTORS_AND_PATHWAYS_AFFECTING_INSULINLIKE_GROWTH_FACTOR_IGF1AKT_SIGNALING		21	-0.5419734	-1.631851	0.021857923	0.12810472	1.0	1333	tags=38%, list=9%, signal=42%	
REACTOME_DRUG_ADME	REACTOME_DRUG_ADME		47	-0.4464589	-1.6308763	0.0017793594	0.12814792	1.0	682	tags=19%, list=4%, signal=20%	
WP_IL6_SIGNALING_PATHWAY	WP_IL6_SIGNALING_PATHWAY		95	-0.38997695	-1.6265055	0.0015432099	0.13183846	1.0	2809	tags=32%, list=18%, signal=38%	
BIOCARTA_CDMAC_PATHWAY	BIOCARTA_CDMAC_PATHWAY		14	-0.60689646	-1.6254255	0.01604278	0.13207616	1.0	3080	tags=57%, list=20%, signal=71%	
REACTOME_VEGF_LIGAND_RECEPTOR_INTERACTIONS	REACTOME_VEGF_LIGAND_RECEPTOR_INTERACTIONS		5	-0.81572497	-1.6238524	0.014925373	0.13257414	1.0	2528	tags=80%, list=16%, signal=96%	
REACTOME_TRANSPORT_OF_CONNEXONS_TO_THE_PLASMA_MEMBRANE	REACTOME_TRANSPORT_OF_CONNEXONS_TO_THE_PLASMA_MEMBRANE		14	-0.5955643	-1.6237595	0.021428572	0.1315125	1.0	1889	tags=50%, list=12%, signal=57%	
REACTOME_ACYL_CHAIN_REMODELING_OF_DAG_AND_TAG	REACTOME_ACYL_CHAIN_REMODELING_OF_DAG_AND_TAG		5	-0.81056964	-1.6235836	0.0072202166	0.13062134	1.0	1021	tags=40%, list=7%, signal=43%	
REACTOME_DEPOSITION_OF_NEW_CENPA_CONTAINING_NUCLEOSOMES_AT_THE_CENTROMERE	REACTOME_DEPOSITION_OF_NEW_CENPA_CONTAINING_NUCLEOSOMES_AT_THE_CENTROMERE		61	-0.41859508	-1.6234156	0.014729951	0.12972526	1.0	3244	tags=38%, list=21%, signal=48%	
WP_COMPREHENSIVE_IL17A_SIGNALING	WP_COMPREHENSIVE_IL17A_SIGNALING		82	-0.40242556	-1.6208686	0.005	0.13153584	1.0	2699	tags=33%, list=18%, signal=40%	
BIOCARTA_ACE2_PATHWAY	BIOCARTA_ACE2_PATHWAY		5	-0.8382279	-1.6203909	0.009380863	0.13102637	1.0	1560	tags=60%, list=10%, signal=67%	
WP_GPCRS_OTHER	WP_GPCRS_OTHER		28	-0.49215046	-1.6203846	0.010186757	0.1299796	1.0	934	tags=25%, list=6%, signal=27%	
BIOCARTA_REELIN_PATHWAY	BIOCARTA_REELIN_PATHWAY		5	-0.82106113	-1.620295	0.011090573	0.12910783	1.0	2117	tags=60%, list=14%, signal=70%	
REACTOME_SYNTHESIS_OF_BILE_ACIDS_AND_BILE_SALTS_VIA_7ALPHA_HYDROXYCHOLESTEROL	REACTOME_SYNTHESIS_OF_BILE_ACIDS_AND_BILE_SALTS_VIA_7ALPHA_HYDROXYCHOLESTEROL		9	-0.68307793	-1.6169928	0.015929203	0.13153198	1.0	2166	tags=44%, list=14%, signal=52%	
REACTOME_INTERACTION_BETWEEN_L1_AND_ANKYRINS	REACTOME_INTERACTION_BETWEEN_L1_AND_ANKYRINS		8	-0.698539	-1.6064649	0.022727273	0.1434359	1.0	591	tags=38%, list=4%, signal=39%	
REACTOME_CELL_JUNCTION_ORGANIZATION	REACTOME_CELL_JUNCTION_ORGANIZATION		46	-0.4432478	-1.60604	0.011945393	0.14308737	1.0	5064	tags=61%, list=33%, signal=90%	
REACTOME_GLUCOSE_METABOLISM	REACTOME_GLUCOSE_METABOLISM		65	-0.41045108	-1.605265	0.0048	0.14284667	1.0	4707	tags=51%, list=31%, signal=73%	
REACTOME_RHOC_GTPASE_CYCLE	REACTOME_RHOC_GTPASE_CYCLE		59	-0.4203261	-1.6030954	0.0082236845	0.14434671	1.0	4351	tags=53%, list=28%, signal=73%	
REACTOME_ION_HOMEOSTASIS	REACTOME_ION_HOMEOSTASIS		34	-0.4698659	-1.6029359	0.020477816	0.1433674	1.0	1610	tags=24%, list=10%, signal=26%	
REACTOME_IRON_UPTAKE_AND_TRANSPORT	REACTOME_IRON_UPTAKE_AND_TRANSPORT		49	-0.4388376	-1.6017342	0.016694492	0.1437753	1.0	2832	tags=33%, list=18%, signal=40%	
REACTOME_MET_RECEPTOR_ACTIVATION	REACTOME_MET_RECEPTOR_ACTIVATION		6	-0.77348465	-1.6006569	0.010928961	0.1439639	1.0	246	tags=50%, list=2%, signal=51%	
REACTOME_PROTON_COUPLED_MONOCARBOXYLATE_TRANSPORT	REACTOME_PROTON_COUPLED_MONOCARBOXYLATE_TRANSPORT		5	-0.79765505	-1.6004192	0.009242144	0.14318283	1.0	515	tags=60%, list=3%, signal=62%	
WP_IL1_SIGNALING_PATHWAY	WP_IL1_SIGNALING_PATHWAY		36	-0.4645837	-1.5950649	0.014209592	0.14903301	1.0	2467	tags=36%, list=16%, signal=43%	
REACTOME_BH3_ONLY_PROTEINS_ASSOCIATE_WITH_AND_INACTIVATE_ANTI_APOPTOTIC_BCL_2_MEMBERS	REACTOME_BH3_ONLY_PROTEINS_ASSOCIATE_WITH_AND_INACTIVATE_ANTI_APOPTOTIC_BCL_2_MEMBERS		7	-0.72474146	-1.5939864	0.028571429	0.14925866	1.0	2598	tags=57%, list=17%, signal=69%	
REACTOME_SIGNALING_BY_RECEPTOR_TYROSINE_KINASES	REACTOME_SIGNALING_BY_RECEPTOR_TYROSINE_KINASES		313	-0.32663798	-1.5939142	0.0	0.1482776	1.0	2875	tags=27%, list=19%, signal=32%	
REACTOME_CHEMOKINE_RECEPTORS_BIND_CHEMOKINES	REACTOME_CHEMOKINE_RECEPTORS_BIND_CHEMOKINES		34	-0.46889684	-1.5932313	0.022413794	0.14802337	1.0	2468	tags=38%, list=16%, signal=45%	
BIOCARTA_IL22BP_PATHWAY	BIOCARTA_IL22BP_PATHWAY		9	-0.68050504	-1.586802	0.019366197	0.1550248	1.0	2281	tags=56%, list=15%, signal=65%	
BIOCARTA_NEUTROPHIL_PATHWAY	BIOCARTA_NEUTROPHIL_PATHWAY		8	-0.6892719	-1.583078	0.03018868	0.15832445	1.0	1435	tags=63%, list=9%, signal=69%	
WP_SPINAL_CORD_INJURY	WP_SPINAL_CORD_INJURY		68	-0.4025981	-1.580513	0.009708738	0.16041604	1.0	2886	tags=37%, list=19%, signal=45%	
REACTOME_TRANSCRIPTIONAL_REGULATION_OF_GRANULOPOIESIS	REACTOME_TRANSCRIPTIONAL_REGULATION_OF_GRANULOPOIESIS		6	-0.7819047	-1.5798451	0.016304348	0.16023092	1.0	2750	tags=83%, list=18%, signal=101%	
REACTOME_REPRESSION_OF_WNT_TARGET_GENES	REACTOME_REPRESSION_OF_WNT_TARGET_GENES		9	-0.6604672	-1.5764242	0.037567083	0.16391206	1.0	542	tags=33%, list=4%, signal=35%	
REACTOME_G_ALPHA_Q_SIGNALLING_EVENTS	REACTOME_G_ALPHA_Q_SIGNALLING_EVENTS		108	-0.37153134	-1.5751674	0.00466563	0.1645129	1.0	3083	tags=34%, list=20%, signal=43%	
WP_FOCAL_ADHESION_PI3KAKTMTOR_SIGNALING_PATHWAY	WP_FOCAL_ADHESION_PI3KAKTMTOR_SIGNALING_PATHWAY		199	-0.3416561	-1.5722476	0.0	0.16757676	1.0	2610	tags=26%, list=17%, signal=30%	
WP_LUNG_FIBROSIS	WP_LUNG_FIBROSIS		36	-0.45978102	-1.5721973	0.013722127	0.16652153	1.0	2955	tags=42%, list=19%, signal=51%	
REACTOME_TELOMERE_MAINTENANCE	REACTOME_TELOMERE_MAINTENANCE		85	-0.38575348	-1.5707684	0.008196721	0.16721754	1.0	3816	tags=39%, list=25%, signal=51%	
REACTOME_TGFBR3_REGULATES_TGF_BETA_SIGNALING	REACTOME_TGFBR3_REGULATES_TGF_BETA_SIGNALING		7	-0.71008617	-1.5681218	0.024263432	0.16962568	1.0	3370	tags=71%, list=22%, signal=91%	
WP_MATRIX_METALLOPROTEINASES	WP_MATRIX_METALLOPROTEINASES		12	-0.61192197	-1.5674511	0.028119508	0.16924807	1.0	2123	tags=58%, list=14%, signal=68%	
BIOCARTA_TCRA_PATHWAY	BIOCARTA_TCRA_PATHWAY		9	-0.651702	-1.5649408	0.033834588	0.1715212	1.0	5297	tags=89%, list=34%, signal=135%	
REACTOME_NRAGE_SIGNALS_DEATH_THROUGH_JNK	REACTOME_NRAGE_SIGNALS_DEATH_THROUGH_JNK		43	-0.43744433	-1.5627021	0.009884679	0.17332752	1.0	1838	tags=28%, list=12%, signal=32%	
REACTOME_NUCLEOTIDE_CATABOLISM	REACTOME_NUCLEOTIDE_CATABOLISM		27	-0.4904771	-1.5619755	0.02300885	0.17323174	1.0	1647	tags=26%, list=11%, signal=29%	
REACTOME_NA_CL_DEPENDENT_NEUROTRANSMITTER_TRANSPORTERS	REACTOME_NA_CL_DEPENDENT_NEUROTRANSMITTER_TRANSPORTERS		7	-0.7099674	-1.5616366	0.03125	0.17249401	1.0	991	tags=57%, list=6%, signal=61%	
WP_CHEMOKINE_SIGNALING_PATHWAY	WP_CHEMOKINE_SIGNALING_PATHWAY		139	-0.35601962	-1.5601805	0.00152207	0.17323098	1.0	2809	tags=29%, list=18%, signal=35%	
REACTOME_GLYCEROPHOSPHOLIPID_BIOSYNTHESIS	REACTOME_GLYCEROPHOSPHOLIPID_BIOSYNTHESIS		87	-0.3773913	-1.5578564	0.0031948881	0.17536865	1.0	1524	tags=21%, list=10%, signal=23%	
REACTOME_METABOLISM_OF_NUCLEOTIDES	REACTOME_METABOLISM_OF_NUCLEOTIDES		80	-0.38221818	-1.5571487	0.004862237	0.17551646	1.0	4142	tags=39%, list=27%, signal=53%	
REACTOME_NERVOUS_SYSTEM_DEVELOPMENT	REACTOME_NERVOUS_SYSTEM_DEVELOPMENT		193	-0.33622062	-1.5562562	0.0014771048	0.1755081	1.0	4056	tags=39%, list=26%, signal=53%	
WP_FIBRIN_COMPLEMENT_RECEPTOR_3_SIGNALING_PATHWAY	WP_FIBRIN_COMPLEMENT_RECEPTOR_3_SIGNALING_PATHWAY		35	-0.45651138	-1.5556815	0.022260275	0.17528535	1.0	1139	tags=29%, list=7%, signal=31%	
REACTOME_RMTS_METHYLATE_HISTONE_ARGININES	REACTOME_RMTS_METHYLATE_HISTONE_ARGININES		55	-0.41480598	-1.5545849	0.011824325	0.17579132	1.0	3780	tags=40%, list=25%, signal=53%	
REACTOME_LINOLEIC_ACID_LA_METABOLISM	REACTOME_LINOLEIC_ACID_LA_METABOLISM		6	-0.7233774	-1.5519904	0.037453182	0.17823303	1.0	2142	tags=67%, list=14%, signal=77%	
REACTOME_ACYL_CHAIN_REMODELLING_OF_PE	REACTOME_ACYL_CHAIN_REMODELLING_OF_PE		15	-0.5576391	-1.551848	0.0506993	0.17737885	1.0	2613	tags=47%, list=17%, signal=56%	
REACTOME_PURINE_CATABOLISM	REACTOME_PURINE_CATABOLISM		16	-0.5511278	-1.5482985	0.019963702	0.1810679	1.0	952	tags=25%, list=6%, signal=27%	
BIOCARTA_MSP_PATHWAY	BIOCARTA_MSP_PATHWAY		5	-0.78422976	-1.5478911	0.028790787	0.18043295	1.0	2130	tags=80%, list=14%, signal=93%	
BIOCARTA_LYMPHOCYTE_PATHWAY	BIOCARTA_LYMPHOCYTE_PATHWAY		9	-0.6455135	-1.5448312	0.05667276	0.18335	1.0	1435	tags=56%, list=9%, signal=61%	
REACTOME_COLLAGEN_FORMATION	REACTOME_COLLAGEN_FORMATION		26	-0.4772752	-1.5427606	0.023765996	0.18534783	1.0	1542	tags=27%, list=10%, signal=30%	
REACTOME_PLASMA_LIPOPROTEIN_ASSEMBLY_REMODELING_AND_CLEARANCE	REACTOME_PLASMA_LIPOPROTEIN_ASSEMBLY_REMODELING_AND_CLEARANCE		47	-0.4209692	-1.5423043	0.017035775	0.18485485	1.0	4551	tags=60%, list=30%, signal=84%	
BIOCARTA_P53_PATHWAY	BIOCARTA_P53_PATHWAY		14	-0.56912464	-1.5400388	0.03460838	0.18705347	1.0	2750	tags=43%, list=18%, signal=52%	
REACTOME_AGGREPHAGY	REACTOME_AGGREPHAGY		29	-0.47281015	-1.539355	0.033043478	0.18696758	1.0	3352	tags=41%, list=22%, signal=53%	
REACTOME_SYNTHESIS_OF_15_EICOSATETRAENOIC_ACID_DERIVATIVES	REACTOME_SYNTHESIS_OF_15_EICOSATETRAENOIC_ACID_DERIVATIVES		5	-0.7751249	-1.5392226	0.033333335	0.1860292	1.0	3472	tags=100%, list=23%, signal=129%	
WP_INSULIN_SIGNALING	WP_INSULIN_SIGNALING		145	-0.34599343	-1.5362083	0.006042296	0.18925476	1.0	3379	tags=32%, list=22%, signal=41%	
REACTOME_CYTOKINE_SIGNALING_IN_IMMUNE_SYSTEM	REACTOME_CYTOKINE_SIGNALING_IN_IMMUNE_SYSTEM		402	-0.31053513	-1.5354924	0.0	0.18919498	1.0	2604	tags=24%, list=17%, signal=29%	
WP_SPLICING_FACTOR_NOVA_REGULATED_SYNAPTIC_PROTEINS	WP_SPLICING_FACTOR_NOVA_REGULATED_SYNAPTIC_PROTEINS		24	-0.4921119	-1.5346906	0.024390243	0.18923356	1.0	1070	tags=21%, list=7%, signal=22%	
REACTOME_NEGATIVE_REGULATION_OF_MAPK_PATHWAY	REACTOME_NEGATIVE_REGULATION_OF_MAPK_PATHWAY		41	-0.43243793	-1.5334979	0.036789298	0.18979698	1.0	2809	tags=37%, list=18%, signal=45%	
BIOCARTA_EPONFKB_PATHWAY	BIOCARTA_EPONFKB_PATHWAY		9	-0.6416138	-1.530478	0.048076924	0.19283237	1.0	1466	tags=33%, list=10%, signal=37%	
REACTOME_RHOA_GTPASE_CYCLE	REACTOME_RHOA_GTPASE_CYCLE		118	-0.35546082	-1.530081	0.0031796503	0.1923558	1.0	4351	tags=44%, list=28%, signal=61%	
REACTOME_ETHANOL_OXIDATION	REACTOME_ETHANOL_OXIDATION		7	-0.68208355	-1.5288031	0.042801555	0.19334511	1.0	1506	tags=43%, list=10%, signal=47%	
BIOCARTA_CTL_PATHWAY	BIOCARTA_CTL_PATHWAY		14	-0.5601172	-1.5281835	0.044404972	0.19327936	1.0	4532	tags=64%, list=29%, signal=91%	
REACTOME_SYNTHESIS_OF_LIPOXINS_LX	REACTOME_SYNTHESIS_OF_LIPOXINS_LX		5	-0.7615645	-1.527922	0.036821704	0.19250536	1.0	1084	tags=40%, list=7%, signal=43%	
WP_NUCLEAR_RECEPTORS_IN_LIPID_METABOLISM_AND_TOXICITY	WP_NUCLEAR_RECEPTORS_IN_LIPID_METABOLISM_AND_TOXICITY		13	-0.56245756	-1.5259832	0.05225225	0.19416794	1.0	1847	tags=54%, list=12%, signal=61%	
REACTOME_INTERLEUKIN_10_SIGNALING	REACTOME_INTERLEUKIN_10_SIGNALING		5	-0.76126194	-1.5245386	0.032667875	0.19538791	1.0	2222	tags=80%, list=14%, signal=93%	
WP_RETINOL_METABOLISM	WP_RETINOL_METABOLISM		16	-0.5423559	-1.5226848	0.041044775	0.19688143	1.0	1847	tags=44%, list=12%, signal=50%	
REACTOME_GPVI_MEDIATED_ACTIVATION_CASCADE	REACTOME_GPVI_MEDIATED_ACTIVATION_CASCADE		28	-0.46425503	-1.5206634	0.03448276	0.1989302	1.0	2560	tags=32%, list=17%, signal=38%	
BIOCARTA_EXTRINSIC_PATHWAY	BIOCARTA_EXTRINSIC_PATHWAY		5	-0.7697061	-1.5186303	0.027726432	0.2010635	1.0	2586	tags=60%, list=17%, signal=72%	
REACTOME_SYNTHESIS_OF_5_EICOSATETRAENOIC_ACIDS	REACTOME_SYNTHESIS_OF_5_EICOSATETRAENOIC_ACIDS		5	-0.77195513	-1.5176088	0.040219378	0.20141813	1.0	1084	tags=40%, list=7%, signal=43%	
REACTOME_INTERLEUKIN_27_SIGNALING	REACTOME_INTERLEUKIN_27_SIGNALING		8	-0.64800495	-1.517297	0.057142857	0.20090058	1.0	2222	tags=50%, list=14%, signal=58%	
REACTOME_RHOQ_GTPASE_CYCLE	REACTOME_RHOQ_GTPASE_CYCLE		52	-0.40797994	-1.5172821	0.018181818	0.19983347	1.0	3746	tags=40%, list=24%, signal=53%	
BIOCARTA_PRION_PATHWAY	BIOCARTA_PRION_PATHWAY		9	-0.63173443	-1.5160991	0.056776557	0.20049785	1.0	2955	tags=44%, list=19%, signal=55%	
REACTOME_ENDOSOMAL_VACUOLAR_PATHWAY	REACTOME_ENDOSOMAL_VACUOLAR_PATHWAY		14	-0.55987585	-1.5145684	0.048739497	0.20196639	1.0	2361	tags=43%, list=15%, signal=51%	
REACTOME_SENESCENCE_ASSOCIATED_SECRETORY_PHENOTYPE_SASP	REACTOME_SENESCENCE_ASSOCIATED_SECRETORY_PHENOTYPE_SASP		39	-0.42972556	-1.5122204	0.021666666	0.2044877	1.0	2862	tags=38%, list=19%, signal=47%	
WP_NUCLEAR_RECEPTORS	WP_NUCLEAR_RECEPTORS		20	-0.51291084	-1.5116721	0.04317789	0.20419617	1.0	2313	tags=40%, list=15%, signal=47%	
REACTOME_G_ALPHA_S_SIGNALLING_EVENTS	REACTOME_G_ALPHA_S_SIGNALLING_EVENTS		60	-0.38721403	-1.5106045	0.017770598	0.20447145	1.0	2731	tags=35%, list=18%, signal=42%	
REACTOME_SIGNALING_BY_INTERLEUKINS	REACTOME_SIGNALING_BY_INTERLEUKINS		246	-0.31687906	-1.5097033	0.0	0.20460358	1.0	3794	tags=35%, list=25%, signal=45%	
REACTOME_HDACS_DEACETYLATE_HISTONES	REACTOME_HDACS_DEACETYLATE_HISTONES		70	-0.38715225	-1.5088221	0.008169935	0.20486596	1.0	3161	tags=33%, list=21%, signal=41%	
REACTOME_INITIAL_TRIGGERING_OF_COMPLEMENT	REACTOME_INITIAL_TRIGGERING_OF_COMPLEMENT		18	-0.5212802	-1.5070964	0.044014085	0.20657288	1.0	2308	tags=28%, list=15%, signal=33%	
BIOCARTA_CELLCYCLE_PATHWAY	BIOCARTA_CELLCYCLE_PATHWAY		21	-0.49545285	-1.5055034	0.035460994	0.20798816	1.0	3904	tags=57%, list=25%, signal=76%	
REACTOME_BETA_OXIDATION_OF_PRISTANOYL_COA	REACTOME_BETA_OXIDATION_OF_PRISTANOYL_COA		8	-0.63766223	-1.5045296	0.059160307	0.20838183	1.0	4143	tags=63%, list=27%, signal=85%	
WP_WHITE_FAT_CELL_DIFFERENTIATION	WP_WHITE_FAT_CELL_DIFFERENTIATION		26	-0.47443715	-1.5038972	0.040336136	0.20835322	1.0	2313	tags=38%, list=15%, signal=45%	
WP_GLUTATHIONE_AND_ONECARBON_METABOLISM	WP_GLUTATHIONE_AND_ONECARBON_METABOLISM		27	-0.46865585	-1.5017301	0.035185184	0.21075258	1.0	5171	tags=63%, list=34%, signal=95%	
BIOCARTA_MPR_PATHWAY	BIOCARTA_MPR_PATHWAY		14	-0.5567951	-1.5014067	0.05199307	0.21018663	1.0	4343	tags=71%, list=28%, signal=99%	
WP_GPCRS_PEPTIDE	WP_GPCRS_PEPTIDE		23	-0.49118036	-1.501064	0.03374778	0.20968443	1.0	2135	tags=39%, list=14%, signal=45%	
BIOCARTA_INFLAM_PATHWAY	BIOCARTA_INFLAM_PATHWAY		10	-0.60970515	-1.4980214	0.05372617	0.21334963	1.0	1743	tags=40%, list=11%, signal=45%	
WP_ACETYLCHOLINE_SYNTHESIS	WP_ACETYLCHOLINE_SYNTHESIS		5	-0.7664418	-1.4955376	0.037523452	0.21596506	1.0	1202	tags=40%, list=8%, signal=43%	
REACTOME_HDL_REMODELING	REACTOME_HDL_REMODELING		5	-0.75226265	-1.4950116	0.03888889	0.21576099	1.0	1463	tags=60%, list=9%, signal=66%	
REACTOME_INTRINSIC_PATHWAY_OF_FIBRIN_CLOT_FORMATION	REACTOME_INTRINSIC_PATHWAY_OF_FIBRIN_CLOT_FORMATION		12	-0.56847596	-1.4915805	0.07276119	0.21987414	1.0	503	tags=33%, list=3%, signal=34%	
WP_PRIMARY_FOCAL_SEGMENTAL_GLOMERULOSCLEROSIS_FSGS	WP_PRIMARY_FOCAL_SEGMENTAL_GLOMERULOSCLEROSIS_FSGS		47	-0.40833005	-1.484268	0.020066889	0.23087205	1.0	2342	tags=30%, list=15%, signal=35%	
REACTOME_PLATELET_HOMEOSTASIS	REACTOME_PLATELET_HOMEOSTASIS		53	-0.39109683	-1.4819419	0.028475711	0.233605	1.0	4260	tags=42%, list=28%, signal=57%	
REACTOME_ROLE_OF_PHOSPHOLIPIDS_IN_PHAGOCYTOSIS	REACTOME_ROLE_OF_PHOSPHOLIPIDS_IN_PHAGOCYTOSIS		24	-0.4784532	-1.4812804	0.05234657	0.23358384	1.0	2560	tags=33%, list=17%, signal=40%	
REACTOME_RECYCLING_PATHWAY_OF_L1	REACTOME_RECYCLING_PATHWAY_OF_L1		31	-0.44635913	-1.4809833	0.032733224	0.23294722	1.0	4517	tags=68%, list=29%, signal=96%	
REACTOME_PKR_MEDIATED_SIGNALING	REACTOME_PKR_MEDIATED_SIGNALING		60	-0.38608384	-1.4779476	0.013490725	0.23656067	1.0	2365	tags=27%, list=15%, signal=31%	
BIOCARTA_CDK5_PATHWAY	BIOCARTA_CDK5_PATHWAY		9	-0.60973	-1.4769541	0.05075188	0.23710734	1.0	2809	tags=44%, list=18%, signal=54%	
REACTOME_PHOSPHORYLATION_OF_EMI1	REACTOME_PHOSPHORYLATION_OF_EMI1		6	-0.6988229	-1.4762977	0.051756006	0.23700632	1.0	3951	tags=83%, list=26%, signal=112%	
BIOCARTA_RARRXR_PATHWAY	BIOCARTA_RARRXR_PATHWAY		6	-0.70607316	-1.4752907	0.054104477	0.23779179	1.0	2664	tags=50%, list=17%, signal=60%	
REACTOME_NUCLEOTIDE_SALVAGE	REACTOME_NUCLEOTIDE_SALVAGE		20	-0.487551	-1.4740545	0.05100182	0.23862183	1.0	2864	tags=45%, list=19%, signal=55%	
REACTOME_ROS_AND_RNS_PRODUCTION_IN_PHAGOCYTES	REACTOME_ROS_AND_RNS_PRODUCTION_IN_PHAGOCYTES		29	-0.44602716	-1.4732225	0.038043477	0.2389418	1.0	2759	tags=31%, list=18%, signal=38%	
REACTOME_SMOOTH_MUSCLE_CONTRACTION	REACTOME_SMOOTH_MUSCLE_CONTRACTION		22	-0.48632884	-1.4720078	0.060402684	0.23980875	1.0	3767	tags=50%, list=24%, signal=66%	
REACTOME_PLATELET_SENSITIZATION_BY_LDL	REACTOME_PLATELET_SENSITIZATION_BY_LDL		16	-0.5195322	-1.4716983	0.06066536	0.23925225	1.0	2610	tags=44%, list=17%, signal=53%	
REACTOME_ER_PHAGOSOME_PATHWAY	REACTOME_ER_PHAGOSOME_PATHWAY		23	-0.48568395	-1.4694954	0.053505536	0.24184185	1.0	3898	tags=39%, list=25%, signal=52%	
REACTOME_METABOLISM_OF_FAT_SOLUBLE_VITAMINS	REACTOME_METABOLISM_OF_FAT_SOLUBLE_VITAMINS		20	-0.4863292	-1.4692168	0.042735044	0.24116777	1.0	2396	tags=40%, list=16%, signal=47%	
REACTOME_TNF_RECEPTOR_SUPERFAMILY_TNFSF_MEMBERS_MEDIATING_NON_CANONICAL_NF_KB_PATHWAY	REACTOME_TNF_RECEPTOR_SUPERFAMILY_TNFSF_MEMBERS_MEDIATING_NON_CANONICAL_NF_KB_PATHWAY		16	-0.5145813	-1.4690577	0.067736186	0.24030745	1.0	608	tags=25%, list=4%, signal=26%	
REACTOME_CARBOXYTERMINAL_POST_TRANSLATIONAL_MODIFICATIONS_OF_TUBULIN	REACTOME_CARBOXYTERMINAL_POST_TRANSLATIONAL_MODIFICATIONS_OF_TUBULIN		19	-0.50602686	-1.4683989	0.06417112	0.24034265	1.0	4853	tags=74%, list=31%, signal=107%	
REACTOME_SURFACTANT_METABOLISM	REACTOME_SURFACTANT_METABOLISM		12	-0.5649846	-1.4674484	0.049270075	0.24084866	1.0	2331	tags=42%, list=15%, signal=49%	
REACTOME_CELL_DEATH_SIGNALLING_VIA_NRAGE_NRIF_AND_NADE	REACTOME_CELL_DEATH_SIGNALLING_VIA_NRAGE_NRIF_AND_NADE		60	-0.3770303	-1.4662467	0.034920637	0.24172954	1.0	3334	tags=35%, list=22%, signal=44%	
REACTOME_CLATHRIN_MEDIATED_ENDOCYTOSIS	REACTOME_CLATHRIN_MEDIATED_ENDOCYTOSIS		114	-0.33978096	-1.4653866	0.012480499	0.24215437	1.0	4462	tags=39%, list=29%, signal=54%	
WP_CYTOKINES_AND_INFLAMMATORY_RESPONSE	WP_CYTOKINES_AND_INFLAMMATORY_RESPONSE		13	-0.54490113	-1.4642456	0.073800735	0.24278235	1.0	1743	tags=38%, list=11%, signal=43%	
REACTOME_DEVELOPMENTAL_BIOLOGY	REACTOME_DEVELOPMENTAL_BIOLOGY		266	-0.30708107	-1.463899	0.004092769	0.24231268	1.0	4073	tags=38%, list=26%, signal=51%	
WP_KIT_RECEPTOR_SIGNALING_PATHWAY	WP_KIT_RECEPTOR_SIGNALING_PATHWAY		63	-0.37982428	-1.4601209	0.030354131	0.24738081	1.0	2886	tags=33%, list=19%, signal=41%	
REACTOME_CYTOPROTECTION_BY_HMOX1	REACTOME_CYTOPROTECTION_BY_HMOX1		44	-0.4040368	-1.4549961	0.04770017	0.2549108	1.0	2860	tags=32%, list=19%, signal=39%	
REACTOME_ARACHIDONATE_PRODUCTION_FROM_DAG	REACTOME_ARACHIDONATE_PRODUCTION_FROM_DAG		5	-0.7160348	-1.4538648	0.074074075	0.25572172	1.0	2350	tags=60%, list=15%, signal=71%	
BIOCARTA_ERK_PATHWAY	BIOCARTA_ERK_PATHWAY		20	-0.47843772	-1.4538511	0.059590317	0.25460505	1.0	2809	tags=50%, list=18%, signal=61%	
REACTOME_PROTEIN_REPAIR	REACTOME_PROTEIN_REPAIR		6	-0.68622273	-1.4514738	0.07909604	0.25755697	1.0	3995	tags=67%, list=26%, signal=90%	
REACTOME_GAP_JUNCTION_TRAFFICKING_AND_REGULATION	REACTOME_GAP_JUNCTION_TRAFFICKING_AND_REGULATION		24	-0.4638995	-1.4508218	0.0625	0.2574402	1.0	4056	tags=63%, list=26%, signal=85%	
WP_EGFR1_SIGNALING_PATHWAY	WP_EGFR1_SIGNALING_PATHWAY		158	-0.3247256	-1.4489344	0.00591716	0.25940067	1.0	2886	tags=27%, list=19%, signal=33%	
REACTOME_MITOTIC_PROPHASE	REACTOME_MITOTIC_PROPHASE		111	-0.34026787	-1.444726	0.02056962	0.26543513	1.0	3807	tags=35%, list=25%, signal=46%	
REACTOME_ACTIVATION_OF_C3_AND_C5	REACTOME_ACTIVATION_OF_C3_AND_C5		5	-0.7087834	-1.4409164	0.076642334	0.27074206	1.0	3459	tags=80%, list=22%, signal=103%	
WP_HYPOXIADEPENDENT_SELFRENEWAL_OF_MYOBLASTS	WP_HYPOXIADEPENDENT_SELFRENEWAL_OF_MYOBLASTS		6	-0.6897521	-1.440469	0.060721062	0.2705005	1.0	793	tags=33%, list=5%, signal=35%	
BIOCARTA_IL6_PATHWAY	BIOCARTA_IL6_PATHWAY		22	-0.47917837	-1.4397112	0.056537103	0.27057052	1.0	3080	tags=45%, list=20%, signal=57%	
REACTOME_HSP90_CHAPERONE_CYCLE_FOR_STEROID_HORMONE_RECEPTORS_SHR_IN_THE_PRESENCE_OF_LIGAND	REACTOME_HSP90_CHAPERONE_CYCLE_FOR_STEROID_HORMONE_RECEPTORS_SHR_IN_THE_PRESENCE_OF_LIGAND		45	-0.3933607	-1.4376006	0.03119584	0.27341098	1.0	4517	tags=47%, list=29%, signal=66%	
BIOCARTA_ERYTH_PATHWAY	BIOCARTA_ERYTH_PATHWAY		6	-0.67394555	-1.4370768	0.07954545	0.27331343	1.0	2181	tags=50%, list=14%, signal=58%	
REACTOME_GLUTATHIONE_CONJUGATION	REACTOME_GLUTATHIONE_CONJUGATION		29	-0.44642568	-1.4361207	0.06118881	0.27378967	1.0	3811	tags=52%, list=25%, signal=69%	
REACTOME_TRIGLYCERIDE_METABOLISM	REACTOME_TRIGLYCERIDE_METABOLISM		11	-0.56687766	-1.4330924	0.071794875	0.2778316	1.0	3306	tags=45%, list=21%, signal=58%	
WP_EICOSANOID_LIPID_SYNTHESIS_MAP	WP_EICOSANOID_LIPID_SYNTHESIS_MAP		7	-0.63645816	-1.4315848	0.09416196	0.2794293	1.0	1895	tags=57%, list=12%, signal=65%	
REACTOME_N_GLYCAN_ANTENNAE_ELONGATION_IN_THE_MEDIAL_TRANS_GOLGI	REACTOME_N_GLYCAN_ANTENNAE_ELONGATION_IN_THE_MEDIAL_TRANS_GOLGI		18	-0.49523556	-1.4297347	0.08465608	0.28155178	1.0	1187	tags=28%, list=8%, signal=30%	
REACTOME_P75_NTR_RECEPTOR_MEDIATED_SIGNALLING	REACTOME_P75_NTR_RECEPTOR_MEDIATED_SIGNALLING		73	-0.35867968	-1.4288707	0.022012578	0.28205624	1.0	3334	tags=33%, list=22%, signal=42%	
REACTOME_RAC2_GTPASE_CYCLE	REACTOME_RAC2_GTPASE_CYCLE		77	-0.36199677	-1.4269372	0.016528925	0.28470019	1.0	3795	tags=35%, list=25%, signal=46%	
BIOCARTA_SKP2E2F_PATHWAY	BIOCARTA_SKP2E2F_PATHWAY		8	-0.6308948	-1.4267567	0.10169491	0.28387707	1.0	3228	tags=63%, list=21%, signal=79%	
REACTOME_CARGO_RECOGNITION_FOR_CLATHRIN_MEDIATED_ENDOCYTOSIS	REACTOME_CARGO_RECOGNITION_FOR_CLATHRIN_MEDIATED_ENDOCYTOSIS		79	-0.35532326	-1.4249719	0.026229508	0.28599143	1.0	4462	tags=39%, list=29%, signal=55%	
REACTOME_OTHER_SEMAPHORIN_INTERACTIONS	REACTOME_OTHER_SEMAPHORIN_INTERACTIONS		12	-0.544554	-1.4185576	0.09927798	0.2965016	1.0	1980	tags=33%, list=13%, signal=38%	
WP_ID_SIGNALING_PATHWAY	WP_ID_SIGNALING_PATHWAY		38	-0.40228507	-1.4155495	0.049488056	0.30124113	1.0	1282	tags=21%, list=8%, signal=23%	
REACTOME_SYNTHESIS_OF_BILE_ACIDS_AND_BILE_SALTS_VIA_27_HYDROXYCHOLESTEROL	REACTOME_SYNTHESIS_OF_BILE_ACIDS_AND_BILE_SALTS_VIA_27_HYDROXYCHOLESTEROL		5	-0.71092194	-1.4149035	0.09451796	0.3012551	1.0	2166	tags=40%, list=14%, signal=47%	
REACTOME_RIBAVIRIN_ADME	REACTOME_RIBAVIRIN_ADME		11	-0.5635123	-1.4135131	0.07719928	0.30271757	1.0	682	tags=18%, list=4%, signal=19%	
BIOCARTA_INTRINSIC_PATHWAY	BIOCARTA_INTRINSIC_PATHWAY		8	-0.5972519	-1.4109329	0.11028037	0.30631465	1.0	372	tags=25%, list=2%, signal=26%	
REACTOME_GLUCONEOGENESIS	REACTOME_GLUCONEOGENESIS		20	-0.4740211	-1.4103627	0.0757315	0.30603695	1.0	4604	tags=50%, list=30%, signal=71%	
REACTOME_MET_RECEPTOR_RECYCLING	REACTOME_MET_RECEPTOR_RECYCLING		10	-0.58211607	-1.4075274	0.12043796	0.3103724	1.0	1886	tags=30%, list=12%, signal=34%	
REACTOME_DERMATAN_SULFATE_BIOSYNTHESIS	REACTOME_DERMATAN_SULFATE_BIOSYNTHESIS		5	-0.70113826	-1.4067883	0.070342205	0.3106498	1.0	127	tags=20%, list=1%, signal=20%	
REACTOME_CELLULAR_RESPONSE_TO_CHEMICAL_STRESS	REACTOME_CELLULAR_RESPONSE_TO_CHEMICAL_STRESS		147	-0.31728908	-1.4056437	0.023006136	0.31176007	1.0	3930	tags=35%, list=25%, signal=46%	
BIOCARTA_RACCYCD_PATHWAY	BIOCARTA_RACCYCD_PATHWAY		25	-0.45098785	-1.4053441	0.08679928	0.3111237	1.0	3228	tags=44%, list=21%, signal=56%	
REACTOME_METABOLISM_OF_VITAMINS_AND_COFACTORS	REACTOME_METABOLISM_OF_VITAMINS_AND_COFACTORS		146	-0.31882206	-1.4052815	0.014947684	0.30999985	1.0	3980	tags=31%, list=26%, signal=41%	
REACTOME_RHO_GTPASE_CYCLE	REACTOME_RHO_GTPASE_CYCLE		369	-0.2834781	-1.4024915	0.0028328612	0.31413308	1.0	3389	tags=27%, list=22%, signal=34%	
REACTOME_ACTIVATION_OF_SMO	REACTOME_ACTIVATION_OF_SMO		9	-0.58496344	-1.4003092	0.09601449	0.31720677	1.0	2696	tags=44%, list=17%, signal=54%	
WP_TRIACYLGLYCERIDE_SYNTHESIS	WP_TRIACYLGLYCERIDE_SYNTHESIS		19	-0.47881588	-1.3983666	0.1	0.31977767	1.0	2150	tags=37%, list=14%, signal=43%	
BIOCARTA_ION_PATHWAY	BIOCARTA_ION_PATHWAY		5	-0.71935105	-1.3968533	0.09041591	0.32144895	1.0	2886	tags=40%, list=19%, signal=49%	
REACTOME_MOLYBDENUM_COFACTOR_BIOSYNTHESIS	REACTOME_MOLYBDENUM_COFACTOR_BIOSYNTHESIS		5	-0.6862514	-1.3950123	0.09719626	0.32379085	1.0	1835	tags=40%, list=12%, signal=45%	
BIOCARTA_IL2RB_PATHWAY	BIOCARTA_IL2RB_PATHWAY		35	-0.40496904	-1.3934981	0.07094595	0.32553983	1.0	2936	tags=34%, list=19%, signal=42%	
REACTOME_ION_CHANNEL_TRANSPORT	REACTOME_ION_CHANNEL_TRANSPORT		104	-0.32863277	-1.393044	0.022047244	0.32521555	1.0	2902	tags=30%, list=19%, signal=36%	
REACTOME_SODIUM_CALCIUM_EXCHANGERS	REACTOME_SODIUM_CALCIUM_EXCHANGERS		7	-0.6269321	-1.3925545	0.10674157	0.32506803	1.0	892	tags=29%, list=6%, signal=30%	
REACTOME_FCGAMMA_RECEPTOR_FCGR_DEPENDENT_PHAGOCYTOSIS	REACTOME_FCGAMMA_RECEPTOR_FCGR_DEPENDENT_PHAGOCYTOSIS		77	-0.3468092	-1.3884786	0.03069467	0.33193004	1.0	2560	tags=25%, list=17%, signal=29%	
BIOCARTA_RELA_PATHWAY	BIOCARTA_RELA_PATHWAY		15	-0.50314194	-1.3866923	0.09447415	0.33435425	1.0	1466	tags=27%, list=10%, signal=29%	
REACTOME_SIGNALING_BY_PTK6	REACTOME_SIGNALING_BY_PTK6		41	-0.39100707	-1.3850406	0.07650273	0.3364684	1.0	2138	tags=32%, list=14%, signal=37%	
REACTOME_AFLATOXIN_ACTIVATION_AND_DETOXIFICATION	REACTOME_AFLATOXIN_ACTIVATION_AND_DETOXIFICATION		8	-0.598059	-1.3840424	0.105166055	0.3372932	1.0	686	tags=25%, list=4%, signal=26%	
REACTOME_HS_GAG_DEGRADATION	REACTOME_HS_GAG_DEGRADATION		15	-0.5039311	-1.3836378	0.099236645	0.33677417	1.0	2396	tags=40%, list=16%, signal=47%	
REACTOME_INTERFERON_SIGNALING	REACTOME_INTERFERON_SIGNALING		117	-0.3198322	-1.3816603	0.033333335	0.33945057	1.0	2365	tags=21%, list=15%, signal=25%	
REACTOME_CHROMOSOME_MAINTENANCE	REACTOME_CHROMOSOME_MAINTENANCE		112	-0.32219696	-1.3812025	0.022288261	0.33915824	1.0	3836	tags=35%, list=25%, signal=46%	
BIOCARTA_RECK_PATHWAY	BIOCARTA_RECK_PATHWAY		5	-0.7033673	-1.3796016	0.11231884	0.34101582	1.0	4578	tags=100%, list=30%, signal=142%	
WP_EICOSANOID_SYNTHESIS	WP_EICOSANOID_SYNTHESIS		14	-0.513513	-1.3792336	0.120781526	0.34056008	1.0	3811	tags=50%, list=25%, signal=66%	
REACTOME_CELL_CELL_JUNCTION_ORGANIZATION	REACTOME_CELL_CELL_JUNCTION_ORGANIZATION		30	-0.41691807	-1.3734365	0.07652174	0.35105088	1.0	5064	tags=63%, list=33%, signal=94%	
REACTOME_GLYCOSAMINOGLYCAN_METABOLISM	REACTOME_GLYCOSAMINOGLYCAN_METABOLISM		83	-0.33975515	-1.3706802	0.043062203	0.355555	1.0	2989	tags=30%, list=19%, signal=37%	
BIOCARTA_BAD_PATHWAY	BIOCARTA_BAD_PATHWAY		21	-0.45087624	-1.3700647	0.09466437	0.35555208	1.0	2878	tags=43%, list=19%, signal=53%	
REACTOME_MITOCHONDRIAL_IRON_SULFUR_CLUSTER_BIOGENESIS	REACTOME_MITOCHONDRIAL_IRON_SULFUR_CLUSTER_BIOGENESIS		10	-0.5516365	-1.3698511	0.13996316	0.35473463	1.0	2635	tags=40%, list=17%, signal=48%	
REACTOME_EFFECTS_OF_PIP2_HYDROLYSIS	REACTOME_EFFECTS_OF_PIP2_HYDROLYSIS		19	-0.46589404	-1.3694444	0.0881295	0.35423955	1.0	2350	tags=32%, list=15%, signal=37%	
REACTOME_NR1H2_NR1H3_REGULATE_GENE_EXPRESSION_TO_CONTROL_BILE_ACID_HOMEOSTASIS	REACTOME_NR1H2_NR1H3_REGULATE_GENE_EXPRESSION_TO_CONTROL_BILE_ACID_HOMEOSTASIS		6	-0.64965624	-1.3688141	0.12859885	0.35419586	1.0	4102	tags=67%, list=27%, signal=91%	
REACTOME_TRAFFICKING_AND_PROCESSING_OF_ENDOSOMAL_TLR	REACTOME_TRAFFICKING_AND_PROCESSING_OF_ENDOSOMAL_TLR		10	-0.5499427	-1.3686928	0.10387324	0.35320583	1.0	3557	tags=60%, list=23%, signal=78%	
BIOCARTA_CELL2CELL_PATHWAY	BIOCARTA_CELL2CELL_PATHWAY		7	-0.6232851	-1.3659258	0.111328125	0.35726306	1.0	4559	tags=71%, list=30%, signal=101%	
BIOCARTA_RANMS_PATHWAY	BIOCARTA_RANMS_PATHWAY		9	-0.57291204	-1.3625174	0.11257035	0.363327	1.0	2009	tags=33%, list=13%, signal=38%	
REACTOME_SYNTHESIS_OF_PYROPHOSPHATES_IN_THE_CYTOSOL	REACTOME_SYNTHESIS_OF_PYROPHOSPHATES_IN_THE_CYTOSOL		8	-0.58825225	-1.3622506	0.13011153	0.3625736	1.0	942	tags=25%, list=6%, signal=27%	
REACTOME_GPER1_SIGNALING	REACTOME_GPER1_SIGNALING		22	-0.4460573	-1.3609341	0.09769094	0.36406693	1.0	3650	tags=45%, list=24%, signal=59%	
BIOCARTA_AGPCR_PATHWAY	BIOCARTA_AGPCR_PATHWAY		10	-0.547336	-1.3603321	0.13619404	0.36403626	1.0	2886	tags=40%, list=19%, signal=49%	
WP_OSTEOCLAST_SIGNALING	WP_OSTEOCLAST_SIGNALING		10	-0.5522979	-1.3590864	0.12637363	0.36526024	1.0	3932	tags=50%, list=26%, signal=67%	
REACTOME_THE_NLRP3_INFLAMMASOME	REACTOME_THE_NLRP3_INFLAMMASOME		10	-0.55270207	-1.3588903	0.10707804	0.36441186	1.0	4334	tags=70%, list=28%, signal=97%	
BIOCARTA_NTHI_PATHWAY	BIOCARTA_NTHI_PATHWAY		22	-0.4445912	-1.356616	0.095744684	0.3678609	1.0	2548	tags=41%, list=17%, signal=49%	
WP_PEROXIREDOXIN_2_INDUCED_OVARIAN_FAILURE	WP_PEROXIREDOXIN_2_INDUCED_OVARIAN_FAILURE		6	-0.651788	-1.3564194	0.12546125	0.36693597	1.0	3706	tags=67%, list=24%, signal=88%	
REACTOME_BIOSYNTHESIS_OF_SPECIALIZED_PRORESOLVING_MEDIATORS_SPMS	REACTOME_BIOSYNTHESIS_OF_SPECIALIZED_PRORESOLVING_MEDIATORS_SPMS		12	-0.51534355	-1.3562475	0.10472973	0.36604658	1.0	3472	tags=50%, list=23%, signal=64%	
WP_IL7_SIGNALING_PATHWAY	WP_IL7_SIGNALING_PATHWAY		42	-0.3842263	-1.3553854	0.08448276	0.36649123	1.0	2809	tags=31%, list=18%, signal=38%	
REACTOME_LAMININ_INTERACTIONS	REACTOME_LAMININ_INTERACTIONS		9	-0.56244683	-1.3510057	0.13419117	0.37443987	1.0	5707	tags=67%, list=37%, signal=106%	
REACTOME_TRANSPORT_AND_SYNTHESIS_OF_PAPS	REACTOME_TRANSPORT_AND_SYNTHESIS_OF_PAPS		6	-0.6441717	-1.3506758	0.12943262	0.3738908	1.0	3917	tags=50%, list=25%, signal=67%	
REACTOME_INFLAMMASOMES	REACTOME_INFLAMMASOMES		13	-0.5088261	-1.3504001	0.12230216	0.3731815	1.0	4334	tags=62%, list=28%, signal=86%	
BIOCARTA_LECTIN_PATHWAY	BIOCARTA_LECTIN_PATHWAY		5	-0.670438	-1.3501467	0.1414914	0.3723901	1.0	2308	tags=40%, list=15%, signal=47%	
REACTOME_BIOSYNTHESIS_OF_EPA_DERIVED_SPMS	REACTOME_BIOSYNTHESIS_OF_EPA_DERIVED_SPMS		6	-0.65538996	-1.3501158	0.12820514	0.3712063	1.0	3472	tags=67%, list=23%, signal=86%	
REACTOME_MET_ACTIVATES_PTK2_SIGNALING	REACTOME_MET_ACTIVATES_PTK2_SIGNALING		11	-0.5315738	-1.3495615	0.1306715	0.37106365	1.0	1460	tags=36%, list=9%, signal=40%	
REACTOME_BLOOD_GROUP_SYSTEMS_BIOSYNTHESIS	REACTOME_BLOOD_GROUP_SYSTEMS_BIOSYNTHESIS		10	-0.53782517	-1.3490806	0.12975779	0.37075117	1.0	642	tags=30%, list=4%, signal=31%	
BIOCARTA_PPARG_PATHWAY	BIOCARTA_PPARG_PATHWAY		7	-0.60791177	-1.34803	0.14864865	0.37174702	1.0	749	tags=43%, list=5%, signal=45%	
WP_ALZHEIMERS_DISEASE	WP_ALZHEIMERS_DISEASE		60	-0.34774473	-1.3479024	0.06803797	0.37072554	1.0	1543	tags=22%, list=10%, signal=24%	
WP_HYPOXIADEPENDENT_PROLIFERATION_OF_MYOBLASTS	WP_HYPOXIADEPENDENT_PROLIFERATION_OF_MYOBLASTS		13	-0.50524	-1.3463227	0.13479052	0.37309164	1.0	3656	tags=46%, list=24%, signal=60%	
REACTOME_CELLULAR_RESPONSES_TO_STIMULI	REACTOME_CELLULAR_RESPONSES_TO_STIMULI		461	-0.26881403	-1.3458791	0.0053691277	0.3728078	1.0	3382	tags=27%, list=22%, signal=33%	
REACTOME_TOLL_LIKE_RECEPTOR_CASCADES	REACTOME_TOLL_LIKE_RECEPTOR_CASCADES		138	-0.30541828	-1.345578	0.03323263	0.37216872	1.0	2108	tags=24%, list=14%, signal=27%	
REACTOME_GABA_RECEPTOR_ACTIVATION	REACTOME_GABA_RECEPTOR_ACTIVATION		26	-0.4164649	-1.3445348	0.10273973	0.37312663	1.0	3650	tags=42%, list=24%, signal=55%	
REACTOME_IL_6_TYPE_CYTOKINE_RECEPTOR_LIGAND_INTERACTIONS	REACTOME_IL_6_TYPE_CYTOKINE_RECEPTOR_LIGAND_INTERACTIONS		8	-0.58988845	-1.3443222	0.13235295	0.37233192	1.0	3082	tags=63%, list=20%, signal=78%	
BIOCARTA_NUCLEARRS_PATHWAY	BIOCARTA_NUCLEARRS_PATHWAY		13	-0.5032006	-1.3423108	0.1510129	0.37525487	1.0	1847	tags=46%, list=12%, signal=52%	
REACTOME_MAPK3_ERK1_ACTIVATION	REACTOME_MAPK3_ERK1_ACTIVATION		9	-0.5813534	-1.3400545	0.13565892	0.37891772	1.0	2222	tags=44%, list=14%, signal=52%	
REACTOME_RHO_GTPASES_ACTIVATE_NADPH_OXIDASES	REACTOME_RHO_GTPASES_ACTIVATE_NADPH_OXIDASES		21	-0.45029655	-1.3397489	0.11827957	0.37833065	1.0	1701	tags=29%, list=11%, signal=32%	
REACTOME_REGULATION_OF_CYTOSKELETAL_REMODELING_AND_CELL_SPREADING_BY_IPP_COMPLEX_COMPONENTS	REACTOME_REGULATION_OF_CYTOSKELETAL_REMODELING_AND_CELL_SPREADING_BY_IPP_COMPLEX_COMPONENTS		7	-0.61134344	-1.339182	0.13944954	0.37835816	1.0	3123	tags=57%, list=20%, signal=72%	
BIOCARTA_STAT3_PATHWAY	BIOCARTA_STAT3_PATHWAY		8	-0.5825475	-1.3355434	0.15037593	0.3845612	1.0	3313	tags=63%, list=21%, signal=80%	
REACTOME_WNT5A_DEPENDENT_INTERNALIZATION_OF_FZD2_FZD5_AND_ROR2	REACTOME_WNT5A_DEPENDENT_INTERNALIZATION_OF_FZD2_FZD5_AND_ROR2		9	-0.5544514	-1.334059	0.13799283	0.38637137	1.0	4459	tags=67%, list=29%, signal=94%	
REACTOME_RECYCLING_OF_BILE_ACIDS_AND_SALTS	REACTOME_RECYCLING_OF_BILE_ACIDS_AND_SALTS		7	-0.60655034	-1.3335828	0.15	0.38614693	1.0	749	tags=14%, list=5%, signal=15%	
REACTOME_REGULATION_OF_IFNA_IFNB_SIGNALING	REACTOME_REGULATION_OF_IFNA_IFNB_SIGNALING		8	-0.58135164	-1.3327085	0.14041746	0.3867317	1.0	2222	tags=38%, list=14%, signal=44%	
REACTOME_NCAM_SIGNALING_FOR_NEURITE_OUT_GROWTH	REACTOME_NCAM_SIGNALING_FOR_NEURITE_OUT_GROWTH		21	-0.44628704	-1.3325052	0.12037037	0.38591567	1.0	1713	tags=29%, list=11%, signal=32%	
REACTOME_UREA_CYCLE	REACTOME_UREA_CYCLE		6	-0.620064	-1.3319578	0.13163064	0.38590786	1.0	3990	tags=67%, list=26%, signal=90%	
BIOCARTA_TCYTOTOXIC_PATHWAY	BIOCARTA_TCYTOTOXIC_PATHWAY		12	-0.50841737	-1.3296906	0.13837638	0.38922086	1.0	4532	tags=58%, list=29%, signal=83%	
REACTOME_SIGNALING_BY_ROBO_RECEPTORS	REACTOME_SIGNALING_BY_ROBO_RECEPTORS		18	-0.46055123	-1.3293785	0.11596958	0.3886399	1.0	4120	tags=56%, list=27%, signal=76%	
REACTOME_TGFBR3_PTM_REGULATION	REACTOME_TGFBR3_PTM_REGULATION		8	-0.5784608	-1.3280997	0.13619404	0.3900387	1.0	4758	tags=75%, list=31%, signal=108%	
REACTOME_CARDIAC_CONDUCTION	REACTOME_CARDIAC_CONDUCTION		48	-0.3581553	-1.3270038	0.10047847	0.39115703	1.0	1977	tags=23%, list=13%, signal=26%	
REACTOME_RETROGRADE_NEUROTROPHIN_SIGNALLING	REACTOME_RETROGRADE_NEUROTROPHIN_SIGNALLING		8	-0.5896961	-1.3263819	0.12436116	0.39119738	1.0	4459	tags=75%, list=29%, signal=105%	
REACTOME_SIGNAL_TRANSDUCTION_BY_L1	REACTOME_SIGNAL_TRANSDUCTION_BY_L1		18	-0.45733422	-1.3254619	0.12945591	0.3920712	1.0	5387	tags=67%, list=35%, signal=102%	
REACTOME_BICARBONATE_TRANSPORTERS	REACTOME_BICARBONATE_TRANSPORTERS		7	-0.6072614	-1.3253642	0.14312977	0.39106688	1.0	3511	tags=57%, list=23%, signal=74%	
REACTOME_NUCLEOTIDE_LIKE_PURINERGIC_RECEPTORS	REACTOME_NUCLEOTIDE_LIKE_PURINERGIC_RECEPTORS		10	-0.53629524	-1.3249122	0.1342155	0.3907517	1.0	1896	tags=50%, list=12%, signal=57%	
REACTOME_VLDLR_INTERNALISATION_AND_DEGRADATION	REACTOME_VLDLR_INTERNALISATION_AND_DEGRADATION		16	-0.46127552	-1.3238459	0.13919415	0.3918951	1.0	3738	tags=56%, list=24%, signal=74%	
REACTOME_THE_ROLE_OF_GTSE1_IN_G2_M_PROGRESSION_AFTER_G2_CHECKPOINT	REACTOME_THE_ROLE_OF_GTSE1_IN_G2_M_PROGRESSION_AFTER_G2_CHECKPOINT		71	-0.3356851	-1.3226525	0.0738255	0.3933706	1.0	4334	tags=39%, list=28%, signal=55%	
REACTOME_NUCLEAR_RECEPTOR_TRANSCRIPTION_PATHWAY	REACTOME_NUCLEAR_RECEPTOR_TRANSCRIPTION_PATHWAY		29	-0.40314353	-1.3225361	0.120287254	0.39246824	1.0	2664	tags=31%, list=17%, signal=37%	
REACTOME_ASSEMBLY_OF_COLLAGEN_FIBRILS_AND_OTHER_MULTIMERIC_STRUCTURES	REACTOME_ASSEMBLY_OF_COLLAGEN_FIBRILS_AND_OTHER_MULTIMERIC_STRUCTURES		16	-0.4853099	-1.3222817	0.1474245	0.39166826	1.0	1391	tags=25%, list=9%, signal=27%	
REACTOME_RET_SIGNALING	REACTOME_RET_SIGNALING		30	-0.3915796	-1.3218234	0.107744105	0.39139757	1.0	2731	tags=33%, list=18%, signal=40%	
REACTOME_MYD88_MAL_TIRAP_CASCADE_INITIATED_ON_PLASMA_MEMBRANE	REACTOME_MYD88_MAL_TIRAP_CASCADE_INITIATED_ON_PLASMA_MEMBRANE		82	-0.32454202	-1.321373	0.0591133	0.39113763	1.0	2583	tags=28%, list=17%, signal=34%	
WP_DRAVET_SYNDROME_SCN1AA1783V_POINT_MUTATION_MODEL	WP_DRAVET_SYNDROME_SCN1AA1783V_POINT_MUTATION_MODEL		46	-0.36506018	-1.3208578	0.07979626	0.39099663	1.0	1491	tags=20%, list=10%, signal=22%	
REACTOME_INTERFERON_ALPHA_BETA_SIGNALING	REACTOME_INTERFERON_ALPHA_BETA_SIGNALING		20	-0.4460648	-1.3207407	0.12241054	0.39008683	1.0	2222	tags=30%, list=14%, signal=35%	
BIOCARTA_NPP1_PATHWAY	BIOCARTA_NPP1_PATHWAY		5	-0.6647739	-1.3204235	0.16423358	0.38954073	1.0	269	tags=20%, list=2%, signal=20%	
REACTOME_VEGFR2_MEDIATED_CELL_PROLIFERATION	REACTOME_VEGFR2_MEDIATED_CELL_PROLIFERATION		12	-0.50356543	-1.3184096	0.13430128	0.3925303	1.0	205	tags=17%, list=1%, signal=17%	
REACTOME_VISUAL_PHOTOTRANSDUCTION	REACTOME_VISUAL_PHOTOTRANSDUCTION		41	-0.3690432	-1.315561	0.10309278	0.39721605	1.0	3980	tags=41%, list=26%, signal=56%	
REACTOME_SIGNALING_BY_VEGF	REACTOME_SIGNALING_BY_VEGF		92	-0.32011193	-1.3155005	0.05148206	0.39617366	1.0	2560	tags=26%, list=17%, signal=31%	
REACTOME_TOLL_LIKE_RECEPTOR_9_TLR9_CASCADE	REACTOME_TOLL_LIKE_RECEPTOR_9_TLR9_CASCADE		95	-0.31654882	-1.3154395	0.06946688	0.39513677	1.0	2583	tags=27%, list=17%, signal=33%	
WP_G1_TO_S_CELL_CYCLE_CONTROL	WP_G1_TO_S_CELL_CYCLE_CONTROL		58	-0.3431217	-1.3151788	0.08754209	0.3945	1.0	3922	tags=43%, list=25%, signal=58%	
WP_PARKINSONS_DISEASE	WP_PARKINSONS_DISEASE		31	-0.38227424	-1.3150527	0.10745234	0.3936342	1.0	2699	tags=35%, list=18%, signal=43%	
BIOCARTA_IGF1R_PATHWAY	BIOCARTA_IGF1R_PATHWAY		20	-0.43997544	-1.3144867	0.1498195	0.39362997	1.0	2878	tags=45%, list=19%, signal=55%	
REACTOME_MET_ACTIVATES_RAP1_AND_RAC1	REACTOME_MET_ACTIVATES_RAP1_AND_RAC1		11	-0.5155592	-1.3144296	0.15703972	0.39260527	1.0	1597	tags=27%, list=10%, signal=30%	
REACTOME_MET_ACTIVATES_PTPN11	REACTOME_MET_ACTIVATES_PTPN11		5	-0.6565839	-1.3128884	0.15009381	0.39466822	1.0	3763	tags=60%, list=24%, signal=79%	
BIOCARTA_CLASSIC_PATHWAY	BIOCARTA_CLASSIC_PATHWAY		7	-0.59082377	-1.3128363	0.17169811	0.39360815	1.0	2308	tags=29%, list=15%, signal=34%	
WP_STATIN_PATHWAY	WP_STATIN_PATHWAY		13	-0.49579263	-1.3126642	0.14416058	0.3928767	1.0	526	tags=31%, list=3%, signal=32%	
BIOCARTA_INTEGRIN_PATHWAY	BIOCARTA_INTEGRIN_PATHWAY		30	-0.40461195	-1.3108864	0.104166664	0.3956435	1.0	3261	tags=43%, list=21%, signal=55%	
WP_OMEGA9_FATTY_ACID_SYNTHESIS	WP_OMEGA9_FATTY_ACID_SYNTHESIS		12	-0.50235033	-1.3101149	0.14754099	0.39608604	1.0	2509	tags=50%, list=16%, signal=60%	
REACTOME_INSULIN_RECEPTOR_RECYCLING	REACTOME_INSULIN_RECEPTOR_RECYCLING		24	-0.41250595	-1.3080996	0.11398964	0.39918518	1.0	2759	tags=29%, list=18%, signal=35%	
REACTOME_PYRIMIDINE_SALVAGE	REACTOME_PYRIMIDINE_SALVAGE		7	-0.59173584	-1.3077286	0.15769945	0.39882195	1.0	2673	tags=57%, list=17%, signal=69%	
REACTOME_ERK_MAPK_TARGETS	REACTOME_ERK_MAPK_TARGETS		19	-0.43155342	-1.3073214	0.15978456	0.39862445	1.0	2537	tags=47%, list=16%, signal=57%	
REACTOME_INOSITOL_PHOSPHATE_METABOLISM	REACTOME_INOSITOL_PHOSPHATE_METABOLISM		37	-0.3804353	-1.3055962	0.11409396	0.40100926	1.0	4720	tags=49%, list=31%, signal=70%	
BIOCARTA_IFNA_PATHWAY	BIOCARTA_IFNA_PATHWAY		7	-0.5923367	-1.3051776	0.1592233	0.40069965	1.0	2222	tags=29%, list=14%, signal=33%	
REACTOME_GASTRIN_CREB_SIGNALLING_PATHWAY_VIA_PKC_AND_MAPK	REACTOME_GASTRIN_CREB_SIGNALLING_PATHWAY_VIA_PKC_AND_MAPK		12	-0.49764308	-1.303572	0.1559633	0.4028161	1.0	1775	tags=42%, list=12%, signal=47%	
REACTOME_G_ALPHA_12_13_SIGNALLING_EVENTS	REACTOME_G_ALPHA_12_13_SIGNALLING_EVENTS		61	-0.3430812	-1.3026396	0.08186196	0.4037527	1.0	3333	tags=33%, list=22%, signal=42%	
BIOCARTA_COMP_PATHWAY	BIOCARTA_COMP_PATHWAY		9	-0.54166734	-1.3015851	0.15679443	0.40486902	1.0	2308	tags=22%, list=15%, signal=26%	
REACTOME_ION_TRANSPORT_BY_P_TYPE_ATPASES	REACTOME_ION_TRANSPORT_BY_P_TYPE_ATPASES		37	-0.3778341	-1.3015256	0.10460993	0.40386093	1.0	3767	tags=35%, list=24%, signal=46%	
REACTOME_ANTIVIRAL_MECHANISM_BY_IFN_STIMULATED_GENES	REACTOME_ANTIVIRAL_MECHANISM_BY_IFN_STIMULATED_GENES		87	-0.31828198	-1.3013679	0.07849293	0.40303808	1.0	4524	tags=37%, list=29%, signal=52%	
REACTOME_SIGNALING_BY_MST1	REACTOME_SIGNALING_BY_MST1		5	-0.656247	-1.300212	0.14202334	0.4042907	1.0	3280	tags=80%, list=21%, signal=102%	
BIOCARTA_SRCRPTP_PATHWAY	BIOCARTA_SRCRPTP_PATHWAY		10	-0.5316268	-1.2998599	0.14419475	0.40387297	1.0	5207	tags=70%, list=34%, signal=106%	
BIOCARTA_TNFR2_PATHWAY	BIOCARTA_TNFR2_PATHWAY		17	-0.44624913	-1.2993917	0.14890017	0.4037429	1.0	2302	tags=35%, list=15%, signal=41%	
BIOCARTA_THELPER_PATHWAY	BIOCARTA_THELPER_PATHWAY		12	-0.5015612	-1.2992874	0.16759777	0.4028069	1.0	5297	tags=67%, list=34%, signal=101%	
REACTOME_MUSCLE_CONTRACTION	REACTOME_MUSCLE_CONTRACTION		80	-0.32097587	-1.2981709	0.0771757	0.40392223	1.0	3225	tags=29%, list=21%, signal=36%	
REACTOME_ADHERENS_JUNCTIONS_INTERACTIONS	REACTOME_ADHERENS_JUNCTIONS_INTERACTIONS		24	-0.41268528	-1.297138	0.13485114	0.40508223	1.0	5064	tags=71%, list=33%, signal=105%	
REACTOME_GABA_B_RECEPTOR_ACTIVATION	REACTOME_GABA_B_RECEPTOR_ACTIVATION		23	-0.41210824	-1.2964466	0.15232974	0.40548453	1.0	3650	tags=43%, list=24%, signal=57%	
REACTOME_NUCLEAR_EVENTS_KINASE_AND_TRANSCRIPTION_FACTOR_ACTIVATION	REACTOME_NUCLEAR_EVENTS_KINASE_AND_TRANSCRIPTION_FACTOR_ACTIVATION		27	-0.40013558	-1.2959074	0.100352116	0.4055208	1.0	2537	tags=37%, list=16%, signal=44%	
BIOCARTA_IL3_PATHWAY	BIOCARTA_IL3_PATHWAY		14	-0.482809	-1.2949885	0.13298792	0.40616685	1.0	2809	tags=50%, list=18%, signal=61%	
REACTOME_COMPLEMENT_CASCADE	REACTOME_COMPLEMENT_CASCADE		33	-0.3835071	-1.2942698	0.12331081	0.40659028	1.0	2308	tags=30%, list=15%, signal=36%	
BIOCARTA_G2_PATHWAY	BIOCARTA_G2_PATHWAY		21	-0.4198111	-1.2930999	0.15589353	0.40804014	1.0	4437	tags=52%, list=29%, signal=73%	
REACTOME_PHASE_II_CONJUGATION_OF_COMPOUNDS	REACTOME_PHASE_II_CONJUGATION_OF_COMPOUNDS		59	-0.33833665	-1.2921038	0.10603589	0.40911946	1.0	2846	tags=32%, list=18%, signal=39%	
WP_P53_SIGNALING	WP_P53_SIGNALING		58	-0.3380279	-1.2917068	0.102819234	0.40882954	1.0	3904	tags=47%, list=25%, signal=62%	
REACTOME_DIGESTION	REACTOME_DIGESTION		5	-0.64229625	-1.291084	0.17196262	0.40904567	1.0	683	tags=40%, list=4%, signal=42%	
WP_OXIDATIVE_DAMAGE_RESPONSE	WP_OXIDATIVE_DAMAGE_RESPONSE		36	-0.37802324	-1.2893836	0.12456141	0.41148746	1.0	2699	tags=31%, list=18%, signal=37%	
REACTOME_TBC_RABGAPS	REACTOME_TBC_RABGAPS		32	-0.38546482	-1.2871006	0.13157895	0.41532505	1.0	4622	tags=41%, list=30%, signal=58%	
REACTOME_INTERLEUKIN_1_SIGNALING	REACTOME_INTERLEUKIN_1_SIGNALING		101	-0.3072275	-1.2868489	0.06880734	0.4147437	1.0	4298	tags=34%, list=28%, signal=46%	
REACTOME_POLO_LIKE_KINASE_MEDIATED_EVENTS	REACTOME_POLO_LIKE_KINASE_MEDIATED_EVENTS		5	-0.64880294	-1.286334	0.16446126	0.41465646	1.0	5419	tags=100%, list=35%, signal=154%	
REACTOME_G2_M_DNA_REPLICATION_CHECKPOINT	REACTOME_G2_M_DNA_REPLICATION_CHECKPOINT		5	-0.64880294	-1.2841251	0.17382812	0.4183109	1.0	5419	tags=100%, list=35%, signal=154%	
REACTOME_DIGESTION_AND_ABSORPTION	REACTOME_DIGESTION_AND_ABSORPTION		5	-0.64229625	-1.2836261	0.17318435	0.41832504	1.0	683	tags=40%, list=4%, signal=42%	
WP_OXYLIPINS_PATHWAYS	WP_OXYLIPINS_PATHWAYS		17	-0.44528165	-1.2831991	0.1634103	0.41817638	1.0	3811	tags=53%, list=25%, signal=70%	
WP_MAPK_SIGNALING_PATHWAY	WP_MAPK_SIGNALING_PATHWAY		140	-0.28982738	-1.2822204	0.058192957	0.41921142	1.0	2809	tags=26%, list=18%, signal=32%	
REACTOME_METAL_ION_SLC_TRANSPORTERS	REACTOME_METAL_ION_SLC_TRANSPORTERS		16	-0.45395657	-1.2812755	0.16903915	0.41994318	1.0	1715	tags=31%, list=11%, signal=35%	
BIOCARTA_IL17_PATHWAY	BIOCARTA_IL17_PATHWAY		9	-0.5229784	-1.2793173	0.18625678	0.4230437	1.0	5297	tags=89%, list=34%, signal=135%	
REACTOME_MAP2K_AND_MAPK_ACTIVATION	REACTOME_MAP2K_AND_MAPK_ACTIVATION		32	-0.3758047	-1.2790058	0.13732395	0.42255422	1.0	2809	tags=28%, list=18%, signal=34%	
REACTOME_PTK6_REGULATES_RHO_GTPASES_RAS_GTPASE_AND_MAP_KINASES	REACTOME_PTK6_REGULATES_RHO_GTPASES_RAS_GTPASE_AND_MAP_KINASES		12	-0.50153255	-1.2769201	0.16515426	0.42594835	1.0	1713	tags=33%, list=11%, signal=37%	
WP_MACROPHAGE_MARKERS	WP_MACROPHAGE_MARKERS		9	-0.5323291	-1.2768364	0.17562725	0.42497545	1.0	1015	tags=33%, list=7%, signal=36%	
REACTOME_INTERLEUKIN_12_FAMILY_SIGNALING	REACTOME_INTERLEUKIN_12_FAMILY_SIGNALING		13	-0.48255885	-1.273444	0.16187051	0.4310928	1.0	2442	tags=38%, list=16%, signal=46%	
WP_ONECARBON_METABOLISM	WP_ONECARBON_METABOLISM		25	-0.39862144	-1.2701842	0.16442953	0.43693092	1.0	5967	tags=68%, list=39%, signal=111%	
REACTOME_SEMA3A_PAK_DEPENDENT_AXON_REPULSION	REACTOME_SEMA3A_PAK_DEPENDENT_AXON_REPULSION		11	-0.5044519	-1.2692845	0.19561243	0.43760318	1.0	839	tags=27%, list=5%, signal=29%	
BIOCARTA_NKT_PATHWAY	BIOCARTA_NKT_PATHWAY		23	-0.40633747	-1.2679329	0.14539006	0.4394332	1.0	1318	tags=22%, list=9%, signal=24%	
REACTOME_FACTORS_INVOLVED_IN_MEGAKARYOCYTE_DEVELOPMENT_AND_PLATELET_PRODUCTION	REACTOME_FACTORS_INVOLVED_IN_MEGAKARYOCYTE_DEVELOPMENT_AND_PLATELET_PRODUCTION		106	-0.2988784	-1.2671368	0.07898894	0.43992296	1.0	3572	tags=30%, list=23%, signal=39%	
REACTOME_TOLL_LIKE_RECEPTOR_4_TLR4_CASCADE	REACTOME_TOLL_LIKE_RECEPTOR_4_TLR4_CASCADE		112	-0.2982522	-1.2665641	0.08607199	0.44009808	1.0	2107	tags=23%, list=14%, signal=27%	
REACTOME_ERKS_ARE_INACTIVATED	REACTOME_ERKS_ARE_INACTIVATED		13	-0.4790888	-1.2662427	0.2	0.43960565	1.0	2537	tags=46%, list=16%, signal=55%	
BIOCARTA_BARRESTIN_PATHWAY	BIOCARTA_BARRESTIN_PATHWAY		6	-0.6150489	-1.2656	0.19553073	0.43986258	1.0	4176	tags=50%, list=27%, signal=69%	
REACTOME_MITF_M_DEPENDENT_GENE_EXPRESSION	REACTOME_MITF_M_DEPENDENT_GENE_EXPRESSION		13	-0.4652061	-1.2650644	0.17844523	0.43996418	1.0	4559	tags=46%, list=30%, signal=65%	
REACTOME_MAPK_FAMILY_SIGNALING_CASCADES	REACTOME_MAPK_FAMILY_SIGNALING_CASCADES		233	-0.26883212	-1.2623929	0.035820894	0.44465816	1.0	2731	tags=24%, list=18%, signal=28%	
BIOCARTA_HSP27_PATHWAY	BIOCARTA_HSP27_PATHWAY		11	-0.5052552	-1.26177	0.18738739	0.44478327	1.0	4276	tags=55%, list=28%, signal=75%	
WP_TOLLLIKE_RECEPTOR_SIGNALING	WP_TOLLLIKE_RECEPTOR_SIGNALING		31	-0.38034278	-1.2603039	0.1462585	0.44678414	1.0	2699	tags=29%, list=18%, signal=35%	
REACTOME_BASE_EXCISION_REPAIR	REACTOME_BASE_EXCISION_REPAIR		77	-0.31267336	-1.2594166	0.107086614	0.44758698	1.0	2796	tags=25%, list=18%, signal=30%	
REACTOME_RUNX3_REGULATES_WNT_SIGNALING	REACTOME_RUNX3_REGULATES_WNT_SIGNALING		5	-0.6388194	-1.2581638	0.19408503	0.44926456	1.0	52	tags=20%, list=0%, signal=20%	
REACTOME_HYDROLYSIS_OF_LPC	REACTOME_HYDROLYSIS_OF_LPC		5	-0.63707143	-1.2577544	0.19449902	0.44903255	1.0	2600	tags=60%, list=17%, signal=72%	
REACTOME_ABC_TRANSPORTERS_IN_LIPID_HOMEOSTASIS	REACTOME_ABC_TRANSPORTERS_IN_LIPID_HOMEOSTASIS		12	-0.4774856	-1.2575771	0.19244604	0.44823506	1.0	1923	tags=42%, list=12%, signal=48%	
REACTOME_G_ALPHA_Z_SIGNALLING_EVENTS	REACTOME_G_ALPHA_Z_SIGNALLING_EVENTS		19	-0.443342	-1.2563814	0.17041199	0.44966862	1.0	3650	tags=47%, list=24%, signal=62%	
WP_BLOOD_CLOTTING_CASCADE	WP_BLOOD_CLOTTING_CASCADE		8	-0.5451681	-1.2560362	0.20887245	0.4492937	1.0	104	tags=25%, list=1%, signal=25%	
REACTOME_REGULATION_OF_MITF_M_DEPENDENT_GENES_INVOLVED_IN_CELL_CYCLE_AND_PROLIFERATION	REACTOME_REGULATION_OF_MITF_M_DEPENDENT_GENES_INVOLVED_IN_CELL_CYCLE_AND_PROLIFERATION		7	-0.5638521	-1.2553363	0.21675774	0.44966713	1.0	52	tags=14%, list=0%, signal=14%	
REACTOME_SEMAPHORIN_INTERACTIONS	REACTOME_SEMAPHORIN_INTERACTIONS		43	-0.34570488	-1.255136	0.1369637	0.44906226	1.0	1231	tags=21%, list=8%, signal=23%	
BIOCARTA_EICOSANOID_PATHWAY	BIOCARTA_EICOSANOID_PATHWAY		16	-0.446314	-1.2531743	0.15703972	0.4522103	1.0	1911	tags=44%, list=12%, signal=50%	
REACTOME_SIGNALING_BY_SCF_KIT	REACTOME_SIGNALING_BY_SCF_KIT		34	-0.3649292	-1.2518238	0.15662651	0.45405358	1.0	2560	tags=32%, list=17%, signal=39%	
REACTOME_INTERLEUKIN_35_SIGNALLING	REACTOME_INTERLEUKIN_35_SIGNALLING		9	-0.52462363	-1.2491629	0.21572211	0.4589548	1.0	2442	tags=44%, list=16%, signal=53%	
REACTOME_ADRENALINE_NORADRENALINE_INHIBITS_INSULIN_SECRETION	REACTOME_ADRENALINE_NORADRENALINE_INHIBITS_INSULIN_SECRETION		15	-0.44763038	-1.2489502	0.19039147	0.45828873	1.0	3650	tags=53%, list=24%, signal=70%	
REACTOME_DEACTIVATION_OF_THE_BETA_CATENIN_TRANSACTIVATING_COMPLEX	REACTOME_DEACTIVATION_OF_THE_BETA_CATENIN_TRANSACTIVATING_COMPLEX		27	-0.38829806	-1.2486455	0.16949153	0.4578838	1.0	2067	tags=30%, list=13%, signal=34%	
REACTOME_ANTIGEN_PRESENTATION_FOLDING_ASSEMBLY_AND_PEPTIDE_LOADING_OF_CLASS_I_MHC	REACTOME_ANTIGEN_PRESENTATION_FOLDING_ASSEMBLY_AND_PEPTIDE_LOADING_OF_CLASS_I_MHC		30	-0.3719331	-1.248123	0.19064125	0.457936	1.0	6500	tags=57%, list=42%, signal=98%	
REACTOME_SIGNALING_BY_PDGF	REACTOME_SIGNALING_BY_PDGF		34	-0.3662225	-1.2458849	0.1661017	0.46183413	1.0	2560	tags=32%, list=17%, signal=39%	
REACTOME_TETRAHYDROBIOPTERIN_BH4_SYNTHESIS_RECYCLING_SALVAGE_AND_REGULATION	REACTOME_TETRAHYDROBIOPTERIN_BH4_SYNTHESIS_RECYCLING_SALVAGE_AND_REGULATION		10	-0.5116691	-1.2455491	0.21621622	0.4614245	1.0	2242	tags=40%, list=15%, signal=47%	
BIOCARTA_CYTOKINE_PATHWAY	BIOCARTA_CYTOKINE_PATHWAY		9	-0.52134186	-1.2454388	0.1970803	0.46052307	1.0	1743	tags=44%, list=11%, signal=50%	
REACTOME_TAK1_DEPENDENT_IKK_AND_NF_KAPPA_B_ACTIVATION	REACTOME_TAK1_DEPENDENT_IKK_AND_NF_KAPPA_B_ACTIVATION		37	-0.36120036	-1.2450013	0.17207792	0.46032092	1.0	4256	tags=38%, list=28%, signal=52%	
REACTOME_METABOLISM_OF_WATER_SOLUBLE_VITAMINS_AND_COFACTORS	REACTOME_METABOLISM_OF_WATER_SOLUBLE_VITAMINS_AND_COFACTORS		101	-0.29552335	-1.2448223	0.11645963	0.45957926	1.0	5478	tags=44%, list=36%, signal=67%	
BIOCARTA_P27_PATHWAY	BIOCARTA_P27_PATHWAY		11	-0.48619828	-1.2418364	0.20892857	0.46487162	1.0	5788	tags=73%, list=38%, signal=116%	
REACTOME_PRE_NOTCH_EXPRESSION_AND_PROCESSING	REACTOME_PRE_NOTCH_EXPRESSION_AND_PROCESSING		5	-0.6323054	-1.2411501	0.22504537	0.46518165	1.0	793	tags=20%, list=5%, signal=21%	
REACTOME_NUCLEOTIDE_BIOSYNTHESIS	REACTOME_NUCLEOTIDE_BIOSYNTHESIS		14	-0.4530254	-1.240985	0.21003717	0.46446195	1.0	3886	tags=36%, list=25%, signal=48%	
REACTOME_BILE_ACID_AND_BILE_SALT_METABOLISM	REACTOME_BILE_ACID_AND_BILE_SALT_METABOLISM		20	-0.4119792	-1.2403008	0.19499105	0.46473765	1.0	2575	tags=35%, list=17%, signal=42%	
REACTOME_SYNTHESIS_OF_GDP_MANNOSE	REACTOME_SYNTHESIS_OF_GDP_MANNOSE		6	-0.59408253	-1.2382082	0.20216607	0.46833724	1.0	6263	tags=100%, list=41%, signal=168%	
REACTOME_GAMMA_CARBOXYLATION_TRANSPORT_AND_AMINO_TERMINAL_CLEAVAGE_OF_PROTEINS	REACTOME_GAMMA_CARBOXYLATION_TRANSPORT_AND_AMINO_TERMINAL_CLEAVAGE_OF_PROTEINS		6	-0.5810401	-1.2378308	0.232342	0.46811345	1.0	372	tags=33%, list=2%, signal=34%	
REACTOME_ACTIVATED_TAK1_MEDIATES_P38_MAPK_ACTIVATION	REACTOME_ACTIVATED_TAK1_MEDIATES_P38_MAPK_ACTIVATION		24	-0.39834496	-1.2356361	0.17192982	0.4719843	1.0	2583	tags=33%, list=17%, signal=40%	
REACTOME_TNFR2_NON_CANONICAL_NF_KB_PATHWAY	REACTOME_TNFR2_NON_CANONICAL_NF_KB_PATHWAY		91	-0.29749724	-1.2347207	0.12101911	0.47283757	1.0	3488	tags=29%, list=23%, signal=37%	
REACTOME_MAPK1_ERK2_ACTIVATION	REACTOME_MAPK1_ERK2_ACTIVATION		8	-0.5439094	-1.234609	0.23345588	0.47194356	1.0	2222	tags=38%, list=14%, signal=44%	
BIOCARTA_ERK5_PATHWAY	BIOCARTA_ERK5_PATHWAY		13	-0.47511464	-1.2342811	0.21946903	0.4715115	1.0	2731	tags=46%, list=18%, signal=56%	
REACTOME_SYNTHESIS_OF_BILE_ACIDS_AND_BILE_SALTS	REACTOME_SYNTHESIS_OF_BILE_ACIDS_AND_BILE_SALTS		17	-0.42857376	-1.2341809	0.18181819	0.47062492	1.0	2575	tags=41%, list=17%, signal=49%	
REACTOME_PHOSPHOLIPID_METABOLISM	REACTOME_PHOSPHOLIPID_METABOLISM		158	-0.28001472	-1.2336938	0.09687034	0.47057286	1.0	3306	tags=25%, list=21%, signal=32%	
REACTOME_ACYL_CHAIN_REMODELLING_OF_PS	REACTOME_ACYL_CHAIN_REMODELLING_OF_PS		12	-0.4764061	-1.2302451	0.20216607	0.47708684	1.0	2613	tags=33%, list=17%, signal=40%	
REACTOME_BIOLOGICAL_OXIDATIONS	REACTOME_BIOLOGICAL_OXIDATIONS		105	-0.29094237	-1.230159	0.1329114	0.47617146	1.0	2846	tags=27%, list=18%, signal=32%	
BIOCARTA_DSP_PATHWAY	BIOCARTA_DSP_PATHWAY		8	-0.53064805	-1.2300763	0.23193917	0.47523513	1.0	2205	tags=63%, list=14%, signal=73%	
REACTOME_PTK6_REGULATES_RTKS_AND_THEIR_EFFECTORS_AKT1_AND_DOK1	REACTOME_PTK6_REGULATES_RTKS_AND_THEIR_EFFECTORS_AKT1_AND_DOK1		9	-0.52669555	-1.2289896	0.20366973	0.47664803	1.0	3596	tags=67%, list=23%, signal=87%	
BIOCARTA_GATA3_PATHWAY	BIOCARTA_GATA3_PATHWAY		11	-0.48346415	-1.227798	0.2084063	0.47823277	1.0	4269	tags=55%, list=28%, signal=75%	
BIOCARTA_SODD_PATHWAY	BIOCARTA_SODD_PATHWAY		10	-0.49053788	-1.2263088	0.20567375	0.48049018	1.0	1139	tags=30%, list=7%, signal=32%	
REACTOME_INTERLEUKIN_1_FAMILY_SIGNALING	REACTOME_INTERLEUKIN_1_FAMILY_SIGNALING		115	-0.2857079	-1.2256111	0.11370716	0.48109257	1.0	4051	tags=32%, list=26%, signal=43%	
REACTOME_METABOLISM_OF_LIPIDS	REACTOME_METABOLISM_OF_LIPIDS		447	-0.24301802	-1.2254376	0.04172099	0.4804156	1.0	3361	tags=24%, list=22%, signal=30%	
REACTOME_FATTY_ACYL_COA_BIOSYNTHESIS	REACTOME_FATTY_ACYL_COA_BIOSYNTHESIS		25	-0.38645414	-1.224791	0.19473684	0.48087436	1.0	3150	tags=32%, list=20%, signal=40%	
REACTOME_REGULATION_OF_CDH11_FUNCTION	REACTOME_REGULATION_OF_CDH11_FUNCTION		6	-0.57532465	-1.2228776	0.22743683	0.48404965	1.0	5064	tags=83%, list=33%, signal=124%	
REACTOME_ACTIVATION_OF_RAC1_DOWNSTREAM_OF_NMDARS	REACTOME_ACTIVATION_OF_RAC1_DOWNSTREAM_OF_NMDARS		6	-0.5846472	-1.2226535	0.24590164	0.4834527	1.0	3767	tags=67%, list=24%, signal=88%	
REACTOME_TGF_BETA_RECEPTOR_SIGNALING_ACTIVATES_SMADS	REACTOME_TGF_BETA_RECEPTOR_SIGNALING_ACTIVATES_SMADS		34	-0.35611218	-1.2199211	0.18074325	0.4885998	1.0	4023	tags=38%, list=26%, signal=52%	
REACTOME_SPHINGOLIPID_METABOLISM	REACTOME_SPHINGOLIPID_METABOLISM		76	-0.30442795	-1.219223	0.15384616	0.48908648	1.0	1451	tags=20%, list=9%, signal=22%	
REACTOME_TP53_REGULATES_TRANSCRIPTION_OF_GENES_INVOLVED_IN_G2_CELL_CYCLE_ARREST	REACTOME_TP53_REGULATES_TRANSCRIPTION_OF_GENES_INVOLVED_IN_G2_CELL_CYCLE_ARREST		7	-0.54366493	-1.2185423	0.22807017	0.48948458	1.0	3807	tags=71%, list=25%, signal=95%	
REACTOME_BIOSYNTHESIS_OF_E_SERIES_18_S_RESOLVINS	REACTOME_BIOSYNTHESIS_OF_E_SERIES_18_S_RESOLVINS		5	-0.62131375	-1.2183963	0.24304268	0.48875874	1.0	3472	tags=60%, list=23%, signal=77%	
WP_ENDOCHONDRAL_OSSIFICATION	WP_ENDOCHONDRAL_OSSIFICATION		35	-0.35433337	-1.2178202	0.17966102	0.48889938	1.0	2528	tags=29%, list=16%, signal=34%	
REACTOME_PLASMA_LIPOPROTEIN_REMODELING	REACTOME_PLASMA_LIPOPROTEIN_REMODELING		14	-0.45239297	-1.2161013	0.21245421	0.49167857	1.0	1875	tags=36%, list=12%, signal=41%	
BIOCARTA_MAPK_PATHWAY	BIOCARTA_MAPK_PATHWAY		74	-0.3033608	-1.2156862	0.13562092	0.49151245	1.0	2809	tags=28%, list=18%, signal=35%	
REACTOME_TNFR1_MEDIATED_CERAMIDE_PRODUCTION	REACTOME_TNFR1_MEDIATED_CERAMIDE_PRODUCTION		6	-0.5786461	-1.214576	0.24214418	0.49281603	1.0	1139	tags=33%, list=7%, signal=36%	
BIOCARTA_ERBB4_PATHWAY	BIOCARTA_ERBB4_PATHWAY		5	-0.6144518	-1.2128005	0.26855123	0.49579898	1.0	4758	tags=60%, list=31%, signal=87%	
REACTOME_DAP12_SIGNALING	REACTOME_DAP12_SIGNALING		27	-0.37125692	-1.2112176	0.1971831	0.49826765	1.0	3182	tags=33%, list=21%, signal=42%	
BIOCARTA_FMLP_PATHWAY	BIOCARTA_FMLP_PATHWAY		28	-0.37977347	-1.2110958	0.20979021	0.4974443	1.0	1713	tags=25%, list=11%, signal=28%	
BIOCARTA_CDC25_PATHWAY	BIOCARTA_CDC25_PATHWAY		7	-0.5367611	-1.2106271	0.22893773	0.49749672	1.0	5419	tags=71%, list=35%, signal=110%	
BIOCARTA_ETS_PATHWAY	BIOCARTA_ETS_PATHWAY		17	-0.4298027	-1.2089238	0.2393617	0.5003113	1.0	4911	tags=65%, list=32%, signal=95%	
WP_TYPE_II_INTERFERON_SIGNALING_IFNG	WP_TYPE_II_INTERFERON_SIGNALING_IFNG		30	-0.36377275	-1.2066147	0.17595819	0.5042772	1.0	2301	tags=23%, list=15%, signal=27%	
REACTOME_NICOTINATE_METABOLISM	REACTOME_NICOTINATE_METABOLISM		24	-0.3895576	-1.2058809	0.22984563	0.504922	1.0	316	tags=13%, list=2%, signal=13%	
REACTOME_COPI_INDEPENDENT_GOLGI_TO_ER_RETROGRADE_TRAFFIC	REACTOME_COPI_INDEPENDENT_GOLGI_TO_ER_RETROGRADE_TRAFFIC		42	-0.33734894	-1.2057605	0.18612522	0.50405425	1.0	5164	tags=48%, list=33%, signal=71%	
BIOCARTA_BIOPEPTIDES_PATHWAY	BIOCARTA_BIOPEPTIDES_PATHWAY		24	-0.3855528	-1.2056566	0.22522523	0.50325316	1.0	2886	tags=38%, list=19%, signal=46%	
REACTOME_REDUCTION_OF_CYTOSOLIC_CA_LEVELS	REACTOME_REDUCTION_OF_CYTOSOLIC_CA_LEVELS		10	-0.500574	-1.2055517	0.23400366	0.50232524	1.0	3767	tags=40%, list=24%, signal=53%	
REACTOME_RND1_GTPASE_CYCLE	REACTOME_RND1_GTPASE_CYCLE		38	-0.34394854	-1.2055105	0.17128028	0.501302	1.0	3095	tags=34%, list=20%, signal=43%	
REACTOME_KERATAN_SULFATE_BIOSYNTHESIS	REACTOME_KERATAN_SULFATE_BIOSYNTHESIS		17	-0.41651312	-1.2034389	0.23613596	0.50488997	1.0	1779	tags=35%, list=12%, signal=40%	
REACTOME_INTERLEUKIN_21_SIGNALING	REACTOME_INTERLEUKIN_21_SIGNALING		5	-0.5972573	-1.2030507	0.27305606	0.5046904	1.0	2281	tags=40%, list=15%, signal=47%	
REACTOME_DRUG_MEDIATED_INHIBITION_OF_CDK4_CDK6_ACTIVITY	REACTOME_DRUG_MEDIATED_INHIBITION_OF_CDK4_CDK6_ACTIVITY		5	-0.60856676	-1.202736	0.2332696	0.5042303	1.0	3904	tags=60%, list=25%, signal=80%	
REACTOME_SULFIDE_OXIDATION_TO_SULFATE	REACTOME_SULFIDE_OXIDATION_TO_SULFATE		5	-0.6030888	-1.2008697	0.267658	0.5073739	1.0	6087	tags=80%, list=39%, signal=132%	
REACTOME_METABOLISM_OF_COFACTORS	REACTOME_METABOLISM_OF_COFACTORS		25	-0.38233587	-1.2002226	0.20884956	0.50762486	1.0	3767	tags=32%, list=24%, signal=42%	
BIOCARTA_MALATEX_PATHWAY	BIOCARTA_MALATEX_PATHWAY		7	-0.54181975	-1.1996578	0.2596154	0.50786805	1.0	3150	tags=29%, list=20%, signal=36%	
REACTOME_INTERLEUKIN_17_SIGNALING	REACTOME_INTERLEUKIN_17_SIGNALING		58	-0.31321016	-1.1967074	0.1842546	0.5135421	1.0	2583	tags=29%, list=17%, signal=35%	
REACTOME_SIGNALING_BY_INSULIN_RECEPTOR	REACTOME_SIGNALING_BY_INSULIN_RECEPTOR		49	-0.3278214	-1.1956785	0.2026578	0.5147098	1.0	2759	tags=29%, list=18%, signal=35%	
REACTOME_ACTIVATION_OF_NIMA_KINASES_NEK9_NEK6_NEK7	REACTOME_ACTIVATION_OF_NIMA_KINASES_NEK9_NEK6_NEK7		5	-0.60555726	-1.1951728	0.25343812	0.51472706	1.0	3807	tags=80%, list=25%, signal=106%	
BIOCARTA_MELANOCYTE_PATHWAY	BIOCARTA_MELANOCYTE_PATHWAY		6	-0.5679197	-1.1950804	0.2715105	0.5138045	1.0	4063	tags=50%, list=26%, signal=68%	
REACTOME_PLATELET_CALCIUM_HOMEOSTASIS	REACTOME_PLATELET_CALCIUM_HOMEOSTASIS		16	-0.42479765	-1.1949261	0.24911661	0.5130126	1.0	5142	tags=44%, list=33%, signal=66%	
BIOCARTA_BARR_MAPK_PATHWAY	BIOCARTA_BARR_MAPK_PATHWAY		10	-0.48565614	-1.1938884	0.24029575	0.5141007	1.0	4176	tags=40%, list=27%, signal=55%	
REACTOME_DEATH_RECEPTOR_SIGNALING	REACTOME_DEATH_RECEPTOR_SIGNALING		125	-0.2760748	-1.1924744	0.13657056	0.5162062	1.0	3340	tags=27%, list=22%, signal=34%	
REACTOME_ASPARTATE_AND_ASPARAGINE_METABOLISM	REACTOME_ASPARTATE_AND_ASPARAGINE_METABOLISM		6	-0.57430476	-1.1914247	0.26705652	0.5175394	1.0	5929	tags=83%, list=38%, signal=135%	
REACTOME_SPHINGOLIPID_CATABOLISM	REACTOME_SPHINGOLIPID_CATABOLISM		11	-0.47410232	-1.1913993	0.24077329	0.51648533	1.0	632	tags=27%, list=4%, signal=28%	
BIOCARTA_CARM1_PATHWAY	BIOCARTA_CARM1_PATHWAY		11	-0.47536236	-1.1902108	0.26254827	0.5182064	1.0	2878	tags=45%, list=19%, signal=56%	
WP_NEURAL_CREST_DIFFERENTIATION	WP_NEURAL_CREST_DIFFERENTIATION		46	-0.33176917	-1.189408	0.19655173	0.5190296	1.0	826	tags=15%, list=5%, signal=16%	
REACTOME_HEME_DEGRADATION	REACTOME_HEME_DEGRADATION		6	-0.5659724	-1.188993	0.26190478	0.51889175	1.0	5426	tags=67%, list=35%, signal=103%	
BIOCARTA_BLYMPHOCYTE_PATHWAY	BIOCARTA_BLYMPHOCYTE_PATHWAY		9	-0.48867252	-1.1876962	0.25373134	0.52075565	1.0	472	tags=33%, list=3%, signal=34%	
REACTOME_NEUROTRANSMITTER_RECEPTORS_AND_POSTSYNAPTIC_SIGNAL_TRANSMISSION	REACTOME_NEUROTRANSMITTER_RECEPTORS_AND_POSTSYNAPTIC_SIGNAL_TRANSMISSION		71	-0.29742798	-1.186894	0.19932999	0.5215902	1.0	3767	tags=35%, list=24%, signal=46%	
REACTOME_RAC3_GTPASE_CYCLE	REACTOME_RAC3_GTPASE_CYCLE		78	-0.29206496	-1.1866732	0.1824	0.5210058	1.0	3795	tags=33%, list=25%, signal=44%	
WP_MAPK_CASCADE	WP_MAPK_CASCADE		27	-0.37059	-1.1864082	0.22603978	0.52056175	1.0	3080	tags=33%, list=20%, signal=42%	
REACTOME_O_GLYCOSYLATION_OF_TSR_DOMAIN_CONTAINING_PROTEINS	REACTOME_O_GLYCOSYLATION_OF_TSR_DOMAIN_CONTAINING_PROTEINS		15	-0.4260719	-1.1841726	0.24686942	0.5243203	1.0	1956	tags=40%, list=13%, signal=46%	
REACTOME_BIOTIN_TRANSPORT_AND_METABOLISM	REACTOME_BIOTIN_TRANSPORT_AND_METABOLISM		11	-0.4662276	-1.1804097	0.27852997	0.53191346	1.0	7048	tags=73%, list=46%, signal=134%	
BIOCARTA_ECM_PATHWAY	BIOCARTA_ECM_PATHWAY		19	-0.40056688	-1.1790322	0.2559415	0.53397423	1.0	2809	tags=42%, list=18%, signal=51%	
REACTOME_APOPTOTIC_FACTOR_MEDIATED_RESPONSE	REACTOME_APOPTOTIC_FACTOR_MEDIATED_RESPONSE		17	-0.41277257	-1.178129	0.23977695	0.53492165	1.0	4276	tags=53%, list=28%, signal=73%	
REACTOME_DOWNSTREAM_SIGNAL_TRANSDUCTION	REACTOME_DOWNSTREAM_SIGNAL_TRANSDUCTION		25	-0.37336412	-1.177035	0.23943663	0.53625655	1.0	2560	tags=36%, list=17%, signal=43%	
REACTOME_ATTENUATION_PHASE	REACTOME_ATTENUATION_PHASE		12	-0.456309	-1.1768264	0.26901668	0.535606	1.0	3382	tags=42%, list=22%, signal=53%	
REACTOME_SEMA4D_MEDIATED_INHIBITION_OF_CELL_ATTACHMENT_AND_MIGRATION	REACTOME_SEMA4D_MEDIATED_INHIBITION_OF_CELL_ATTACHMENT_AND_MIGRATION		8	-0.50546443	-1.1765087	0.28982726	0.535255	1.0	1231	tags=38%, list=8%, signal=41%	
BIOCARTA_TSP1_PATHWAY	BIOCARTA_TSP1_PATHWAY		7	-0.52528524	-1.1740795	0.26908398	0.539817	1.0	3080	tags=71%, list=20%, signal=89%	
WP_AMINO_ACID_METABOLISM	WP_AMINO_ACID_METABOLISM		77	-0.29769665	-1.1730225	0.18025078	0.5411621	1.0	4033	tags=36%, list=26%, signal=49%	
REACTOME_INTERLEUKIN_2_SIGNALING	REACTOME_INTERLEUKIN_2_SIGNALING		10	-0.47803634	-1.1723554	0.2697023	0.5416431	1.0	3182	tags=50%, list=21%, signal=63%	
WP_EICOSANOID_METABOLISM_VIA_LIPOXYGENASES_LOX	WP_EICOSANOID_METABOLISM_VIA_LIPOXYGENASES_LOX		20	-0.3901023	-1.1695157	0.2460177	0.54719555	1.0	3811	tags=35%, list=25%, signal=46%	
WP_ONECARBON_METABOLISM_AND_RELATED_PATHWAYS	WP_ONECARBON_METABOLISM_AND_RELATED_PATHWAYS		37	-0.33337918	-1.1631342	0.25989673	0.56111974	1.0	1926	tags=24%, list=12%, signal=28%	
WP_MIR193A_AND_MVP_IN_COLON_CANCER_METASTASIS	WP_MIR193A_AND_MVP_IN_COLON_CANCER_METASTASIS		6	-0.56106985	-1.1608062	0.30501932	0.5654853	1.0	3904	tags=67%, list=25%, signal=89%	
WP_SIDS_SUSCEPTIBILITY_PATHWAYS	WP_SIDS_SUSCEPTIBILITY_PATHWAYS		37	-0.33554053	-1.1600543	0.23601398	0.56599927	1.0	3338	tags=35%, list=22%, signal=45%	
REACTOME_TRANSPORT_OF_ORGANIC_ANIONS	REACTOME_TRANSPORT_OF_ORGANIC_ANIONS		5	-0.586734	-1.1596376	0.30528376	0.5658901	1.0	3207	tags=40%, list=21%, signal=50%	
BIOCARTA_CHEMICAL_PATHWAY	BIOCARTA_CHEMICAL_PATHWAY		18	-0.40293646	-1.1586798	0.26631394	0.56699616	1.0	4276	tags=44%, list=28%, signal=61%	
BIOCARTA_BCELLSURVIVAL_PATHWAY	BIOCARTA_BCELLSURVIVAL_PATHWAY		16	-0.41239867	-1.1577755	0.26545453	0.56800455	1.0	4231	tags=56%, list=27%, signal=77%	
REACTOME_NEGATIVE_REGULATORS_OF_DDX58_IFIH1_SIGNALING	REACTOME_NEGATIVE_REGULATORS_OF_DDX58_IFIH1_SIGNALING		15	-0.41153917	-1.1575218	0.2867012	0.56746775	1.0	2055	tags=33%, list=13%, signal=38%	
REACTOME_NEGATIVE_REGULATION_OF_MET_ACTIVITY	REACTOME_NEGATIVE_REGULATION_OF_MET_ACTIVITY		20	-0.38520575	-1.157114	0.271777	0.567303	1.0	4282	tags=40%, list=28%, signal=55%	
REACTOME_HYALURONAN_METABOLISM	REACTOME_HYALURONAN_METABOLISM		12	-0.44108406	-1.1550726	0.27321428	0.5709291	1.0	1669	tags=33%, list=11%, signal=37%	
REACTOME_MALATE_ASPARTATE_SHUTTLE	REACTOME_MALATE_ASPARTATE_SHUTTLE		9	-0.48697427	-1.1537739	0.2777778	0.5729338	1.0	5376	tags=56%, list=35%, signal=85%	
REACTOME_MITOCHONDRIAL_PROTEIN_IMPORT	REACTOME_MITOCHONDRIAL_PROTEIN_IMPORT		9	-0.48672578	-1.1533991	0.2990654	0.5727138	1.0	3486	tags=44%, list=23%, signal=57%	
REACTOME_GAMMA_CARBOXYLATION_OF_PROTEIN_PRECURSORS	REACTOME_GAMMA_CARBOXYLATION_OF_PROTEIN_PRECURSORS		5	-0.58788306	-1.1528567	0.3117117	0.5728149	1.0	372	tags=40%, list=2%, signal=41%	
REACTOME_CRMPS_IN_SEMA3A_SIGNALING	REACTOME_CRMPS_IN_SEMA3A_SIGNALING		10	-0.46810144	-1.1528308	0.29787233	0.5717449	1.0	2117	tags=40%, list=14%, signal=46%	
REACTOME_RAB_GERANYLGERANYLATION	REACTOME_RAB_GERANYLGERANYLATION		54	-0.31001592	-1.1523548	0.21617162	0.5717451	1.0	2152	tags=22%, list=14%, signal=26%	
REACTOME_HEPARAN_SULFATE_HEPARIN_HS_GAG_METABOLISM	REACTOME_HEPARAN_SULFATE_HEPARIN_HS_GAG_METABOLISM		32	-0.3441968	-1.1522474	0.26362038	0.5708695	1.0	2503	tags=28%, list=16%, signal=34%	
REACTOME_PURINE_SALVAGE	REACTOME_PURINE_SALVAGE		14	-0.42443842	-1.1495813	0.28419182	0.57595634	1.0	2864	tags=36%, list=19%, signal=44%	
REACTOME_HS_GAG_BIOSYNTHESIS	REACTOME_HS_GAG_BIOSYNTHESIS		16	-0.40363786	-1.1494623	0.2725632	0.57510525	1.0	2503	tags=44%, list=16%, signal=52%	
REACTOME_TRIGLYCERIDE_BIOSYNTHESIS	REACTOME_TRIGLYCERIDE_BIOSYNTHESIS		8	-0.4983336	-1.1471334	0.3	0.57947147	1.0	1021	tags=25%, list=7%, signal=27%	
REACTOME_REGULATION_OF_RUNX1_EXPRESSION_AND_ACTIVITY	REACTOME_REGULATION_OF_RUNX1_EXPRESSION_AND_ACTIVITY		7	-0.53357774	-1.1461478	0.31707317	0.5807399	1.0	3904	tags=43%, list=25%, signal=57%	
REACTOME_TP53_REGULATES_TRANSCRIPTION_OF_CELL_CYCLE_GENES	REACTOME_TP53_REGULATES_TRANSCRIPTION_OF_CELL_CYCLE_GENES		33	-0.34293163	-1.1439666	0.25744307	0.58486545	1.0	4359	tags=52%, list=28%, signal=72%	
REACTOME_REGULATION_OF_SIGNALING_BY_CBL	REACTOME_REGULATION_OF_SIGNALING_BY_CBL		22	-0.3782928	-1.1431168	0.2637931	0.5857092	1.0	3334	tags=41%, list=22%, signal=52%	
REACTOME_ACTIVATION_OF_CASPASES_THROUGH_APOPTOSOME_MEDIATED_CLEAVAGE	REACTOME_ACTIVATION_OF_CASPASES_THROUGH_APOPTOSOME_MEDIATED_CLEAVAGE		7	-0.5191623	-1.141904	0.31918818	0.58743393	1.0	4276	tags=71%, list=28%, signal=99%	
WP_GENE_REGULATORY_NETWORK_MODELLING_SOMITOGENESIS	WP_GENE_REGULATORY_NETWORK_MODELLING_SOMITOGENESIS		6	-0.5378596	-1.1409227	0.3171206	0.58877414	1.0	3216	tags=50%, list=21%, signal=63%	
REACTOME_GAP_JUNCTION_DEGRADATION	REACTOME_GAP_JUNCTION_DEGRADATION		10	-0.45356396	-1.1404399	0.30397236	0.5887439	1.0	3961	tags=60%, list=26%, signal=81%	
REACTOME_ADP_SIGNALLING_THROUGH_P2Y_PURINOCEPTOR_1	REACTOME_ADP_SIGNALLING_THROUGH_P2Y_PURINOCEPTOR_1		21	-0.37401778	-1.1392984	0.30335096	0.5903162	1.0	3650	tags=48%, list=24%, signal=62%	
WP_BURN_WOUND_HEALING	WP_BURN_WOUND_HEALING		15	-0.4201585	-1.1384679	0.2732049	0.59117687	1.0	1599	tags=40%, list=10%, signal=45%	
REACTOME_SIGNALING_BY_NTRK1_TRKA	REACTOME_SIGNALING_BY_NTRK1_TRKA		58	-0.29650155	-1.1383398	0.25289255	0.5903249	1.0	2939	tags=29%, list=19%, signal=36%	
REACTOME_DDX58_IFIH1_MEDIATED_INDUCTION_OF_INTERFERON_ALPHA_BETA	REACTOME_DDX58_IFIH1_MEDIATED_INDUCTION_OF_INTERFERON_ALPHA_BETA		33	-0.34095675	-1.1377697	0.25454545	0.59039736	1.0	2055	tags=24%, list=13%, signal=28%	
REACTOME_TRANSMISSION_ACROSS_CHEMICAL_SYNAPSES	REACTOME_TRANSMISSION_ACROSS_CHEMICAL_SYNAPSES		109	-0.26515588	-1.1373521	0.20610687	0.5902683	1.0	3767	tags=32%, list=24%, signal=42%	
WP_SELENIUM_METABOLISM_SELENOPROTEINS	WP_SELENIUM_METABOLISM_SELENOPROTEINS		40	-0.32695913	-1.1368341	0.262697	0.5902591	1.0	1936	tags=23%, list=13%, signal=26%	
REACTOME_HEME_SIGNALING	REACTOME_HEME_SIGNALING		10	-0.4578122	-1.1368331	0.30236796	0.58912873	1.0	681	tags=30%, list=4%, signal=31%	
WP_APOPTOSIS	WP_APOPTOSIS		72	-0.28308722	-1.1361513	0.25160256	0.58973604	1.0	3697	tags=29%, list=24%, signal=38%	
REACTOME_PHASE_4_RESTING_MEMBRANE_POTENTIAL	REACTOME_PHASE_4_RESTING_MEMBRANE_POTENTIAL		7	-0.5104392	-1.1331517	0.31992337	0.5958081	1.0	3225	tags=57%, list=21%, signal=72%	
REACTOME_KINESINS	REACTOME_KINESINS		45	-0.3137089	-1.1291499	0.261944	0.6044008	1.0	4517	tags=38%, list=29%, signal=53%	
REACTOME_INTRINSIC_PATHWAY_FOR_APOPTOSIS	REACTOME_INTRINSIC_PATHWAY_FOR_APOPTOSIS		39	-0.3239567	-1.128845	0.2578397	0.6039413	1.0	2699	tags=31%, list=18%, signal=37%	
REACTOME_TIE2_SIGNALING	REACTOME_TIE2_SIGNALING		12	-0.43301582	-1.1252356	0.3257443	0.61127305	1.0	2731	tags=42%, list=18%, signal=51%	
REACTOME_LYSOSOME_VESICLE_BIOGENESIS	REACTOME_LYSOSOME_VESICLE_BIOGENESIS		30	-0.33584717	-1.1229836	0.28892735	0.6154597	1.0	4538	tags=47%, list=29%, signal=66%	
REACTOME_BUTYROPHILIN_BTN_FAMILY_INTERACTIONS	REACTOME_BUTYROPHILIN_BTN_FAMILY_INTERACTIONS		6	-0.52674675	-1.1225374	0.32780847	0.6154313	1.0	878	tags=33%, list=6%, signal=35%	
REACTOME_IRAK1_RECRUITS_IKK_COMPLEX	REACTOME_IRAK1_RECRUITS_IKK_COMPLEX		15	-0.40339208	-1.1187471	0.3148148	0.6235676	1.0	2055	tags=27%, list=13%, signal=31%	
REACTOME_RHO_GTPASE_EFFECTORS	REACTOME_RHO_GTPASE_EFFECTORS		225	-0.23612364	-1.1166137	0.2122571	0.62761134	1.0	4343	tags=33%, list=28%, signal=45%	
REACTOME_GABA_SYNTHESIS_RELEASE_REUPTAKE_AND_DEGRADATION	REACTOME_GABA_SYNTHESIS_RELEASE_REUPTAKE_AND_DEGRADATION		11	-0.43474406	-1.1156359	0.31549814	0.62900245	1.0	1069	tags=27%, list=7%, signal=29%	
REACTOME_NUCLEOTIDE_BINDING_DOMAIN_LEUCINE_RICH_REPEAT_CONTAINING_RECEPTOR_NLR_SIGNALING_PATHWAYS	REACTOME_NUCLEOTIDE_BINDING_DOMAIN_LEUCINE_RICH_REPEAT_CONTAINING_RECEPTOR_NLR_SIGNALING_PATHWAYS		45	-0.30876085	-1.1113503	0.2921536	0.63862234	1.0	1605	tags=22%, list=10%, signal=25%	
REACTOME_REGULATION_OF_MITF_M_DEPENDENT_GENES_INVOLVED_IN_PIGMENTATION	REACTOME_REGULATION_OF_MITF_M_DEPENDENT_GENES_INVOLVED_IN_PIGMENTATION		5	-0.5568163	-1.1103562	0.3382353	0.639823	1.0	1605	tags=40%, list=10%, signal=45%	
REACTOME_ARACHIDONIC_ACID_METABOLISM	REACTOME_ARACHIDONIC_ACID_METABOLISM		27	-0.34209263	-1.1101413	0.28668943	0.6391459	1.0	1926	tags=26%, list=12%, signal=30%	
REACTOME_SPHINGOLIPID_DE_NOVO_BIOSYNTHESIS	REACTOME_SPHINGOLIPID_DE_NOVO_BIOSYNTHESIS		23	-0.35071903	-1.1087561	0.31423292	0.6414838	1.0	1415	tags=22%, list=9%, signal=24%	
WP_IL2_SIGNALING_PATHWAY	WP_IL2_SIGNALING_PATHWAY		73	-0.2825907	-1.1077998	0.28807947	0.6428312	1.0	3313	tags=29%, list=21%, signal=36%	
REACTOME_TRAF6_MEDIATED_NF_KB_ACTIVATION	REACTOME_TRAF6_MEDIATED_NF_KB_ACTIVATION		13	-0.42159957	-1.1076777	0.34513274	0.6419104	1.0	1832	tags=23%, list=12%, signal=26%	
REACTOME_MHC_CLASS_II_ANTIGEN_PRESENTATION	REACTOME_MHC_CLASS_II_ANTIGEN_PRESENTATION		103	-0.26439056	-1.1071095	0.27272728	0.6421598	1.0	4517	tags=37%, list=29%, signal=52%	
REACTOME_THROMBIN_SIGNALLING_THROUGH_PROTEINASE_ACTIVATED_RECEPTORS_PARS	REACTOME_THROMBIN_SIGNALLING_THROUGH_PROTEINASE_ACTIVATED_RECEPTORS_PARS		27	-0.3424857	-1.1066421	0.30449826	0.64218986	1.0	3690	tags=41%, list=24%, signal=53%	
REACTOME_NGF_STIMULATED_TRANSCRIPTION	REACTOME_NGF_STIMULATED_TRANSCRIPTION		6	-0.51604617	-1.1063626	0.33973128	0.6417678	1.0	706	tags=17%, list=5%, signal=17%	
BIOCARTA_LIS1_PATHWAY	BIOCARTA_LIS1_PATHWAY		13	-0.42318064	-1.1062503	0.32337433	0.6408254	1.0	4120	tags=46%, list=27%, signal=63%	
WP_NOVEL_JUNDMP1_PATHWAY	WP_NOVEL_JUNDMP1_PATHWAY		23	-0.3623808	-1.1048775	0.3258427	0.64311206	1.0	3080	tags=30%, list=20%, signal=38%	
REACTOME_TRANSCRIPTIONAL_REGULATION_BY_RUNX1	REACTOME_TRANSCRIPTIONAL_REGULATION_BY_RUNX1		164	-0.24114469	-1.1029742	0.25316456	0.64678466	1.0	3930	tags=27%, list=25%, signal=36%	
BIOCARTA_KERATINOCYTE_PATHWAY	BIOCARTA_KERATINOCYTE_PATHWAY		45	-0.30927265	-1.101803	0.31826088	0.64841056	1.0	1713	tags=24%, list=11%, signal=27%	
WP_LEPTIN_AND_ADIPONECTIN	WP_LEPTIN_AND_ADIPONECTIN		8	-0.4764781	-1.101377	0.34751773	0.6482237	1.0	1333	tags=25%, list=9%, signal=27%	
BIOCARTA_HER2_PATHWAY	BIOCARTA_HER2_PATHWAY		20	-0.36959818	-1.1008949	0.31588447	0.6482381	1.0	2809	tags=40%, list=18%, signal=49%	
REACTOME_SEALING_OF_THE_NUCLEAR_ENVELOPE_NE_BY_ESCRT_III	REACTOME_SEALING_OF_THE_NUCLEAR_ENVELOPE_NE_BY_ESCRT_III		23	-0.35224664	-1.1008921	0.31842577	0.64705974	1.0	1889	tags=26%, list=12%, signal=30%	
REACTOME_ACTIVATION_OF_G_PROTEIN_GATED_POTASSIUM_CHANNELS	REACTOME_ACTIVATION_OF_G_PROTEIN_GATED_POTASSIUM_CHANNELS		16	-0.39369678	-1.1006774	0.31964287	0.6463747	1.0	3650	tags=44%, list=24%, signal=57%	
REACTOME_COLLAGEN_BIOSYNTHESIS_AND_MODIFYING_ENZYMES	REACTOME_COLLAGEN_BIOSYNTHESIS_AND_MODIFYING_ENZYMES		20	-0.36381948	-1.1005436	0.30464715	0.6455324	1.0	1542	tags=20%, list=10%, signal=22%	
REACTOME_RHO_GTPASES_ACTIVATE_FORMINS	REACTOME_RHO_GTPASES_ACTIVATE_FORMINS		128	-0.2540126	-1.0996794	0.2562893	0.6465746	1.0	4297	tags=34%, list=28%, signal=46%	
BIOCARTA_GH_PATHWAY	BIOCARTA_GH_PATHWAY		24	-0.34968558	-1.0981972	0.32743362	0.64902765	1.0	2886	tags=33%, list=19%, signal=41%	
REACTOME_MET_ACTIVATES_RAS_SIGNALING	REACTOME_MET_ACTIVATES_RAS_SIGNALING		9	-0.44755325	-1.096949	0.33752245	0.6509508	1.0	3763	tags=56%, list=24%, signal=73%	
WP_DYSREGULATED_MIRNA_TARGETING_IN_INSULINPI3KAKT_SIGNALING	WP_DYSREGULATED_MIRNA_TARGETING_IN_INSULINPI3KAKT_SIGNALING		22	-0.3560807	-1.0955813	0.32096475	0.653173	1.0	5975	tags=59%, list=39%, signal=96%	
REACTOME_RAS_PROCESSING	REACTOME_RAS_PROCESSING		24	-0.35363632	-1.0955071	0.3316413	0.6521879	1.0	2055	tags=25%, list=13%, signal=29%	
REACTOME_WNT5A_DEPENDENT_INTERNALIZATION_OF_FZD4	REACTOME_WNT5A_DEPENDENT_INTERNALIZATION_OF_FZD4		12	-0.4209042	-1.0945196	0.35368043	0.65342456	1.0	4459	tags=58%, list=29%, signal=82%	
BIOCARTA_CSK_PATHWAY	BIOCARTA_CSK_PATHWAY		15	-0.39541015	-1.0943831	0.3405018	0.6526163	1.0	5566	tags=73%, list=36%, signal=115%	
BIOCARTA_ARENRF2_PATHWAY	BIOCARTA_ARENRF2_PATHWAY		18	-0.37897113	-1.091104	0.33810377	0.65965706	1.0	4789	tags=56%, list=31%, signal=80%	
REACTOME_STIMULI_SENSING_CHANNELS	REACTOME_STIMULI_SENSING_CHANNELS		52	-0.29319933	-1.0908968	0.3289689	0.65896606	1.0	2825	tags=31%, list=18%, signal=38%	
REACTOME_AMINE_LIGAND_BINDING_RECEPTORS	REACTOME_AMINE_LIGAND_BINDING_RECEPTORS		7	-0.48571447	-1.0903997	0.36507937	0.6589066	1.0	3615	tags=57%, list=23%, signal=75%	
REACTOME_SYNTHESIS_OF_LEUKOTRIENES_LT_AND_EOXINS_EX	REACTOME_SYNTHESIS_OF_LEUKOTRIENES_LT_AND_EOXINS_EX		10	-0.4445204	-1.0901872	0.3625954	0.65829194	1.0	4233	tags=50%, list=27%, signal=69%	
REACTOME_SIGNALING_BY_ERYTHROPOIETIN	REACTOME_SIGNALING_BY_ERYTHROPOIETIN		16	-0.3835194	-1.0891712	0.3382084	0.65964645	1.0	3218	tags=38%, list=21%, signal=47%	
REACTOME_HSF1_DEPENDENT_TRANSACTIVATION	REACTOME_HSF1_DEPENDENT_TRANSACTIVATION		20	-0.36148846	-1.088851	0.34974533	0.65930337	1.0	4593	tags=40%, list=30%, signal=57%	
WP_MIRNAS_AND_TFS_IN_IPS_CELL_GENERATION	WP_MIRNAS_AND_TFS_IN_IPS_CELL_GENERATION		5	-0.55874914	-1.0874966	0.3655303	0.6614771	1.0	6807	tags=100%, list=44%, signal=179%	
REACTOME_ERYTHROPOIETIN_ACTIVATES_PHOSPHOINOSITIDE_3_KINASE_PI3K	REACTOME_ERYTHROPOIETIN_ACTIVATES_PHOSPHOINOSITIDE_3_KINASE_PI3K		11	-0.4341268	-1.0863117	0.36397058	0.66323245	1.0	2169	tags=36%, list=14%, signal=42%	
BIOCARTA_CFTR_PATHWAY	BIOCARTA_CFTR_PATHWAY		8	-0.47110003	-1.0859227	0.37657657	0.6630204	1.0	2878	tags=38%, list=19%, signal=46%	
REACTOME_INWARDLY_RECTIFYING_K_CHANNELS	REACTOME_INWARDLY_RECTIFYING_K_CHANNELS		18	-0.37393314	-1.0851761	0.3566553	0.66373867	1.0	3650	tags=39%, list=24%, signal=51%	
REACTOME_SIGNALING_BY_NTRKS	REACTOME_SIGNALING_BY_NTRKS		65	-0.27927503	-1.0844482	0.30605564	0.66446114	1.0	2939	tags=28%, list=19%, signal=34%	
REACTOME_CAMK_IV_MEDIATED_PHOSPHORYLATION_OF_CREB	REACTOME_CAMK_IV_MEDIATED_PHOSPHORYLATION_OF_CREB		5	-0.5453398	-1.0829732	0.3774319	0.6669616	1.0	3767	tags=60%, list=24%, signal=79%	
REACTOME_SIGNALING_BY_TGFBR3	REACTOME_SIGNALING_BY_TGFBR3		16	-0.38213474	-1.0819471	0.3492908	0.6682038	1.0	4758	tags=63%, list=31%, signal=90%	
REACTOME_NEPHRIN_FAMILY_INTERACTIONS	REACTOME_NEPHRIN_FAMILY_INTERACTIONS		5	-0.55232495	-1.0786769	0.38019803	0.67531157	1.0	3038	tags=60%, list=20%, signal=75%	
REACTOME_NEURONAL_SYSTEM	REACTOME_NEURONAL_SYSTEM		158	-0.24115378	-1.0785384	0.2961832	0.6744839	1.0	3775	tags=30%, list=24%, signal=40%	
REACTOME_AZATHIOPRINE_ADME	REACTOME_AZATHIOPRINE_ADME		19	-0.36554244	-1.0783418	0.36602452	0.673801	1.0	1669	tags=21%, list=11%, signal=24%	
REACTOME_METABOLISM_OF_FOLATE_AND_PTERINES	REACTOME_METABOLISM_OF_FOLATE_AND_PTERINES		16	-0.3850652	-1.0776155	0.34074074	0.6744235	1.0	5478	tags=50%, list=36%, signal=77%	
REACTOME_FATTY_ACID_METABOLISM	REACTOME_FATTY_ACID_METABOLISM		120	-0.24891843	-1.0773195	0.30731708	0.6739435	1.0	3869	tags=28%, list=25%, signal=38%	
REACTOME_PTK6_REGULATES_CELL_CYCLE	REACTOME_PTK6_REGULATES_CELL_CYCLE		5	-0.5486799	-1.0770496	0.42003852	0.6734239	1.0	2750	tags=40%, list=18%, signal=49%	
REACTOME_GP1B_IX_V_ACTIVATION_SIGNALLING	REACTOME_GP1B_IX_V_ACTIVATION_SIGNALLING		9	-0.4444224	-1.0757772	0.3612663	0.67536545	1.0	2809	tags=44%, list=18%, signal=54%	
REACTOME_PHENYLALANINE_AND_TYROSINE_METABOLISM	REACTOME_PHENYLALANINE_AND_TYROSINE_METABOLISM		6	-0.51068795	-1.0756817	0.38246268	0.67445636	1.0	1143	tags=33%, list=7%, signal=36%	
BIOCARTA_EGFR_SMRTE_PATHWAY	BIOCARTA_EGFR_SMRTE_PATHWAY		8	-0.4665391	-1.0747887	0.375	0.67550015	1.0	2664	tags=50%, list=17%, signal=60%	
REACTOME_MITOCHONDRIAL_PROTEIN_DEGRADATION	REACTOME_MITOCHONDRIAL_PROTEIN_DEGRADATION		79	-0.26548675	-1.0747128	0.31711146	0.6745441	1.0	3861	tags=27%, list=25%, signal=35%	
REACTOME_RHOF_GTPASE_CYCLE	REACTOME_RHOF_GTPASE_CYCLE		38	-0.30873415	-1.072134	0.34196892	0.6798444	1.0	3892	tags=34%, list=25%, signal=46%	
REACTOME_TP53_REGULATES_METABOLIC_GENES	REACTOME_TP53_REGULATES_METABOLIC_GENES		65	-0.2763937	-1.0716281	0.3376206	0.6798656	1.0	3984	tags=37%, list=26%, signal=50%	
REACTOME_SYNTHESIS_OF_PA	REACTOME_SYNTHESIS_OF_PA		29	-0.33342224	-1.0709589	0.37543252	0.68034536	1.0	2096	tags=21%, list=14%, signal=24%	
BIOCARTA_G1_PATHWAY	BIOCARTA_G1_PATHWAY		23	-0.3438316	-1.0705192	0.33840948	0.68036467	1.0	4437	tags=43%, list=29%, signal=61%	
WP_GLUCURONIDATION	WP_GLUCURONIDATION		6	-0.5001278	-1.0696881	0.3955224	0.68124163	1.0	3169	tags=50%, list=21%, signal=63%	
REACTOME_BETA_OXIDATION_OF_VERY_LONG_CHAIN_FATTY_ACIDS	REACTOME_BETA_OXIDATION_OF_VERY_LONG_CHAIN_FATTY_ACIDS		10	-0.4283222	-1.0696139	0.35135135	0.680231	1.0	4550	tags=40%, list=30%, signal=57%	
REACTOME_SELECTIVE_AUTOPHAGY	REACTOME_SELECTIVE_AUTOPHAGY		64	-0.27327564	-1.0695271	0.32569557	0.6792814	1.0	3617	tags=31%, list=23%, signal=41%	
BIOCARTA_PML_PATHWAY	BIOCARTA_PML_PATHWAY		17	-0.37485135	-1.0689244	0.36777583	0.6796526	1.0	1847	tags=29%, list=12%, signal=33%	
REACTOME_MITOCHONDRIAL_UNCOUPLING	REACTOME_MITOCHONDRIAL_UNCOUPLING		5	-0.5309288	-1.0687914	0.39204547	0.67882156	1.0	2413	tags=40%, list=16%, signal=47%	
REACTOME_INSERTION_OF_TAIL_ANCHORED_PROTEINS_INTO_THE_ENDOPLASMIC_RETICULUM_MEMBRANE	REACTOME_INSERTION_OF_TAIL_ANCHORED_PROTEINS_INTO_THE_ENDOPLASMIC_RETICULUM_MEMBRANE		16	-0.3837446	-1.0687369	0.357016	0.6778249	1.0	2264	tags=31%, list=15%, signal=37%	
BIOCARTA_CD40_PATHWAY	BIOCARTA_CD40_PATHWAY		14	-0.38473225	-1.0674428	0.39361703	0.68001956	1.0	2302	tags=29%, list=15%, signal=34%	
REACTOME_FORMATION_OF_SENESCENCE_ASSOCIATED_HETEROCHROMATIN_FOCI_SAHF	REACTOME_FORMATION_OF_SENESCENCE_ASSOCIATED_HETEROCHROMATIN_FOCI_SAHF		15	-0.38617453	-1.0672296	0.37477478	0.6793915	1.0	1495	tags=20%, list=10%, signal=22%	
BIOCARTA_IL5_PATHWAY	BIOCARTA_IL5_PATHWAY		5	-0.5358998	-1.0669489	0.42857143	0.67889595	1.0	699	tags=40%, list=5%, signal=42%	
BIOCARTA_AGR_PATHWAY	BIOCARTA_AGR_PATHWAY		19	-0.36268952	-1.0668961	0.37876105	0.67785364	1.0	1274	tags=21%, list=8%, signal=23%	
REACTOME_NEUROTRANSMITTER_RELEASE_CYCLE	REACTOME_NEUROTRANSMITTER_RELEASE_CYCLE		27	-0.33123866	-1.0639917	0.35924006	0.68379897	1.0	1069	tags=19%, list=7%, signal=20%	
REACTOME_SYNTHESIS_OF_VERY_LONG_CHAIN_FATTY_ACYL_COAS	REACTOME_SYNTHESIS_OF_VERY_LONG_CHAIN_FATTY_ACYL_COAS		16	-0.38148007	-1.0629869	0.37659964	0.68501574	1.0	2074	tags=25%, list=13%, signal=29%	
REACTOME_RELEASE_OF_APOPTOTIC_FACTORS_FROM_THE_MITOCHONDRIA	REACTOME_RELEASE_OF_APOPTOTIC_FACTORS_FROM_THE_MITOCHONDRIA		8	-0.4666836	-1.0604782	0.42250922	0.69002205	1.0	3706	tags=63%, list=24%, signal=82%	
REACTOME_ELEVATION_OF_CYTOSOLIC_CA2_LEVELS	REACTOME_ELEVATION_OF_CYTOSOLIC_CA2_LEVELS		6	-0.50377643	-1.0590252	0.4106814	0.69239247	1.0	6886	tags=83%, list=45%, signal=151%	
REACTOME_TRANSPORT_OF_NUCLEOSIDES_AND_FREE_PURINE_AND_PYRIMIDINE_BASES_ACROSS_THE_PLASMA_MEMBRANE	REACTOME_TRANSPORT_OF_NUCLEOSIDES_AND_FREE_PURINE_AND_PYRIMIDINE_BASES_ACROSS_THE_PLASMA_MEMBRANE		9	-0.43579715	-1.0580138	0.3786078	0.69371533	1.0	109	tags=11%, list=1%, signal=11%	
WP_PENTOSE_PHOSPHATE_PATHWAY	WP_PENTOSE_PHOSPHATE_PATHWAY		7	-0.48059458	-1.0571573	0.4198895	0.6945541	1.0	3651	tags=71%, list=24%, signal=94%	
BIOCARTA_TFF_PATHWAY	BIOCARTA_TFF_PATHWAY		19	-0.35484153	-1.0562991	0.38947368	0.69539917	1.0	2731	tags=32%, list=18%, signal=38%	
REACTOME_SENSORY_PERCEPTION	REACTOME_SENSORY_PERCEPTION		47	-0.29044065	-1.0550026	0.3729373	0.69740653	1.0	3980	tags=36%, list=26%, signal=49%	
REACTOME_GLYCOSPHINGOLIPID_METABOLISM	REACTOME_GLYCOSPHINGOLIPID_METABOLISM		42	-0.29104328	-1.0546054	0.3615257	0.69727874	1.0	3361	tags=33%, list=22%, signal=43%	
REACTOME_PHOSPHATE_BOND_HYDROLYSIS_BY_NTPDASE_PROTEINS	REACTOME_PHOSPHATE_BOND_HYDROLYSIS_BY_NTPDASE_PROTEINS		6	-0.5000329	-1.0528849	0.41417912	0.700385	1.0	1432	tags=33%, list=9%, signal=37%	
WP_HEART_DEVELOPMENT	WP_HEART_DEVELOPMENT		18	-0.3616557	-1.0507823	0.39191565	0.7045766	1.0	1587	tags=22%, list=10%, signal=25%	
WP_SPHINGOLIPID_METABOLISM_OVERVIEW	WP_SPHINGOLIPID_METABOLISM_OVERVIEW		23	-0.33665875	-1.049739	0.37347296	0.70603657	1.0	2804	tags=30%, list=18%, signal=37%	
REACTOME_SEMA3A_PLEXIN_REPULSION_SIGNALING_BY_INHIBITING_INTEGRIN_ADHESION	REACTOME_SEMA3A_PLEXIN_REPULSION_SIGNALING_BY_INHIBITING_INTEGRIN_ADHESION		7	-0.46888	-1.0494388	0.39691713	0.7056603	1.0	2540	tags=57%, list=16%, signal=68%	
REACTOME_ZBP1_DAI_MEDIATED_INDUCTION_OF_TYPE_I_IFNS	REACTOME_ZBP1_DAI_MEDIATED_INDUCTION_OF_TYPE_I_IFNS		13	-0.39337376	-1.0487502	0.38857144	0.706189	1.0	6010	tags=62%, list=39%, signal=101%	
REACTOME_INTERCONVERSION_OF_NUCLEOTIDE_DI_AND_TRIPHOSPHATES	REACTOME_INTERCONVERSION_OF_NUCLEOTIDE_DI_AND_TRIPHOSPHATES		22	-0.35139585	-1.0479801	0.3916084	0.7068831	1.0	4142	tags=41%, list=27%, signal=56%	
REACTOME_PROSTACYCLIN_SIGNALLING_THROUGH_PROSTACYCLIN_RECEPTOR	REACTOME_PROSTACYCLIN_SIGNALLING_THROUGH_PROSTACYCLIN_RECEPTOR		15	-0.38419166	-1.047523	0.41814947	0.70685506	1.0	3650	tags=47%, list=24%, signal=61%	
REACTOME_RHOV_GTPASE_CYCLE	REACTOME_RHOV_GTPASE_CYCLE		35	-0.30646425	-1.0474112	0.3838384	0.7059393	1.0	1191	tags=14%, list=8%, signal=15%	
REACTOME_KERATAN_SULFATE_KERATIN_METABOLISM	REACTOME_KERATAN_SULFATE_KERATIN_METABOLISM		23	-0.33637914	-1.0455285	0.38392857	0.7094365	1.0	2852	tags=35%, list=18%, signal=43%	
REACTOME_CELLULAR_HEXOSE_TRANSPORT	REACTOME_CELLULAR_HEXOSE_TRANSPORT		12	-0.404164	-1.0405873	0.41308412	0.7206365	1.0	562	tags=17%, list=4%, signal=17%	
REACTOME_CYTOCHROME_C_MEDIATED_APOPTOTIC_RESPONSE	REACTOME_CYTOCHROME_C_MEDIATED_APOPTOTIC_RESPONSE		12	-0.39608982	-1.0394704	0.4032258	0.7223209	1.0	4276	tags=50%, list=28%, signal=69%	
WP_WNT_SIGNALING_PATHWAY_AND_PLURIPOTENCY	WP_WNT_SIGNALING_PATHWAY_AND_PLURIPOTENCY		67	-0.26387185	-1.0391015	0.3882545	0.7221049	1.0	2383	tags=21%, list=15%, signal=25%	
REACTOME_TIGHT_JUNCTION_INTERACTIONS	REACTOME_TIGHT_JUNCTION_INTERACTIONS		6	-0.48673773	-1.0377641	0.43212238	0.72416276	1.0	4889	tags=33%, list=32%, signal=49%	
REACTOME_PURINE_RIBONUCLEOSIDE_MONOPHOSPHATE_BIOSYNTHESIS	REACTOME_PURINE_RIBONUCLEOSIDE_MONOPHOSPHATE_BIOSYNTHESIS		11	-0.4051429	-1.0373396	0.40884957	0.723992	1.0	3430	tags=27%, list=22%, signal=35%	
REACTOME_JOSEPHIN_DOMAIN_DUBS	REACTOME_JOSEPHIN_DOMAIN_DUBS		11	-0.40880793	-1.0373367	0.40816328	0.72282887	1.0	3458	tags=55%, list=22%, signal=70%	
WP_TRANSCRIPTIONAL_ACTIVATION_BY_NFE2L2_IN_RESPONSE_TO_PHYTOCHEMICALS	WP_TRANSCRIPTIONAL_ACTIVATION_BY_NFE2L2_IN_RESPONSE_TO_PHYTOCHEMICALS		12	-0.39055604	-1.0370204	0.38624337	0.7224576	1.0	3485	tags=67%, list=23%, signal=86%	
REACTOME_ACTIVATED_NOTCH1_TRANSMITS_SIGNAL_TO_THE_NUCLEUS	REACTOME_ACTIVATED_NOTCH1_TRANSMITS_SIGNAL_TO_THE_NUCLEUS		11	-0.40207547	-1.036979	0.40175438	0.72140217	1.0	3334	tags=45%, list=22%, signal=58%	
WP_SPHINGOLIPID_METABOLISM_INTEGRATED_PATHWAY	WP_SPHINGOLIPID_METABOLISM_INTEGRATED_PATHWAY		24	-0.3304231	-1.036158	0.4084249	0.72222835	1.0	2804	tags=29%, list=18%, signal=36%	
REACTOME_RHOH_GTPASE_CYCLE	REACTOME_RHOH_GTPASE_CYCLE		31	-0.31556627	-1.0350876	0.41880342	0.7238925	1.0	4690	tags=52%, list=30%, signal=74%	
REACTOME_COPI_MEDIATED_ANTEROGRADE_TRANSPORT	REACTOME_COPI_MEDIATED_ANTEROGRADE_TRANSPORT		86	-0.25066754	-1.0329798	0.3987034	0.7280154	1.0	5331	tags=41%, list=35%, signal=62%	
WP_MICRORNAS_IN_CARDIOMYOCYTE_HYPERTROPHY	WP_MICRORNAS_IN_CARDIOMYOCYTE_HYPERTROPHY		66	-0.26635394	-1.0326922	0.4057971	0.72759205	1.0	3379	tags=30%, list=22%, signal=39%	
REACTOME_MIRO_GTPASE_CYCLE	REACTOME_MIRO_GTPASE_CYCLE		7	-0.46418068	-1.0323864	0.42632613	0.7272011	1.0	3468	tags=57%, list=22%, signal=74%	
BIOCARTA_ATM_PATHWAY	BIOCARTA_ATM_PATHWAY		19	-0.34915072	-1.0323321	0.41709402	0.72618896	1.0	3080	tags=32%, list=20%, signal=39%	
REACTOME_PYRUVATE_METABOLISM	REACTOME_PYRUVATE_METABOLISM		39	-0.2977196	-1.0308218	0.3797251	0.7287606	1.0	2279	tags=21%, list=15%, signal=24%	
REACTOME_GLYCOSPHINGOLIPID_CATABOLISM	REACTOME_GLYCOSPHINGOLIPID_CATABOLISM		27	-0.32344267	-1.0297736	0.41765705	0.73020315	1.0	5953	tags=63%, list=39%, signal=102%	
BIOCARTA_PKC_PATHWAY	BIOCARTA_PKC_PATHWAY		6	-0.49494886	-1.0292885	0.43796992	0.7302668	1.0	6010	tags=67%, list=39%, signal=109%	
REACTOME_SCF_SKP2_MEDIATED_DEGRADATION_OF_P27_P21	REACTOME_SCF_SKP2_MEDIATED_DEGRADATION_OF_P27_P21		58	-0.2687093	-1.0257008	0.40614888	0.7381712	1.0	5914	tags=47%, list=38%, signal=75%	
REACTOME_PLATELET_AGGREGATION_PLUG_FORMATION	REACTOME_PLATELET_AGGREGATION_PLUG_FORMATION		27	-0.3173892	-1.0256091	0.41034484	0.73723876	1.0	2067	tags=26%, list=13%, signal=30%	
WP_GPCRS_ORPHAN	WP_GPCRS_ORPHAN		12	-0.38987127	-1.0251573	0.43510056	0.7371844	1.0	969	tags=25%, list=6%, signal=27%	
REACTOME_UCH_PROTEINASES	REACTOME_UCH_PROTEINASES		92	-0.24933192	-1.0251436	0.41290322	0.7360553	1.0	3359	tags=25%, list=22%, signal=32%	
REACTOME_RESOLUTION_OF_SISTER_CHROMATID_COHESION	REACTOME_RESOLUTION_OF_SISTER_CHROMATID_COHESION		117	-0.23786794	-1.0246711	0.4090909	0.7361492	1.0	4297	tags=34%, list=28%, signal=47%	
REACTOME_GLYCOSPHINGOLIPID_BIOSYNTHESIS	REACTOME_GLYCOSPHINGOLIPID_BIOSYNTHESIS		15	-0.373941	-1.0243143	0.4198988	0.7359588	1.0	1451	tags=33%, list=9%, signal=37%	
REACTOME_REGULATION_OF_APC_C_ACTIVATORS_BETWEEN_G1_S_AND_EARLY_ANAPHASE	REACTOME_REGULATION_OF_APC_C_ACTIVATORS_BETWEEN_G1_S_AND_EARLY_ANAPHASE		35	-0.3020623	-1.0242404	0.4130809	0.734958	1.0	3994	tags=40%, list=26%, signal=54%	
REACTOME_REGULATION_OF_CDH11_EXPRESSION_AND_FUNCTION	REACTOME_REGULATION_OF_CDH11_EXPRESSION_AND_FUNCTION		9	-0.41721523	-1.023593	0.44095942	0.73548543	1.0	5064	tags=78%, list=33%, signal=116%	
REACTOME_ASSOCIATION_OF_TRIC_CCT_WITH_TARGET_PROTEINS_DURING_BIOSYNTHESIS	REACTOME_ASSOCIATION_OF_TRIC_CCT_WITH_TARGET_PROTEINS_DURING_BIOSYNTHESIS		10	-0.41623417	-1.0223184	0.45167285	0.73746175	1.0	205	tags=10%, list=1%, signal=10%	
REACTOME_MITOTIC_G2_G2_M_PHASES	REACTOME_MITOTIC_G2_G2_M_PHASES		175	-0.22324255	-1.0219102	0.42463768	0.73721814	1.0	5207	tags=41%, list=34%, signal=61%	
REACTOME_TRANSCRIPTIONAL_ACTIVATION_OF_MITOCHONDRIAL_BIOGENESIS	REACTOME_TRANSCRIPTIONAL_ACTIVATION_OF_MITOCHONDRIAL_BIOGENESIS		11	-0.39855626	-1.0214425	0.44241315	0.73726416	1.0	3706	tags=45%, list=24%, signal=60%	
REACTOME_G_BETA_GAMMA_SIGNALLING_THROUGH_PI3KGAMMA	REACTOME_G_BETA_GAMMA_SIGNALLING_THROUGH_PI3KGAMMA		21	-0.33112004	-1.0213065	0.4178082	0.7364482	1.0	3650	tags=48%, list=24%, signal=62%	
REACTOME_FCERI_MEDIATED_MAPK_ACTIVATION	REACTOME_FCERI_MEDIATED_MAPK_ACTIVATION		32	-0.30375353	-1.021118	0.42461005	0.7357723	1.0	5437	tags=53%, list=35%, signal=82%	
REACTOME_M_PHASE	REACTOME_M_PHASE		373	-0.20632198	-1.0197351	0.40581718	0.73816997	1.0	4298	tags=30%, list=28%, signal=41%	
REACTOME_REVERSIBLE_HYDRATION_OF_CARBON_DIOXIDE	REACTOME_REVERSIBLE_HYDRATION_OF_CARBON_DIOXIDE		7	-0.45779285	-1.0194422	0.43838027	0.7378059	1.0	2322	tags=43%, list=15%, signal=50%	
BIOCARTA_P38MAPK_PATHWAY	BIOCARTA_P38MAPK_PATHWAY		30	-0.30390695	-1.0168576	0.42929292	0.74291193	1.0	4842	tags=40%, list=31%, signal=58%	
BIOCARTA_TOLL_PATHWAY	BIOCARTA_TOLL_PATHWAY		23	-0.3282222	-1.0167884	0.42328042	0.7419421	1.0	2302	tags=26%, list=15%, signal=31%	
REACTOME_HYALURONAN_UPTAKE_AND_DEGRADATION	REACTOME_HYALURONAN_UPTAKE_AND_DEGRADATION		11	-0.3919673	-1.0164747	0.4582593	0.74151784	1.0	4663	tags=55%, list=30%, signal=78%	
REACTOME_POST_NMDA_RECEPTOR_ACTIVATION_EVENTS	REACTOME_POST_NMDA_RECEPTOR_ACTIVATION_EVENTS		14	-0.38377687	-1.0147595	0.45709282	0.74460095	1.0	2815	tags=36%, list=18%, signal=44%	
REACTOME_ADENYLATE_CYCLASE_INHIBITORY_PATHWAY	REACTOME_ADENYLATE_CYCLASE_INHIBITORY_PATHWAY		7	-0.46353692	-1.0141109	0.4727955	0.7450884	1.0	3559	tags=43%, list=23%, signal=56%	
REACTOME_SIGNALING_BY_RETINOIC_ACID	REACTOME_SIGNALING_BY_RETINOIC_ACID		26	-0.3202807	-1.0119691	0.4296029	0.74923575	1.0	2257	tags=27%, list=15%, signal=31%	
REACTOME_SIGNAL_AMPLIFICATION	REACTOME_SIGNAL_AMPLIFICATION		27	-0.3154255	-1.0114357	0.41798943	0.74930984	1.0	2681	tags=33%, list=17%, signal=40%	
REACTOME_NEGATIVE_FEEDBACK_REGULATION_OF_MAPK_PATHWAY	REACTOME_NEGATIVE_FEEDBACK_REGULATION_OF_MAPK_PATHWAY		6	-0.4780811	-1.0113914	0.45225224	0.7482518	1.0	2809	tags=33%, list=18%, signal=41%	
REACTOME_RND3_GTPASE_CYCLE	REACTOME_RND3_GTPASE_CYCLE		37	-0.2957198	-1.0107718	0.42673108	0.74861866	1.0	3317	tags=32%, list=22%, signal=41%	
REACTOME_P130CAS_LINKAGE_TO_MAPK_SIGNALING_FOR_INTEGRINS	REACTOME_P130CAS_LINKAGE_TO_MAPK_SIGNALING_FOR_INTEGRINS		12	-0.39528167	-1.0091205	0.43772894	0.75144386	1.0	1460	tags=25%, list=9%, signal=28%	
REACTOME_ADP_SIGNALLING_THROUGH_P2Y_PURINOCEPTOR_12	REACTOME_ADP_SIGNALLING_THROUGH_P2Y_PURINOCEPTOR_12		16	-0.36302185	-1.0079578	0.45652175	0.75319576	1.0	3650	tags=44%, list=24%, signal=57%	
REACTOME_CROSSLINKING_OF_COLLAGEN_FIBRILS	REACTOME_CROSSLINKING_OF_COLLAGEN_FIBRILS		6	-0.48848882	-1.0068088	0.46525097	0.7549228	1.0	106	tags=17%, list=1%, signal=17%	
REACTOME_INTERLEUKIN_3_INTERLEUKIN_5_AND_GM_CSF_SIGNALING	REACTOME_INTERLEUKIN_3_INTERLEUKIN_5_AND_GM_CSF_SIGNALING		40	-0.28229398	-1.0066788	0.43455496	0.75415367	1.0	3723	tags=38%, list=24%, signal=49%	
REACTOME_IFNG_SIGNALING_ACTIVATES_MAPKS	REACTOME_IFNG_SIGNALING_ACTIVATES_MAPKS		7	-0.45200226	-1.0060616	0.4595588	0.75452197	1.0	2809	tags=43%, list=18%, signal=52%	
WP_WNT_SIGNALING_PATHWAY	WP_WNT_SIGNALING_PATHWAY		80	-0.24771054	-1.0052601	0.43811074	0.7552656	1.0	1504	tags=14%, list=10%, signal=15%	
WP_OMEGA3_OMEGA6_FATTY_ACID_SYNTHESIS	WP_OMEGA3_OMEGA6_FATTY_ACID_SYNTHESIS		14	-0.3794466	-0.9997753	0.46402878	0.7681108	1.0	2142	tags=29%, list=14%, signal=33%	
REACTOME_FORMATION_OF_THE_BETA_CATENIN_TCF_TRANSACTIVATING_COMPLEX	REACTOME_FORMATION_OF_THE_BETA_CATENIN_TCF_TRANSACTIVATING_COMPLEX		24	-0.3208451	-0.99838424	0.4644128	0.77067274	1.0	4559	tags=33%, list=30%, signal=47%	
REACTOME_INACTIVATION_OF_CSF3_G_CSF_SIGNALING	REACTOME_INACTIVATION_OF_CSF3_G_CSF_SIGNALING		18	-0.33877468	-0.9976588	0.45614034	0.7713257	1.0	2222	tags=33%, list=14%, signal=39%	
BIOCARTA_IL2_PATHWAY	BIOCARTA_IL2_PATHWAY		23	-0.32103512	-0.9972395	0.455516	0.77118546	1.0	3182	tags=43%, list=21%, signal=55%	
REACTOME_FORMATION_OF_APOPTOSOME	REACTOME_FORMATION_OF_APOPTOSOME		10	-0.41180885	-0.9971393	0.46360153	0.77026516	1.0	1540	tags=30%, list=10%, signal=33%	
WP_GPCRS_ODORANT	WP_GPCRS_ODORANT		43	-0.27813616	-0.9964107	0.4814189	0.77085674	1.0	3088	tags=33%, list=20%, signal=41%	
BIOCARTA_CREB_PATHWAY	BIOCARTA_CREB_PATHWAY		19	-0.3504568	-0.99575764	0.443038	0.7713952	1.0	2886	tags=42%, list=19%, signal=52%	
REACTOME_CHONDROITIN_SULFATE_DERMATAN_SULFATE_METABOLISM	REACTOME_CHONDROITIN_SULFATE_DERMATAN_SULFATE_METABOLISM		35	-0.28879416	-0.99295783	0.460733	0.7771801	1.0	1710	tags=17%, list=11%, signal=19%	
WP_MONOAMINE_GPCRS	WP_MONOAMINE_GPCRS		6	-0.4619169	-0.9899096	0.47211897	0.78371316	1.0	3409	tags=50%, list=22%, signal=64%	
REACTOME_PROCESSIVE_SYNTHESIS_ON_THE_LAGGING_STRAND	REACTOME_PROCESSIVE_SYNTHESIS_ON_THE_LAGGING_STRAND		15	-0.3528363	-0.9888976	0.45009416	0.7849876	1.0	5659	tags=53%, list=37%, signal=84%	
WP_REGULATION_OF_ACTIN_CYTOSKELETON	WP_REGULATION_OF_ACTIN_CYTOSKELETON		102	-0.23544759	-0.98889416	0.4704969	0.7838143	1.0	4044	tags=34%, list=26%, signal=46%	
REACTOME_GOLGI_CISTERNAE_PERICENTRIOLAR_STACK_REORGANIZATION	REACTOME_GOLGI_CISTERNAE_PERICENTRIOLAR_STACK_REORGANIZATION		10	-0.39675412	-0.98525155	0.45931283	0.7918456	1.0	2985	tags=40%, list=19%, signal=50%	
REACTOME_SIGNALING_BY_ALK	REACTOME_SIGNALING_BY_ALK		11	-0.39225852	-0.9843462	0.48596492	0.7930138	1.0	2731	tags=36%, list=18%, signal=44%	
REACTOME_A_TETRASACCHARIDE_LINKER_SEQUENCE_IS_REQUIRED_FOR_GAG_SYNTHESIS	REACTOME_A_TETRASACCHARIDE_LINKER_SEQUENCE_IS_REQUIRED_FOR_GAG_SYNTHESIS		13	-0.37305468	-0.9838433	0.48336253	0.79307705	1.0	2396	tags=31%, list=16%, signal=36%	
REACTOME_SIGNAL_ATTENUATION	REACTOME_SIGNAL_ATTENUATION		8	-0.43902144	-0.9816982	0.50097847	0.79701084	1.0	2731	tags=38%, list=18%, signal=46%	
REACTOME_ACTIVATION_OF_THE_PRE_REPLICATIVE_COMPLEX	REACTOME_ACTIVATION_OF_THE_PRE_REPLICATIVE_COMPLEX		32	-0.29318544	-0.9814092	0.47643098	0.7965514	1.0	5110	tags=56%, list=33%, signal=84%	
REACTOME_ABC_FAMILY_PROTEINS_MEDIATED_TRANSPORT	REACTOME_ABC_FAMILY_PROTEINS_MEDIATED_TRANSPORT		86	-0.23643325	-0.9805204	0.51618123	0.7975295	1.0	4490	tags=31%, list=29%, signal=44%	
REACTOME_INTERLEUKIN_15_SIGNALING	REACTOME_INTERLEUKIN_15_SIGNALING		11	-0.39140436	-0.98017865	0.46703297	0.7972648	1.0	2936	tags=45%, list=19%, signal=56%	
REACTOME_P75NTR_SIGNALS_VIA_NF_KB	REACTOME_P75NTR_SIGNALS_VIA_NF_KB		15	-0.35877404	-0.97779053	0.4909091	0.8019722	1.0	2055	tags=27%, list=13%, signal=31%	
WP_APOPTOSIS_MODULATION_BY_HSP70	WP_APOPTOSIS_MODULATION_BY_HSP70		15	-0.3512539	-0.97727084	0.5	0.8020735	1.0	964	tags=20%, list=6%, signal=21%	
REACTOME_TNFR1_INDUCED_PROAPOPTOTIC_SIGNALING	REACTOME_TNFR1_INDUCED_PROAPOPTOTIC_SIGNALING		22	-0.31257337	-0.9768118	0.49914822	0.80201286	1.0	1139	tags=18%, list=7%, signal=20%	
REACTOME_ADENYLATE_CYCLASE_ACTIVATING_PATHWAY	REACTOME_ADENYLATE_CYCLASE_ACTIVATING_PATHWAY		5	-0.50200427	-0.97635484	0.5139665	0.80192816	1.0	446	tags=20%, list=3%, signal=21%	
REACTOME_SCF_BETA_TRCP_MEDIATED_DEGRADATION_OF_EMI1	REACTOME_SCF_BETA_TRCP_MEDIATED_DEGRADATION_OF_EMI1		10	-0.39215252	-0.9756199	0.5	0.802445	1.0	3951	tags=50%, list=26%, signal=67%	
REACTOME_ASPARAGINE_N_LINKED_GLYCOSYLATION	REACTOME_ASPARAGINE_N_LINKED_GLYCOSYLATION		237	-0.20659578	-0.9754751	0.53958946	0.80161226	1.0	5331	tags=37%, list=35%, signal=56%	
WP_LEPTININSULIN_SIGNALING_OVERLAP	WP_LEPTININSULIN_SIGNALING_OVERLAP		13	-0.3658378	-0.9751093	0.48281786	0.80131835	1.0	3345	tags=31%, list=22%, signal=39%	
REACTOME_REGULATION_OF_IFNG_SIGNALING	REACTOME_REGULATION_OF_IFNG_SIGNALING		9	-0.4037719	-0.97290087	0.48037383	0.80573136	1.0	1259	tags=22%, list=8%, signal=24%	
REACTOME_CATION_COUPLED_CHLORIDE_COTRANSPORTERS	REACTOME_CATION_COUPLED_CHLORIDE_COTRANSPORTERS		6	-0.4523013	-0.97288024	0.4918919	0.8046091	1.0	2348	tags=33%, list=15%, signal=39%	
BIOCARTA_CACAM_PATHWAY	BIOCARTA_CACAM_PATHWAY		6	-0.45723522	-0.9725221	0.48676172	0.804336	1.0	5114	tags=50%, list=33%, signal=75%	
REACTOME_METABOLISM_OF_AMINO_ACIDS_AND_DERIVATIVES	REACTOME_METABOLISM_OF_AMINO_ACIDS_AND_DERIVATIVES		175	-0.21347475	-0.97114694	0.5301915	0.8065065	1.0	4520	tags=34%, list=29%, signal=48%	
REACTOME_ALPHA_PROTEIN_KINASE_1_SIGNALING_PATHWAY	REACTOME_ALPHA_PROTEIN_KINASE_1_SIGNALING_PATHWAY		12	-0.3732539	-0.96996874	0.48994514	0.8083118	1.0	3772	tags=42%, list=24%, signal=55%	
REACTOME_RECEPTOR_TYPE_TYROSINE_PROTEIN_PHOSPHATASES	REACTOME_RECEPTOR_TYPE_TYROSINE_PROTEIN_PHOSPHATASES		8	-0.42646986	-0.9692444	0.5047985	0.8088902	1.0	790	tags=13%, list=5%, signal=13%	
BIOCARTA_CARDIACEGF_PATHWAY	BIOCARTA_CARDIACEGF_PATHWAY		11	-0.37968904	-0.968657	0.49820143	0.80913484	1.0	6271	tags=73%, list=41%, signal=123%	
WP_PURINE_METABOLISM	WP_PURINE_METABOLISM		128	-0.22204597	-0.96467346	0.5422078	0.8179472	1.0	4142	tags=27%, list=27%, signal=37%	
REACTOME_PENTOSE_PHOSPHATE_PATHWAY	REACTOME_PENTOSE_PHOSPHATE_PATHWAY		14	-0.3599222	-0.9643144	0.5072464	0.81764036	1.0	3651	tags=50%, list=24%, signal=65%	
REACTOME_NUCLEAR_ENVELOPE_NE_REASSEMBLY	REACTOME_NUCLEAR_ENVELOPE_NE_REASSEMBLY		62	-0.24922663	-0.9635472	0.5168539	0.8184915	1.0	4645	tags=39%, list=30%, signal=55%	
REACTOME_DNA_REPLICATION	REACTOME_DNA_REPLICATION		125	-0.22110538	-0.9624289	0.5322339	0.82010174	1.0	5667	tags=45%, list=37%, signal=70%	
BIOCARTA_IL4_PATHWAY	BIOCARTA_IL4_PATHWAY		9	-0.39858595	-0.962259	0.50361013	0.8193393	1.0	2731	tags=33%, list=18%, signal=40%	
REACTOME_ANTIGEN_PROCESSING_CROSS_PRESENTATION	REACTOME_ANTIGEN_PROCESSING_CROSS_PRESENTATION		77	-0.23858058	-0.96111226	0.53480476	0.8209852	1.0	6517	tags=53%, list=42%, signal=92%	
WP_METAPATHWAY_BIOTRANSFORMATION	WP_METAPATHWAY_BIOTRANSFORMATION		73	-0.24348992	-0.9596833	0.5589661	0.8232565	1.0	3518	tags=32%, list=23%, signal=41%	
REACTOME_EICOSANOID_LIGAND_BINDING_RECEPTORS	REACTOME_EICOSANOID_LIGAND_BINDING_RECEPTORS		9	-0.40200523	-0.9584811	0.50282484	0.8250411	1.0	1911	tags=33%, list=12%, signal=38%	
WP_ESC_PLURIPOTENCY_PATHWAYS	WP_ESC_PLURIPOTENCY_PATHWAYS		68	-0.24579301	-0.9584775	0.5280136	0.8238626	1.0	2138	tags=22%, list=14%, signal=25%	
WP_EPO_RECEPTOR_SIGNALING	WP_EPO_RECEPTOR_SIGNALING		23	-0.3085757	-0.957859	0.50352114	0.8241501	1.0	2809	tags=30%, list=18%, signal=37%	
REACTOME_NON_INTEGRIN_MEMBRANE_ECM_INTERACTIONS	REACTOME_NON_INTEGRIN_MEMBRANE_ECM_INTERACTIONS		18	-0.3320499	-0.9577952	0.53571427	0.8231436	1.0	1710	tags=22%, list=11%, signal=25%	
REACTOME_GLUCURONIDATION	REACTOME_GLUCURONIDATION		5	-0.4875518	-0.9563461	0.53919697	0.82547027	1.0	3927	tags=60%, list=25%, signal=80%	
REACTOME_INTERFERON_GAMMA_SIGNALING	REACTOME_INTERFERON_GAMMA_SIGNALING		18	-0.33204132	-0.9563369	0.52181816	0.82431877	1.0	1274	tags=17%, list=8%, signal=18%	
REACTOME_ACYL_CHAIN_REMODELLING_OF_PI	REACTOME_ACYL_CHAIN_REMODELLING_OF_PI		8	-0.42226627	-0.9562862	0.53321034	0.8232609	1.0	2613	tags=38%, list=17%, signal=45%	
REACTOME_ROLE_OF_LAT2_NTAL_LAB_ON_CALCIUM_MOBILIZATION	REACTOME_ROLE_OF_LAT2_NTAL_LAB_ON_CALCIUM_MOBILIZATION		17	-0.33419296	-0.95499724	0.5344203	0.8251775	1.0	5205	tags=59%, list=34%, signal=89%	
REACTOME_KERATINIZATION	REACTOME_KERATINIZATION		12	-0.36813894	-0.9549442	0.5135624	0.8241192	1.0	4073	tags=50%, list=26%, signal=68%	
WP_DELTANOTCH_SIGNALING_PATHWAY	WP_DELTANOTCH_SIGNALING_PATHWAY		71	-0.24297152	-0.9538979	0.5498392	0.825555	1.0	3216	tags=28%, list=21%, signal=35%	
REACTOME_G_PROTEIN_MEDIATED_EVENTS	REACTOME_G_PROTEIN_MEDIATED_EVENTS		30	-0.2886016	-0.9537012	0.5106007	0.824869	1.0	4238	tags=33%, list=27%, signal=46%	
REACTOME_FORMATION_OF_THE_CORNIFIED_ENVELOPE	REACTOME_FORMATION_OF_THE_CORNIFIED_ENVELOPE		12	-0.36813894	-0.95217633	0.5316456	0.82731396	1.0	4073	tags=50%, list=26%, signal=68%	
REACTOME_G_PROTEIN_ACTIVATION	REACTOME_G_PROTEIN_ACTIVATION		18	-0.32788682	-0.9520728	0.525394	0.8264029	1.0	4180	tags=44%, list=27%, signal=61%	
BIOCARTA_NOTCH_PATHWAY	BIOCARTA_NOTCH_PATHWAY		6	-0.45601404	-0.9519867	0.519084	0.82542247	1.0	793	tags=17%, list=5%, signal=18%	
REACTOME_SIGNALING_BY_CSF3_G_CSF	REACTOME_SIGNALING_BY_CSF3_G_CSF		22	-0.31172612	-0.9508239	0.53396225	0.82704055	1.0	3334	tags=36%, list=22%, signal=46%	
REACTOME_SYNTHESIS_OF_PIPS_AT_THE_PLASMA_MEMBRANE	REACTOME_SYNTHESIS_OF_PIPS_AT_THE_PLASMA_MEMBRANE		48	-0.25605175	-0.9484344	0.5308848	0.8319394	1.0	4434	tags=40%, list=29%, signal=55%	
REACTOME_ERYTHROPOIETIN_ACTIVATES_RAS	REACTOME_ERYTHROPOIETIN_ACTIVATES_RAS		9	-0.39631778	-0.94717133	0.5314183	0.83380085	1.0	5231	tags=56%, list=34%, signal=84%	
WP_ALPHA_6_BETA_4_INTEGRIN_SIGNALING_PATHWAY	WP_ALPHA_6_BETA_4_INTEGRIN_SIGNALING_PATHWAY		52	-0.25340357	-0.9470288	0.5436573	0.8329816	1.0	3763	tags=27%, list=24%, signal=35%	
BIOCARTA_FBW7_PATHWAY	BIOCARTA_FBW7_PATHWAY		8	-0.4112893	-0.94597566	0.5429616	0.8343437	1.0	3228	tags=63%, list=21%, signal=79%	
REACTOME_CYCLIN_D_ASSOCIATED_EVENTS_IN_G1	REACTOME_CYCLIN_D_ASSOCIATED_EVENTS_IN_G1		43	-0.259011	-0.94397473	0.5407654	0.83799917	1.0	4120	tags=40%, list=27%, signal=54%	
BIOCARTA_PYK2_PATHWAY	BIOCARTA_PYK2_PATHWAY		25	-0.3020646	-0.9434364	0.5334539	0.8381711	1.0	3080	tags=32%, list=20%, signal=40%	
REACTOME_CDK_MEDIATED_PHOSPHORYLATION_AND_REMOVAL_OF_CDC6	REACTOME_CDK_MEDIATED_PHOSPHORYLATION_AND_REMOVAL_OF_CDC6		71	-0.23870085	-0.942577	0.5914333	0.8391485	1.0	3359	tags=25%, list=22%, signal=32%	
REACTOME_CALNEXIN_CALRETICULIN_CYCLE	REACTOME_CALNEXIN_CALRETICULIN_CYCLE		8	-0.40742436	-0.9408568	0.5446266	0.8421608	1.0	3334	tags=50%, list=22%, signal=64%	
WP_FATTY_ACID_BETAOXIDATION	WP_FATTY_ACID_BETAOXIDATION		30	-0.28614658	-0.94012904	0.5553633	0.8426487	1.0	3136	tags=27%, list=20%, signal=33%	
REACTOME_OPIOID_SIGNALLING	REACTOME_OPIOID_SIGNALLING		55	-0.24448262	-0.93947977	0.5529412	0.8431536	1.0	4238	tags=36%, list=27%, signal=50%	
REACTOME_COLLAGEN_CHAIN_TRIMERIZATION	REACTOME_COLLAGEN_CHAIN_TRIMERIZATION		11	-0.3705585	-0.9386616	0.5423729	0.84402233	1.0	1542	tags=18%, list=10%, signal=20%	
REACTOME_SIGNALING_BY_TGFB_FAMILY_MEMBERS	REACTOME_SIGNALING_BY_TGFB_FAMILY_MEMBERS		90	-0.2303412	-0.9376648	0.5801887	0.8452707	1.0	4023	tags=31%, list=26%, signal=42%	
REACTOME_SIGNALING_BY_NUCLEAR_RECEPTORS	REACTOME_SIGNALING_BY_NUCLEAR_RECEPTORS		156	-0.20832115	-0.9375227	0.6144393	0.84441817	1.0	3767	tags=30%, list=24%, signal=39%	
REACTOME_RAB_REGULATION_OF_TRAFFICKING	REACTOME_RAB_REGULATION_OF_TRAFFICKING		111	-0.22119325	-0.9374096	0.5619195	0.8435195	1.0	2357	tags=19%, list=15%, signal=22%	
REACTOME_INTEGRIN_SIGNALING	REACTOME_INTEGRIN_SIGNALING		24	-0.30301923	-0.9368319	0.54497355	0.8437832	1.0	2067	tags=25%, list=13%, signal=29%	
REACTOME_MAPK_TARGETS_NUCLEAR_EVENTS_MEDIATED_BY_MAP_KINASES	REACTOME_MAPK_TARGETS_NUCLEAR_EVENTS_MEDIATED_BY_MAP_KINASES		27	-0.29206547	-0.93680316	0.5609319	0.84269863	1.0	2537	tags=33%, list=16%, signal=40%	
REACTOME_RHOD_GTPASE_CYCLE	REACTOME_RHOD_GTPASE_CYCLE		46	-0.2522996	-0.93597984	0.5774411	0.84339774	1.0	2560	tags=20%, list=17%, signal=23%	
REACTOME_TRANSPORT_TO_THE_GOLGI_AND_SUBSEQUENT_MODIFICATION	REACTOME_TRANSPORT_TO_THE_GOLGI_AND_SUBSEQUENT_MODIFICATION		159	-0.2072861	-0.9355004	0.61933535	0.84339714	1.0	5331	tags=36%, list=35%, signal=55%	
BIOCARTA_MET_PATHWAY	BIOCARTA_MET_PATHWAY		32	-0.27742636	-0.93505245	0.54545456	0.84334224	1.0	2138	tags=22%, list=14%, signal=25%	
REACTOME_GLUTAMATE_NEUROTRANSMITTER_RELEASE_CYCLE	REACTOME_GLUTAMATE_NEUROTRANSMITTER_RELEASE_CYCLE		12	-0.35846248	-0.93299	0.5367647	0.84707355	1.0	876	tags=17%, list=6%, signal=18%	
REACTOME_INTERLEUKIN_7_SIGNALING	REACTOME_INTERLEUKIN_7_SIGNALING		19	-0.31631193	-0.93116164	0.55130434	0.85027343	1.0	3572	tags=37%, list=23%, signal=48%	
REACTOME_RECRUITMENT_OF_NUMA_TO_MITOTIC_CENTROSOMES	REACTOME_RECRUITMENT_OF_NUMA_TO_MITOTIC_CENTROSOMES		84	-0.2291354	-0.93056136	0.58653843	0.850625	1.0	5095	tags=38%, list=33%, signal=57%	
REACTOME_GLUCAGON_TYPE_LIGAND_RECEPTORS	REACTOME_GLUCAGON_TYPE_LIGAND_RECEPTORS		15	-0.33887994	-0.929692	0.55044246	0.8515891	1.0	3650	tags=40%, list=24%, signal=52%	
REACTOME_EUKARYOTIC_TRANSLATION_TERMINATION	REACTOME_EUKARYOTIC_TRANSLATION_TERMINATION		6	-0.44006395	-0.92954385	0.5606618	0.8507569	1.0	2471	tags=33%, list=16%, signal=40%	
BIOCARTA_CCR3_PATHWAY	BIOCARTA_CCR3_PATHWAY		15	-0.33353287	-0.929167	0.58469945	0.8504912	1.0	4016	tags=40%, list=26%, signal=54%	
WP_G_PROTEIN_SIGNALING_PATHWAYS	WP_G_PROTEIN_SIGNALING_PATHWAYS		72	-0.23411898	-0.92631066	0.6185243	0.85620487	1.0	2989	tags=25%, list=19%, signal=31%	
REACTOME_TGF_BETA_RECEPTOR_SIGNALING_IN_EMT_EPITHELIAL_TO_MESENCHYMAL_TRANSITION	REACTOME_TGF_BETA_RECEPTOR_SIGNALING_IN_EMT_EPITHELIAL_TO_MESENCHYMAL_TRANSITION		15	-0.33090037	-0.9257443	0.5483871	0.8563734	1.0	3573	tags=33%, list=23%, signal=43%	
REACTOME_TRANSCRIPTIONAL_REGULATION_BY_MECP2	REACTOME_TRANSCRIPTIONAL_REGULATION_BY_MECP2		5	-0.46589488	-0.9252876	0.59659094	0.85630745	1.0	6876	tags=80%, list=45%, signal=144%	
REACTOME_APC_C_MEDIATED_DEGRADATION_OF_CELL_CYCLE_PROTEINS	REACTOME_APC_C_MEDIATED_DEGRADATION_OF_CELL_CYCLE_PROTEINS		85	-0.22615945	-0.925104	0.6052202	0.8555639	1.0	5887	tags=48%, list=38%, signal=78%	
REACTOME_SHC1_EVENTS_IN_ERBB4_SIGNALING	REACTOME_SHC1_EVENTS_IN_ERBB4_SIGNALING		7	-0.4211356	-0.9249398	0.54990923	0.8548255	1.0	2731	tags=43%, list=18%, signal=52%	
WP_NOTCH_SIGNALING_PATHWAY	WP_NOTCH_SIGNALING_PATHWAY		42	-0.26558778	-0.9246229	0.57482994	0.85446554	1.0	3216	tags=26%, list=21%, signal=33%	
REACTOME_DNA_REPLICATION_INITIATION	REACTOME_DNA_REPLICATION_INITIATION		8	-0.3979947	-0.9237104	0.54814816	0.855381	1.0	5056	tags=63%, list=33%, signal=93%	
REACTOME_ASSEMBLY_OF_ACTIVE_LPL_AND_LIPC_LIPASE_COMPLEXES	REACTOME_ASSEMBLY_OF_ACTIVE_LPL_AND_LIPC_LIPASE_COMPLEXES		7	-0.4152833	-0.9235961	0.52865064	0.85449684	1.0	1875	tags=29%, list=12%, signal=33%	
BIOCARTA_CB1R_PATHWAY	BIOCARTA_CB1R_PATHWAY		5	-0.46057147	-0.923543	0.5856031	0.85347223	1.0	454	tags=20%, list=3%, signal=21%	
REACTOME_REGULATION_OF_TNFR1_SIGNALING	REACTOME_REGULATION_OF_TNFR1_SIGNALING		46	-0.25220266	-0.92342764	0.6144781	0.8526015	1.0	3697	tags=33%, list=24%, signal=43%	
REACTOME_TNFR1_INDUCED_NF_KAPPA_B_SIGNALING_PATHWAY	REACTOME_TNFR1_INDUCED_NF_KAPPA_B_SIGNALING_PATHWAY		33	-0.275748	-0.92195886	0.58402663	0.85487664	1.0	3697	tags=33%, list=24%, signal=44%	
REACTOME_PEPTIDE_HORMONE_METABOLISM	REACTOME_PEPTIDE_HORMONE_METABOLISM		33	-0.2670627	-0.9217985	0.56281406	0.8540857	1.0	1578	tags=18%, list=10%, signal=20%	
REACTOME_INTERLEUKIN_23_SIGNALING	REACTOME_INTERLEUKIN_23_SIGNALING		6	-0.44278926	-0.9214966	0.57481754	0.85365707	1.0	4411	tags=67%, list=29%, signal=93%	
WP_ALANINE_AND_ASPARTATE_METABOLISM	WP_ALANINE_AND_ASPARTATE_METABOLISM		12	-0.3559413	-0.92098594	0.587037	0.8537365	1.0	2262	tags=33%, list=15%, signal=39%	
REACTOME_BIOSYNTHESIS_OF_THE_N_GLYCAN_PRECURSOR_DOLICHOL_LIPID_LINKED_OLIGOSACCHARIDE_LLO_AND_TRANSFER_TO_A_NASCENT_PROTEIN	REACTOME_BIOSYNTHESIS_OF_THE_N_GLYCAN_PRECURSOR_DOLICHOL_LIPID_LINKED_OLIGOSACCHARIDE_LLO_AND_TRANSFER_TO_A_NASCENT_PROTEIN		65	-0.23622532	-0.9208477	0.61064893	0.8528985	1.0	5020	tags=38%, list=33%, signal=57%	
REACTOME_GLUTATHIONE_SYNTHESIS_AND_RECYCLING	REACTOME_GLUTATHIONE_SYNTHESIS_AND_RECYCLING		11	-0.36567086	-0.91989446	0.5593525	0.8540224	1.0	3811	tags=45%, list=25%, signal=60%	
REACTOME_PYROPTOSIS	REACTOME_PYROPTOSIS		21	-0.30414307	-0.9190364	0.5669725	0.8549159	1.0	2699	tags=33%, list=18%, signal=40%	
REACTOME_SIALIC_ACID_METABOLISM	REACTOME_SIALIC_ACID_METABOLISM		25	-0.28932247	-0.9175368	0.5845896	0.85733986	1.0	4499	tags=44%, list=29%, signal=62%	
REACTOME_GRB2_SOS_PROVIDES_LINKAGE_TO_MAPK_SIGNALING_FOR_INTEGRINS	REACTOME_GRB2_SOS_PROVIDES_LINKAGE_TO_MAPK_SIGNALING_FOR_INTEGRINS		12	-0.3587195	-0.9172727	0.55871886	0.85683006	1.0	1460	tags=25%, list=9%, signal=28%	
REACTOME_SEPARATION_OF_SISTER_CHROMATIDS	REACTOME_SEPARATION_OF_SISTER_CHROMATIDS		180	-0.20067115	-0.91550046	0.67638886	0.8597661	1.0	4298	tags=30%, list=28%, signal=41%	
REACTOME_RAB_GEFS_EXCHANGE_GTP_FOR_GDP_ON_RABS	REACTOME_RAB_GEFS_EXCHANGE_GTP_FOR_GDP_ON_RABS		86	-0.22192992	-0.9148137	0.61928934	0.8602631	1.0	2357	tags=20%, list=15%, signal=23%	
REACTOME_PHASE_I_FUNCTIONALIZATION_OF_COMPOUNDS	REACTOME_PHASE_I_FUNCTIONALIZATION_OF_COMPOUNDS		44	-0.2532081	-0.91270775	0.6107492	0.8641366	1.0	2506	tags=20%, list=16%, signal=24%	
BIOCARTA_S1P_PATHWAY	BIOCARTA_S1P_PATHWAY		6	-0.4395085	-0.9118647	0.58064514	0.864858	1.0	4321	tags=50%, list=28%, signal=69%	
REACTOME_DNA_REPLICATION_PRE_INITIATION	REACTOME_DNA_REPLICATION_PRE_INITIATION		99	-0.2205188	-0.91121143	0.6472441	0.8652088	1.0	5887	tags=48%, list=38%, signal=78%	
REACTOME_INTERLEUKIN_20_FAMILY_SIGNALING	REACTOME_INTERLEUKIN_20_FAMILY_SIGNALING		11	-0.36696494	-0.9102993	0.5970962	0.86621267	1.0	2281	tags=36%, list=15%, signal=43%	
REACTOME_REGULATION_OF_TBK1_IKK_IKBKE_MEDIATED_ACTIVATION_OF_IRF3_IRF7	REACTOME_REGULATION_OF_TBK1_IKK_IKBKE_MEDIATED_ACTIVATION_OF_IRF3_IRF7		15	-0.33218205	-0.90729016	0.58998144	0.87198013	1.0	3340	tags=47%, list=22%, signal=60%	
REACTOME_P2Y_RECEPTORS	REACTOME_P2Y_RECEPTORS		8	-0.38829497	-0.90659016	0.57009345	0.8724407	1.0	1896	tags=38%, list=12%, signal=43%	
REACTOME_UB_SPECIFIC_PROCESSING_PROTEASES	REACTOME_UB_SPECIFIC_PROCESSING_PROTEASES		169	-0.20132506	-0.90415215	0.67164177	0.876944	1.0	4846	tags=34%, list=31%, signal=49%	
REACTOME_ZINC_INFLUX_INTO_CELLS_BY_THE_SLC39_GENE_FAMILY	REACTOME_ZINC_INFLUX_INTO_CELLS_BY_THE_SLC39_GENE_FAMILY		7	-0.4069183	-0.90330726	0.57942235	0.87770104	1.0	1715	tags=29%, list=11%, signal=32%	
BIOCARTA_ARAP_PATHWAY	BIOCARTA_ARAP_PATHWAY		11	-0.34737164	-0.90309787	0.567029	0.87704587	1.0	1549	tags=18%, list=10%, signal=20%	
REACTOME_PRESYNAPTIC_FUNCTION_OF_KAINATE_RECEPTORS	REACTOME_PRESYNAPTIC_FUNCTION_OF_KAINATE_RECEPTORS		15	-0.33360663	-0.9026748	0.6224299	0.8769836	1.0	4238	tags=47%, list=27%, signal=64%	
REACTOME_ACTIVATION_OF_THE_TFAP2_AP_2_FAMILY_OF_TRANSCRIPTION_FACTORS	REACTOME_ACTIVATION_OF_THE_TFAP2_AP_2_FAMILY_OF_TRANSCRIPTION_FACTORS		5	-0.45780218	-0.90135455	0.59655833	0.87899286	1.0	901	tags=20%, list=6%, signal=21%	
REACTOME_CELL_CYCLE_CHECKPOINTS	REACTOME_CELL_CYCLE_CHECKPOINTS		269	-0.18886833	-0.9007219	0.7291382	0.8793416	1.0	4343	tags=30%, list=28%, signal=41%	
REACTOME_RND2_GTPASE_CYCLE	REACTOME_RND2_GTPASE_CYCLE		40	-0.25470704	-0.9004239	0.62092626	0.87885	1.0	3869	tags=33%, list=25%, signal=43%	
WP_HYPERTROPHY_MODEL	WP_HYPERTROPHY_MODEL		15	-0.31959313	-0.89882463	0.5754386	0.88140506	1.0	2528	tags=33%, list=16%, signal=40%	
REACTOME_ACTIVATION_OF_IRF3_IRF7_MEDIATED_BY_TBK1_IKK_IKBKE	REACTOME_ACTIVATION_OF_IRF3_IRF7_MEDIATED_BY_TBK1_IKK_IKBKE		19	-0.30607393	-0.89762586	0.60465115	0.88302475	1.0	3340	tags=37%, list=22%, signal=47%	
BIOCARTA_LONGEVITY_PATHWAY	BIOCARTA_LONGEVITY_PATHWAY		13	-0.33407474	-0.8975247	0.59116024	0.8821006	1.0	3152	tags=38%, list=20%, signal=48%	
REACTOME_FANCONI_ANEMIA_PATHWAY	REACTOME_FANCONI_ANEMIA_PATHWAY		38	-0.257626	-0.8961227	0.62435675	0.884108	1.0	3897	tags=29%, list=25%, signal=39%	
BIOCARTA_MTA3_PATHWAY	BIOCARTA_MTA3_PATHWAY		14	-0.32854378	-0.8949281	0.60638297	0.88564193	1.0	4604	tags=50%, list=30%, signal=71%	
WP_WNT_SIGNALING	WP_WNT_SIGNALING		43	-0.24895668	-0.89444786	0.625	0.885598	1.0	1007	tags=12%, list=7%, signal=12%	
REACTOME_NF_KB_IS_ACTIVATED_AND_SIGNALS_SURVIVAL	REACTOME_NF_KB_IS_ACTIVATED_AND_SIGNALS_SURVIVAL		12	-0.34275997	-0.8941348	0.61205274	0.88515407	1.0	3334	tags=33%, list=22%, signal=42%	
REACTOME_INTERLEUKIN_4_AND_INTERLEUKIN_13_SIGNALING	REACTOME_INTERLEUKIN_4_AND_INTERLEUKIN_13_SIGNALING		10	-0.3578957	-0.89092183	0.58317757	0.89144975	1.0	2222	tags=30%, list=14%, signal=35%	
REACTOME_SIGNALING_BY_TGF_BETA_RECEPTOR_COMPLEX	REACTOME_SIGNALING_BY_TGF_BETA_RECEPTOR_COMPLEX		68	-0.22706741	-0.8897504	0.6815287	0.89292884	1.0	3774	tags=28%, list=24%, signal=37%	
BIOCARTA_CBL_PATHWAY	BIOCARTA_CBL_PATHWAY		9	-0.36903563	-0.8892385	0.60687023	0.89299995	1.0	156	tags=11%, list=1%, signal=11%	
BIOCARTA_DREAM_PATHWAY	BIOCARTA_DREAM_PATHWAY		10	-0.3618313	-0.88896304	0.60071945	0.89245886	1.0	4208	tags=50%, list=27%, signal=69%	
REACTOME_G0_AND_EARLY_G1	REACTOME_G0_AND_EARLY_G1		16	-0.32041594	-0.8887309	0.61013985	0.89193237	1.0	3228	tags=38%, list=21%, signal=47%	
BIOCARTA_STRESS_PATHWAY	BIOCARTA_STRESS_PATHWAY		24	-0.2852657	-0.8880317	0.64021164	0.8923496	1.0	2302	tags=25%, list=15%, signal=29%	
REACTOME_METABOLISM_OF_NITRIC_OXIDE_NOS3_ACTIVATION_AND_REGULATION	REACTOME_METABOLISM_OF_NITRIC_OXIDE_NOS3_ACTIVATION_AND_REGULATION		12	-0.33782783	-0.88734144	0.60583943	0.89268714	1.0	3961	tags=42%, list=26%, signal=56%	
REACTOME_MACROAUTOPHAGY	REACTOME_MACROAUTOPHAGY		117	-0.20450668	-0.88653064	0.71513355	0.8933221	1.0	4056	tags=28%, list=26%, signal=38%	
WP_SEROTONIN_AND_ANXIETYRELATED_EVENTS	WP_SEROTONIN_AND_ANXIETYRELATED_EVENTS		6	-0.42002624	-0.88470536	0.6381818	0.89641345	1.0	5454	tags=67%, list=35%, signal=103%	
REACTOME_PROTEIN_LOCALIZATION	REACTOME_PROTEIN_LOCALIZATION		93	-0.21051005	-0.8846569	0.7001522	0.89538974	1.0	3617	tags=26%, list=23%, signal=34%	
WP_CALCIUM_REGULATION_IN_CARDIAC_CELLS	WP_CALCIUM_REGULATION_IN_CARDIAC_CELLS		93	-0.20899993	-0.88281256	0.7023622	0.8984726	1.0	3767	tags=27%, list=24%, signal=35%	
REACTOME_PINK1_PRKN_MEDIATED_MITOPHAGY	REACTOME_PINK1_PRKN_MEDIATED_MITOPHAGY		31	-0.26445404	-0.8824924	0.64199656	0.8980491	1.0	3468	tags=32%, list=22%, signal=42%	
REACTOME_REGULATION_OF_TP53_ACTIVITY_THROUGH_METHYLATION	REACTOME_REGULATION_OF_TP53_ACTIVITY_THROUGH_METHYLATION		18	-0.3056808	-0.8811927	0.6312057	0.89984465	1.0	3334	tags=33%, list=22%, signal=42%	
REACTOME_SIGNALING_BY_HEDGEHOG	REACTOME_SIGNALING_BY_HEDGEHOG		118	-0.2025065	-0.87955076	0.71895427	0.9023407	1.0	4517	tags=31%, list=29%, signal=43%	
REACTOME_THE_ACTIVATION_OF_ARYLSULFATASES	REACTOME_THE_ACTIVATION_OF_ARYLSULFATASES		7	-0.39593217	-0.876925	0.6236559	0.9070779	1.0	5477	tags=71%, list=36%, signal=111%	
REACTOME_MRNA_EDITING	REACTOME_MRNA_EDITING		5	-0.43722832	-0.8766299	0.62983423	0.9065315	1.0	8680	tags=100%, list=56%, signal=229%	
BIOCARTA_RAS_PATHWAY	BIOCARTA_RAS_PATHWAY		21	-0.28594732	-0.8753344	0.62929475	0.90832806	1.0	2809	tags=29%, list=18%, signal=35%	
REACTOME_PI_METABOLISM	REACTOME_PI_METABOLISM		72	-0.21875037	-0.8735153	0.6873977	0.9111417	1.0	4242	tags=32%, list=28%, signal=44%	
WP_EXERCISEINDUCED_CIRCADIAN_REGULATION	WP_EXERCISEINDUCED_CIRCADIAN_REGULATION		41	-0.24450131	-0.8712606	0.6694352	0.9147736	1.0	1736	tags=17%, list=11%, signal=19%	
REACTOME_CYCLIN_A_B1_B2_ASSOCIATED_EVENTS_DURING_G2_M_TRANSITION	REACTOME_CYCLIN_A_B1_B2_ASSOCIATED_EVENTS_DURING_G2_M_TRANSITION		24	-0.27731505	-0.8699705	0.664903	0.91653043	1.0	4441	tags=58%, list=29%, signal=82%	
REACTOME_GROWTH_HORMONE_RECEPTOR_SIGNALING	REACTOME_GROWTH_HORMONE_RECEPTOR_SIGNALING		10	-0.3457847	-0.86982995	0.6245552	0.9156506	1.0	2281	tags=30%, list=15%, signal=35%	
REACTOME_P38MAPK_EVENTS	REACTOME_P38MAPK_EVENTS		7	-0.39458916	-0.8696048	0.6443203	0.915047	1.0	2107	tags=43%, list=14%, signal=50%	
REACTOME_COPI_DEPENDENT_GOLGI_TO_ER_RETROGRADE_TRAFFIC	REACTOME_COPI_DEPENDENT_GOLGI_TO_ER_RETROGRADE_TRAFFIC		84	-0.2112324	-0.8670926	0.72382396	0.91932404	1.0	2335	tags=15%, list=15%, signal=18%	
REACTOME_MET_ACTIVATES_PI3K_AKT_SIGNALING	REACTOME_MET_ACTIVATES_PI3K_AKT_SIGNALING		6	-0.41154528	-0.8663101	0.61538464	0.9198949	1.0	1597	tags=33%, list=10%, signal=37%	
REACTOME_POTASSIUM_CHANNELS	REACTOME_POTASSIUM_CHANNELS		44	-0.24105465	-0.8662107	0.69535285	0.91894114	1.0	3775	tags=34%, list=24%, signal=45%	
WP_INFLAMMATORY_RESPONSE_PATHWAY	WP_INFLAMMATORY_RESPONSE_PATHWAY		20	-0.28698438	-0.8652782	0.65804064	0.9197035	1.0	3215	tags=35%, list=21%, signal=44%	
REACTOME_PEROXISOMAL_LIPID_METABOLISM	REACTOME_PEROXISOMAL_LIPID_METABOLISM		24	-0.28177702	-0.8631224	0.6499069	0.9233166	1.0	4835	tags=38%, list=31%, signal=55%	
BIOCARTA_RB_PATHWAY	BIOCARTA_RB_PATHWAY		11	-0.3386167	-0.86128235	0.6528777	0.9261392	1.0	5914	tags=64%, list=38%, signal=103%	
REACTOME_REGULATION_OF_PLK1_ACTIVITY_AT_G2_M_TRANSITION	REACTOME_REGULATION_OF_PLK1_ACTIVITY_AT_G2_M_TRANSITION		83	-0.21061318	-0.86093104	0.7504078	0.9258023	1.0	5095	tags=40%, list=33%, signal=59%	
REACTOME_SWITCHING_OF_ORIGINS_TO_A_POST_REPLICATIVE_STATE	REACTOME_SWITCHING_OF_ORIGINS_TO_A_POST_REPLICATIVE_STATE		90	-0.20867403	-0.85858756	0.7536	0.9297663	1.0	5887	tags=47%, list=38%, signal=75%	
REACTOME_ACYL_CHAIN_REMODELING_OF_CL	REACTOME_ACYL_CHAIN_REMODELING_OF_CL		5	-0.42807332	-0.8580107	0.65595466	0.9299369	1.0	1286	tags=20%, list=8%, signal=22%	
BIOCARTA_ASBCELL_PATHWAY	BIOCARTA_ASBCELL_PATHWAY		9	-0.3569655	-0.85781825	0.6625222	0.9292033	1.0	43	tags=11%, list=0%, signal=11%	
REACTOME_P75NTR_RECRUITS_SIGNALLING_COMPLEXES	REACTOME_P75NTR_RECRUITS_SIGNALLING_COMPLEXES		12	-0.32836372	-0.8570011	0.6386404	0.9298138	1.0	3334	tags=33%, list=22%, signal=42%	
REACTOME_ESR_MEDIATED_SIGNALING	REACTOME_ESR_MEDIATED_SIGNALING		122	-0.1969959	-0.85669184	0.7760968	0.9293306	1.0	3767	tags=30%, list=24%, signal=39%	
REACTOME_OTHER_INTERLEUKIN_SIGNALING	REACTOME_OTHER_INTERLEUKIN_SIGNALING		12	-0.32887402	-0.85579073	0.6450382	0.93014616	1.0	5435	tags=58%, list=35%, signal=90%	
REACTOME_MITF_M_REGULATED_MELANOCYTE_DEVELOPMENT	REACTOME_MITF_M_REGULATED_MELANOCYTE_DEVELOPMENT		32	-0.25755072	-0.854426	0.705298	0.9320484	1.0	1648	tags=19%, list=11%, signal=21%	
REACTOME_CONVERSION_FROM_APC_C_CDC20_TO_APC_C_CDH1_IN_LATE_ANAPHASE	REACTOME_CONVERSION_FROM_APC_C_CDC20_TO_APC_C_CDH1_IN_LATE_ANAPHASE		20	-0.2827783	-0.85441464	0.6520211	0.93093514	1.0	1149	tags=15%, list=7%, signal=16%	
REACTOME_AURKA_ACTIVATION_BY_TPX2	REACTOME_AURKA_ACTIVATION_BY_TPX2		69	-0.22034794	-0.8539267	0.7565892	0.9308087	1.0	5095	tags=39%, list=33%, signal=58%	
REACTOME_REGULATION_OF_EXPRESSION_OF_SLITS_AND_ROBOS	REACTOME_REGULATION_OF_EXPRESSION_OF_SLITS_AND_ROBOS		7	-0.38302577	-0.85298324	0.64748204	0.93175346	1.0	3334	tags=43%, list=22%, signal=55%	
REACTOME_O_LINKED_GLYCOSYLATION	REACTOME_O_LINKED_GLYCOSYLATION		59	-0.2192688	-0.85285676	0.72591364	0.93091804	1.0	2709	tags=27%, list=18%, signal=33%	
REACTOME_INTERLEUKIN_1_PROCESSING	REACTOME_INTERLEUKIN_1_PROCESSING		8	-0.36626643	-0.85253865	0.6639676	0.93044233	1.0	2108	tags=38%, list=14%, signal=43%	
REACTOME_MITOTIC_METAPHASE_AND_ANAPHASE	REACTOME_MITOTIC_METAPHASE_AND_ANAPHASE		218	-0.18240237	-0.8522903	0.84117645	0.92980266	1.0	4298	tags=29%, list=28%, signal=40%	
WP_P38_MAPK_SIGNALING_PATHWAY	WP_P38_MAPK_SIGNALING_PATHWAY		32	-0.25167513	-0.8518873	0.6755319	0.9295028	1.0	5071	tags=44%, list=33%, signal=65%	
BIOCARTA_CCR5_PATHWAY	BIOCARTA_CCR5_PATHWAY		14	-0.3142032	-0.8516453	0.63419116	0.92887443	1.0	4208	tags=43%, list=27%, signal=59%	
REACTOME_NOTCH_HLH_TRANSCRIPTION_PATHWAY	REACTOME_NOTCH_HLH_TRANSCRIPTION_PATHWAY		20	-0.28726906	-0.8511817	0.69512194	0.9287004	1.0	4516	tags=40%, list=29%, signal=56%	
REACTOME_HEDGEHOG_OFF_STATE	REACTOME_HEDGEHOG_OFF_STATE		95	-0.20138034	-0.8484564	0.7752809	0.93330413	1.0	4313	tags=27%, list=28%, signal=38%	
REACTOME_ACYL_CHAIN_REMODELLING_OF_PG	REACTOME_ACYL_CHAIN_REMODELLING_OF_PG		9	-0.35080588	-0.84824693	0.65234375	0.93258005	1.0	1286	tags=22%, list=8%, signal=24%	
REACTOME_PKA_MEDIATED_PHOSPHORYLATION_OF_CREB	REACTOME_PKA_MEDIATED_PHOSPHORYLATION_OF_CREB		11	-0.32838574	-0.8482453	0.6448763	0.93144965	1.0	5566	tags=45%, list=36%, signal=71%	
REACTOME_SIGNALING_BY_EGFR	REACTOME_SIGNALING_BY_EGFR		39	-0.24031866	-0.84581006	0.7370184	0.935213	1.0	2875	tags=26%, list=19%, signal=31%	
REACTOME_SYNTHESIS_OF_IP2_IP_AND_INS_IN_THE_CYTOSOL	REACTOME_SYNTHESIS_OF_IP2_IP_AND_INS_IN_THE_CYTOSOL		10	-0.34619004	-0.8439647	0.66480446	0.93791014	1.0	2659	tags=40%, list=17%, signal=48%	
REACTOME_SYNTHESIS_OF_IP3_AND_IP4_IN_THE_CYTOSOL	REACTOME_SYNTHESIS_OF_IP3_AND_IP4_IN_THE_CYTOSOL		20	-0.281129	-0.84378964	0.7058824	0.93711615	1.0	4238	tags=40%, list=27%, signal=55%	
REACTOME_TRAFFICKING_OF_GLUR2_CONTAINING_AMPA_RECEPTORS	REACTOME_TRAFFICKING_OF_GLUR2_CONTAINING_AMPA_RECEPTORS		11	-0.33326212	-0.8437543	0.69928825	0.93604225	1.0	4459	tags=45%, list=29%, signal=64%	
REACTOME_C_TYPE_LECTIN_RECEPTORS_CLRS	REACTOME_C_TYPE_LECTIN_RECEPTORS_CLRS		110	-0.19691911	-0.8421796	0.80062795	0.9380076	1.0	3359	tags=22%, list=22%, signal=28%	
BIOCARTA_NKCELLS_PATHWAY	BIOCARTA_NKCELLS_PATHWAY		18	-0.28639767	-0.8414106	0.6760563	0.93852144	1.0	2361	tags=22%, list=15%, signal=26%	
REACTOME_GOLGI_TO_ER_RETROGRADE_TRANSPORT	REACTOME_GOLGI_TO_ER_RETROGRADE_TRANSPORT		114	-0.19821468	-0.8413673	0.80252767	0.9375025	1.0	5829	tags=42%, list=38%, signal=67%	
REACTOME_SEMA4D_IN_SEMAPHORIN_SIGNALING	REACTOME_SEMA4D_IN_SEMAPHORIN_SIGNALING		15	-0.29817623	-0.83989084	0.6902174	0.9393361	1.0	1231	tags=20%, list=8%, signal=22%	
REACTOME_RA_BIOSYNTHESIS_PATHWAY	REACTOME_RA_BIOSYNTHESIS_PATHWAY		11	-0.33609763	-0.8394443	0.6764706	0.9391309	1.0	1193	tags=27%, list=8%, signal=30%	
WP_APOE_AND_MIR146_IN_INFLAMMATION_AND_ATHEROSCLEROSIS	WP_APOE_AND_MIR146_IN_INFLAMMATION_AND_ATHEROSCLEROSIS		8	-0.3635454	-0.83716446	0.66023165	0.94261026	1.0	5197	tags=63%, list=34%, signal=94%	
REACTOME_CA_DEPENDENT_EVENTS	REACTOME_CA_DEPENDENT_EVENTS		20	-0.282759	-0.83609337	0.70197487	0.9436253	1.0	3767	tags=30%, list=24%, signal=40%	
REACTOME_GENERATION_OF_SECOND_MESSENGER_MOLECULES	REACTOME_GENERATION_OF_SECOND_MESSENGER_MOLECULES		27	-0.25410628	-0.8345806	0.7059829	0.94557804	1.0	5437	tags=59%, list=35%, signal=91%	
REACTOME_MITOCHONDRIAL_CALCIUM_ION_TRANSPORT	REACTOME_MITOCHONDRIAL_CALCIUM_ION_TRANSPORT		17	-0.29534236	-0.8343035	0.6953405	0.94496465	1.0	531	tags=12%, list=3%, signal=12%	
REACTOME_GLYCOSPHINGOLIPID_TRANSPORT	REACTOME_GLYCOSPHINGOLIPID_TRANSPORT		7	-0.382196	-0.833161	0.6788321	0.94615185	1.0	3209	tags=43%, list=21%, signal=54%	
REACTOME_AKT_PHOSPHORYLATES_TARGETS_IN_THE_CYTOSOL	REACTOME_AKT_PHOSPHORYLATES_TARGETS_IN_THE_CYTOSOL		11	-0.33196738	-0.83291364	0.6976744	0.9455383	1.0	556	tags=18%, list=4%, signal=19%	
REACTOME_ER_TO_GOLGI_ANTEROGRADE_TRANSPORT	REACTOME_ER_TO_GOLGI_ANTEROGRADE_TRANSPORT		136	-0.18831746	-0.832232	0.8662614	0.9457824	1.0	5331	tags=36%, list=35%, signal=55%	
REACTOME_RAP1_SIGNALLING	REACTOME_RAP1_SIGNALLING		14	-0.30247343	-0.83162177	0.6976744	0.94585884	1.0	40	tags=7%, list=0%, signal=7%	
REACTOME_UBIQUINOL_BIOSYNTHESIS	REACTOME_UBIQUINOL_BIOSYNTHESIS		13	-0.317443	-0.83074164	0.69928825	0.94653255	1.0	7271	tags=77%, list=47%, signal=145%	
REACTOME_ER_QUALITY_CONTROL_COMPARTMENT_ERQC	REACTOME_ER_QUALITY_CONTROL_COMPARTMENT_ERQC		5	-0.41535982	-0.83026844	0.69114876	0.94628084	1.0	3334	tags=60%, list=22%, signal=77%	
REACTOME_NECTIN_NECL_TRANS_HETERODIMERIZATION	REACTOME_NECTIN_NECL_TRANS_HETERODIMERIZATION		6	-0.39224482	-0.8299147	0.6829746	0.94583803	1.0	4791	tags=67%, list=31%, signal=97%	
REACTOME_CD28_DEPENDENT_VAV1_PATHWAY	REACTOME_CD28_DEPENDENT_VAV1_PATHWAY		11	-0.33045912	-0.8297198	0.67110264	0.9451037	1.0	5260	tags=55%, list=34%, signal=83%	
REACTOME_THROMBOXANE_SIGNALLING_THROUGH_TP_RECEPTOR	REACTOME_THROMBOXANE_SIGNALLING_THROUGH_TP_RECEPTOR		20	-0.27770722	-0.8296323	0.71478873	0.944173	1.0	4660	tags=45%, list=30%, signal=64%	
BIOCARTA_EDG1_PATHWAY	BIOCARTA_EDG1_PATHWAY		16	-0.28854302	-0.8292053	0.71268654	0.94388455	1.0	2886	tags=31%, list=19%, signal=38%	
REACTOME_GLYCOGEN_BREAKDOWN_GLYCOGENOLYSIS	REACTOME_GLYCOGEN_BREAKDOWN_GLYCOGENOLYSIS		13	-0.30527875	-0.8285826	0.6911765	0.94397414	1.0	4574	tags=38%, list=30%, signal=55%	
WP_EICOSANOID_METABOLISM_VIA_CYCLOOXYGENASES_COX	WP_EICOSANOID_METABOLISM_VIA_CYCLOOXYGENASES_COX		20	-0.2789303	-0.8283358	0.7089286	0.94332224	1.0	2867	tags=25%, list=19%, signal=31%	
REACTOME_METABOLISM_OF_POLYAMINES	REACTOME_METABOLISM_OF_POLYAMINES		55	-0.21862659	-0.82812166	0.7586207	0.9426315	1.0	4419	tags=29%, list=29%, signal=41%	
REACTOME_SIGNALING_BY_ACTIVIN	REACTOME_SIGNALING_BY_ACTIVIN		9	-0.34166706	-0.82553095	0.6969147	0.94667405	1.0	1274	tags=22%, list=8%, signal=24%	
BIOCARTA_HES_PATHWAY	BIOCARTA_HES_PATHWAY		8	-0.3482728	-0.8243385	0.6878505	0.94773006	1.0	793	tags=13%, list=5%, signal=13%	
REACTOME_EXTENSION_OF_TELOMERES	REACTOME_EXTENSION_OF_TELOMERES		47	-0.23033406	-0.8242581	0.75689656	0.9467847	1.0	3816	tags=30%, list=25%, signal=39%	
REACTOME_TRAF6_MEDIATED_INDUCTION_OF_TAK1_COMPLEX_WITHIN_TLR4_COMPLEX	REACTOME_TRAF6_MEDIATED_INDUCTION_OF_TAK1_COMPLEX_WITHIN_TLR4_COMPLEX		17	-0.28959638	-0.8238647	0.7256637	0.9463782	1.0	2055	tags=24%, list=13%, signal=27%	
BIOCARTA_EPO_PATHWAY	BIOCARTA_EPO_PATHWAY		19	-0.28545162	-0.82300866	0.7058824	0.9468371	1.0	3080	tags=37%, list=20%, signal=46%	
BIOCARTA_HIVNEF_PATHWAY	BIOCARTA_HIVNEF_PATHWAY		54	-0.22100927	-0.8229976	0.7846411	0.94575113	1.0	1466	tags=13%, list=10%, signal=14%	
REACTOME_ACTIVATION_OF_APC_C_AND_APC_C_CDC20_MEDIATED_DEGRADATION_OF_MITOTIC_PROTEINS	REACTOME_ACTIVATION_OF_APC_C_AND_APC_C_CDC20_MEDIATED_DEGRADATION_OF_MITOTIC_PROTEINS		75	-0.20873952	-0.8224882	0.82539684	0.94560105	1.0	5887	tags=48%, list=38%, signal=77%	
REACTOME_APC_C_CDH1_MEDIATED_DEGRADATION_OF_CDC20_AND_OTHER_APC_C_CDH1_TARGETED_PROTEINS_IN_LATE_MITOSIS_EARLY_G1	REACTOME_APC_C_CDH1_MEDIATED_DEGRADATION_OF_CDC20_AND_OTHER_APC_C_CDH1_TARGETED_PROTEINS_IN_LATE_MITOSIS_EARLY_G1		73	-0.20692077	-0.82182854	0.8232406	0.9457368	1.0	5887	tags=45%, list=38%, signal=73%	
REACTOME_RHO_GTPASES_ACTIVATE_PAKS	REACTOME_RHO_GTPASES_ACTIVATE_PAKS		17	-0.28328192	-0.8203311	0.73220974	0.94747883	1.0	5260	tags=53%, list=34%, signal=80%	
REACTOME_REGULATION_OF_HSF1_MEDIATED_HEAT_SHOCK_RESPONSE	REACTOME_REGULATION_OF_HSF1_MEDIATED_HEAT_SHOCK_RESPONSE		63	-0.21258092	-0.8190582	0.7788945	0.94881546	1.0	4297	tags=30%, list=28%, signal=42%	
REACTOME_SYNAPTIC_ADHESION_LIKE_MOLECULES	REACTOME_SYNAPTIC_ADHESION_LIKE_MOLECULES		11	-0.31698224	-0.81869316	0.6943463	0.94842714	1.0	3249	tags=36%, list=21%, signal=46%	
REACTOME_INSULIN_RECEPTOR_SIGNALLING_CASCADE	REACTOME_INSULIN_RECEPTOR_SIGNALLING_CASCADE		26	-0.25833258	-0.8177516	0.7473684	0.9491192	1.0	1597	tags=19%, list=10%, signal=21%	
BIOCARTA_TOB1_PATHWAY	BIOCARTA_TOB1_PATHWAY		17	-0.28766352	-0.8169813	0.7336956	0.94939196	1.0	5297	tags=53%, list=34%, signal=81%	
REACTOME_ASSEMBLY_OF_THE_PRE_REPLICATIVE_COMPLEX	REACTOME_ASSEMBLY_OF_THE_PRE_REPLICATIVE_COMPLEX		83	-0.20074497	-0.8167004	0.82402706	0.94881266	1.0	5887	tags=46%, list=38%, signal=74%	
REACTOME_INTRA_GOLGI_TRAFFIC	REACTOME_INTRA_GOLGI_TRAFFIC		34	-0.24097322	-0.81644946	0.771529	0.9481758	1.0	2371	tags=21%, list=15%, signal=24%	
REACTOME_PROSTANOID_LIGAND_RECEPTORS	REACTOME_PROSTANOID_LIGAND_RECEPTORS		6	-0.38345292	-0.8163932	0.68430656	0.9471816	1.0	3484	tags=50%, list=23%, signal=65%	
REACTOME_TNF_SIGNALING	REACTOME_TNF_SIGNALING		55	-0.21446033	-0.81619513	0.79288024	0.9464652	1.0	1598	tags=15%, list=10%, signal=16%	
REACTOME_SYNDECAN_INTERACTIONS	REACTOME_SYNDECAN_INTERACTIONS		12	-0.3139538	-0.81602675	0.70902395	0.94567114	1.0	1710	tags=25%, list=11%, signal=28%	
REACTOME_AMPLIFICATION_OF_SIGNAL_FROM_THE_KINETOCHORES	REACTOME_AMPLIFICATION_OF_SIGNAL_FROM_THE_KINETOCHORES		91	-0.20087127	-0.814975	0.81892335	0.94654346	1.0	4297	tags=31%, list=28%, signal=42%	
REACTOME_NOD1_2_SIGNALING_PATHWAY	REACTOME_NOD1_2_SIGNALING_PATHWAY		32	-0.23855585	-0.80904233	0.78509533	0.9564149	1.0	2583	tags=25%, list=17%, signal=30%	
REACTOME_REGULATION_OF_BACH1_ACTIVITY	REACTOME_REGULATION_OF_BACH1_ACTIVITY		12	-0.31767857	-0.8083379	0.7150735	0.9565651	1.0	3490	tags=42%, list=23%, signal=54%	
REACTOME_DEGRADATION_OF_CYSTEINE_AND_HOMOCYSTEINE	REACTOME_DEGRADATION_OF_CYSTEINE_AND_HOMOCYSTEINE		12	-0.31436205	-0.80807465	0.7259528	0.95592517	1.0	5188	tags=58%, list=34%, signal=88%	
REACTOME_CYCLIN_A_CDK2_ASSOCIATED_EVENTS_AT_S_PHASE_ENTRY	REACTOME_CYCLIN_A_CDK2_ASSOCIATED_EVENTS_AT_S_PHASE_ENTRY		70	-0.20512213	-0.80758786	0.8355932	0.9557059	1.0	5914	tags=49%, list=38%, signal=78%	
REACTOME_INTRACELLULAR_SIGNALING_BY_SECOND_MESSENGERS	REACTOME_INTRACELLULAR_SIGNALING_BY_SECOND_MESSENGERS		204	-0.17363185	-0.8072947	0.93185186	0.95515215	1.0	3379	tags=23%, list=22%, signal=28%	
REACTOME_VITAMIN_B5_PANTOTHENATE_METABOLISM	REACTOME_VITAMIN_B5_PANTOTHENATE_METABOLISM		14	-0.29095927	-0.8071619	0.72021663	0.9543025	1.0	1550	tags=14%, list=10%, signal=16%	
BIOCARTA_STEM_PATHWAY	BIOCARTA_STEM_PATHWAY		5	-0.41113245	-0.8071456	0.7005758	0.953244	1.0	4803	tags=80%, list=31%, signal=116%	
REACTOME_MITOTIC_PROMETAPHASE	REACTOME_MITOTIC_PROMETAPHASE		187	-0.17839006	-0.80685145	0.9077381	0.9526667	1.0	5212	tags=37%, list=34%, signal=56%	
WP_GDNFRET_SIGNALING_AXIS	WP_GDNFRET_SIGNALING_AXIS		7	-0.36568886	-0.80658865	0.6938776	0.95201206	1.0	4559	tags=57%, list=30%, signal=81%	
REACTOME_DISSOLUTION_OF_FIBRIN_CLOT	REACTOME_DISSOLUTION_OF_FIBRIN_CLOT		8	-0.350853	-0.80589575	0.71869326	0.95221007	1.0	1512	tags=25%, list=10%, signal=28%	
REACTOME_TRANSPORT_OF_RCBL_WITHIN_THE_BODY	REACTOME_TRANSPORT_OF_RCBL_WITHIN_THE_BODY		6	-0.38417152	-0.8057885	0.70950705	0.9513036	1.0	5426	tags=67%, list=35%, signal=103%	
REACTOME_ENOS_ACTIVATION	REACTOME_ENOS_ACTIVATION		9	-0.33543417	-0.8039111	0.71086556	0.953652	1.0	2067	tags=22%, list=13%, signal=26%	
BIOCARTA_GPCR_PATHWAY	BIOCARTA_GPCR_PATHWAY		26	-0.2543732	-0.80276203	0.7604895	0.9546066	1.0	4269	tags=38%, list=28%, signal=53%	
WP_PTF1A_RELATED_REGULATORY_PATHWAY	WP_PTF1A_RELATED_REGULATORY_PATHWAY		7	-0.3710114	-0.8018548	0.73422563	0.9551555	1.0	793	tags=14%, list=5%, signal=15%	
REACTOME_CROSS_PRESENTATION_OF_PARTICULATE_EXOGENOUS_ANTIGENS_PHAGOSOMES	REACTOME_CROSS_PRESENTATION_OF_PARTICULATE_EXOGENOUS_ANTIGENS_PHAGOSOMES		7	-0.36505803	-0.8007336	0.70961887	0.9559129	1.0	5097	tags=71%, list=33%, signal=107%	
REACTOME_RHO_GTPASES_ACTIVATE_CIT	REACTOME_RHO_GTPASES_ACTIVATE_CIT		7	-0.35874358	-0.8005713	0.7552987	0.9551339	1.0	6271	tags=71%, list=41%, signal=120%	
REACTOME_G2_M_CHECKPOINTS	REACTOME_G2_M_CHECKPOINTS		151	-0.17973672	-0.8002602	0.90654206	0.9546091	1.0	4127	tags=28%, list=27%, signal=38%	
REACTOME_G1_S_TRANSITION	REACTOME_G1_S_TRANSITION		104	-0.18810546	-0.8002145	0.8801262	0.953634	1.0	5914	tags=50%, list=38%, signal=81%	
BIOCARTA_STATHMIN_PATHWAY	BIOCARTA_STATHMIN_PATHWAY		19	-0.26875016	-0.79969424	0.7669565	0.953461	1.0	5566	tags=58%, list=36%, signal=90%	
REACTOME_CHK1_CHK2_CDS1_MEDIATED_INACTIVATION_OF_CYCLIN_B_CDK1_COMPLEX	REACTOME_CHK1_CHK2_CDS1_MEDIATED_INACTIVATION_OF_CYCLIN_B_CDK1_COMPLEX		12	-0.30421877	-0.7989022	0.73920554	0.9537641	1.0	4343	tags=42%, list=28%, signal=58%	
REACTOME_APOPTOSIS_INDUCED_DNA_FRAGMENTATION	REACTOME_APOPTOSIS_INDUCED_DNA_FRAGMENTATION		12	-0.30486137	-0.7985478	0.75706214	0.9533417	1.0	5617	tags=42%, list=36%, signal=65%	
REACTOME_ACTIVATION_OF_KAINATE_RECEPTORS_UPON_GLUTAMATE_BINDING	REACTOME_ACTIVATION_OF_KAINATE_RECEPTORS_UPON_GLUTAMATE_BINDING		23	-0.26069614	-0.7983438	0.7681895	0.95264226	1.0	4238	tags=43%, list=27%, signal=60%	
WP_BMP_SIGNALING_PATHWAY_IN_EYELID_DEVELOPMENT	WP_BMP_SIGNALING_PATHWAY_IN_EYELID_DEVELOPMENT		9	-0.3329842	-0.79800034	0.7225326	0.9521666	1.0	1274	tags=22%, list=8%, signal=24%	
REACTOME_ACETYLCHOLINE_BINDING_AND_DOWNSTREAM_EVENTS	REACTOME_ACETYLCHOLINE_BINDING_AND_DOWNSTREAM_EVENTS		5	-0.39194316	-0.7977719	0.7094972	0.9515094	1.0	1000	tags=20%, list=6%, signal=21%	
REACTOME_SYNTHESIS_OF_PIPS_AT_THE_ER_MEMBRANE	REACTOME_SYNTHESIS_OF_PIPS_AT_THE_ER_MEMBRANE		5	-0.3926007	-0.7974413	0.7443609	0.95099187	1.0	4199	tags=40%, list=27%, signal=55%	
REACTOME_AQUAPORIN_MEDIATED_TRANSPORT	REACTOME_AQUAPORIN_MEDIATED_TRANSPORT		26	-0.25010324	-0.7959988	0.7806563	0.9524026	1.0	2681	tags=27%, list=17%, signal=33%	
REACTOME_G_PROTEIN_BETA_GAMMA_SIGNALLING	REACTOME_G_PROTEIN_BETA_GAMMA_SIGNALLING		27	-0.2466844	-0.7956922	0.7885615	0.9518791	1.0	3650	tags=37%, list=24%, signal=48%	
REACTOME_NCAM1_INTERACTIONS	REACTOME_NCAM1_INTERACTIONS		5	-0.39648888	-0.7955971	0.72450805	0.9509734	1.0	959	tags=20%, list=6%, signal=21%	
REACTOME_DEPOLYMERIZATION_OF_THE_NUCLEAR_LAMINA	REACTOME_DEPOLYMERIZATION_OF_THE_NUCLEAR_LAMINA		12	-0.2980218	-0.7944	0.7238267	0.9518734	1.0	3807	tags=33%, list=25%, signal=44%	
REACTOME_GRB2_EVENTS_IN_ERBB2_SIGNALING	REACTOME_GRB2_EVENTS_IN_ERBB2_SIGNALING		7	-0.3560003	-0.79433674	0.7475915	0.95093673	1.0	1713	tags=29%, list=11%, signal=32%	
REACTOME_GAMMA_CARBOXYLATION_HYPUSINYLATION_HYDROXYLATION_AND_ARYLSULFATASE_ACTIVATION	REACTOME_GAMMA_CARBOXYLATION_HYPUSINYLATION_HYDROXYLATION_AND_ARYLSULFATASE_ACTIVATION		49	-0.21845236	-0.7908526	0.8101695	0.9557735	1.0	724	tags=8%, list=5%, signal=9%	
BIOCARTA_ERAD_PATHWAY	BIOCARTA_ERAD_PATHWAY		14	-0.2898669	-0.79033536	0.74047184	0.9555498	1.0	5722	tags=43%, list=37%, signal=68%	
BIOCARTA_IFNG_PATHWAY	BIOCARTA_IFNG_PATHWAY		6	-0.36744508	-0.7898521	0.7203065	0.9553448	1.0	1259	tags=17%, list=8%, signal=18%	
REACTOME_REGULATION_OF_LIPID_METABOLISM_BY_PPARALPHA	REACTOME_REGULATION_OF_LIPID_METABOLISM_BY_PPARALPHA		15	-0.2858508	-0.7896022	0.7605893	0.95466584	1.0	4372	tags=33%, list=28%, signal=46%	
REACTOME_RHOU_GTPASE_CYCLE	REACTOME_RHOU_GTPASE_CYCLE		37	-0.22604428	-0.7885426	0.8151815	0.95534796	1.0	2560	tags=16%, list=17%, signal=19%	
REACTOME_SIGNALING_BY_NOTCH3	REACTOME_SIGNALING_BY_NOTCH3		17	-0.28084168	-0.7870556	0.7584369	0.9567331	1.0	3955	tags=41%, list=26%, signal=55%	
REACTOME_G1_S_DNA_DAMAGE_CHECKPOINTS	REACTOME_G1_S_DNA_DAMAGE_CHECKPOINTS		64	-0.20041578	-0.78626704	0.84307176	0.9569435	1.0	4437	tags=31%, list=29%, signal=44%	
REACTOME_INTRAFLAGELLAR_TRANSPORT	REACTOME_INTRAFLAGELLAR_TRANSPORT		49	-0.2101295	-0.7856933	0.84764993	0.95686996	1.0	4517	tags=37%, list=29%, signal=52%	
REACTOME_HOMOLOGY_DIRECTED_REPAIR	REACTOME_HOMOLOGY_DIRECTED_REPAIR		122	-0.18140498	-0.7853275	0.8928025	0.95640576	1.0	6635	tags=52%, list=43%, signal=91%	
REACTOME_MITOTIC_G1_PHASE_AND_G1_S_TRANSITION	REACTOME_MITOTIC_G1_PHASE_AND_G1_S_TRANSITION		129	-0.17916386	-0.78417665	0.91079813	0.95726	1.0	4127	tags=31%, list=27%, signal=42%	
REACTOME_NONCANONICAL_ACTIVATION_OF_NOTCH3	REACTOME_NONCANONICAL_ACTIVATION_OF_NOTCH3		6	-0.3656985	-0.7832132	0.7300971	0.9577881	1.0	5988	tags=67%, list=39%, signal=109%	
REACTOME_RESOLUTION_OF_D_LOOP_STRUCTURES	REACTOME_RESOLUTION_OF_D_LOOP_STRUCTURES		34	-0.23439473	-0.7817493	0.78519857	0.9590102	1.0	3503	tags=24%, list=23%, signal=30%	
REACTOME_OVARIAN_TUMOR_DOMAIN_PROTEASES	REACTOME_OVARIAN_TUMOR_DOMAIN_PROTEASES		32	-0.23226804	-0.7816014	0.83101046	0.9582097	1.0	3807	tags=38%, list=25%, signal=50%	
REACTOME_SIGNALING_BY_NOTCH	REACTOME_SIGNALING_BY_NOTCH		35	-0.22535573	-0.78146756	0.8119658	0.9573578	1.0	3334	tags=26%, list=22%, signal=33%	
BIOCARTA_NO2IL12_PATHWAY	BIOCARTA_NO2IL12_PATHWAY		14	-0.2816885	-0.77926636	0.76163876	0.95981604	1.0	5297	tags=64%, list=34%, signal=98%	
REACTOME_DNA_DOUBLE_STRAND_BREAK_RESPONSE	REACTOME_DNA_DOUBLE_STRAND_BREAK_RESPONSE		65	-0.19886161	-0.7758897	0.85714287	0.9641616	1.0	3412	tags=25%, list=22%, signal=31%	
REACTOME_ISG15_ANTIVIRAL_MECHANISM	REACTOME_ISG15_ANTIVIRAL_MECHANISM		28	-0.23990473	-0.77454126	0.81103677	0.96518433	1.0	4524	tags=36%, list=29%, signal=50%	
BIOCARTA_AKAP95_PATHWAY	BIOCARTA_AKAP95_PATHWAY		10	-0.31772843	-0.77403075	0.7569061	0.9649234	1.0	3984	tags=60%, list=26%, signal=81%	
BIOCARTA_41BB_PATHWAY	BIOCARTA_41BB_PATHWAY		17	-0.26839092	-0.77346677	0.8080439	0.9647356	1.0	1605	tags=24%, list=10%, signal=26%	
WP_MECHANISMS_ASSOCIATED_WITH_PLURIPOTENCY	WP_MECHANISMS_ASSOCIATED_WITH_PLURIPOTENCY		225	-0.16310988	-0.7721974	0.969163	0.96555144	1.0	3684	tags=24%, list=24%, signal=31%	
REACTOME_INITIATION_OF_NUCLEAR_ENVELOPE_NE_REFORMATION	REACTOME_INITIATION_OF_NUCLEAR_ENVELOPE_NE_REFORMATION		17	-0.263842	-0.77160203	0.8057143	0.96547294	1.0	3807	tags=35%, list=25%, signal=47%	
REACTOME_COMPLEX_IV_ASSEMBLY	REACTOME_COMPLEX_IV_ASSEMBLY		39	-0.22229189	-0.77078235	0.8434164	0.96565264	1.0	4263	tags=31%, list=28%, signal=42%	
REACTOME_BETA_CATENIN_INDEPENDENT_WNT_SIGNALING	REACTOME_BETA_CATENIN_INDEPENDENT_WNT_SIGNALING		108	-0.18171208	-0.7687666	0.89811915	0.967585	1.0	5713	tags=41%, list=37%, signal=64%	
REACTOME_ONCOGENE_INDUCED_SENESCENCE	REACTOME_ONCOGENE_INDUCED_SENESCENCE		17	-0.26497343	-0.76788884	0.7712177	0.9678999	1.0	3334	tags=35%, list=22%, signal=45%	
REACTOME_DEUBIQUITINATION	REACTOME_DEUBIQUITINATION		236	-0.163197	-0.76686966	0.96408045	0.96841234	1.0	4846	tags=32%, list=31%, signal=46%	
REACTOME_MITOTIC_SPINDLE_CHECKPOINT	REACTOME_MITOTIC_SPINDLE_CHECKPOINT		108	-0.17854746	-0.7665664	0.9150522	0.9678211	1.0	5212	tags=36%, list=34%, signal=54%	
REACTOME_AUF1_HNRNP_D0_BINDS_AND_DESTABILIZES_MRNA	REACTOME_AUF1_HNRNP_D0_BINDS_AND_DESTABILIZES_MRNA		55	-0.20270856	-0.7664962	0.88869864	0.966868	1.0	4404	tags=29%, list=29%, signal=41%	
REACTOME_APC_C_CDC20_MEDIATED_DEGRADATION_OF_CYCLIN_B	REACTOME_APC_C_CDC20_MEDIATED_DEGRADATION_OF_CYCLIN_B		25	-0.24455893	-0.7664933	0.79692835	0.9658315	1.0	3951	tags=36%, list=26%, signal=48%	
REACTOME_PEXOPHAGY	REACTOME_PEXOPHAGY		11	-0.303105	-0.76466465	0.7823009	0.967547	1.0	3617	tags=45%, list=23%, signal=59%	
REACTOME_TRANSPORT_OF_VITAMINS_NUCLEOSIDES_AND_RELATED_MOLECULES	REACTOME_TRANSPORT_OF_VITAMINS_NUCLEOSIDES_AND_RELATED_MOLECULES		28	-0.23592885	-0.763944	0.79744524	0.96756554	1.0	5824	tags=43%, list=38%, signal=69%	
BIOCARTA_CK1_PATHWAY	BIOCARTA_CK1_PATHWAY		10	-0.31415817	-0.7629868	0.7869718	0.96798205	1.0	3380	tags=40%, list=22%, signal=51%	
REACTOME_G_BETA_GAMMA_SIGNALLING_THROUGH_CDC42	REACTOME_G_BETA_GAMMA_SIGNALLING_THROUGH_CDC42		16	-0.27098066	-0.76284206	0.7859712	0.9672003	1.0	3650	tags=38%, list=24%, signal=49%	
WP_CHOLESTEROL_METABOLISM_WITH_BLOCH_AND_KANDUTSCHRUSSELL_PATHWAYS	WP_CHOLESTEROL_METABOLISM_WITH_BLOCH_AND_KANDUTSCHRUSSELL_PATHWAYS		45	-0.20911737	-0.7623882	0.85350317	0.9668209	1.0	2736	tags=22%, list=18%, signal=27%	
BIOCARTA_P35ALZHEIMERS_PATHWAY	BIOCARTA_P35ALZHEIMERS_PATHWAY		6	-0.35821804	-0.76198363	0.7473498	0.96640956	1.0	2467	tags=33%, list=16%, signal=40%	
REACTOME_RHOBTB3_ATPASE_CYCLE	REACTOME_RHOBTB3_ATPASE_CYCLE		8	-0.3279841	-0.76193935	0.780037	0.96542245	1.0	1930	tags=25%, list=13%, signal=29%	
REACTOME_RUNX2_REGULATES_BONE_DEVELOPMENT	REACTOME_RUNX2_REGULATES_BONE_DEVELOPMENT		6	-0.3645971	-0.76191145	0.77212805	0.9644267	1.0	2168	tags=33%, list=14%, signal=39%	
BIOCARTA_IL7_PATHWAY	BIOCARTA_IL7_PATHWAY		15	-0.2723348	-0.76162827	0.8040293	0.96384573	1.0	3182	tags=27%, list=21%, signal=34%	
REACTOME_ORGANIC_ANION_TRANSPORTERS	REACTOME_ORGANIC_ANION_TRANSPORTERS		6	-0.36276928	-0.7615039	0.7930403	0.96298677	1.0	9828	tags=100%, list=64%, signal=276%	
REACTOME_CELLULAR_RESPONSE_TO_HEAT_STRESS	REACTOME_CELLULAR_RESPONSE_TO_HEAT_STRESS		80	-0.18891676	-0.76139796	0.9028213	0.96212393	1.0	4707	tags=33%, list=31%, signal=47%	
WP_OVARIAN_INFERTILITY	WP_OVARIAN_INFERTILITY		16	-0.26785254	-0.7591965	0.81621623	0.9642022	1.0	4190	tags=44%, list=27%, signal=60%	
REACTOME_JNK_C_JUN_KINASES_PHOSPHORYLATION_AND_ACTIVATION_MEDIATED_BY_ACTIVATED_HUMAN_TAK1	REACTOME_JNK_C_JUN_KINASES_PHOSPHORYLATION_AND_ACTIVATION_MEDIATED_BY_ACTIVATED_HUMAN_TAK1		22	-0.2515514	-0.7583732	0.8148148	0.96429265	1.0	2583	tags=23%, list=17%, signal=27%	
REACTOME_FATTY_ACIDS_BOUND_TO_GPR40_FFAR1_REGULATE_INSULIN_SECRETION	REACTOME_FATTY_ACIDS_BOUND_TO_GPR40_FFAR1_REGULATE_INSULIN_SECRETION		7	-0.3452223	-0.75713044	0.78621906	0.9651504	1.0	4238	tags=43%, list=27%, signal=59%	
REACTOME_AMINO_ACIDS_REGULATE_MTORC1	REACTOME_AMINO_ACIDS_REGULATE_MTORC1		51	-0.20551911	-0.75686526	0.87479675	0.96451676	1.0	4945	tags=39%, list=32%, signal=58%	
REACTOME_SIGNALLING_TO_RAS	REACTOME_SIGNALLING_TO_RAS		10	-0.30762324	-0.7544257	0.8010381	0.9669594	1.0	2731	tags=40%, list=18%, signal=49%	
REACTOME_MAP3K8_TPL2_DEPENDENT_MAPK1_3_ACTIVATION	REACTOME_MAP3K8_TPL2_DEPENDENT_MAPK1_3_ACTIVATION		14	-0.2785838	-0.75412196	0.77938515	0.9663828	1.0	3794	tags=36%, list=25%, signal=47%	
BIOCARTA_GABA_PATHWAY	BIOCARTA_GABA_PATHWAY		6	-0.3559564	-0.7539574	0.7769376	0.96559554	1.0	9933	tags=100%, list=64%, signal=281%	
REACTOME_INTERLEUKIN_12_SIGNALING	REACTOME_INTERLEUKIN_12_SIGNALING		7	-0.33826137	-0.7524322	0.77882797	0.96676725	1.0	4411	tags=57%, list=29%, signal=80%	
BIOCARTA_HBX_PATHWAY	BIOCARTA_HBX_PATHWAY		7	-0.3368497	-0.7519751	0.77362204	0.96644044	1.0	2731	tags=29%, list=18%, signal=35%	
REACTOME_LAGGING_STRAND_SYNTHESIS	REACTOME_LAGGING_STRAND_SYNTHESIS		20	-0.25203	-0.7511171	0.807047	0.96657556	1.0	5659	tags=45%, list=37%, signal=71%	
REACTOME_DNA_STRAND_ELONGATION	REACTOME_DNA_STRAND_ELONGATION		24	-0.24112329	-0.75087106	0.84380305	0.96589655	1.0	6586	tags=54%, list=43%, signal=94%	
WP_MYOMETRIAL_RELAXATION_AND_CONTRACTION_PATHWAYS	WP_MYOMETRIAL_RELAXATION_AND_CONTRACTION_PATHWAYS		109	-0.17702222	-0.7505001	0.942097	0.9653932	1.0	3892	tags=26%, list=25%, signal=34%	
REACTOME_PECAM1_INTERACTIONS	REACTOME_PECAM1_INTERACTIONS		12	-0.2888391	-0.7503119	0.79044116	0.9646107	1.0	4953	tags=50%, list=32%, signal=74%	
REACTOME_GDP_FUCOSE_BIOSYNTHESIS	REACTOME_GDP_FUCOSE_BIOSYNTHESIS		6	-0.34472436	-0.7486979	0.7717391	0.9657822	1.0	5504	tags=50%, list=36%, signal=78%	
REACTOME_INTRA_GOLGI_AND_RETROGRADE_GOLGI_TO_ER_TRAFFIC	REACTOME_INTRA_GOLGI_AND_RETROGRADE_GOLGI_TO_ER_TRAFFIC		167	-0.16632643	-0.7472324	0.9710366	0.9668257	1.0	5829	tags=39%, list=38%, signal=62%	
REACTOME_HOMOLOGOUS_DNA_PAIRING_AND_STRAND_EXCHANGE	REACTOME_HOMOLOGOUS_DNA_PAIRING_AND_STRAND_EXCHANGE		26	-0.23330624	-0.746879	0.8592965	0.9662776	1.0	5867	tags=46%, list=38%, signal=74%	
REACTOME_VXPX_CARGO_TARGETING_TO_CILIUM	REACTOME_VXPX_CARGO_TARGETING_TO_CILIUM		16	-0.26415658	-0.74643564	0.7716814	0.9658831	1.0	1549	tags=13%, list=10%, signal=14%	
REACTOME_TRANS_GOLGI_NETWORK_VESICLE_BUDDING	REACTOME_TRANS_GOLGI_NETWORK_VESICLE_BUDDING		66	-0.1910651	-0.74539816	0.90682197	0.9662998	1.0	4300	tags=30%, list=28%, signal=42%	
BIOCARTA_AT1R_PATHWAY	BIOCARTA_AT1R_PATHWAY		23	-0.24332668	-0.7443392	0.81448764	0.9666101	1.0	3080	tags=30%, list=20%, signal=38%	
WP_METHYLATION	WP_METHYLATION		5	-0.36673445	-0.7432357	0.7897839	0.9670642	1.0	2010	tags=40%, list=13%, signal=46%	
REACTOME_INCRETIN_SYNTHESIS_SECRETION_AND_INACTIVATION	REACTOME_INCRETIN_SYNTHESIS_SECRETION_AND_INACTIVATION		5	-0.36818105	-0.74306834	0.79358715	0.9662535	1.0	5199	tags=80%, list=34%, signal=121%	
REACTOME_NICOTINAMIDE_SALVAGING	REACTOME_NICOTINAMIDE_SALVAGING		14	-0.273528	-0.7423497	0.81864405	0.9661507	1.0	1895	tags=14%, list=12%, signal=16%	
REACTOME_OXIDATIVE_STRESS_INDUCED_SENESCENCE	REACTOME_OXIDATIVE_STRESS_INDUCED_SENESCENCE		37	-0.21459594	-0.74100876	0.8795987	0.9668969	1.0	4233	tags=35%, list=27%, signal=48%	
REACTOME_PCP_CE_PATHWAY	REACTOME_PCP_CE_PATHWAY		78	-0.1847047	-0.7406266	0.93858266	0.9663696	1.0	5887	tags=44%, list=38%, signal=70%	
REACTOME_LYSOSPHINGOLIPID_AND_LPA_RECEPTORS	REACTOME_LYSOSPHINGOLIPID_AND_LPA_RECEPTORS		9	-0.3088967	-0.74019414	0.81226766	0.96594936	1.0	69	tags=11%, list=0%, signal=11%	
BIOCARTA_RNA_PATHWAY	BIOCARTA_RNA_PATHWAY		9	-0.31039804	-0.7395531	0.8080439	0.9658094	1.0	2302	tags=22%, list=15%, signal=26%	
BIOCARTA_DEATH_PATHWAY	BIOCARTA_DEATH_PATHWAY		30	-0.22099344	-0.73879546	0.8556338	0.96581906	1.0	4398	tags=37%, list=29%, signal=51%	
REACTOME_SYNTHESIS_SECRETION_AND_DEACYLATION_OF_GHRELIN	REACTOME_SYNTHESIS_SECRETION_AND_DEACYLATION_OF_GHRELIN		8	-0.31378287	-0.7384514	0.7977941	0.9652527	1.0	574	tags=13%, list=4%, signal=13%	
REACTOME_TP53_REGULATES_TRANSCRIPTION_OF_CELL_DEATH_GENES	REACTOME_TP53_REGULATES_TRANSCRIPTION_OF_CELL_DEATH_GENES		14	-0.2667646	-0.7362475	0.81989706	0.9671592	1.0	780	tags=14%, list=5%, signal=15%	
REACTOME_ESTROGEN_DEPENDENT_GENE_EXPRESSION	REACTOME_ESTROGEN_DEPENDENT_GENE_EXPRESSION		70	-0.18641125	-0.73552907	0.9329983	0.9670029	1.0	4456	tags=31%, list=29%, signal=44%	
REACTOME_PD_1_SIGNALING	REACTOME_PD_1_SIGNALING		21	-0.24405815	-0.73503643	0.8128342	0.96663666	1.0	4803	tags=52%, list=31%, signal=76%	
REACTOME_ACETYLCHOLINE_NEUROTRANSMITTER_RELEASE_CYCLE	REACTOME_ACETYLCHOLINE_NEUROTRANSMITTER_RELEASE_CYCLE		8	-0.3172292	-0.7338535	0.81782943	0.9671609	1.0	790	tags=13%, list=5%, signal=13%	
REACTOME_HYPUSINE_SYNTHESIS_FROM_EIF5A_LYSINE	REACTOME_HYPUSINE_SYNTHESIS_FROM_EIF5A_LYSINE		5	-0.37688965	-0.7329788	0.8143712	0.9672937	1.0	9610	tags=100%, list=62%, signal=265%	
REACTOME_TRANSCRIPTIONAL_REGULATION_BY_RUNX2	REACTOME_TRANSCRIPTIONAL_REGULATION_BY_RUNX2		62	-0.19181974	-0.7326425	0.9177632	0.9667449	1.0	5914	tags=44%, list=38%, signal=70%	
REACTOME_REGULATION_OF_RUNX2_EXPRESSION_AND_ACTIVITY	REACTOME_REGULATION_OF_RUNX2_EXPRESSION_AND_ACTIVITY		52	-0.19775584	-0.732553	0.8969595	0.96584964	1.0	5887	tags=42%, list=38%, signal=68%	
REACTOME_NUCLEAR_EVENTS_MEDIATED_BY_NFE2L2	REACTOME_NUCLEAR_EVENTS_MEDIATED_BY_NFE2L2		54	-0.19580968	-0.7310771	0.8988391	0.96669334	1.0	5887	tags=41%, list=38%, signal=66%	
REACTOME_PHOSPHORYLATION_OF_THE_APC_C	REACTOME_PHOSPHORYLATION_OF_THE_APC_C		20	-0.23989657	-0.73022914	0.8613678	0.9667064	1.0	5798	tags=55%, list=38%, signal=88%	
BIOCARTA_SHH_PATHWAY	BIOCARTA_SHH_PATHWAY		11	-0.29345664	-0.72951114	0.8147482	0.96658957	1.0	2878	tags=27%, list=19%, signal=34%	
REACTOME_APC_CDC20_MEDIATED_DEGRADATION_OF_NEK2A	REACTOME_APC_CDC20_MEDIATED_DEGRADATION_OF_NEK2A		27	-0.22610614	-0.7281329	0.8586762	0.9672947	1.0	5798	tags=56%, list=38%, signal=89%	
REACTOME_PROTEIN_PROTEIN_INTERACTIONS_AT_SYNAPSES	REACTOME_PROTEIN_PROTEIN_INTERACTIONS_AT_SYNAPSES		28	-0.22277598	-0.72460556	0.8667851	0.9704667	1.0	3426	tags=25%, list=22%, signal=32%	
REACTOME_MATURATION_OF_TCA_ENZYMES_AND_REGULATION_OF_TCA_CYCLE	REACTOME_MATURATION_OF_TCA_ENZYMES_AND_REGULATION_OF_TCA_CYCLE		18	-0.24698602	-0.7232953	0.85974497	0.97105026	1.0	2635	tags=22%, list=17%, signal=27%	
REACTOME_CHAPERONIN_MEDIATED_PROTEIN_FOLDING	REACTOME_CHAPERONIN_MEDIATED_PROTEIN_FOLDING		33	-0.2176211	-0.7232459	0.86986303	0.9701195	1.0	2681	tags=18%, list=17%, signal=22%	
REACTOME_SULFUR_AMINO_ACID_METABOLISM	REACTOME_SULFUR_AMINO_ACID_METABOLISM		20	-0.24328479	-0.7215508	0.8333333	0.971104	1.0	5188	tags=50%, list=34%, signal=75%	
BIOCARTA_CXCR4_PATHWAY	BIOCARTA_CXCR4_PATHWAY		17	-0.2523654	-0.7201792	0.85061514	0.97171247	1.0	2886	tags=24%, list=19%, signal=29%	
REACTOME_RHO_GTPASES_ACTIVATE_WASPS_AND_WAVES	REACTOME_RHO_GTPASES_ACTIVATE_WASPS_AND_WAVES		30	-0.21778603	-0.7195732	0.8890785	0.9714613	1.0	4120	tags=30%, list=27%, signal=41%	
REACTOME_MAPK6_MAPK4_SIGNALING	REACTOME_MAPK6_MAPK4_SIGNALING		70	-0.18293005	-0.7185367	0.9419569	0.9716358	1.0	6517	tags=51%, list=42%, signal=89%	
REACTOME_CARNITINE_METABOLISM	REACTOME_CARNITINE_METABOLISM		11	-0.2860006	-0.71793026	0.8429319	0.97131944	1.0	749	tags=9%, list=5%, signal=10%	
BIOCARTA_TNFR1_PATHWAY	BIOCARTA_TNFR1_PATHWAY		28	-0.21706124	-0.7150366	0.8913044	0.9736921	1.0	4398	tags=32%, list=29%, signal=45%	
REACTOME_NUCLEAR_ENVELOPE_BREAKDOWN	REACTOME_NUCLEAR_ENVELOPE_BREAKDOWN		47	-0.19528198	-0.71425	0.9168081	0.9735715	1.0	4861	tags=38%, list=32%, signal=56%	
REACTOME_METABOLISM_OF_STEROIDS	REACTOME_METABOLISM_OF_STEROIDS		75	-0.17806467	-0.71249396	0.93670887	0.97454953	1.0	2736	tags=16%, list=18%, signal=19%	
WP_FATTY_ACID_BIOSYNTHESIS	WP_FATTY_ACID_BIOSYNTHESIS		20	-0.23610875	-0.7084233	0.8627451	0.9780052	1.0	1506	tags=15%, list=10%, signal=17%	
WP_G13_SIGNALING_PATHWAY	WP_G13_SIGNALING_PATHWAY		32	-0.21106572	-0.70765585	0.8994975	0.97779167	1.0	4044	tags=38%, list=26%, signal=51%	
REACTOME_CHROMATIN_MODIFYING_ENZYMES	REACTOME_CHROMATIN_MODIFYING_ENZYMES		181	-0.15247773	-0.7049785	0.99559474	0.97960216	1.0	2828	tags=17%, list=18%, signal=20%	
REACTOME_CA2_PATHWAY	REACTOME_CA2_PATHWAY		33	-0.21316299	-0.7033987	0.8931699	0.98027825	1.0	4559	tags=33%, list=30%, signal=47%	
REACTOME_NR1H2_AND_NR1H3_MEDIATED_SIGNALING	REACTOME_NR1H2_AND_NR1H3_MEDIATED_SIGNALING		12	-0.2725382	-0.7023235	0.8539741	0.980423	1.0	4372	tags=42%, list=28%, signal=58%	
REACTOME_NUCLEAR_PORE_COMPLEX_NPC_DISASSEMBLY	REACTOME_NUCLEAR_PORE_COMPLEX_NPC_DISASSEMBLY		32	-0.21165314	-0.70200616	0.9102773	0.97973746	1.0	5468	tags=50%, list=35%, signal=77%	
REACTOME_REGULATION_OF_NF_KAPPA_B_SIGNALING	REACTOME_REGULATION_OF_NF_KAPPA_B_SIGNALING		17	-0.23980175	-0.70076334	0.86512524	0.98009235	1.0	4032	tags=35%, list=26%, signal=48%	
REACTOME_DOWNREGULATION_OF_TGF_BETA_RECEPTOR_SIGNALING	REACTOME_DOWNREGULATION_OF_TGF_BETA_RECEPTOR_SIGNALING		17	-0.2446787	-0.6994156	0.86096257	0.98053306	1.0	3656	tags=29%, list=24%, signal=39%	
REACTOME_ORC1_REMOVAL_FROM_CHROMATIN	REACTOME_ORC1_REMOVAL_FROM_CHROMATIN		69	-0.1779975	-0.6987548	0.9437299	0.98021173	1.0	4051	tags=29%, list=26%, signal=39%	
REACTOME_PROPIONYL_COA_CATABOLISM	REACTOME_PROPIONYL_COA_CATABOLISM		5	-0.34558138	-0.6987299	0.8477842	0.9792673	1.0	3718	tags=40%, list=24%, signal=53%	
REACTOME_REGULATED_PROTEOLYSIS_OF_P75NTR	REACTOME_REGULATED_PROTEOLYSIS_OF_P75NTR		9	-0.2893468	-0.6970628	0.86170214	0.97996336	1.0	6010	tags=56%, list=39%, signal=91%	
WP_EBV_LMP1_SIGNALING	WP_EBV_LMP1_SIGNALING		19	-0.22971913	-0.69257677	0.87202924	0.9834412	1.0	4398	tags=37%, list=29%, signal=51%	
BIOCARTA_TALL1_PATHWAY	BIOCARTA_TALL1_PATHWAY		13	-0.25492033	-0.6844508	0.878453	0.99029744	1.0	2302	tags=23%, list=15%, signal=27%	
REACTOME_PROCESSING_OF_DNA_DOUBLE_STRAND_BREAK_ENDS	REACTOME_PROCESSING_OF_DNA_DOUBLE_STRAND_BREAK_ENDS		82	-0.16811444	-0.6832557	0.9655712	0.9904297	1.0	3699	tags=23%, list=24%, signal=30%	
REACTOME_SIGNALING_BY_WNT	REACTOME_SIGNALING_BY_WNT		192	-0.14817761	-0.68307734	0.99710983	0.9896009	1.0	4298	tags=26%, list=28%, signal=36%	
REACTOME_CARGO_CONCENTRATION_IN_THE_ER	REACTOME_CARGO_CONCENTRATION_IN_THE_ER		28	-0.20955165	-0.68235177	0.9097345	0.9892854	1.0	12194	tags=100%, list=79%, signal=477%	
REACTOME_ACETYLCHOLINE_REGULATES_INSULIN_SECRETION	REACTOME_ACETYLCHOLINE_REGULATES_INSULIN_SECRETION		7	-0.30898103	-0.6814744	0.8489796	0.98911655	1.0	4238	tags=43%, list=27%, signal=59%	
REACTOME_POSTMITOTIC_NUCLEAR_PORE_COMPLEX_NPC_REFORMATION	REACTOME_POSTMITOTIC_NUCLEAR_PORE_COMPLEX_NPC_REFORMATION		22	-0.22099605	-0.68145734	0.8790036	0.98814666	1.0	5212	tags=41%, list=34%, signal=62%	
REACTOME_SIGNALING_BY_NOTCH1	REACTOME_SIGNALING_BY_NOTCH1		18	-0.22971654	-0.6761916	0.886121	0.99178606	1.0	3334	tags=28%, list=22%, signal=35%	
REACTOME_SIGNALLING_TO_ERKS	REACTOME_SIGNALLING_TO_ERKS		22	-0.2187513	-0.6721766	0.93200666	0.99434483	1.0	2731	tags=23%, list=18%, signal=28%	
BIOCARTA_NOS1_PATHWAY	BIOCARTA_NOS1_PATHWAY		15	-0.24341728	-0.66855615	0.8787879	0.9964111	1.0	3767	tags=33%, list=24%, signal=44%	
REACTOME_ACTIVATION_OF_NMDA_RECEPTORS_AND_POSTSYNAPTIC_EVENTS	REACTOME_ACTIVATION_OF_NMDA_RECEPTORS_AND_POSTSYNAPTIC_EVENTS		23	-0.21668778	-0.6680364	0.9169742	0.99584365	1.0	3767	tags=30%, list=24%, signal=40%	
REACTOME_TERMINATION_OF_TRANSLESION_DNA_SYNTHESIS	REACTOME_TERMINATION_OF_TRANSLESION_DNA_SYNTHESIS		32	-0.19732909	-0.66624916	0.93598616	0.9963436	1.0	5218	tags=38%, list=34%, signal=57%	
REACTOME_CS_DS_DEGRADATION	REACTOME_CS_DS_DEGRADATION		8	-0.28853706	-0.66463983	0.8566434	0.9967322	1.0	744	tags=13%, list=5%, signal=13%	
REACTOME_SUMOYLATION_OF_TRANSCRIPTION_FACTORS	REACTOME_SUMOYLATION_OF_TRANSCRIPTION_FACTORS		13	-0.25041595	-0.6614938	0.8804348	0.9983033	1.0	264	tags=8%, list=2%, signal=8%	
REACTOME_HEDGEHOG_ON_STATE	REACTOME_HEDGEHOG_ON_STATE		71	-0.16664709	-0.66115814	0.97875816	0.99759316	1.0	3359	tags=21%, list=22%, signal=27%	
REACTOME_HDR_THROUGH_HOMOLOGOUS_RECOMBINATION_HRR	REACTOME_HDR_THROUGH_HOMOLOGOUS_RECOMBINATION_HRR		59	-0.17182851	-0.65979534	0.95884144	0.99775434	1.0	5867	tags=41%, list=38%, signal=65%	
REACTOME_NRIF_SIGNALS_CELL_DEATH_FROM_THE_NUCLEUS	REACTOME_NRIF_SIGNALS_CELL_DEATH_FROM_THE_NUCLEUS		13	-0.24544612	-0.6573413	0.8976378	0.99875534	1.0	5269	tags=54%, list=34%, signal=82%	
REACTOME_CD209_DC_SIGN_SIGNALING	REACTOME_CD209_DC_SIGN_SIGNALING		16	-0.23351683	-0.6530783	0.8976661	1.0	1.0	5260	tags=50%, list=34%, signal=76%	
REACTOME_SIGNALING_BY_NTRK2_TRKB	REACTOME_SIGNALING_BY_NTRK2_TRKB		7	-0.28909233	-0.652301	0.892922	1.0	1.0	839	tags=14%, list=5%, signal=15%	
REACTOME_TRANSPORT_OF_MATURE_MRNAS_DERIVED_FROM_INTRONLESS_TRANSCRIPTS	REACTOME_TRANSPORT_OF_MATURE_MRNAS_DERIVED_FROM_INTRONLESS_TRANSCRIPTS		42	-0.18395106	-0.651793	0.9622332	1.0	1.0	4861	tags=36%, list=32%, signal=52%	
REACTOME_DEGRADATION_OF_BETA_CATENIN_BY_THE_DESTRUCTION_COMPLEX	REACTOME_DEGRADATION_OF_BETA_CATENIN_BY_THE_DESTRUCTION_COMPLEX		78	-0.16348054	-0.6495522	0.98202616	1.0	1.0	4610	tags=29%, list=30%, signal=42%	
BIOCARTA_AKAP13_PATHWAY	BIOCARTA_AKAP13_PATHWAY		7	-0.2984449	-0.6492732	0.9	0.9999658	1.0	3984	tags=43%, list=26%, signal=58%	
REACTOME_REGULATION_OF_MRNA_STABILITY_BY_PROTEINS_THAT_BIND_AU_RICH_ELEMENTS	REACTOME_REGULATION_OF_MRNA_STABILITY_BY_PROTEINS_THAT_BIND_AU_RICH_ELEMENTS		83	-0.1584618	-0.6481065	0.9799331	0.9998415	1.0	4525	tags=27%, list=29%, signal=37%	
REACTOME_SUMOYLATION_OF_IMMUNE_RESPONSE_PROTEINS	REACTOME_SUMOYLATION_OF_IMMUNE_RESPONSE_PROTEINS		11	-0.2541916	-0.64716667	0.89617485	0.99956405	1.0	5993	tags=64%, list=39%, signal=104%	
REACTOME_G2_M_DNA_DAMAGE_CHECKPOINT	REACTOME_G2_M_DNA_DAMAGE_CHECKPOINT		79	-0.15793528	-0.6444666	0.9856	1.0	1.0	3807	tags=23%, list=25%, signal=30%	
REACTOME_BRANCHED_CHAIN_AMINO_ACID_CATABOLISM	REACTOME_BRANCHED_CHAIN_AMINO_ACID_CATABOLISM		20	-0.21336424	-0.64309484	0.9274047	1.0	1.0	42	tags=5%, list=0%, signal=5%	
REACTOME_FGFR2_ALTERNATIVE_SPLICING	REACTOME_FGFR2_ALTERNATIVE_SPLICING		17	-0.22482617	-0.63976276	0.94237286	1.0	1.0	4771	tags=35%, list=31%, signal=51%	
BIOCARTA_SAM68_PATHWAY	BIOCARTA_SAM68_PATHWAY		6	-0.3042753	-0.63898814	0.8831169	1.0	1.0	1713	tags=33%, list=11%, signal=37%	
REACTOME_SLBP_DEPENDENT_PROCESSING_OF_REPLICATION_DEPENDENT_HISTONE_PRE_MRNAS	REACTOME_SLBP_DEPENDENT_PROCESSING_OF_REPLICATION_DEPENDENT_HISTONE_PRE_MRNAS		11	-0.24958862	-0.637489	0.90654206	1.0	1.0	3552	tags=27%, list=23%, signal=35%	
REACTOME_SUMOYLATION_OF_INTRACELLULAR_RECEPTORS	REACTOME_SUMOYLATION_OF_INTRACELLULAR_RECEPTORS		20	-0.2122266	-0.63733834	0.93174064	1.0	1.0	2313	tags=20%, list=15%, signal=23%	
REACTOME_RUNX3_REGULATES_NOTCH_SIGNALING	REACTOME_RUNX3_REGULATES_NOTCH_SIGNALING		9	-0.2766791	-0.636968	0.9	0.9998247	1.0	793	tags=11%, list=5%, signal=12%	
REACTOME_DNA_REPAIR	REACTOME_DNA_REPAIR		305	-0.13151316	-0.6363831	1.0	0.9992811	1.0	3957	tags=22%, list=26%, signal=29%	
BIOCARTA_HDAC_PATHWAY	BIOCARTA_HDAC_PATHWAY		21	-0.2088926	-0.6358982	0.92281306	0.9986331	1.0	4269	tags=38%, list=28%, signal=53%	
REACTOME_PYRIMIDINE_CATABOLISM	REACTOME_PYRIMIDINE_CATABOLISM		6	-0.30084798	-0.63300407	0.9066148	0.99944985	1.0	5390	tags=50%, list=35%, signal=77%	
WP_PROTEASOME_DEGRADATION	WP_PROTEASOME_DEGRADATION		50	-0.17052709	-0.6308245	0.98336107	0.9998678	1.0	6632	tags=54%, list=43%, signal=94%	
REACTOME_MRNA_DECAY_BY_5_TO_3_EXORIBONUCLEASE	REACTOME_MRNA_DECAY_BY_5_TO_3_EXORIBONUCLEASE		14	-0.23161319	-0.6306957	0.9227872	0.9989869	1.0	4243	tags=29%, list=28%, signal=39%	
REACTOME_TELOMERE_C_STRAND_LAGGING_STRAND_SYNTHESIS	REACTOME_TELOMERE_C_STRAND_LAGGING_STRAND_SYNTHESIS		33	-0.1844424	-0.62883836	0.95178574	0.9992104	1.0	3816	tags=27%, list=25%, signal=36%	
REACTOME_UBIQUITIN_MEDIATED_DEGRADATION_OF_PHOSPHORYLATED_CDC25A	REACTOME_UBIQUITIN_MEDIATED_DEGRADATION_OF_PHOSPHORYLATED_CDC25A		51	-0.1706873	-0.62765473	0.97727275	0.9989937	1.0	5887	tags=41%, list=38%, signal=66%	
BIOCARTA_GCR_PATHWAY	BIOCARTA_GCR_PATHWAY		15	-0.22959144	-0.62676233	0.92435426	0.99860567	1.0	159	tags=7%, list=1%, signal=7%	
BIOCARTA_PS1_PATHWAY	BIOCARTA_PS1_PATHWAY		12	-0.24078108	-0.62556016	0.93536806	0.998376	1.0	4920	tags=50%, list=32%, signal=73%	
REACTOME_MITOCHONDRIAL_BIOGENESIS	REACTOME_MITOCHONDRIAL_BIOGENESIS		31	-0.18873282	-0.6253321	0.9597902	0.9975542	1.0	4827	tags=35%, list=31%, signal=52%	
REACTOME_RUNX3_REGULATES_P14_ARF	REACTOME_RUNX3_REGULATES_P14_ARF		6	-0.29353753	-0.62375486	0.91061455	0.9975522	1.0	10895	tags=100%, list=71%, signal=341%	
REACTOME_INHIBITION_OF_THE_PROTEOLYTIC_ACTIVITY_OF_APC_C_REQUIRED_FOR_THE_ONSET_OF_ANAPHASE_BY_MITOTIC_SPINDLE_CHECKPOINT_COMPONENTS	REACTOME_INHIBITION_OF_THE_PROTEOLYTIC_ACTIVITY_OF_APC_C_REQUIRED_FOR_THE_ONSET_OF_ANAPHASE_BY_MITOTIC_SPINDLE_CHECKPOINT_COMPONENTS		21	-0.20183158	-0.62137055	0.9547101	0.9979359	1.0	5798	tags=52%, list=38%, signal=84%	
REACTOME_THE_PHOTOTRANSDUCTION_CASCADE	REACTOME_THE_PHOTOTRANSDUCTION_CASCADE		16	-0.21774642	-0.6145854	0.945283	1.0	1.0	3767	tags=31%, list=24%, signal=41%	
REACTOME_PKMTS_METHYLATE_HISTONE_LYSINES	REACTOME_PKMTS_METHYLATE_HISTONE_LYSINES		56	-0.16466899	-0.61227065	0.9869281	1.0	1.0	6307	tags=52%, list=41%, signal=87%	
REACTOME_PEROXISOMAL_PROTEIN_IMPORT	REACTOME_PEROXISOMAL_PROTEIN_IMPORT		55	-0.16074847	-0.611365	0.9877836	1.0	1.0	4557	tags=31%, list=30%, signal=44%	
REACTOME_ESTROGEN_STIMULATED_SIGNALING_THROUGH_PRKCZ	REACTOME_ESTROGEN_STIMULATED_SIGNALING_THROUGH_PRKCZ		5	-0.30857158	-0.60841924	0.9328063	1.0	1.0	1713	tags=20%, list=11%, signal=22%	
REACTOME_FORMATION_OF_XYLULOSE_5_PHOSPHATE	REACTOME_FORMATION_OF_XYLULOSE_5_PHOSPHATE		5	-0.30895996	-0.6067788	0.9245283	1.0	1.0	10657	tags=100%, list=69%, signal=324%	
REACTOME_TRANSLOCATION_OF_ZAP_70_TO_IMMUNOLOGICAL_SYNAPSE	REACTOME_TRANSLOCATION_OF_ZAP_70_TO_IMMUNOLOGICAL_SYNAPSE		17	-0.21262065	-0.6048	0.9378428	1.0	1.0	5297	tags=65%, list=34%, signal=98%	
REACTOME_METABOLISM_OF_STEROID_HORMONES	REACTOME_METABOLISM_OF_STEROID_HORMONES		20	-0.19993548	-0.6034763	0.9588015	1.0	1.0	350	tags=5%, list=2%, signal=5%	
REACTOME_IRAK2_MEDIATED_ACTIVATION_OF_TAK1_COMPLEX	REACTOME_IRAK2_MEDIATED_ACTIVATION_OF_TAK1_COMPLEX		11	-0.23469287	-0.60017395	0.9424084	1.0	1.0	3334	tags=27%, list=22%, signal=35%	
BIOCARTA_ACTINY_PATHWAY	BIOCARTA_ACTINY_PATHWAY		6	-0.2835151	-0.5974345	0.94538605	1.0	1.0	3877	tags=50%, list=25%, signal=67%	
WP_TCA_CYCLE	WP_TCA_CYCLE		29	-0.17872296	-0.5969569	0.9727891	1.0	1.0	6226	tags=41%, list=40%, signal=69%	
BIOCARTA_MRP_PATHWAY	BIOCARTA_MRP_PATHWAY		5	-0.29293644	-0.59144986	0.93190664	1.0	1.0	5426	tags=60%, list=35%, signal=93%	
REACTOME_DECTIN_1_MEDIATED_NONCANONICAL_NF_KB_SIGNALING	REACTOME_DECTIN_1_MEDIATED_NONCANONICAL_NF_KB_SIGNALING		57	-0.15555216	-0.58646554	0.99375	1.0	1.0	5887	tags=42%, list=38%, signal=68%	
WP_MISMATCH_REPAIR	WP_MISMATCH_REPAIR		9	-0.24895814	-0.5837719	0.9412879	1.0	1.0	4528	tags=33%, list=29%, signal=47%	
REACTOME_HEDGEHOG_LIGAND_BIOGENESIS	REACTOME_HEDGEHOG_LIGAND_BIOGENESIS		57	-0.15405463	-0.5808168	0.99673736	1.0	1.0	6632	tags=51%, list=43%, signal=89%	
BIOCARTA_CERAMIDE_PATHWAY	BIOCARTA_CERAMIDE_PATHWAY		22	-0.18828504	-0.5783611	0.9726496	1.0	1.0	5197	tags=45%, list=34%, signal=68%	
REACTOME_ASYMMETRIC_LOCALIZATION_OF_PCP_PROTEINS	REACTOME_ASYMMETRIC_LOCALIZATION_OF_PCP_PROTEINS		57	-0.15138824	-0.57612824	0.9884679	1.0	1.0	5887	tags=39%, list=38%, signal=62%	
REACTOME_TRANSCRIPTIONAL_REGULATION_BY_SMALL_RNAS	REACTOME_TRANSCRIPTIONAL_REGULATION_BY_SMALL_RNAS		33	-0.16967845	-0.57478184	0.96938777	1.0	1.0	5468	tags=42%, list=35%, signal=66%	
REACTOME_WNT_MEDIATED_ACTIVATION_OF_DVL	REACTOME_WNT_MEDIATED_ACTIVATION_OF_DVL		8	-0.24914068	-0.5738032	0.9516408	1.0	1.0	1053	tags=13%, list=7%, signal=13%	
REACTOME_FCERI_MEDIATED_NF_KB_ACTIVATION	REACTOME_FCERI_MEDIATED_NF_KB_ACTIVATION		79	-0.14410175	-0.5733471	1.0	1.0	1.0	6010	tags=41%, list=39%, signal=66%	
REACTOME_EGFR_DOWNREGULATION	REACTOME_EGFR_DOWNREGULATION		23	-0.18561369	-0.57169336	0.9704861	1.0	1.0	4282	tags=30%, list=28%, signal=42%	
REACTOME_HDMS_DEMETHYLATE_HISTONES	REACTOME_HDMS_DEMETHYLATE_HISTONES		37	-0.1627817	-0.57151973	0.98477155	1.0	1.0	3699	tags=24%, list=24%, signal=32%	
REACTOME_CHOLESTEROL_BIOSYNTHESIS	REACTOME_CHOLESTEROL_BIOSYNTHESIS		26	-0.17645147	-0.56393147	0.96936935	1.0	1.0	6364	tags=50%, list=41%, signal=85%	
BIOCARTA_MEF2D_PATHWAY	BIOCARTA_MEF2D_PATHWAY		15	-0.20324253	-0.55909497	0.97096187	1.0	1.0	4269	tags=33%, list=28%, signal=46%	
REACTOME_GLYCOGEN_METABOLISM	REACTOME_GLYCOGEN_METABOLISM		16	-0.19839828	-0.5569994	0.9724771	1.0	1.0	3767	tags=25%, list=24%, signal=33%	
BIOCARTA_ATRBRCA_PATHWAY	BIOCARTA_ATRBRCA_PATHWAY		18	-0.19163169	-0.55632967	0.97539544	1.0	1.0	3897	tags=28%, list=25%, signal=37%	
REACTOME_RUNX1_REGULATES_TRANSCRIPTION_OF_GENES_INVOLVED_IN_DIFFERENTIATION_OF_HSCS	REACTOME_RUNX1_REGULATES_TRANSCRIPTION_OF_GENES_INVOLVED_IN_DIFFERENTIATION_OF_HSCS		64	-0.14197876	-0.55392927	1.0	1.0	1.0	4298	tags=25%, list=28%, signal=35%	
BIOCARTA_PGC1A_PATHWAY	BIOCARTA_PGC1A_PATHWAY		12	-0.21469384	-0.55265135	0.97996354	1.0	1.0	562	tags=8%, list=4%, signal=9%	
REACTOME_MTOR_SIGNALLING	REACTOME_MTOR_SIGNALLING		39	-0.15503106	-0.54616135	0.99174917	1.0	1.0	4593	tags=28%, list=30%, signal=40%	
REACTOME_RECOGNITION_OF_DNA_DAMAGE_BY_PCNA_CONTAINING_REPLICATION_COMPLEX	REACTOME_RECOGNITION_OF_DNA_DAMAGE_BY_PCNA_CONTAINING_REPLICATION_COMPLEX		31	-0.16341771	-0.5438287	0.98445594	1.0	1.0	5270	tags=42%, list=34%, signal=64%	
REACTOME_TRANSPORT_OF_THE_SLBP_DEPENDANT_MATURE_MRNA	REACTOME_TRANSPORT_OF_THE_SLBP_DEPENDANT_MATURE_MRNA		35	-0.15754977	-0.5426362	0.9886364	1.0	1.0	5468	tags=40%, list=35%, signal=62%	
REACTOME_POLB_DEPENDENT_LONG_PATCH_BASE_EXCISION_REPAIR	REACTOME_POLB_DEPENDENT_LONG_PATCH_BASE_EXCISION_REPAIR		8	-0.22972935	-0.53335243	0.9693141	1.0	1.0	3326	tags=25%, list=22%, signal=32%	
REACTOME_CLASSICAL_ANTIBODY_MEDIATED_COMPLEMENT_ACTIVATION	REACTOME_CLASSICAL_ANTIBODY_MEDIATED_COMPLEMENT_ACTIVATION		9	-0.2224674	-0.5331939	0.9621212	1.0	1.0	11991	tags=100%, list=78%, signal=450%	
REACTOME_HDR_THROUGH_MMEJ_ALT_NHEJ	REACTOME_HDR_THROUGH_MMEJ_ALT_NHEJ		12	-0.20453072	-0.52782124	0.9744991	1.0	1.0	12268	tags=100%, list=80%, signal=489%	
REACTOME_N_GLYCAN_TRIMMING_IN_THE_ER_AND_CALNEXIN_CALRETICULIN_CYCLE	REACTOME_N_GLYCAN_TRIMMING_IN_THE_ER_AND_CALNEXIN_CALRETICULIN_CYCLE		16	-0.18517	-0.52341914	0.9823009	1.0	1.0	3334	tags=25%, list=22%, signal=32%	
REACTOME_WAX_AND_PLASMALOGEN_BIOSYNTHESIS	REACTOME_WAX_AND_PLASMALOGEN_BIOSYNTHESIS		5	-0.26033312	-0.5154706	0.97282606	1.0	1.0	2569	tags=20%, list=17%, signal=24%	
REACTOME_CITRIC_ACID_CYCLE_TCA_CYCLE	REACTOME_CITRIC_ACID_CYCLE_TCA_CYCLE		33	-0.15344119	-0.5105926	0.99655765	1.0	1.0	5942	tags=45%, list=39%, signal=74%	
REACTOME_PREGNENOLONE_BIOSYNTHESIS	REACTOME_PREGNENOLONE_BIOSYNTHESIS		11	-0.19569027	-0.50764257	0.9793233	1.0	1.0	12404	tags=100%, list=80%, signal=511%	
REACTOME_CROSS_PRESENTATION_OF_SOLUBLE_EXOGENOUS_ANTIGENS_ENDOSOMES	REACTOME_CROSS_PRESENTATION_OF_SOLUBLE_EXOGENOUS_ANTIGENS_ENDOSOMES		46	-0.13881618	-0.505966	0.9966443	1.0	1.0	6632	tags=48%, list=43%, signal=84%	
WP_BDNF_PATHWAY	WP_BDNF_PATHWAY		9	-0.20780064	-0.50278854	0.98224854	1.0	1.0	12217	tags=100%, list=79%, signal=481%	
REACTOME_COBALAMIN_CBL_VITAMIN_B12_TRANSPORT_AND_METABOLISM	REACTOME_COBALAMIN_CBL_VITAMIN_B12_TRANSPORT_AND_METABOLISM		13	-0.18620087	-0.49767485	0.98236334	1.0	1.0	5426	tags=38%, list=35%, signal=59%	
REACTOME_BUTYRATE_RESPONSE_FACTOR_1_BRF1_BINDS_AND_DESTABILIZES_MRNA	REACTOME_BUTYRATE_RESPONSE_FACTOR_1_BRF1_BINDS_AND_DESTABILIZES_MRNA		16	-0.17569146	-0.49493402	0.99469024	1.0	1.0	12713	tags=100%, list=82%, signal=569%	
REACTOME_PCNA_DEPENDENT_LONG_PATCH_BASE_EXCISION_REPAIR	REACTOME_PCNA_DEPENDENT_LONG_PATCH_BASE_EXCISION_REPAIR		21	-0.16257207	-0.49393466	0.9928058	1.0	1.0	5659	tags=43%, list=37%, signal=68%	
REACTOME_SIGNALING_BY_NODAL	REACTOME_SIGNALING_BY_NODAL		6	-0.23785143	-0.49295396	0.9867173	1.0	1.0	1274	tags=17%, list=8%, signal=18%	
BIOCARTA_BTG2_PATHWAY	BIOCARTA_BTG2_PATHWAY		8	-0.21198162	-0.4904759	0.98214287	1.0	1.0	4456	tags=38%, list=29%, signal=53%	
REACTOME_CHONDROITIN_SULFATE_BIOSYNTHESIS	REACTOME_CHONDROITIN_SULFATE_BIOSYNTHESIS		12	-0.1868276	-0.48977268	0.98722625	1.0	1.0	4586	tags=33%, list=30%, signal=47%	
REACTOME_DEGRADATION_OF_DVL	REACTOME_DEGRADATION_OF_DVL		54	-0.13172062	-0.48665565	1.0	1.0	1.0	5887	tags=41%, list=38%, signal=66%	
REACTOME_PROCESSIVE_SYNTHESIS_ON_THE_C_STRAND_OF_THE_TELOMERE	REACTOME_PROCESSIVE_SYNTHESIS_ON_THE_C_STRAND_OF_THE_TELOMERE		18	-0.16721389	-0.4851862	0.99819493	0.99948376	1.0	3503	tags=28%, list=23%, signal=36%	
REACTOME_REPRODUCTION	REACTOME_REPRODUCTION		10	-0.1975213	-0.48487154	0.98888886	0.9986143	1.0	3395	tags=30%, list=22%, signal=38%	
REACTOME_NEGATIVE_REGULATION_OF_FLT3	REACTOME_NEGATIVE_REGULATION_OF_FLT3		15	-0.18018684	-0.48388755	0.99080884	0.9978346	1.0	6465	tags=53%, list=42%, signal=92%	
REACTOME_MRNA_DECAY_BY_3_TO_5_EXORIBONUCLEASE	REACTOME_MRNA_DECAY_BY_3_TO_5_EXORIBONUCLEASE		15	-0.17568006	-0.48004362	0.9894737	0.9974322	1.0	12713	tags=100%, list=82%, signal=569%	
REACTOME_KSRP_KHSRP_BINDS_AND_DESTABILIZES_MRNA	REACTOME_KSRP_KHSRP_BINDS_AND_DESTABILIZES_MRNA		14	-0.17566866	-0.47537506	0.984127	0.9970896	1.0	12713	tags=100%, list=82%, signal=569%	
REACTOME_SODIUM_PROTON_EXCHANGERS	REACTOME_SODIUM_PROTON_EXCHANGERS		6	-0.22177525	-0.47330382	0.9981343	0.9964189	1.0	12001	tags=100%, list=78%, signal=451%	
BIOCARTA_NDKDYNAMIN_PATHWAY	BIOCARTA_NDKDYNAMIN_PATHWAY		12	-0.1675897	-0.43773127	0.9964349	0.9986969	1.0	4974	tags=33%, list=32%, signal=49%	
REACTOME_TRANSPORT_OF_NUCLEOTIDE_SUGARS	REACTOME_TRANSPORT_OF_NUCLEOTIDE_SUGARS		9	-0.1821805	-0.43579513	0.9963235	0.9979032	1.0	5379	tags=44%, list=35%, signal=68%	
