NAME	GS<br> follow link to MSigDB	GS DETAILS	SIZE	ES	NES	NOM p-val	FDR q-val	FWER p-val	RANK AT MAX	LEADING EDGE	
REACTOME_EUKARYOTIC_TRANSLATION_INITIATION	REACTOME_EUKARYOTIC_TRANSLATION_INITIATION	Details ...	119	0.5749732	2.6918678	0.0	0.0	0.0	4970	tags=72%, list=32%, signal=106%	
REACTOME_NONSENSE_MEDIATED_DECAY_NMD	REACTOME_NONSENSE_MEDIATED_DECAY_NMD	Details ...	113	0.57530296	2.6356685	0.0	0.0	0.0	3516	tags=59%, list=23%, signal=76%	
REACTOME_MAJOR_PATHWAY_OF_RRNA_PROCESSING_IN_THE_NUCLEOLUS_AND_CYTOSOL	REACTOME_MAJOR_PATHWAY_OF_RRNA_PROCESSING_IN_THE_NUCLEOLUS_AND_CYTOSOL	Details ...	177	0.53489053	2.6249661	0.0	0.0	0.0	4972	tags=64%, list=32%, signal=94%	
WP_CYTOPLASMIC_RIBOSOMAL_PROTEINS	WP_CYTOPLASMIC_RIBOSOMAL_PROTEINS	Details ...	80	0.59428287	2.6126673	0.0	0.0	0.0	4970	tags=80%, list=32%, signal=117%	
REACTOME_NONSENSE_MEDIATED_DECAY_NMD_INDEPENDENT_OF_THE_EXON_JUNCTION_COMPLEX_EJC	REACTOME_NONSENSE_MEDIATED_DECAY_NMD_INDEPENDENT_OF_THE_EXON_JUNCTION_COMPLEX_EJC	Details ...	94	0.5867133	2.5787342	0.0	0.0	0.0	4269	tags=71%, list=28%, signal=98%	
REACTOME_ACTIVATION_OF_THE_MRNA_UPON_BINDING_OF_THE_CAP_BINDING_COMPLEX_AND_EIFS_AND_SUBSEQUENT_BINDING_TO_43S	REACTOME_ACTIVATION_OF_THE_MRNA_UPON_BINDING_OF_THE_CAP_BINDING_COMPLEX_AND_EIFS_AND_SUBSEQUENT_BINDING_TO_43S	Details ...	60	0.55864555	2.2569768	0.0	7.7628717E-4	0.005	4970	tags=67%, list=32%, signal=98%	
REACTOME_TRANSLATION	REACTOME_TRANSLATION	Details ...	227	0.43035206	2.2002351	0.0	9.284338E-4	0.007	4792	tags=51%, list=31%, signal=72%	
REACTOME_PROCESSING_OF_CAPPED_INTRON_CONTAINING_PRE_MRNA	REACTOME_PROCESSING_OF_CAPPED_INTRON_CONTAINING_PRE_MRNA	Details ...	261	0.32679063	1.702414	0.0	0.7679976	1.0	5022	tags=44%, list=33%, signal=64%	
REACTOME_MRNA_SPLICING	REACTOME_MRNA_SPLICING	Details ...	194	0.33617043	1.677003	0.0	0.8719147	1.0	5068	tags=46%, list=33%, signal=67%	
REACTOME_POSITIVE_EPIGENETIC_REGULATION_OF_RRNA_EXPRESSION	REACTOME_POSITIVE_EPIGENETIC_REGULATION_OF_RRNA_EXPRESSION	Details ...	30	0.47737214	1.6707369	0.011061947	0.82764685	1.0	6450	tags=70%, list=42%, signal=120%	
REACTOME_DOWNREGULATION_OF_ERBB2_SIGNALING	REACTOME_DOWNREGULATION_OF_ERBB2_SIGNALING	Details ...	22	0.5023636	1.6541487	0.011111111	0.8610174	1.0	2009	tags=36%, list=13%, signal=42%	
REACTOME_SHC1_EVENTS_IN_ERBB2_SIGNALING	REACTOME_SHC1_EVENTS_IN_ERBB2_SIGNALING	Details ...	9	0.6648856	1.6383921	0.025263159	0.9031337	1.0	602	tags=33%, list=4%, signal=35%	
REACTOME_DEADENYLATION_OF_MRNA	REACTOME_DEADENYLATION_OF_MRNA	Details ...	23	0.50280136	1.6364067	0.010683761	0.84794325	1.0	5422	tags=65%, list=35%, signal=100%	
REACTOME_CALCINEURIN_ACTIVATES_NFAT	REACTOME_CALCINEURIN_ACTIVATES_NFAT	Details ...	10	0.62905574	1.6300269	0.04112554	0.8291056	1.0	2244	tags=50%, list=15%, signal=58%	
REACTOME_TRANSCRIPTIONAL_REGULATION_BY_E2F6	REACTOME_TRANSCRIPTIONAL_REGULATION_BY_E2F6	Details ...	23	0.48486793	1.6285024	0.02183406	0.78265554	1.0	3690	tags=43%, list=24%, signal=57%	
REACTOME_FORMATION_OF_ATP_BY_CHEMIOSMOTIC_COUPLING	REACTOME_FORMATION_OF_ATP_BY_CHEMIOSMOTIC_COUPLING	Details ...	20	0.5025979	1.6284087	0.013274336	0.7340929	1.0	6484	tags=75%, list=42%, signal=129%	
REACTOME_ACTIVATION_OF_BAD_AND_TRANSLOCATION_TO_MITOCHONDRIA	REACTOME_ACTIVATION_OF_BAD_AND_TRANSLOCATION_TO_MITOCHONDRIA	Details ...	12	0.60455704	1.6140947	0.024242423	0.77392143	1.0	5631	tags=83%, list=37%, signal=131%	
REACTOME_ERBB2_ACTIVATES_PTK6_SIGNALING	REACTOME_ERBB2_ACTIVATES_PTK6_SIGNALING	Details ...	5	0.76224804	1.5904491	0.020746889	0.8714076	1.0	602	tags=40%, list=4%, signal=42%	
REACTOME_SIGNALING_BY_ERBB2	REACTOME_SIGNALING_BY_ERBB2	Details ...	39	0.42133272	1.5847727	0.014736842	0.8627573	1.0	2009	tags=33%, list=13%, signal=38%	
REACTOME_TRANSCRIPTIONAL_ACTIVITY_OF_SMAD2_SMAD3_SMAD4_HETEROTRIMER	REACTOME_TRANSCRIPTIONAL_ACTIVITY_OF_SMAD2_SMAD3_SMAD4_HETEROTRIMER	Details ...	38	0.43111974	1.5826544	0.0112866815	0.83156145	1.0	4311	tags=55%, list=28%, signal=77%	
BIOCARTA_TGFB_PATHWAY	BIOCARTA_TGFB_PATHWAY	Details ...	16	0.53581625	1.5667311	0.028571429	0.8900848	1.0	4776	tags=56%, list=31%, signal=81%	
BIOCARTA_CTCF_PATHWAY	BIOCARTA_CTCF_PATHWAY	Details ...	22	0.4780186	1.5642549	0.025404157	0.864432	1.0	4917	tags=55%, list=32%, signal=80%	
REACTOME_NUCLEAR_SIGNALING_BY_ERBB4	REACTOME_NUCLEAR_SIGNALING_BY_ERBB4	Details ...	9	0.64705074	1.5642143	0.042194095	0.8271294	1.0	96	tags=22%, list=1%, signal=22%	
REACTOME_COHESIN_LOADING_ONTO_CHROMATIN	REACTOME_COHESIN_LOADING_ONTO_CHROMATIN	Details ...	10	0.60563153	1.5538602	0.03877551	0.85394675	1.0	4584	tags=80%, list=30%, signal=114%	
WP_ERBB_SIGNALING_PATHWAY	WP_ERBB_SIGNALING_PATHWAY	Details ...	39	0.41843325	1.5525484	0.017699115	0.82809776	1.0	1364	tags=23%, list=9%, signal=25%	
REACTOME_SYNTHESIS_OF_DIPHTHAMIDE_EEF2	REACTOME_SYNTHESIS_OF_DIPHTHAMIDE_EEF2	Details ...	7	0.68941385	1.5518631	0.04828974	0.80023956	1.0	3952	tags=57%, list=26%, signal=77%	
REACTOME_DOWNREGULATION_OF_ERBB2_ERBB3_SIGNALING	REACTOME_DOWNREGULATION_OF_ERBB2_ERBB3_SIGNALING	Details ...	13	0.5413921	1.5417532	0.04464286	0.8264788	1.0	1398	tags=38%, list=9%, signal=42%	
REACTOME_ESTABLISHMENT_OF_SISTER_CHROMATID_COHESION	REACTOME_ESTABLISHMENT_OF_SISTER_CHROMATID_COHESION	Details ...	11	0.5771213	1.5331266	0.052980132	0.84525305	1.0	4584	tags=82%, list=30%, signal=116%	
REACTOME_REACTIONS_SPECIFIC_TO_THE_COMPLEX_N_GLYCAN_SYNTHESIS_PATHWAY	REACTOME_REACTIONS_SPECIFIC_TO_THE_COMPLEX_N_GLYCAN_SYNTHESIS_PATHWAY	Details ...	6	0.6958943	1.5252423	0.05856833	0.860683	1.0	1485	tags=33%, list=10%, signal=37%	
REACTOME_ERBB2_REGULATES_CELL_MOTILITY	REACTOME_ERBB2_REGULATES_CELL_MOTILITY	Details ...	8	0.6365134	1.5222596	0.043010753	0.85022014	1.0	602	tags=25%, list=4%, signal=26%	
REACTOME_POST_TRANSCRIPTIONAL_SILENCING_BY_SMALL_RNAS	REACTOME_POST_TRANSCRIPTIONAL_SILENCING_BY_SMALL_RNAS	Details ...	6	0.7015145	1.5194622	0.04897959	0.83788186	1.0	4135	tags=83%, list=27%, signal=114%	
REACTOME_EUKARYOTIC_TRANSLATION_ELONGATION	REACTOME_EUKARYOTIC_TRANSLATION_ELONGATION	Details ...	5	0.7388913	1.4997954	0.03869654	0.9221079	1.0	3952	tags=80%, list=26%, signal=108%	
REACTOME_RHOBTB_GTPASE_CYCLE	REACTOME_RHOBTB_GTPASE_CYCLE	Details ...	34	0.41691616	1.491027	0.040511727	0.94655925	1.0	4248	tags=50%, list=28%, signal=69%	
REACTOME_SIGNALING_BY_ERBB4	REACTOME_SIGNALING_BY_ERBB4	Details ...	28	0.4345369	1.4857208	0.03521127	0.95133454	1.0	1508	tags=25%, list=10%, signal=28%	
REACTOME_RNA_POLYMERASE_II_TRANSCRIPTION_TERMINATION	REACTOME_RNA_POLYMERASE_II_TRANSCRIPTION_TERMINATION	Details ...	61	0.36740294	1.4811971	0.025522042	0.9508868	1.0	4114	tags=43%, list=27%, signal=58%	
REACTOME_REGULATION_OF_TP53_ACTIVITY_THROUGH_ACETYLATION	REACTOME_REGULATION_OF_TP53_ACTIVITY_THROUGH_ACETYLATION	Details ...	29	0.42082015	1.4782345	0.041666668	0.9405319	1.0	934	tags=17%, list=6%, signal=18%	
REACTOME_ACTIVATION_OF_BH3_ONLY_PROTEINS	REACTOME_ACTIVATION_OF_BH3_ONLY_PROTEINS	Details ...	18	0.48169222	1.4767904	0.052863438	0.92359793	1.0	5631	tags=72%, list=37%, signal=114%	
WP_MRNA_PROCESSING	WP_MRNA_PROCESSING	Details ...	404	0.2731465	1.4664863	0.0	0.9591194	1.0	4350	tags=38%, list=28%, signal=51%	
REACTOME_PI5P_REGULATES_TP53_ACETYLATION	REACTOME_PI5P_REGULATES_TP53_ACETYLATION	Details ...	9	0.5944684	1.466464	0.08264463	0.9347172	1.0	3377	tags=44%, list=22%, signal=57%	
REACTOME_PHOSPHORYLATION_OF_CD3_AND_TCR_ZETA_CHAINS	REACTOME_PHOSPHORYLATION_OF_CD3_AND_TCR_ZETA_CHAINS	Details ...	20	0.4664426	1.4658504	0.04506438	0.91441303	1.0	2303	tags=30%, list=15%, signal=35%	
REACTOME_TRANSLOCATION_OF_ZAP_70_TO_IMMUNOLOGICAL_SYNAPSE	REACTOME_TRANSLOCATION_OF_ZAP_70_TO_IMMUNOLOGICAL_SYNAPSE	Details ...	17	0.48552546	1.4539567	0.08496732	0.9592563	1.0	2303	tags=29%, list=15%, signal=35%	
BIOCARTA_PELP1_PATHWAY	BIOCARTA_PELP1_PATHWAY	Details ...	5	0.68932515	1.4402457	0.0781893	1.0	1.0	979	tags=40%, list=6%, signal=43%	
REACTOME_TRANSCRIPTIONAL_REGULATION_BY_THE_AP_2_TFAP2_FAMILY_OF_TRANSCRIPTION_FACTORS	REACTOME_TRANSCRIPTIONAL_REGULATION_BY_THE_AP_2_TFAP2_FAMILY_OF_TRANSCRIPTION_FACTORS	Details ...	14	0.51138383	1.439421	0.08032128	0.9974698	1.0	3540	tags=50%, list=23%, signal=65%	
REACTOME_CLASS_B_2_SECRETIN_FAMILY_RECEPTORS	REACTOME_CLASS_B_2_SECRETIN_FAMILY_RECEPTORS	Details ...	22	0.4384896	1.4368905	0.06029106	0.9894715	1.0	2025	tags=27%, list=13%, signal=31%	
BIOCARTA_CTBP1_PATHWAY	BIOCARTA_CTBP1_PATHWAY	Details ...	8	0.6215536	1.429271	0.06995885	1.0	1.0	1750	tags=25%, list=11%, signal=28%	
WP_FATTY_ACID_OXIDATION	WP_FATTY_ACID_OXIDATION	Details ...	10	0.56182796	1.4283892	0.084070794	0.9954572	1.0	2986	tags=40%, list=19%, signal=50%	
REACTOME_REGULATION_OF_INSULIN_SECRETION	REACTOME_REGULATION_OF_INSULIN_SECRETION	Details ...	44	0.3779254	1.4277867	0.047722343	0.9778406	1.0	2824	tags=32%, list=18%, signal=39%	
WP_EXERCISEINDUCED_CIRCADIAN_REGULATION	WP_EXERCISEINDUCED_CIRCADIAN_REGULATION	Details ...	41	0.38254473	1.4150745	0.055172414	1.0	1.0	2521	tags=34%, list=16%, signal=41%	
REACTOME_IKK_COMPLEX_RECRUITMENT_MEDIATED_BY_RIP1	REACTOME_IKK_COMPLEX_RECRUITMENT_MEDIATED_BY_RIP1	Details ...	24	0.42285693	1.4107465	0.08752735	1.0	1.0	2181	tags=29%, list=14%, signal=34%	
REACTOME_EPHB_MEDIATED_FORWARD_SIGNALING	REACTOME_EPHB_MEDIATED_FORWARD_SIGNALING	Details ...	29	0.40907234	1.4080653	0.057777777	1.0	1.0	3526	tags=41%, list=23%, signal=54%	
BIOCARTA_CALCINEURIN_PATHWAY	BIOCARTA_CALCINEURIN_PATHWAY		16	0.46848974	1.4057218	0.09656652	1.0	1.0	3822	tags=44%, list=25%, signal=58%	
WP_MITOCHONDRIAL_LONG_CHAIN_FATTY_ACID_BETAOXIDATION	WP_MITOCHONDRIAL_LONG_CHAIN_FATTY_ACID_BETAOXIDATION		16	0.48044604	1.4036703	0.06696428	1.0	1.0	3511	tags=44%, list=23%, signal=57%	
REACTOME_REGULATION_OF_TP53_ACTIVITY_THROUGH_ASSOCIATION_WITH_CO_FACTORS	REACTOME_REGULATION_OF_TP53_ACTIVITY_THROUGH_ASSOCIATION_WITH_CO_FACTORS		10	0.5497314	1.4021311	0.11359026	1.0	1.0	1549	tags=40%, list=10%, signal=44%	
REACTOME_SYNTHESIS_OF_PE	REACTOME_SYNTHESIS_OF_PE		9	0.57231915	1.4001051	0.08888889	0.99517053	1.0	1890	tags=56%, list=12%, signal=63%	
REACTOME_APOPTOTIC_CLEAVAGE_OF_CELLULAR_PROTEINS	REACTOME_APOPTOTIC_CLEAVAGE_OF_CELLULAR_PROTEINS		30	0.4018562	1.3970962	0.06635071	0.9932399	1.0	3261	tags=30%, list=21%, signal=38%	
BIOCARTA_TERT_PATHWAY	BIOCARTA_TERT_PATHWAY		6	0.64581835	1.3962615	0.09012876	0.9800612	1.0	4869	tags=83%, list=32%, signal=122%	
REACTOME_PROTEIN_UBIQUITINATION	REACTOME_PROTEIN_UBIQUITINATION		67	0.33604032	1.3945074	0.050997782	0.97223014	1.0	2705	tags=31%, list=18%, signal=38%	
REACTOME_SYNTHESIS_OF_PIPS_AT_THE_LATE_ENDOSOME_MEMBRANE	REACTOME_SYNTHESIS_OF_PIPS_AT_THE_LATE_ENDOSOME_MEMBRANE		10	0.54098415	1.3918906	0.10403397	0.9700833	1.0	3477	tags=50%, list=23%, signal=65%	
REACTOME_GRB2_EVENTS_IN_ERBB2_SIGNALING	REACTOME_GRB2_EVENTS_IN_ERBB2_SIGNALING		7	0.6178439	1.3832309	0.10040161	0.9991769	1.0	4523	tags=86%, list=29%, signal=121%	
REACTOME_EXTRA_NUCLEAR_ESTROGEN_SIGNALING	REACTOME_EXTRA_NUCLEAR_ESTROGEN_SIGNALING		53	0.34709716	1.3826994	0.059907835	0.9856776	1.0	2022	tags=25%, list=13%, signal=28%	
WP_OMEGA9_FATTY_ACID_SYNTHESIS	WP_OMEGA9_FATTY_ACID_SYNTHESIS		12	0.504052	1.3820215	0.10766046	0.97303027	1.0	890	tags=33%, list=6%, signal=35%	
REACTOME_DOWNREGULATION_OF_SMAD2_3_SMAD4_TRANSCRIPTIONAL_ACTIVITY	REACTOME_DOWNREGULATION_OF_SMAD2_3_SMAD4_TRANSCRIPTIONAL_ACTIVITY		23	0.43391496	1.3815114	0.09071274	0.96026903	1.0	4311	tags=61%, list=28%, signal=84%	
REACTOME_PROCESSING_AND_ACTIVATION_OF_SUMO	REACTOME_PROCESSING_AND_ACTIVATION_OF_SUMO		10	0.53208786	1.371662	0.115234375	0.9962636	1.0	6168	tags=60%, list=40%, signal=100%	
BIOCARTA_NFAT_PATHWAY	BIOCARTA_NFAT_PATHWAY		35	0.37848726	1.3604059	0.09241706	1.0	1.0	2244	tags=34%, list=15%, signal=40%	
REACTOME_RHOBTB1_GTPASE_CYCLE	REACTOME_RHOBTB1_GTPASE_CYCLE		22	0.42235416	1.3592831	0.08668076	1.0	1.0	4248	tags=55%, list=28%, signal=75%	
REACTOME_RNA_POLYMERASE_II_TRANSCRIBES_SNRNA_GENES	REACTOME_RNA_POLYMERASE_II_TRANSCRIBES_SNRNA_GENES		72	0.3218122	1.3566293	0.03318584	1.0	1.0	5450	tags=42%, list=35%, signal=64%	
REACTOME_E3_UBIQUITIN_LIGASES_UBIQUITINATE_TARGET_PROTEINS	REACTOME_E3_UBIQUITIN_LIGASES_UBIQUITINATE_TARGET_PROTEINS		47	0.35632092	1.3533719	0.075	1.0	1.0	2705	tags=34%, list=18%, signal=41%	
WP_TRANSLATION_FACTORS	WP_TRANSLATION_FACTORS		45	0.34743938	1.3527887	0.07725322	1.0	1.0	5764	tags=53%, list=37%, signal=85%	
REACTOME_SENSING_OF_DNA_DOUBLE_STRAND_BREAKS	REACTOME_SENSING_OF_DNA_DOUBLE_STRAND_BREAKS		7	0.5882082	1.3488582	0.12636165	1.0	1.0	3141	tags=43%, list=20%, signal=54%	
REACTOME_P130CAS_LINKAGE_TO_MAPK_SIGNALING_FOR_INTEGRINS	REACTOME_P130CAS_LINKAGE_TO_MAPK_SIGNALING_FOR_INTEGRINS		12	0.50084704	1.3485856	0.10816777	1.0	1.0	342	tags=25%, list=2%, signal=26%	
REACTOME_SUMOYLATION_OF_DNA_DAMAGE_RESPONSE_AND_REPAIR_PROTEINS	REACTOME_SUMOYLATION_OF_DNA_DAMAGE_RESPONSE_AND_REPAIR_PROTEINS		73	0.31827337	1.3468072	0.040963855	1.0	1.0	3300	tags=29%, list=21%, signal=36%	
BIOCARTA_ERBB3_PATHWAY	BIOCARTA_ERBB3_PATHWAY		5	0.66173875	1.3460242	0.14623655	0.9955895	1.0	1278	tags=40%, list=8%, signal=44%	
WP_NONHOMOLOGOUS_END_JOINING	WP_NONHOMOLOGOUS_END_JOINING		7	0.58323026	1.3451279	0.15576923	0.9863862	1.0	4648	tags=57%, list=30%, signal=82%	
REACTOME_UNBLOCKING_OF_NMDA_RECEPTORS_GLUTAMATE_BINDING_AND_ACTIVATION	REACTOME_UNBLOCKING_OF_NMDA_RECEPTORS_GLUTAMATE_BINDING_AND_ACTIVATION		12	0.49462622	1.3361686	0.13419913	1.0	1.0	4959	tags=58%, list=32%, signal=86%	
REACTOME_PROTEIN_HYDROXYLATION	REACTOME_PROTEIN_HYDROXYLATION		18	0.43480834	1.3357651	0.11506276	1.0	1.0	2881	tags=33%, list=19%, signal=41%	
REACTOME_TRAIL_SIGNALING	REACTOME_TRAIL_SIGNALING		5	0.6474197	1.3321924	0.16142558	1.0	1.0	4246	tags=80%, list=28%, signal=110%	
REACTOME_STING_MEDIATED_INDUCTION_OF_HOST_IMMUNE_RESPONSES	REACTOME_STING_MEDIATED_INDUCTION_OF_HOST_IMMUNE_RESPONSES		6	0.60267186	1.3305085	0.1734694	1.0	1.0	605	tags=17%, list=4%, signal=17%	
REACTOME_DEADENYLATION_DEPENDENT_MRNA_DECAY	REACTOME_DEADENYLATION_DEPENDENT_MRNA_DECAY		52	0.3361245	1.3257133	0.076576576	1.0	1.0	5422	tags=50%, list=35%, signal=77%	
REACTOME_PEROXISOMAL_PROTEIN_IMPORT	REACTOME_PEROXISOMAL_PROTEIN_IMPORT		55	0.32686782	1.3232647	0.06941432	1.0	1.0	2939	tags=31%, list=19%, signal=38%	
REACTOME_RNA_POLYMERASE_III_TRANSCRIPTION_INITIATION_FROM_TYPE_3_PROMOTER	REACTOME_RNA_POLYMERASE_III_TRANSCRIPTION_INITIATION_FROM_TYPE_3_PROMOTER		26	0.39174083	1.3197616	0.12711865	1.0	1.0	2332	tags=23%, list=15%, signal=27%	
REACTOME_RNA_POLYMERASE_III_TRANSCRIPTION	REACTOME_RNA_POLYMERASE_III_TRANSCRIPTION		34	0.36421037	1.3185732	0.09255079	1.0	1.0	2332	tags=21%, list=15%, signal=24%	
BIOCARTA_BCR_PATHWAY	BIOCARTA_BCR_PATHWAY		30	0.38271463	1.3179508	0.104166664	1.0	1.0	2383	tags=33%, list=15%, signal=39%	
REACTOME_CASPASE_MEDIATED_CLEAVAGE_OF_CYTOSKELETAL_PROTEINS	REACTOME_CASPASE_MEDIATED_CLEAVAGE_OF_CYTOSKELETAL_PROTEINS		11	0.494738	1.316571	0.16913319	1.0	1.0	2919	tags=36%, list=19%, signal=45%	
REACTOME_CD28_CO_STIMULATION	REACTOME_CD28_CO_STIMULATION		32	0.36537957	1.3157195	0.10652174	0.9937334	1.0	1508	tags=19%, list=10%, signal=21%	
REACTOME_RHOBTB2_GTPASE_CYCLE	REACTOME_RHOBTB2_GTPASE_CYCLE		22	0.40621874	1.3063025	0.114164904	1.0	1.0	4248	tags=55%, list=28%, signal=75%	
REACTOME_GDP_FUCOSE_BIOSYNTHESIS	REACTOME_GDP_FUCOSE_BIOSYNTHESIS		6	0.60958874	1.3058859	0.15010571	1.0	1.0	1834	tags=33%, list=12%, signal=38%	
REACTOME_BETA_OXIDATION_OF_LAUROYL_COA_TO_DECANOYL_COA_COA	REACTOME_BETA_OXIDATION_OF_LAUROYL_COA_TO_DECANOYL_COA_COA		5	0.63019335	1.3058591	0.18067227	1.0	1.0	4360	tags=60%, list=28%, signal=84%	
WP_ECTODYSPLASIN_A_SIGNALING_IN_HAIR_FOLLICLE_DEVELOPMENT	WP_ECTODYSPLASIN_A_SIGNALING_IN_HAIR_FOLLICLE_DEVELOPMENT		7	0.561259	1.2999169	0.15416667	1.0	1.0	162	tags=14%, list=1%, signal=14%	
REACTOME_SIGNALING_BY_THE_B_CELL_RECEPTOR_BCR	REACTOME_SIGNALING_BY_THE_B_CELL_RECEPTOR_BCR		104	0.28324026	1.2948949	0.056234717	1.0	1.0	5414	tags=40%, list=35%, signal=62%	
REACTOME_REGULATION_OF_TP53_ACTIVITY	REACTOME_REGULATION_OF_TP53_ACTIVITY		145	0.27453035	1.2948754	0.03937008	1.0	1.0	3534	tags=26%, list=23%, signal=34%	
REACTOME_CA2_PATHWAY	REACTOME_CA2_PATHWAY		33	0.36255962	1.2947624	0.12331839	1.0	1.0	2244	tags=27%, list=15%, signal=32%	
WP_MITOCHONDRIAL_GENE_EXPRESSION	WP_MITOCHONDRIAL_GENE_EXPRESSION		19	0.4117095	1.2927926	0.1477516	1.0	1.0	3461	tags=42%, list=22%, signal=54%	
REACTOME_SYNTHESIS_OF_ACTIVE_UBIQUITIN_ROLES_OF_E1_AND_E2_ENZYMES	REACTOME_SYNTHESIS_OF_ACTIVE_UBIQUITIN_ROLES_OF_E1_AND_E2_ENZYMES		31	0.36595735	1.290298	0.119825706	1.0	1.0	3958	tags=45%, list=26%, signal=61%	
WP_NODLIKE_RECEPTOR_NLR_SIGNALING_PATHWAY	WP_NODLIKE_RECEPTOR_NLR_SIGNALING_PATHWAY		8	0.5292397	1.2896359	0.17311609	1.0	1.0	3914	tags=38%, list=25%, signal=50%	
BIOCARTA_EIF_PATHWAY	BIOCARTA_EIF_PATHWAY		9	0.5088958	1.2893087	0.16632444	0.9981604	1.0	4911	tags=78%, list=32%, signal=114%	
REACTOME_PROTEIN_METHYLATION	REACTOME_PROTEIN_METHYLATION		19	0.42012283	1.288013	0.13913043	0.9945797	1.0	5030	tags=58%, list=33%, signal=86%	
REACTOME_TP53_REGULATES_TRANSCRIPTION_OF_GENES_INVOLVED_IN_CYTOCHROME_C_RELEASE	REACTOME_TP53_REGULATES_TRANSCRIPTION_OF_GENES_INVOLVED_IN_CYTOCHROME_C_RELEASE		7	0.55272734	1.2844381	0.1884058	1.0	1.0	669	tags=29%, list=4%, signal=30%	
BIOCARTA_TOB1_PATHWAY	BIOCARTA_TOB1_PATHWAY		17	0.42980447	1.2821647	0.16101696	1.0	1.0	2860	tags=29%, list=19%, signal=36%	
REACTOME_SYNTHESIS_OF_PIPS_AT_THE_PLASMA_MEMBRANE	REACTOME_SYNTHESIS_OF_PIPS_AT_THE_PLASMA_MEMBRANE		48	0.32261333	1.2807047	0.08796296	0.9984881	1.0	1926	tags=25%, list=12%, signal=28%	
WP_GPCRS_SMALL_LIGAND	WP_GPCRS_SMALL_LIGAND		12	0.48379079	1.27806	0.20318726	1.0	1.0	1848	tags=33%, list=12%, signal=38%	
BIOCARTA_ACTINY_PATHWAY	BIOCARTA_ACTINY_PATHWAY		6	0.5818323	1.2752491	0.21218075	1.0	1.0	3830	tags=50%, list=25%, signal=66%	
REACTOME_PROCESSING_OF_INTRONLESS_PRE_MRNAS	REACTOME_PROCESSING_OF_INTRONLESS_PRE_MRNAS		20	0.41238442	1.2746968	0.17030568	0.9975432	1.0	4031	tags=45%, list=26%, signal=61%	
REACTOME_FOXO_MEDIATED_TRANSCRIPTION	REACTOME_FOXO_MEDIATED_TRANSCRIPTION		19	0.4078715	1.2742391	0.15040651	0.9902098	1.0	2093	tags=32%, list=14%, signal=36%	
REACTOME_SIGNALING_BY_HIPPO	REACTOME_SIGNALING_BY_HIPPO		16	0.44154376	1.2732469	0.17136659	0.9854645	1.0	4535	tags=56%, list=29%, signal=80%	
REACTOME_ANTIGEN_ACTIVATES_B_CELL_RECEPTOR_BCR_LEADING_TO_GENERATION_OF_SECOND_MESSENGERS	REACTOME_ANTIGEN_ACTIVATES_B_CELL_RECEPTOR_BCR_LEADING_TO_GENERATION_OF_SECOND_MESSENGERS		26	0.3772863	1.2711307	0.17211328	0.9853293	1.0	5044	tags=58%, list=33%, signal=86%	
REACTOME_TP53_REGULATES_TRANSCRIPTION_OF_ADDITIONAL_CELL_CYCLE_GENES_WHOSE_EXACT_ROLE_IN_THE_P53_PATHWAY_REMAIN_UNCERTAIN	REACTOME_TP53_REGULATES_TRANSCRIPTION_OF_ADDITIONAL_CELL_CYCLE_GENES_WHOSE_EXACT_ROLE_IN_THE_P53_PATHWAY_REMAIN_UNCERTAIN		18	0.41776866	1.269566	0.15296803	0.983613	1.0	2107	tags=33%, list=14%, signal=39%	
REACTOME_BETA_OXIDATION_OF_OCTANOYL_COA_TO_HEXANOYL_COA	REACTOME_BETA_OXIDATION_OF_OCTANOYL_COA_TO_HEXANOYL_COA		5	0.6307159	1.266594	0.20858896	0.9885387	1.0	4360	tags=60%, list=28%, signal=84%	
BIOCARTA_TCR_PATHWAY	BIOCARTA_TCR_PATHWAY		40	0.33895457	1.2643821	0.13636364	0.98940486	1.0	2388	tags=25%, list=15%, signal=30%	
REACTOME_PROLACTIN_RECEPTOR_SIGNALING	REACTOME_PROLACTIN_RECEPTOR_SIGNALING		7	0.5446988	1.2638599	0.20350109	0.9825705	1.0	1861	tags=29%, list=12%, signal=32%	
REACTOME_OVARIAN_TUMOR_DOMAIN_PROTEASES	REACTOME_OVARIAN_TUMOR_DOMAIN_PROTEASES		32	0.35659423	1.2637259	0.13163482	0.97430813	1.0	3514	tags=38%, list=23%, signal=48%	
REACTOME_SYNTHESIS_OF_KETONE_BODIES	REACTOME_SYNTHESIS_OF_KETONE_BODIES		6	0.57047397	1.25996	0.20746888	0.98229593	1.0	425	tags=17%, list=3%, signal=17%	
REACTOME_REGULATION_OF_TP53_DEGRADATION	REACTOME_REGULATION_OF_TP53_DEGRADATION		35	0.34877574	1.2586907	0.16551724	0.979473	1.0	2355	tags=26%, list=15%, signal=30%	
WP_GPCRS_CLASS_B_SECRETINLIKE	WP_GPCRS_CLASS_B_SECRETINLIKE		7	0.54460174	1.2544665	0.20600858	0.98922026	1.0	1738	tags=29%, list=11%, signal=32%	
WP_OMEGA3_OMEGA6_FATTY_ACID_SYNTHESIS	WP_OMEGA3_OMEGA6_FATTY_ACID_SYNTHESIS		14	0.4388223	1.2512106	0.18777293	0.99500406	1.0	919	tags=29%, list=6%, signal=30%	
REACTOME_REGULATION_OF_FZD_BY_UBIQUITINATION	REACTOME_REGULATION_OF_FZD_BY_UBIQUITINATION		13	0.44738844	1.2510734	0.18393235	0.9869454	1.0	1682	tags=38%, list=11%, signal=43%	
REACTOME_EGFR_TRANSACTIVATION_BY_GASTRIN	REACTOME_EGFR_TRANSACTIVATION_BY_GASTRIN		5	0.6044131	1.2466996	0.22154471	0.9974599	1.0	4021	tags=80%, list=26%, signal=108%	
REACTOME_SUMOYLATION_OF_RNA_BINDING_PROTEINS	REACTOME_SUMOYLATION_OF_RNA_BINDING_PROTEINS		46	0.3212407	1.2461679	0.14611872	0.99143606	1.0	3108	tags=28%, list=20%, signal=35%	
REACTOME_GRB2_SOS_PROVIDES_LINKAGE_TO_MAPK_SIGNALING_FOR_INTEGRINS	REACTOME_GRB2_SOS_PROVIDES_LINKAGE_TO_MAPK_SIGNALING_FOR_INTEGRINS		12	0.46903566	1.24255	0.18432203	0.9986158	1.0	1282	tags=33%, list=8%, signal=36%	
REACTOME_PROCESSING_OF_CAPPED_INTRONLESS_PRE_MRNA	REACTOME_PROCESSING_OF_CAPPED_INTRONLESS_PRE_MRNA		29	0.35662025	1.2419643	0.16136363	0.9928888	1.0	4031	tags=38%, list=26%, signal=51%	
REACTOME_KERATAN_SULFATE_DEGRADATION	REACTOME_KERATAN_SULFATE_DEGRADATION		6	0.5751166	1.2418412	0.24406047	0.98511857	1.0	1467	tags=33%, list=10%, signal=37%	
REACTOME_DOWNSTREAM_TCR_SIGNALING	REACTOME_DOWNSTREAM_TCR_SIGNALING		93	0.27895406	1.2415366	0.113895215	0.9782316	1.0	2821	tags=19%, list=18%, signal=24%	
REACTOME_TRYPTOPHAN_CATABOLISM	REACTOME_TRYPTOPHAN_CATABOLISM		9	0.48828444	1.2404232	0.22727273	0.9752108	1.0	2868	tags=33%, list=19%, signal=41%	
REACTOME_KEAP1_NFE2L2_PATHWAY	REACTOME_KEAP1_NFE2L2_PATHWAY		76	0.28737745	1.2396041	0.11060948	0.9709723	1.0	1861	tags=13%, list=12%, signal=15%	
REACTOME_MYOGENESIS	REACTOME_MYOGENESIS		17	0.42283702	1.2373054	0.1875	0.97307247	1.0	3448	tags=35%, list=22%, signal=45%	
REACTOME_FREE_FATTY_ACIDS_REGULATE_INSULIN_SECRETION	REACTOME_FREE_FATTY_ACIDS_REGULATE_INSULIN_SECRETION		10	0.47970808	1.2370591	0.21321961	0.9664437	1.0	2824	tags=40%, list=18%, signal=49%	
REACTOME_NEGATIVE_REGULATION_OF_THE_PI3K_AKT_NETWORK	REACTOME_NEGATIVE_REGULATION_OF_THE_PI3K_AKT_NETWORK		78	0.2841993	1.2317051	0.12080537	0.98185605	1.0	689	tags=12%, list=4%, signal=12%	
REACTOME_RHO_GTPASES_ACTIVATE_WASPS_AND_WAVES	REACTOME_RHO_GTPASES_ACTIVATE_WASPS_AND_WAVES		30	0.35375288	1.2298974	0.19730942	0.9820796	1.0	4082	tags=40%, list=26%, signal=54%	
REACTOME_SYNTHESIS_OF_PIPS_AT_THE_EARLY_ENDOSOME_MEMBRANE	REACTOME_SYNTHESIS_OF_PIPS_AT_THE_EARLY_ENDOSOME_MEMBRANE		15	0.42397544	1.2269589	0.19661734	0.9872202	1.0	3477	tags=47%, list=23%, signal=60%	
BIOCARTA_VIP_PATHWAY	BIOCARTA_VIP_PATHWAY		22	0.38412458	1.226583	0.2034632	0.9812629	1.0	2244	tags=27%, list=15%, signal=32%	
REACTOME_DOWNREGULATION_OF_ERBB4_SIGNALING	REACTOME_DOWNREGULATION_OF_ERBB4_SIGNALING		9	0.48085278	1.2257969	0.23982869	0.97717226	1.0	1398	tags=33%, list=9%, signal=37%	
REACTOME_SUMOYLATION_OF_TRANSCRIPTION_COFACTORS	REACTOME_SUMOYLATION_OF_TRANSCRIPTION_COFACTORS		38	0.33203915	1.2251769	0.17312072	0.9721597	1.0	1750	tags=18%, list=11%, signal=21%	
REACTOME_STRIATED_MUSCLE_CONTRACTION	REACTOME_STRIATED_MUSCLE_CONTRACTION		17	0.4051054	1.2232261	0.20833333	0.9725016	1.0	2172	tags=29%, list=14%, signal=34%	
REACTOME_SUMO_IS_PROTEOLYTICALLY_PROCESSED	REACTOME_SUMO_IS_PROTEOLYTICALLY_PROCESSED		6	0.56085926	1.223138	0.23632812	0.9655222	1.0	6168	tags=67%, list=40%, signal=111%	
REACTOME_DCC_MEDIATED_ATTRACTIVE_SIGNALING	REACTOME_DCC_MEDIATED_ATTRACTIVE_SIGNALING		8	0.5126982	1.2163357	0.22457626	0.986687	1.0	990	tags=38%, list=6%, signal=40%	
REACTOME_SMAD2_SMAD3_SMAD4_HETEROTRIMER_REGULATES_TRANSCRIPTION	REACTOME_SMAD2_SMAD3_SMAD4_HETEROTRIMER_REGULATES_TRANSCRIPTION		25	0.36244625	1.214669	0.20588236	0.98649544	1.0	4311	tags=48%, list=28%, signal=67%	
REACTOME_TRANSCRIPTIONAL_REGULATION_BY_TP53	REACTOME_TRANSCRIPTIONAL_REGULATION_BY_TP53		281	0.23246807	1.2097555	0.06284153	1.0	1.0	3569	tags=25%, list=23%, signal=32%	
REACTOME_RNA_POLYMERASE_II_PROMOTER_ESCAPE	REACTOME_RNA_POLYMERASE_II_PROMOTER_ESCAPE		44	0.3146155	1.208564	0.1788793	0.998964	1.0	5334	tags=45%, list=35%, signal=69%	
REACTOME_IONOTROPIC_ACTIVITY_OF_KAINATE_RECEPTORS	REACTOME_IONOTROPIC_ACTIVITY_OF_KAINATE_RECEPTORS		8	0.5068513	1.2081857	0.23940678	0.9933832	1.0	4959	tags=75%, list=32%, signal=111%	
REACTOME_EPHA_MEDIATED_GROWTH_CONE_COLLAPSE	REACTOME_EPHA_MEDIATED_GROWTH_CONE_COLLAPSE		10	0.47244072	1.1986799	0.25910932	1.0	1.0	1737	tags=30%, list=11%, signal=34%	
REACTOME_CELLULAR_RESPONSE_TO_HEAT_STRESS	REACTOME_CELLULAR_RESPONSE_TO_HEAT_STRESS		80	0.27745882	1.1982826	0.1330377	1.0	1.0	4426	tags=39%, list=29%, signal=54%	
REACTOME_RNA_POLYMERASE_II_PRE_TRANSCRIPTION_EVENTS	REACTOME_RNA_POLYMERASE_II_PRE_TRANSCRIPTION_EVENTS		76	0.27877286	1.1895316	0.16252822	1.0	1.0	5450	tags=42%, list=35%, signal=65%	
BIOCARTA_CIRCADIAN_PATHWAY	BIOCARTA_CIRCADIAN_PATHWAY		6	0.5440131	1.1894466	0.262	1.0	1.0	1200	tags=33%, list=8%, signal=36%	
BIOCARTA_STEM_PATHWAY	BIOCARTA_STEM_PATHWAY		5	0.5877414	1.1890181	0.2632653	1.0	1.0	679	tags=20%, list=4%, signal=21%	
REACTOME_APOPTOTIC_EXECUTION_PHASE	REACTOME_APOPTOTIC_EXECUTION_PHASE		42	0.3157907	1.1878488	0.19302325	1.0	1.0	3268	tags=26%, list=21%, signal=33%	
REACTOME_ADP_SIGNALLING_THROUGH_P2Y_PURINOCEPTOR_1	REACTOME_ADP_SIGNALLING_THROUGH_P2Y_PURINOCEPTOR_1		21	0.37275448	1.1876532	0.22077923	1.0	1.0	722	tags=19%, list=5%, signal=20%	
BIOCARTA_RAB_PATHWAY	BIOCARTA_RAB_PATHWAY		10	0.4552997	1.1867903	0.23721881	1.0	1.0	4134	tags=50%, list=27%, signal=68%	
WP_OXIDATION_BY_CYTOCHROME_P450	WP_OXIDATION_BY_CYTOCHROME_P450		17	0.39377296	1.1819482	0.25	1.0	1.0	3055	tags=41%, list=20%, signal=51%	
REACTOME_EPHRIN_SIGNALING	REACTOME_EPHRIN_SIGNALING		13	0.41895807	1.1818587	0.23868313	1.0	1.0	734	tags=15%, list=5%, signal=16%	
REACTOME_HDL_ASSEMBLY	REACTOME_HDL_ASSEMBLY		5	0.58945066	1.1806076	0.29531568	1.0	1.0	4627	tags=80%, list=30%, signal=114%	
REACTOME_SUMOYLATION_OF_SUMOYLATION_PROTEINS	REACTOME_SUMOYLATION_OF_SUMOYLATION_PROTEINS		34	0.32803985	1.1789458	0.20737328	1.0	1.0	3108	tags=29%, list=20%, signal=37%	
BIOCARTA_SUMO_PATHWAY	BIOCARTA_SUMO_PATHWAY		6	0.5432437	1.1769613	0.28270042	1.0	1.0	6168	tags=67%, list=40%, signal=111%	
BIOCARTA_CDC42RAC_PATHWAY	BIOCARTA_CDC42RAC_PATHWAY		6	0.53760135	1.1765407	0.2531915	1.0	1.0	3514	tags=67%, list=23%, signal=86%	
REACTOME_PLASMA_LIPOPROTEIN_ASSEMBLY	REACTOME_PLASMA_LIPOPROTEIN_ASSEMBLY		9	0.46959597	1.1763622	0.25103736	1.0	1.0	3568	tags=56%, list=23%, signal=72%	
REACTOME_LYSOSPHINGOLIPID_AND_LPA_RECEPTORS	REACTOME_LYSOSPHINGOLIPID_AND_LPA_RECEPTORS		9	0.48603496	1.1749552	0.25779626	1.0	1.0	1555	tags=33%, list=10%, signal=37%	
REACTOME_EPIGENETIC_REGULATION_OF_GENE_EXPRESSION	REACTOME_EPIGENETIC_REGULATION_OF_GENE_EXPRESSION		153	0.24199711	1.1743667	0.1336761	1.0	1.0	3118	tags=28%, list=20%, signal=35%	
REACTOME_DOWNREGULATION_OF_TGF_BETA_RECEPTOR_SIGNALING	REACTOME_DOWNREGULATION_OF_TGF_BETA_RECEPTOR_SIGNALING		17	0.39518705	1.1721746	0.23851204	1.0	1.0	1961	tags=35%, list=13%, signal=40%	
REACTOME_COSTIMULATION_BY_THE_CD28_FAMILY	REACTOME_COSTIMULATION_BY_THE_CD28_FAMILY		65	0.2844029	1.1716567	0.19642857	1.0	1.0	2548	tags=22%, list=17%, signal=26%	
REACTOME_G_PROTEIN_ACTIVATION	REACTOME_G_PROTEIN_ACTIVATION		18	0.37438902	1.1691074	0.23245615	1.0	1.0	722	tags=17%, list=5%, signal=17%	
REACTOME_P75NTR_RECRUITS_SIGNALLING_COMPLEXES	REACTOME_P75NTR_RECRUITS_SIGNALLING_COMPLEXES		12	0.4286218	1.1686949	0.25306123	1.0	1.0	1398	tags=33%, list=9%, signal=37%	
WP_MECHANISMS_ASSOCIATED_WITH_PLURIPOTENCY	WP_MECHANISMS_ASSOCIATED_WITH_PLURIPOTENCY		225	0.23305023	1.1652743	0.10501193	1.0	1.0	3517	tags=30%, list=23%, signal=39%	
REACTOME_VEGFR2_MEDIATED_VASCULAR_PERMEABILITY	REACTOME_VEGFR2_MEDIATED_VASCULAR_PERMEABILITY		27	0.34098518	1.1651759	0.24553572	1.0	1.0	4286	tags=41%, list=28%, signal=56%	
REACTOME_INTEGRATION_OF_ENERGY_METABOLISM	REACTOME_INTEGRATION_OF_ENERGY_METABOLISM		52	0.29540142	1.1649675	0.18872017	1.0	1.0	2824	tags=27%, list=18%, signal=33%	
REACTOME_PROGRAMMED_CELL_DEATH	REACTOME_PROGRAMMED_CELL_DEATH		126	0.24817757	1.164811	0.15865384	1.0	1.0	2420	tags=21%, list=16%, signal=25%	
REACTOME_NETRIN_1_SIGNALING	REACTOME_NETRIN_1_SIGNALING		11	0.43698204	1.1632887	0.2718254	1.0	1.0	990	tags=27%, list=6%, signal=29%	
REACTOME_EPH_EPHRIN_MEDIATED_REPULSION_OF_CELLS	REACTOME_EPH_EPHRIN_MEDIATED_REPULSION_OF_CELLS		22	0.36504224	1.1606902	0.23736264	1.0	1.0	2520	tags=23%, list=16%, signal=27%	
REACTOME_PINK1_PRKN_MEDIATED_MITOPHAGY	REACTOME_PINK1_PRKN_MEDIATED_MITOPHAGY		31	0.32528642	1.1581186	0.23799127	1.0	1.0	2143	tags=29%, list=14%, signal=34%	
WP_DOPAMINERGIC_NEUROGENESIS	WP_DOPAMINERGIC_NEUROGENESIS		8	0.48529592	1.1580647	0.29411766	1.0	1.0	1096	tags=25%, list=7%, signal=27%	
REACTOME_PI_METABOLISM	REACTOME_PI_METABOLISM		72	0.275223	1.1579419	0.19101124	1.0	1.0	1940	tags=21%, list=13%, signal=24%	
REACTOME_EPH_EPHRIN_SIGNALING	REACTOME_EPH_EPHRIN_SIGNALING		47	0.29341727	1.1543715	0.22580644	1.0	1.0	3945	tags=34%, list=26%, signal=46%	
REACTOME_DOWNSTREAM_SIGNALING_EVENTS_OF_B_CELL_RECEPTOR_BCR	REACTOME_DOWNSTREAM_SIGNALING_EVENTS_OF_B_CELL_RECEPTOR_BCR		77	0.26969048	1.1505859	0.20416667	1.0	1.0	2821	tags=19%, list=18%, signal=24%	
REACTOME_MITOPHAGY	REACTOME_MITOPHAGY		38	0.31533268	1.1463798	0.24780701	1.0	1.0	2748	tags=32%, list=18%, signal=38%	
WP_KENNEDY_PATHWAY	WP_KENNEDY_PATHWAY		13	0.41107643	1.1436737	0.28630707	1.0	1.0	1736	tags=38%, list=11%, signal=43%	
REACTOME_AKT_PHOSPHORYLATES_TARGETS_IN_THE_CYTOSOL	REACTOME_AKT_PHOSPHORYLATES_TARGETS_IN_THE_CYTOSOL		11	0.42687145	1.1422049	0.30905077	1.0	1.0	7	tags=9%, list=0%, signal=9%	
REACTOME_N_GLYCAN_TRIMMING_AND_ELONGATION_IN_THE_CIS_GOLGI	REACTOME_N_GLYCAN_TRIMMING_AND_ELONGATION_IN_THE_CIS_GOLGI		5	0.5556095	1.1419657	0.318	1.0	1.0	1726	tags=40%, list=11%, signal=45%	
REACTOME_CYTOSOLIC_SULFONATION_OF_SMALL_MOLECULES	REACTOME_CYTOSOLIC_SULFONATION_OF_SMALL_MOLECULES		13	0.4071824	1.1415908	0.27572018	1.0	1.0	1243	tags=23%, list=8%, signal=25%	
REACTOME_REGULATION_OF_PTEN_GENE_TRANSCRIPTION	REACTOME_REGULATION_OF_PTEN_GENE_TRANSCRIPTION		26	0.34305874	1.1414857	0.25	1.0	1.0	4903	tags=46%, list=32%, signal=68%	
WP_ALPHA_6_BETA_4_INTEGRIN_SIGNALING_PATHWAY	WP_ALPHA_6_BETA_4_INTEGRIN_SIGNALING_PATHWAY		52	0.29023975	1.1406589	0.24082568	1.0	1.0	1961	tags=19%, list=13%, signal=22%	
WP_MECP2_AND_ASSOCIATED_RETT_SYNDROME	WP_MECP2_AND_ASSOCIATED_RETT_SYNDROME		33	0.3191202	1.1399323	0.26757368	1.0	1.0	3822	tags=39%, list=25%, signal=52%	
REACTOME_CD28_DEPENDENT_PI3K_AKT_SIGNALING	REACTOME_CD28_DEPENDENT_PI3K_AKT_SIGNALING		22	0.355216	1.1352373	0.2699784	1.0	1.0	591	tags=14%, list=4%, signal=14%	
REACTOME_REGULATION_OF_HSF1_MEDIATED_HEAT_SHOCK_RESPONSE	REACTOME_REGULATION_OF_HSF1_MEDIATED_HEAT_SHOCK_RESPONSE		63	0.27974355	1.1351665	0.2169576	1.0	1.0	4426	tags=38%, list=29%, signal=53%	
REACTOME_REGULATION_OF_ENDOGENOUS_RETROELEMENTS	REACTOME_REGULATION_OF_ENDOGENOUS_RETROELEMENTS		74	0.269168	1.1328832	0.23623854	1.0	1.0	1746	tags=24%, list=11%, signal=27%	
WP_SYNTHESIS_AND_DEGRADATION_OF_KETONE_BODIES	WP_SYNTHESIS_AND_DEGRADATION_OF_KETONE_BODIES		5	0.56397843	1.1318616	0.32264957	1.0	1.0	425	tags=20%, list=3%, signal=21%	
REACTOME_TRANSPORT_OF_MATURE_TRANSCRIPT_TO_CYTOPLASM	REACTOME_TRANSPORT_OF_MATURE_TRANSCRIPT_TO_CYTOPLASM		76	0.26486248	1.1275157	0.21428572	1.0	1.0	4114	tags=33%, list=27%, signal=45%	
REACTOME_MITOCHONDRIAL_FATTY_ACID_BETA_OXIDATION	REACTOME_MITOCHONDRIAL_FATTY_ACID_BETA_OXIDATION		32	0.3174566	1.1261932	0.2771855	1.0	1.0	557	tags=13%, list=4%, signal=13%	
BIOCARTA_FCER1_PATHWAY	BIOCARTA_FCER1_PATHWAY		37	0.30382788	1.1221278	0.26057908	1.0	1.0	3134	tags=32%, list=20%, signal=41%	
REACTOME_HS_GAG_BIOSYNTHESIS	REACTOME_HS_GAG_BIOSYNTHESIS		16	0.38741896	1.1217546	0.28368795	1.0	1.0	615	tags=25%, list=4%, signal=26%	
WP_P38_MAPK_SIGNALING_PATHWAY	WP_P38_MAPK_SIGNALING_PATHWAY		32	0.31672525	1.1201491	0.28854626	1.0	1.0	3448	tags=31%, list=22%, signal=40%	
REACTOME_SEALING_OF_THE_NUCLEAR_ENVELOPE_NE_BY_ESCRT_III	REACTOME_SEALING_OF_THE_NUCLEAR_ENVELOPE_NE_BY_ESCRT_III		23	0.34156242	1.1192873	0.2799097	1.0	1.0	1881	tags=22%, list=12%, signal=25%	
REACTOME_SUMO_IS_TRANSFERRED_FROM_E1_TO_E2_UBE2I_UBC9	REACTOME_SUMO_IS_TRANSFERRED_FROM_E1_TO_E2_UBE2I_UBC9		5	0.5569163	1.1190027	0.3600823	1.0	1.0	5877	tags=60%, list=38%, signal=97%	
BIOCARTA_HDAC_PATHWAY	BIOCARTA_HDAC_PATHWAY		21	0.3561597	1.1184012	0.30718955	1.0	1.0	2244	tags=33%, list=15%, signal=39%	
REACTOME_SHC1_EVENTS_IN_EGFR_SIGNALING	REACTOME_SHC1_EVENTS_IN_EGFR_SIGNALING		8	0.47268102	1.1169901	0.32188842	1.0	1.0	4021	tags=50%, list=26%, signal=68%	
REACTOME_G_BETA_GAMMA_SIGNALLING_THROUGH_PI3KGAMMA	REACTOME_G_BETA_GAMMA_SIGNALLING_THROUGH_PI3KGAMMA		21	0.35630113	1.1162893	0.3061674	1.0	1.0	397	tags=14%, list=3%, signal=15%	
REACTOME_SIGNALING_BY_NOTCH	REACTOME_SIGNALING_BY_NOTCH		35	0.3082058	1.1151354	0.2974138	1.0	1.0	1398	tags=20%, list=9%, signal=22%	
REACTOME_SIGNALING_BY_NOTCH1	REACTOME_SIGNALING_BY_NOTCH1		18	0.36444557	1.1139129	0.2901879	1.0	1.0	2188	tags=28%, list=14%, signal=32%	
REACTOME_ACTIVATED_NOTCH1_TRANSMITS_SIGNAL_TO_THE_NUCLEUS	REACTOME_ACTIVATED_NOTCH1_TRANSMITS_SIGNAL_TO_THE_NUCLEUS		11	0.42354542	1.113753	0.32224533	1.0	1.0	2188	tags=36%, list=14%, signal=42%	
REACTOME_MITOTIC_TELOPHASE_CYTOKINESIS	REACTOME_MITOTIC_TELOPHASE_CYTOKINESIS		13	0.40002254	1.112593	0.3280318	1.0	1.0	4584	tags=62%, list=30%, signal=88%	
REACTOME_PHOSPHOLIPID_METABOLISM	REACTOME_PHOSPHOLIPID_METABOLISM		158	0.22732732	1.109404	0.20595534	1.0	1.0	1940	tags=19%, list=13%, signal=21%	
REACTOME_REGULATION_OF_PTEN_LOCALIZATION	REACTOME_REGULATION_OF_PTEN_LOCALIZATION		10	0.43593797	1.1024914	0.33333334	1.0	1.0	2407	tags=40%, list=16%, signal=47%	
REACTOME_REGULATION_OF_INNATE_IMMUNE_RESPONSES_TO_CYTOSOLIC_DNA	REACTOME_REGULATION_OF_INNATE_IMMUNE_RESPONSES_TO_CYTOSOLIC_DNA		13	0.38938308	1.0968208	0.32323232	1.0	1.0	3340	tags=38%, list=22%, signal=49%	
REACTOME_RUNX1_INTERACTS_WITH_CO_FACTORS_WHOSE_PRECISE_EFFECT_ON_RUNX1_TARGETS_IS_NOT_KNOWN	REACTOME_RUNX1_INTERACTS_WITH_CO_FACTORS_WHOSE_PRECISE_EFFECT_ON_RUNX1_TARGETS_IS_NOT_KNOWN		31	0.31196028	1.0967752	0.32372504	1.0	1.0	1918	tags=19%, list=12%, signal=22%	
REACTOME_RHO_GTPASES_ACTIVATE_KTN1	REACTOME_RHO_GTPASES_ACTIVATE_KTN1		11	0.41235954	1.0966883	0.34640524	1.0	1.0	4256	tags=55%, list=28%, signal=75%	
REACTOME_REGULATION_OF_RUNX3_EXPRESSION_AND_ACTIVITY	REACTOME_REGULATION_OF_RUNX3_EXPRESSION_AND_ACTIVITY		54	0.27457342	1.0944589	0.3029613	1.0	1.0	1497	tags=11%, list=10%, signal=12%	
REACTOME_SHC1_EVENTS_IN_ERBB4_SIGNALING	REACTOME_SHC1_EVENTS_IN_ERBB4_SIGNALING		7	0.48839384	1.0938352	0.37310195	1.0	1.0	4523	tags=71%, list=29%, signal=101%	
REACTOME_ASSEMBLY_OF_THE_ORC_COMPLEX_AT_THE_ORIGIN_OF_REPLICATION	REACTOME_ASSEMBLY_OF_THE_ORC_COMPLEX_AT_THE_ORIGIN_OF_REPLICATION		9	0.43767643	1.093115	0.36008677	1.0	1.0	3268	tags=44%, list=21%, signal=56%	
BIOCARTA_AKAPCENTROSOME_PATHWAY	BIOCARTA_AKAPCENTROSOME_PATHWAY		12	0.3958346	1.0928507	0.33333334	1.0	1.0	2116	tags=33%, list=14%, signal=39%	
REACTOME_SYNTHESIS_OF_IP2_IP_AND_INS_IN_THE_CYTOSOL	REACTOME_SYNTHESIS_OF_IP2_IP_AND_INS_IN_THE_CYTOSOL		10	0.4274228	1.0904998	0.33932135	1.0	1.0	2149	tags=30%, list=14%, signal=35%	
REACTOME_GENE_SILENCING_BY_RNA	REACTOME_GENE_SILENCING_BY_RNA		41	0.29229692	1.0871656	0.30625	1.0	1.0	4728	tags=41%, list=31%, signal=60%	
REACTOME_P75NTR_SIGNALS_VIA_NF_KB	REACTOME_P75NTR_SIGNALS_VIA_NF_KB		15	0.37762693	1.085825	0.35164836	1.0	1.0	1398	tags=27%, list=9%, signal=29%	
REACTOME_NEDDYLATION	REACTOME_NEDDYLATION		204	0.21821493	1.083536	0.2512195	1.0	1.0	2058	tags=15%, list=13%, signal=17%	
REACTOME_THROMBIN_SIGNALLING_THROUGH_PROTEINASE_ACTIVATED_RECEPTORS_PARS	REACTOME_THROMBIN_SIGNALLING_THROUGH_PROTEINASE_ACTIVATED_RECEPTORS_PARS		27	0.32185552	1.0827173	0.35281837	1.0	1.0	722	tags=15%, list=5%, signal=16%	
REACTOME_CTLA4_INHIBITORY_SIGNALING	REACTOME_CTLA4_INHIBITORY_SIGNALING		21	0.34461826	1.08221	0.3265766	1.0	1.0	2548	tags=24%, list=17%, signal=28%	
BIOCARTA_PRC2_PATHWAY	BIOCARTA_PRC2_PATHWAY		10	0.43056518	1.0815989	0.3687375	1.0	1.0	3500	tags=50%, list=23%, signal=65%	
REACTOME_INTERLEUKIN_9_SIGNALING	REACTOME_INTERLEUKIN_9_SIGNALING		5	0.5390039	1.0801512	0.38174275	1.0	1.0	869	tags=20%, list=6%, signal=21%	
REACTOME_TCR_SIGNALING	REACTOME_TCR_SIGNALING		110	0.23767133	1.0800271	0.27317074	1.0	1.0	2027	tags=15%, list=13%, signal=18%	
REACTOME_BETA_OXIDATION_OF_HEXANOYL_COA_TO_BUTANOYL_COA	REACTOME_BETA_OXIDATION_OF_HEXANOYL_COA_TO_BUTANOYL_COA		5	0.5353845	1.0790808	0.37878788	1.0	1.0	557	tags=20%, list=4%, signal=21%	
BIOCARTA_HER2_PATHWAY	BIOCARTA_HER2_PATHWAY		20	0.3416045	1.0781506	0.3652174	1.0	1.0	1508	tags=20%, list=10%, signal=22%	
REACTOME_REGULATION_OF_EXPRESSION_OF_SLITS_AND_ROBOS	REACTOME_REGULATION_OF_EXPRESSION_OF_SLITS_AND_ROBOS		7	0.47195885	1.0767195	0.35892117	1.0	1.0	2369	tags=57%, list=15%, signal=67%	
REACTOME_ALPHA_OXIDATION_OF_PHYTANATE	REACTOME_ALPHA_OXIDATION_OF_PHYTANATE		5	0.5293564	1.0758263	0.38105264	1.0	1.0	2460	tags=40%, list=16%, signal=48%	
REACTOME_SLC15A4_TASL_DEPENDENT_IRF5_ACTIVATION	REACTOME_SLC15A4_TASL_DEPENDENT_IRF5_ACTIVATION		6	0.5074164	1.0752344	0.3806706	1.0	1.0	3046	tags=33%, list=20%, signal=42%	
REACTOME_SUMOYLATION	REACTOME_SUMOYLATION		150	0.22374955	1.0745	0.2828784	1.0	1.0	3108	tags=22%, list=20%, signal=27%	
REACTOME_REGULATION_OF_KIT_SIGNALING	REACTOME_REGULATION_OF_KIT_SIGNALING		12	0.3929944	1.0686723	0.372	1.0	1.0	3093	tags=42%, list=20%, signal=52%	
REACTOME_PD_1_SIGNALING	REACTOME_PD_1_SIGNALING		21	0.3442593	1.0684791	0.36659437	1.0	1.0	2303	tags=24%, list=15%, signal=28%	
REACTOME_APOPTOSIS	REACTOME_APOPTOSIS		95	0.23963524	1.0657166	0.32207206	1.0	1.0	2407	tags=21%, list=16%, signal=25%	
WP_CHOLESTEROL_METABOLISM_WITH_BLOCH_AND_KANDUTSCHRUSSELL_PATHWAYS	WP_CHOLESTEROL_METABOLISM_WITH_BLOCH_AND_KANDUTSCHRUSSELL_PATHWAYS		45	0.27659127	1.0634984	0.32391304	1.0	1.0	890	tags=16%, list=6%, signal=16%	
REACTOME_ESTROGEN_DEPENDENT_NUCLEAR_EVENTS_DOWNSTREAM_OF_ESR_MEMBRANE_SIGNALING	REACTOME_ESTROGEN_DEPENDENT_NUCLEAR_EVENTS_DOWNSTREAM_OF_ESR_MEMBRANE_SIGNALING		9	0.42696282	1.0629518	0.36625513	1.0	1.0	4760	tags=78%, list=31%, signal=112%	
REACTOME_GLI3_IS_PROCESSED_TO_GLI3R_BY_THE_PROTEASOME	REACTOME_GLI3_IS_PROCESSED_TO_GLI3R_BY_THE_PROTEASOME		56	0.2637044	1.0628694	0.35634744	1.0	1.0	1974	tags=14%, list=13%, signal=16%	
REACTOME_KETONE_BODY_METABOLISM	REACTOME_KETONE_BODY_METABOLISM		7	0.47083738	1.0616813	0.3982103	1.0	1.0	425	tags=14%, list=3%, signal=15%	
REACTOME_TP53_REGULATES_METABOLIC_GENES	REACTOME_TP53_REGULATES_METABOLIC_GENES		65	0.25872988	1.0558807	0.34056398	1.0	1.0	4965	tags=42%, list=32%, signal=61%	
REACTOME_VASOPRESSIN_REGULATES_RENAL_WATER_HOMEOSTASIS_VIA_AQUAPORINS	REACTOME_VASOPRESSIN_REGULATES_RENAL_WATER_HOMEOSTASIS_VIA_AQUAPORINS		24	0.32484743	1.0549974	0.39366516	1.0	1.0	397	tags=13%, list=3%, signal=13%	
REACTOME_SYNTHESIS_OF_PC	REACTOME_SYNTHESIS_OF_PC		20	0.33660948	1.0540977	0.36344537	1.0	1.0	1890	tags=25%, list=12%, signal=28%	
REACTOME_CLEC7A_DECTIN_1_SIGNALING	REACTOME_CLEC7A_DECTIN_1_SIGNALING		92	0.23678587	1.0536493	0.3448276	1.0	1.0	2244	tags=16%, list=15%, signal=19%	
REACTOME_OAS_ANTIVIRAL_RESPONSE	REACTOME_OAS_ANTIVIRAL_RESPONSE		5	0.5091123	1.0534116	0.397463	1.0	1.0	5693	tags=80%, list=37%, signal=127%	
WP_HYPERTROPHY_MODEL	WP_HYPERTROPHY_MODEL		15	0.36646453	1.0528036	0.36401674	1.0	1.0	1887	tags=33%, list=12%, signal=38%	
BIOCARTA_FMLP_PATHWAY	BIOCARTA_FMLP_PATHWAY		28	0.30721635	1.051767	0.41067284	1.0	1.0	2383	tags=29%, list=15%, signal=34%	
REACTOME_SIGNALING_BY_NOTCH3	REACTOME_SIGNALING_BY_NOTCH3		17	0.35939553	1.0513809	0.389755	1.0	1.0	1398	tags=24%, list=9%, signal=26%	
REACTOME_CD22_MEDIATED_BCR_REGULATION	REACTOME_CD22_MEDIATED_BCR_REGULATION		8	0.42928517	1.0491077	0.38189846	1.0	1.0	1548	tags=25%, list=10%, signal=28%	
REACTOME_SELECTIVE_AUTOPHAGY	REACTOME_SELECTIVE_AUTOPHAGY		64	0.24873137	1.047344	0.36363637	1.0	1.0	2829	tags=27%, list=18%, signal=32%	
REACTOME_CYTOCHROME_P450_ARRANGED_BY_SUBSTRATE_TYPE	REACTOME_CYTOCHROME_P450_ARRANGED_BY_SUBSTRATE_TYPE		20	0.32517323	1.0473171	0.3783784	1.0	1.0	4491	tags=40%, list=29%, signal=56%	
REACTOME_SIGNALING_BY_ROBO_RECEPTORS	REACTOME_SIGNALING_BY_ROBO_RECEPTORS		18	0.3455921	1.0450822	0.3923767	1.0	1.0	3635	tags=50%, list=24%, signal=65%	
BIOCARTA_MEF2D_PATHWAY	BIOCARTA_MEF2D_PATHWAY		15	0.36721233	1.0438852	0.3873684	1.0	1.0	2244	tags=27%, list=15%, signal=31%	
REACTOME_REGULATION_OF_CHOLESTEROL_BIOSYNTHESIS_BY_SREBP_SREBF	REACTOME_REGULATION_OF_CHOLESTEROL_BIOSYNTHESIS_BY_SREBP_SREBF		7	0.4649828	1.0416574	0.42857143	1.0	1.0	739	tags=14%, list=5%, signal=15%	
REACTOME_ARYL_HYDROCARBON_RECEPTOR_SIGNALLING	REACTOME_ARYL_HYDROCARBON_RECEPTOR_SIGNALLING		5	0.49769196	1.0385209	0.3935743	1.0	1.0	1313	tags=20%, list=9%, signal=22%	
REACTOME_POLB_DEPENDENT_LONG_PATCH_BASE_EXCISION_REPAIR	REACTOME_POLB_DEPENDENT_LONG_PATCH_BASE_EXCISION_REPAIR		8	0.42908087	1.0381114	0.38235295	1.0	1.0	3254	tags=50%, list=21%, signal=63%	
REACTOME_TRANSLESION_SYNTHESIS_BY_POLK	REACTOME_TRANSLESION_SYNTHESIS_BY_POLK		18	0.33981392	1.0380523	0.3846154	1.0	1.0	3194	tags=33%, list=21%, signal=42%	
WP_BDNF_PATHWAY	WP_BDNF_PATHWAY		9	0.41565397	1.0318995	0.4339207	1.0	1.0	5150	tags=67%, list=33%, signal=100%	
BIOCARTA_TH1TH2_PATHWAY	BIOCARTA_TH1TH2_PATHWAY		17	0.33417037	1.0305898	0.3983573	1.0	1.0	1404	tags=24%, list=9%, signal=26%	
REACTOME_GAB1_SIGNALOSOME	REACTOME_GAB1_SIGNALOSOME		12	0.37324104	1.0296019	0.4021739	1.0	1.0	1617	tags=33%, list=10%, signal=37%	
REACTOME_GOLGI_ASSOCIATED_VESICLE_BIOGENESIS	REACTOME_GOLGI_ASSOCIATED_VESICLE_BIOGENESIS		52	0.2602082	1.0291886	0.40848213	1.0	1.0	1975	tags=19%, list=13%, signal=22%	
BIOCARTA_GPCR_PATHWAY	BIOCARTA_GPCR_PATHWAY		26	0.3103017	1.0291748	0.41717792	1.0	1.0	2383	tags=31%, list=15%, signal=36%	
REACTOME_REGULATION_OF_TNFR1_SIGNALING	REACTOME_REGULATION_OF_TNFR1_SIGNALING		46	0.26783314	1.0269403	0.3874459	1.0	1.0	2407	tags=26%, list=16%, signal=31%	
REACTOME_CREB_PHOSPHORYLATION	REACTOME_CREB_PHOSPHORYLATION		7	0.4585515	1.0268373	0.43145162	1.0	1.0	1945	tags=43%, list=13%, signal=49%	
BIOCARTA_SPRY_PATHWAY	BIOCARTA_SPRY_PATHWAY		14	0.36362815	1.0266155	0.43881857	1.0	1.0	4776	tags=50%, list=31%, signal=72%	
REACTOME_MAPK_TARGETS_NUCLEAR_EVENTS_MEDIATED_BY_MAP_KINASES	REACTOME_MAPK_TARGETS_NUCLEAR_EVENTS_MEDIATED_BY_MAP_KINASES		27	0.30086535	1.0255232	0.3956044	1.0	1.0	2649	tags=30%, list=17%, signal=36%	
REACTOME_INTERLEUKIN_RECEPTOR_SHC_SIGNALING	REACTOME_INTERLEUKIN_RECEPTOR_SHC_SIGNALING		20	0.31960958	1.0238962	0.4164859	1.0	1.0	1508	tags=20%, list=10%, signal=22%	
REACTOME_RAF_ACTIVATION	REACTOME_RAF_ACTIVATION		33	0.28372672	1.0221863	0.40888888	1.0	1.0	4959	tags=39%, list=32%, signal=58%	
WP_FATTY_ACID_BIOSYNTHESIS	WP_FATTY_ACID_BIOSYNTHESIS		20	0.3263435	1.0209641	0.45475113	1.0	1.0	557	tags=15%, list=4%, signal=16%	
REACTOME_SMAC_XIAP_REGULATED_APOPTOTIC_RESPONSE	REACTOME_SMAC_XIAP_REGULATED_APOPTOTIC_RESPONSE		5	0.49632967	1.0202637	0.44262296	1.0	1.0	2407	tags=40%, list=16%, signal=47%	
REACTOME_SIGNAL_AMPLIFICATION	REACTOME_SIGNAL_AMPLIFICATION		27	0.29897636	1.0179629	0.42197803	1.0	1.0	722	tags=15%, list=5%, signal=16%	
REACTOME_RAB_GERANYLGERANYLATION	REACTOME_RAB_GERANYLGERANYLATION		54	0.25742844	1.0151416	0.44036698	1.0	1.0	2436	tags=24%, list=16%, signal=28%	
WP_ESTROGEN_SIGNALING	WP_ESTROGEN_SIGNALING		70	0.23914674	1.0142957	0.40130153	1.0	1.0	5384	tags=46%, list=35%, signal=70%	
REACTOME_PRESYNAPTIC_DEPOLARIZATION_AND_CALCIUM_CHANNEL_OPENING	REACTOME_PRESYNAPTIC_DEPOLARIZATION_AND_CALCIUM_CHANNEL_OPENING		6	0.46925783	1.0135726	0.4594017	1.0	1.0	2607	tags=50%, list=17%, signal=60%	
REACTOME_RNA_POLYMERASE_I_TRANSCRIPTION	REACTOME_RNA_POLYMERASE_I_TRANSCRIPTION		45	0.2615428	1.0098013	0.4248366	1.0	1.0	6372	tags=56%, list=41%, signal=94%	
REACTOME_GASTRIN_CREB_SIGNALLING_PATHWAY_VIA_PKC_AND_MAPK	REACTOME_GASTRIN_CREB_SIGNALLING_PATHWAY_VIA_PKC_AND_MAPK		12	0.37604108	1.0095288	0.44959676	1.0	1.0	4082	tags=58%, list=26%, signal=79%	
REACTOME_SUMOYLATION_OF_DNA_REPLICATION_PROTEINS	REACTOME_SUMOYLATION_OF_DNA_REPLICATION_PROTEINS		42	0.2656211	1.0085545	0.40229884	1.0	1.0	3108	tags=26%, list=20%, signal=33%	
REACTOME_BETA_OXIDATION_OF_DECANOYL_COA_TO_OCTANOYL_COA_COA	REACTOME_BETA_OXIDATION_OF_DECANOYL_COA_TO_OCTANOYL_COA_COA		6	0.46763602	1.0072856	0.4654088	1.0	1.0	4360	tags=50%, list=28%, signal=70%	
WP_SIGNAL_TRANSDUCTION_OF_S1P_RECEPTOR	WP_SIGNAL_TRANSDUCTION_OF_S1P_RECEPTOR		20	0.3176582	1.0066583	0.45127118	1.0	1.0	1555	tags=20%, list=10%, signal=22%	
REACTOME_THROMBOXANE_SIGNALLING_THROUGH_TP_RECEPTOR	REACTOME_THROMBOXANE_SIGNALLING_THROUGH_TP_RECEPTOR		20	0.31737536	1.0013853	0.44	1.0	1.0	1848	tags=20%, list=12%, signal=23%	
REACTOME_TNF_SIGNALING	REACTOME_TNF_SIGNALING		55	0.24814503	1.000286	0.4739229	1.0	1.0	2407	tags=24%, list=16%, signal=28%	
BIOCARTA_P38MAPK_PATHWAY	BIOCARTA_P38MAPK_PATHWAY		30	0.2859832	0.9981458	0.45475113	1.0	1.0	3448	tags=30%, list=22%, signal=39%	
REACTOME_N_GLYCAN_ANTENNAE_ELONGATION_IN_THE_MEDIAL_TRANS_GOLGI	REACTOME_N_GLYCAN_ANTENNAE_ELONGATION_IN_THE_MEDIAL_TRANS_GOLGI		18	0.32815236	0.99798054	0.4609929	1.0	1.0	2783	tags=33%, list=18%, signal=41%	
REACTOME_TRAFFICKING_OF_AMPA_RECEPTORS	REACTOME_TRAFFICKING_OF_AMPA_RECEPTORS		19	0.32874018	0.9966745	0.47149122	1.0	1.0	3056	tags=32%, list=20%, signal=39%	
REACTOME_TRANSPORT_OF_RCBL_WITHIN_THE_BODY	REACTOME_TRANSPORT_OF_RCBL_WITHIN_THE_BODY		6	0.4520889	0.99556535	0.46038544	1.0	1.0	5630	tags=50%, list=37%, signal=79%	
REACTOME_SUMOYLATION_OF_CHROMATIN_ORGANIZATION_PROTEINS	REACTOME_SUMOYLATION_OF_CHROMATIN_ORGANIZATION_PROTEINS		60	0.24313323	0.9951302	0.46993318	1.0	1.0	3108	tags=25%, list=20%, signal=31%	
REACTOME_RIPK1_MEDIATED_REGULATED_NECROSIS	REACTOME_RIPK1_MEDIATED_REGULATED_NECROSIS		31	0.28437448	0.99496007	0.45490983	1.0	1.0	2588	tags=29%, list=17%, signal=35%	
REACTOME_TRANSPORT_OF_THE_SLBP_DEPENDANT_MATURE_MRNA	REACTOME_TRANSPORT_OF_THE_SLBP_DEPENDANT_MATURE_MRNA		35	0.27146018	0.9926756	0.45957446	1.0	1.0	3108	tags=26%, list=20%, signal=32%	
REACTOME_G_PROTEIN_BETA_GAMMA_SIGNALLING	REACTOME_G_PROTEIN_BETA_GAMMA_SIGNALLING		27	0.29343253	0.99206847	0.43982494	1.0	1.0	397	tags=11%, list=3%, signal=11%	
REACTOME_SYNTHESIS_OF_PIPS_AT_THE_GOLGI_MEMBRANE	REACTOME_SYNTHESIS_OF_PIPS_AT_THE_GOLGI_MEMBRANE		15	0.33985624	0.9918501	0.45454547	1.0	1.0	1940	tags=27%, list=13%, signal=30%	
REACTOME_HUR_ELAVL1_BINDS_AND_STABILIZES_MRNA	REACTOME_HUR_ELAVL1_BINDS_AND_STABILIZES_MRNA		7	0.42872036	0.9912367	0.47391304	1.0	1.0	3722	tags=57%, list=24%, signal=75%	
BIOCARTA_EGF_PATHWAY	BIOCARTA_EGF_PATHWAY		27	0.28470504	0.9906916	0.47537473	1.0	1.0	3273	tags=30%, list=21%, signal=38%	
BIOCARTA_NDKDYNAMIN_PATHWAY	BIOCARTA_NDKDYNAMIN_PATHWAY		12	0.35991195	0.989132	0.46848738	1.0	1.0	3308	tags=42%, list=21%, signal=53%	
REACTOME_INTRAFLAGELLAR_TRANSPORT	REACTOME_INTRAFLAGELLAR_TRANSPORT		49	0.25070953	0.98706865	0.48045978	1.0	1.0	1205	tags=14%, list=8%, signal=15%	
REACTOME_INTERLEUKIN_2_FAMILY_SIGNALING	REACTOME_INTERLEUKIN_2_FAMILY_SIGNALING		31	0.27945313	0.98106146	0.49469215	1.0	1.0	1508	tags=16%, list=10%, signal=18%	
REACTOME_REGULATED_NECROSIS	REACTOME_REGULATED_NECROSIS		52	0.2479497	0.9784956	0.4859611	1.0	1.0	2588	tags=25%, list=17%, signal=30%	
REACTOME_ANTIGEN_PROCESSING_UBIQUITINATION_PROTEASOME_DEGRADATION	REACTOME_ANTIGEN_PROCESSING_UBIQUITINATION_PROTEASOME_DEGRADATION		270	0.18789746	0.97771245	0.51785713	1.0	1.0	3783	tags=26%, list=25%, signal=33%	
REACTOME_PI3K_EVENTS_IN_ERBB2_SIGNALING	REACTOME_PI3K_EVENTS_IN_ERBB2_SIGNALING		9	0.38711864	0.9742645	0.46929824	1.0	1.0	1508	tags=33%, list=10%, signal=37%	
REACTOME_SYNTHESIS_OF_PA	REACTOME_SYNTHESIS_OF_PA		29	0.28678435	0.9739753	0.48955917	1.0	1.0	1454	tags=17%, list=9%, signal=19%	
BIOCARTA_GCR_PATHWAY	BIOCARTA_GCR_PATHWAY		15	0.3342708	0.9737146	0.48878923	1.0	1.0	2009	tags=27%, list=13%, signal=31%	
BIOCARTA_41BB_PATHWAY	BIOCARTA_41BB_PATHWAY		17	0.3216879	0.97224	0.5	1.0	1.0	1654	tags=24%, list=11%, signal=26%	
REACTOME_NEGATIVE_REGULATION_OF_FGFR4_SIGNALING	REACTOME_NEGATIVE_REGULATION_OF_FGFR4_SIGNALING		20	0.30411467	0.97196573	0.48906562	1.0	1.0	4199	tags=40%, list=27%, signal=55%	
REACTOME_SUMOYLATION_OF_UBIQUITINYLATION_PROTEINS	REACTOME_SUMOYLATION_OF_UBIQUITINYLATION_PROTEINS		38	0.26815704	0.9706169	0.48523206	1.0	1.0	3108	tags=24%, list=20%, signal=30%	
REACTOME_PRESYNAPTIC_FUNCTION_OF_KAINATE_RECEPTORS	REACTOME_PRESYNAPTIC_FUNCTION_OF_KAINATE_RECEPTORS		15	0.3360537	0.9697294	0.47181627	1.0	1.0	397	tags=13%, list=3%, signal=14%	
REACTOME_MITOCHONDRIAL_FATTY_ACID_BETA_OXIDATION_OF_SATURATED_FATTY_ACIDS	REACTOME_MITOCHONDRIAL_FATTY_ACID_BETA_OXIDATION_OF_SATURATED_FATTY_ACIDS		9	0.38774458	0.96727586	0.50104386	1.0	1.0	4360	tags=44%, list=28%, signal=62%	
REACTOME_INTERLEUKIN_17_SIGNALING	REACTOME_INTERLEUKIN_17_SIGNALING		58	0.23667498	0.9666046	0.50337076	1.0	1.0	2649	tags=22%, list=17%, signal=27%	
BIOCARTA_PGC1A_PATHWAY	BIOCARTA_PGC1A_PATHWAY		12	0.35520607	0.966569	0.4789916	1.0	1.0	2244	tags=33%, list=15%, signal=39%	
WP_ELECTRON_TRANSPORT_CHAIN	WP_ELECTRON_TRANSPORT_CHAIN		91	0.22248316	0.96607023	0.51325303	1.0	1.0	4729	tags=31%, list=31%, signal=44%	
BIOCARTA_EFP_PATHWAY	BIOCARTA_EFP_PATHWAY		12	0.35075986	0.96572614	0.48237884	1.0	1.0	3377	tags=33%, list=22%, signal=43%	
REACTOME_AQUAPORIN_MEDIATED_TRANSPORT	REACTOME_AQUAPORIN_MEDIATED_TRANSPORT		26	0.28791645	0.9646023	0.49247313	1.0	1.0	397	tags=12%, list=3%, signal=12%	
WP_EUKARYOTIC_TRANSCRIPTION_INITIATION	WP_EUKARYOTIC_TRANSCRIPTION_INITIATION		39	0.25549486	0.9630692	0.5204545	1.0	1.0	5334	tags=46%, list=35%, signal=70%	
REACTOME_GLUCAGON_TYPE_LIGAND_RECEPTORS	REACTOME_GLUCAGON_TYPE_LIGAND_RECEPTORS		15	0.3292681	0.9627699	0.49888143	1.0	1.0	397	tags=13%, list=3%, signal=14%	
BIOCARTA_HBX_PATHWAY	BIOCARTA_HBX_PATHWAY		7	0.41524628	0.9612628	0.49795082	1.0	1.0	3093	tags=43%, list=20%, signal=54%	
REACTOME_NEGATIVE_REGULATION_OF_FGFR3_SIGNALING	REACTOME_NEGATIVE_REGULATION_OF_FGFR3_SIGNALING		20	0.30411467	0.9606531	0.4871795	1.0	1.0	4199	tags=40%, list=27%, signal=55%	
WP_HISTONE_MODIFICATIONS	WP_HISTONE_MODIFICATIONS		5	0.4690473	0.96027964	0.52577317	1.0	1.0	2062	tags=20%, list=13%, signal=23%	
REACTOME_REGULATION_OF_LOCALIZATION_OF_FOXO_TRANSCRIPTION_FACTORS	REACTOME_REGULATION_OF_LOCALIZATION_OF_FOXO_TRANSCRIPTION_FACTORS		11	0.37332898	0.958186	0.5093555	1.0	1.0	3569	tags=45%, list=23%, signal=59%	
REACTOME_SNRNP_ASSEMBLY	REACTOME_SNRNP_ASSEMBLY		49	0.2454303	0.95804036	0.503386	1.0	1.0	4426	tags=31%, list=29%, signal=43%	
REACTOME_NEGATIVE_REGULATION_OF_FGFR2_SIGNALING	REACTOME_NEGATIVE_REGULATION_OF_FGFR2_SIGNALING		20	0.30411467	0.95665544	0.5156951	1.0	1.0	4199	tags=40%, list=27%, signal=55%	
REACTOME_REGULATION_OF_PYRUVATE_METABOLISM	REACTOME_REGULATION_OF_PYRUVATE_METABOLISM		31	0.2701421	0.95506996	0.5141612	1.0	1.0	2748	tags=26%, list=18%, signal=31%	
REACTOME_TRP_CHANNELS	REACTOME_TRP_CHANNELS		14	0.33522964	0.9544393	0.5165289	1.0	1.0	2862	tags=36%, list=19%, signal=44%	
REACTOME_TP53_REGULATES_TRANSCRIPTION_OF_DNA_REPAIR_GENES	REACTOME_TP53_REGULATES_TRANSCRIPTION_OF_DNA_REPAIR_GENES		43	0.24819848	0.9537204	0.5379147	1.0	1.0	3543	tags=26%, list=23%, signal=33%	
REACTOME_PROSTACYCLIN_SIGNALLING_THROUGH_PROSTACYCLIN_RECEPTOR	REACTOME_PROSTACYCLIN_SIGNALLING_THROUGH_PROSTACYCLIN_RECEPTOR		15	0.3331495	0.9510455	0.5334773	1.0	1.0	397	tags=13%, list=3%, signal=14%	
REACTOME_TRANSPORT_OF_MATURE_MRNAS_DERIVED_FROM_INTRONLESS_TRANSCRIPTS	REACTOME_TRANSPORT_OF_MATURE_MRNAS_DERIVED_FROM_INTRONLESS_TRANSCRIPTS		42	0.24893352	0.94990927	0.5282167	1.0	1.0	3108	tags=26%, list=20%, signal=33%	
REACTOME_ACTIVATION_OF_IRF3_IRF7_MEDIATED_BY_TBK1_IKK_IKBKE	REACTOME_ACTIVATION_OF_IRF3_IRF7_MEDIATED_BY_TBK1_IKK_IKBKE		19	0.30457377	0.9492469	0.50924027	1.0	1.0	2181	tags=26%, list=14%, signal=31%	
REACTOME_SHC_MEDIATED_CASCADE_FGFR4	REACTOME_SHC_MEDIATED_CASCADE_FGFR4		7	0.41928762	0.94888955	0.49056605	1.0	1.0	4021	tags=57%, list=26%, signal=77%	
REACTOME_RHO_GTPASES_ACTIVATE_ROCKS	REACTOME_RHO_GTPASES_ACTIVATE_ROCKS		5	0.4753354	0.948047	0.54209447	1.0	1.0	3514	tags=60%, list=23%, signal=78%	
REACTOME_NOD1_2_SIGNALING_PATHWAY	REACTOME_NOD1_2_SIGNALING_PATHWAY		32	0.27182972	0.9475647	0.53648067	1.0	1.0	2194	tags=22%, list=14%, signal=25%	
REACTOME_ENDOGENOUS_STEROLS	REACTOME_ENDOGENOUS_STEROLS		14	0.33493346	0.9471931	0.5146443	1.0	1.0	83	tags=7%, list=1%, signal=7%	
REACTOME_PECAM1_INTERACTIONS	REACTOME_PECAM1_INTERACTIONS		12	0.35511142	0.9444422	0.5264271	1.0	1.0	1083	tags=17%, list=7%, signal=18%	
REACTOME_BRANCHED_CHAIN_AMINO_ACID_CATABOLISM	REACTOME_BRANCHED_CHAIN_AMINO_ACID_CATABOLISM		20	0.2969556	0.94283766	0.5106383	1.0	1.0	3998	tags=35%, list=26%, signal=47%	
REACTOME_SPRY_REGULATION_OF_FGF_SIGNALING	REACTOME_SPRY_REGULATION_OF_FGF_SIGNALING		17	0.31370917	0.942268	0.51428574	1.0	1.0	2116	tags=24%, list=14%, signal=27%	
REACTOME_FCERI_MEDIATED_CA_2_MOBILIZATION	REACTOME_FCERI_MEDIATED_CA_2_MOBILIZATION		31	0.26982036	0.9419826	0.5346756	1.0	1.0	2520	tags=26%, list=16%, signal=31%	
REACTOME_JNK_C_JUN_KINASES_PHOSPHORYLATION_AND_ACTIVATION_MEDIATED_BY_ACTIVATED_HUMAN_TAK1	REACTOME_JNK_C_JUN_KINASES_PHOSPHORYLATION_AND_ACTIVATION_MEDIATED_BY_ACTIVATED_HUMAN_TAK1		22	0.29037952	0.9416532	0.5439815	1.0	1.0	1398	tags=18%, list=9%, signal=20%	
REACTOME_TOLL_LIKE_RECEPTOR_CASCADES	REACTOME_TOLL_LIKE_RECEPTOR_CASCADES		138	0.19861503	0.9407571	0.6309227	1.0	1.0	2194	tags=19%, list=14%, signal=22%	
BIOCARTA_FAS_PATHWAY	BIOCARTA_FAS_PATHWAY		28	0.2729106	0.9393459	0.5769231	1.0	1.0	2274	tags=21%, list=15%, signal=25%	
REACTOME_SHC_MEDIATED_CASCADE_FGFR2	REACTOME_SHC_MEDIATED_CASCADE_FGFR2		7	0.41928762	0.93829703	0.5479744	1.0	1.0	4021	tags=57%, list=26%, signal=77%	
REACTOME_PYROPTOSIS	REACTOME_PYROPTOSIS		21	0.29308683	0.93783975	0.5386266	1.0	1.0	1266	tags=19%, list=8%, signal=21%	
REACTOME_FORMATION_OF_WDR5_CONTAINING_HISTONE_MODIFYING_COMPLEXES	REACTOME_FORMATION_OF_WDR5_CONTAINING_HISTONE_MODIFYING_COMPLEXES		37	0.25880104	0.9368804	0.5386364	1.0	1.0	3729	tags=38%, list=24%, signal=50%	
REACTOME_ZINC_TRANSPORTERS	REACTOME_ZINC_TRANSPORTERS		9	0.3652045	0.9367126	0.52400833	1.0	1.0	3777	tags=56%, list=24%, signal=74%	
REACTOME_TRANSCRIPTIONAL_AND_POST_TRANSLATIONAL_REGULATION_OF_MITF_M_EXPRESSION_AND_ACTIVITY	REACTOME_TRANSCRIPTIONAL_AND_POST_TRANSLATIONAL_REGULATION_OF_MITF_M_EXPRESSION_AND_ACTIVITY		21	0.28913137	0.933406	0.54761904	1.0	1.0	5244	tags=43%, list=34%, signal=65%	
BIOCARTA_PDGF_PATHWAY	BIOCARTA_PDGF_PATHWAY		27	0.27800757	0.9330768	0.5667396	1.0	1.0	3273	tags=30%, list=21%, signal=38%	
BIOCARTA_PCAF_PATHWAY	BIOCARTA_PCAF_PATHWAY		9	0.3883662	0.93278736	0.5546039	1.0	1.0	1036	tags=22%, list=7%, signal=24%	
REACTOME_SHC_MEDIATED_CASCADE_FGFR3	REACTOME_SHC_MEDIATED_CASCADE_FGFR3		7	0.41928762	0.9323233	0.55040324	1.0	1.0	4021	tags=57%, list=26%, signal=77%	
REACTOME_RECYCLING_OF_EIF2_GDP	REACTOME_RECYCLING_OF_EIF2_GDP		8	0.386199	0.932021	0.5146443	1.0	1.0	4508	tags=38%, list=29%, signal=53%	
REACTOME_UNFOLDED_PROTEIN_RESPONSE_UPR	REACTOME_UNFOLDED_PROTEIN_RESPONSE_UPR		10	0.3603921	0.9318583	0.51495725	1.0	1.0	2952	tags=40%, list=19%, signal=49%	
REACTOME_EGFR_DOWNREGULATION	REACTOME_EGFR_DOWNREGULATION		23	0.28433073	0.92797434	0.5392562	1.0	1.0	3448	tags=35%, list=22%, signal=45%	
REACTOME_TELOMERE_C_STRAND_SYNTHESIS_INITIATION	REACTOME_TELOMERE_C_STRAND_SYNTHESIS_INITIATION		12	0.3431716	0.9267081	0.5340206	1.0	1.0	3258	tags=25%, list=21%, signal=32%	
REACTOME_TRANSCRIPTIONAL_REGULATION_BY_SMALL_RNAS	REACTOME_TRANSCRIPTIONAL_REGULATION_BY_SMALL_RNAS		33	0.25844094	0.92415464	0.5890985	1.0	1.0	4728	tags=36%, list=31%, signal=52%	
BIOCARTA_MTA3_PATHWAY	BIOCARTA_MTA3_PATHWAY		14	0.3276389	0.92218786	0.5774947	1.0	1.0	37	tags=7%, list=0%, signal=7%	
REACTOME_SIGNALING_BY_TGF_BETA_RECEPTOR_COMPLEX	REACTOME_SIGNALING_BY_TGF_BETA_RECEPTOR_COMPLEX		68	0.22128744	0.9196828	0.6255708	1.0	1.0	4408	tags=38%, list=29%, signal=53%	
REACTOME_WNT_LIGAND_BIOGENESIS_AND_TRAFFICKING	REACTOME_WNT_LIGAND_BIOGENESIS_AND_TRAFFICKING		11	0.3418321	0.91849834	0.55939525	1.0	1.0	3307	tags=45%, list=21%, signal=58%	
BIOCARTA_MAL_PATHWAY	BIOCARTA_MAL_PATHWAY		15	0.31797388	0.917947	0.5677966	1.0	1.0	4776	tags=47%, list=31%, signal=68%	
REACTOME_MRNA_DECAY_BY_5_TO_3_EXORIBONUCLEASE	REACTOME_MRNA_DECAY_BY_5_TO_3_EXORIBONUCLEASE		14	0.31990048	0.9175237	0.5813449	1.0	1.0	5095	tags=43%, list=33%, signal=64%	
REACTOME_CELLULAR_RESPONSE_TO_HYPOXIA	REACTOME_CELLULAR_RESPONSE_TO_HYPOXIA		66	0.22356364	0.91662884	0.62077296	1.0	1.0	3023	tags=17%, list=20%, signal=21%	
REACTOME_ESTROGEN_STIMULATED_SIGNALING_THROUGH_PRKCZ	REACTOME_ESTROGEN_STIMULATED_SIGNALING_THROUGH_PRKCZ		5	0.44706556	0.9165057	0.5527344	1.0	1.0	4956	tags=80%, list=32%, signal=118%	
REACTOME_TOLL_LIKE_RECEPTOR_4_TLR4_CASCADE	REACTOME_TOLL_LIKE_RECEPTOR_4_TLR4_CASCADE		112	0.20020892	0.9162211	0.69471157	1.0	1.0	2649	tags=21%, list=17%, signal=25%	
WP_TRYPTOPHAN_METABOLISM	WP_TRYPTOPHAN_METABOLISM		26	0.27529103	0.9155588	0.58449304	1.0	1.0	583	tags=12%, list=4%, signal=12%	
REACTOME_PTEN_REGULATION	REACTOME_PTEN_REGULATION		93	0.20450817	0.9143007	0.6506024	1.0	1.0	4903	tags=29%, list=32%, signal=42%	
WP_GDNFRET_SIGNALING_AXIS	WP_GDNFRET_SIGNALING_AXIS		7	0.3932398	0.9130198	0.58502024	1.0	1.0	497	tags=14%, list=3%, signal=15%	
WP_BIOGENIC_AMINE_SYNTHESIS	WP_BIOGENIC_AMINE_SYNTHESIS		6	0.4247077	0.91242695	0.561753	1.0	1.0	955	tags=33%, list=6%, signal=36%	
REACTOME_NUCLEAR_ENVELOPE_NE_REASSEMBLY	REACTOME_NUCLEAR_ENVELOPE_NE_REASSEMBLY		62	0.22228847	0.9098624	0.64878047	1.0	1.0	3108	tags=24%, list=20%, signal=30%	
REACTOME_ACETYLCHOLINE_REGULATES_INSULIN_SECRETION	REACTOME_ACETYLCHOLINE_REGULATES_INSULIN_SECRETION		7	0.38922572	0.9098233	0.55757576	1.0	1.0	2145	tags=29%, list=14%, signal=33%	
REACTOME_ESR_MEDIATED_SIGNALING	REACTOME_ESR_MEDIATED_SIGNALING		122	0.19234729	0.90959984	0.6713948	1.0	1.0	2022	tags=15%, list=13%, signal=17%	
REACTOME_CELLULAR_RESPONSE_TO_MITOCHONDRIAL_STRESS	REACTOME_CELLULAR_RESPONSE_TO_MITOCHONDRIAL_STRESS		9	0.36757535	0.909459	0.57894737	1.0	1.0	2952	tags=33%, list=19%, signal=41%	
REACTOME_INTERLEUKIN_3_INTERLEUKIN_5_AND_GM_CSF_SIGNALING	REACTOME_INTERLEUKIN_3_INTERLEUKIN_5_AND_GM_CSF_SIGNALING		40	0.24581237	0.90933836	0.5995475	1.0	1.0	1508	tags=18%, list=10%, signal=19%	
REACTOME_TP53_REGULATES_TRANSCRIPTION_OF_CELL_DEATH_GENES	REACTOME_TP53_REGULATES_TRANSCRIPTION_OF_CELL_DEATH_GENES		14	0.32016462	0.9088781	0.58709675	1.0	1.0	669	tags=14%, list=4%, signal=15%	
REACTOME_ENDOSOMAL_SORTING_COMPLEX_REQUIRED_FOR_TRANSPORT_ESCRT	REACTOME_ENDOSOMAL_SORTING_COMPLEX_REQUIRED_FOR_TRANSPORT_ESCRT		31	0.25875533	0.9081824	0.60502285	1.0	1.0	1881	tags=19%, list=12%, signal=22%	
REACTOME_RNA_POLYMERASE_I_TRANSCRIPTION_TERMINATION	REACTOME_RNA_POLYMERASE_I_TRANSCRIPTION_TERMINATION		30	0.253799	0.90808797	0.6070686	1.0	1.0	4344	tags=33%, list=28%, signal=46%	
REACTOME_ACTIVATION_OF_KAINATE_RECEPTORS_UPON_GLUTAMATE_BINDING	REACTOME_ACTIVATION_OF_KAINATE_RECEPTORS_UPON_GLUTAMATE_BINDING		23	0.28205168	0.9057722	0.59839356	1.0	1.0	863	tags=13%, list=6%, signal=14%	
REACTOME_SEMA4D_IN_SEMAPHORIN_SIGNALING	REACTOME_SEMA4D_IN_SEMAPHORIN_SIGNALING		15	0.311904	0.90508384	0.5982906	1.0	1.0	2138	tags=27%, list=14%, signal=31%	
REACTOME_DEX_H_BOX_HELICASES_ACTIVATE_TYPE_I_IFN_AND_INFLAMMATORY_CYTOKINES_PRODUCTION	REACTOME_DEX_H_BOX_HELICASES_ACTIVATE_TYPE_I_IFN_AND_INFLAMMATORY_CYTOKINES_PRODUCTION		7	0.39270374	0.90405995	0.58691204	1.0	1.0	1494	tags=29%, list=10%, signal=32%	
REACTOME_INWARDLY_RECTIFYING_K_CHANNELS	REACTOME_INWARDLY_RECTIFYING_K_CHANNELS		18	0.29582933	0.9034851	0.57872343	1.0	1.0	1002	tags=17%, list=6%, signal=18%	
REACTOME_HDR_THROUGH_MMEJ_ALT_NHEJ	REACTOME_HDR_THROUGH_MMEJ_ALT_NHEJ		12	0.3373058	0.9030313	0.59006214	1.0	1.0	3141	tags=33%, list=20%, signal=42%	
REACTOME_GLUTATHIONE_SYNTHESIS_AND_RECYCLING	REACTOME_GLUTATHIONE_SYNTHESIS_AND_RECYCLING		11	0.3444333	0.90254414	0.5893617	1.0	1.0	1319	tags=27%, list=9%, signal=30%	
REACTOME_RNA_POLYMERASE_III_TRANSCRIPTION_INITIATION_FROM_TYPE_1_PROMOTER	REACTOME_RNA_POLYMERASE_III_TRANSCRIPTION_INITIATION_FROM_TYPE_1_PROMOTER		27	0.2638979	0.90248924	0.6082251	1.0	1.0	1120	tags=11%, list=7%, signal=12%	
REACTOME_VOLTAGE_GATED_POTASSIUM_CHANNELS	REACTOME_VOLTAGE_GATED_POTASSIUM_CHANNELS		16	0.30834466	0.9016499	0.5950783	1.0	1.0	2275	tags=25%, list=15%, signal=29%	
REACTOME_TRANS_GOLGI_NETWORK_VESICLE_BUDDING	REACTOME_TRANS_GOLGI_NETWORK_VESICLE_BUDDING		66	0.21642892	0.90067023	0.6518847	1.0	1.0	1975	tags=17%, list=13%, signal=19%	
REACTOME_INTRACELLULAR_SIGNALING_BY_SECOND_MESSENGERS	REACTOME_INTRACELLULAR_SIGNALING_BY_SECOND_MESSENGERS		204	0.18209027	0.9004036	0.75384617	1.0	1.0	2116	tags=13%, list=14%, signal=15%	
REACTOME_PEXOPHAGY	REACTOME_PEXOPHAGY		11	0.34777465	0.8998209	0.57700205	1.0	1.0	1398	tags=27%, list=9%, signal=30%	
REACTOME_MRNA_SPLICING_MINOR_PATHWAY	REACTOME_MRNA_SPLICING_MINOR_PATHWAY		47	0.2328073	0.89741415	0.63170165	1.0	1.0	5203	tags=40%, list=34%, signal=61%	
REACTOME_CASPASE_ACTIVATION_VIA_EXTRINSIC_APOPTOTIC_SIGNALLING_PATHWAY	REACTOME_CASPASE_ACTIVATION_VIA_EXTRINSIC_APOPTOTIC_SIGNALLING_PATHWAY		18	0.29815915	0.8955708	0.6315789	1.0	1.0	2274	tags=28%, list=15%, signal=33%	
REACTOME_REGULATION_OF_GENE_EXPRESSION_BY_HYPOXIA_INDUCIBLE_FACTOR	REACTOME_REGULATION_OF_GENE_EXPRESSION_BY_HYPOXIA_INDUCIBLE_FACTOR		5	0.42952582	0.8934712	0.5808967	1.0	1.0	1540	tags=20%, list=10%, signal=22%	
REACTOME_PROTEIN_LOCALIZATION	REACTOME_PROTEIN_LOCALIZATION		93	0.20193048	0.8919636	0.7	1.0	1.0	3102	tags=25%, list=20%, signal=31%	
REACTOME_COMPLEX_I_BIOGENESIS	REACTOME_COMPLEX_I_BIOGENESIS		63	0.21916102	0.89148235	0.69078946	1.0	1.0	1901	tags=16%, list=12%, signal=18%	
REACTOME_RAB_GEFS_EXCHANGE_GTP_FOR_GDP_ON_RABS	REACTOME_RAB_GEFS_EXCHANGE_GTP_FOR_GDP_ON_RABS		86	0.2032401	0.89108944	0.71566266	1.0	1.0	3400	tags=28%, list=22%, signal=36%	
REACTOME_STABILIZATION_OF_P53	REACTOME_STABILIZATION_OF_P53		55	0.22332141	0.8904887	0.6440678	1.0	1.0	1549	tags=11%, list=10%, signal=12%	
REACTOME_CYTOSOLIC_SENSORS_OF_PATHOGEN_ASSOCIATED_DNA	REACTOME_CYTOSOLIC_SENSORS_OF_PATHOGEN_ASSOCIATED_DNA		32	0.25159344	0.8902667	0.62527716	1.0	1.0	1494	tags=16%, list=10%, signal=17%	
REACTOME_SEMA4D_INDUCED_CELL_MIGRATION_AND_GROWTH_CONE_COLLAPSE	REACTOME_SEMA4D_INDUCED_CELL_MIGRATION_AND_GROWTH_CONE_COLLAPSE		11	0.33387494	0.88977283	0.6070727	1.0	1.0	2138	tags=27%, list=14%, signal=32%	
REACTOME_GENERATION_OF_SECOND_MESSENGER_MOLECULES	REACTOME_GENERATION_OF_SECOND_MESSENGER_MOLECULES		27	0.26388445	0.8897625	0.61255413	1.0	1.0	2303	tags=22%, list=15%, signal=26%	
REACTOME_C_TYPE_LECTIN_RECEPTORS_CLRS	REACTOME_C_TYPE_LECTIN_RECEPTORS_CLRS		110	0.1930968	0.8877816	0.737931	1.0	1.0	2244	tags=15%, list=15%, signal=18%	
REACTOME_POTASSIUM_CHANNELS	REACTOME_POTASSIUM_CHANNELS		44	0.23450628	0.8872656	0.6421801	1.0	1.0	1370	tags=16%, list=9%, signal=17%	
REACTOME_CHAPERONIN_MEDIATED_PROTEIN_FOLDING	REACTOME_CHAPERONIN_MEDIATED_PROTEIN_FOLDING		33	0.24649693	0.88431597	0.6442105	1.0	1.0	824	tags=12%, list=5%, signal=13%	
REACTOME_ADP_SIGNALLING_THROUGH_P2Y_PURINOCEPTOR_12	REACTOME_ADP_SIGNALLING_THROUGH_P2Y_PURINOCEPTOR_12		16	0.29854855	0.8819083	0.64208245	1.0	1.0	397	tags=13%, list=3%, signal=13%	
REACTOME_HDR_THROUGH_SINGLE_STRAND_ANNEALING_SSA	REACTOME_HDR_THROUGH_SINGLE_STRAND_ANNEALING_SSA		36	0.24322432	0.88163847	0.68115944	1.0	1.0	3141	tags=19%, list=20%, signal=24%	
REACTOME_FORMATION_OF_XYLULOSE_5_PHOSPHATE	REACTOME_FORMATION_OF_XYLULOSE_5_PHOSPHATE		5	0.4362426	0.88038456	0.6147186	1.0	1.0	1062	tags=20%, list=7%, signal=21%	
REACTOME_COMPLEX_III_ASSEMBLY	REACTOME_COMPLEX_III_ASSEMBLY		17	0.30078724	0.88002187	0.63092786	1.0	1.0	2054	tags=18%, list=13%, signal=20%	
BIOCARTA_P35ALZHEIMERS_PATHWAY	BIOCARTA_P35ALZHEIMERS_PATHWAY		6	0.40779895	0.8793069	0.59791666	1.0	1.0	2572	tags=33%, list=17%, signal=40%	
REACTOME_COENZYME_A_BIOSYNTHESIS	REACTOME_COENZYME_A_BIOSYNTHESIS		7	0.39082614	0.8781416	0.61270493	1.0	1.0	3360	tags=43%, list=22%, signal=55%	
REACTOME_SMALL_INTERFERING_RNA_SIRNA_BIOGENESIS	REACTOME_SMALL_INTERFERING_RNA_SIRNA_BIOGENESIS		8	0.3684659	0.8771431	0.5948276	1.0	1.0	3864	tags=50%, list=25%, signal=67%	
REACTOME_ACTIVATION_OF_NMDA_RECEPTORS_AND_POSTSYNAPTIC_EVENTS	REACTOME_ACTIVATION_OF_NMDA_RECEPTORS_AND_POSTSYNAPTIC_EVENTS		23	0.26710445	0.87592757	0.63203466	1.0	1.0	1945	tags=26%, list=13%, signal=30%	
BIOCARTA_EIF2_PATHWAY	BIOCARTA_EIF2_PATHWAY		9	0.35948962	0.87564224	0.6150713	1.0	1.0	3041	tags=44%, list=20%, signal=55%	
REACTOME_REGULATION_OF_TP53_ACTIVITY_THROUGH_PHOSPHORYLATION	REACTOME_REGULATION_OF_TP53_ACTIVITY_THROUGH_PHOSPHORYLATION		86	0.199988	0.87430316	0.75059384	1.0	1.0	3534	tags=23%, list=23%, signal=30%	
REACTOME_TNFR1_INDUCED_PROAPOPTOTIC_SIGNALING	REACTOME_TNFR1_INDUCED_PROAPOPTOTIC_SIGNALING		22	0.2718322	0.8729815	0.6587473	1.0	1.0	2407	tags=18%, list=16%, signal=22%	
BIOCARTA_NOTCH_PATHWAY	BIOCARTA_NOTCH_PATHWAY		6	0.39512396	0.87174517	0.62083334	1.0	1.0	496	tags=17%, list=3%, signal=17%	
REACTOME_MACROAUTOPHAGY	REACTOME_MACROAUTOPHAGY		117	0.19035493	0.8714058	0.78970915	1.0	1.0	2265	tags=18%, list=15%, signal=21%	
REACTOME_AMPLIFICATION_OF_SIGNAL_FROM_THE_KINETOCHORES	REACTOME_AMPLIFICATION_OF_SIGNAL_FROM_THE_KINETOCHORES		91	0.19399981	0.870094	0.7437811	1.0	1.0	4992	tags=37%, list=32%, signal=55%	
BIOCARTA_MTOR_PATHWAY	BIOCARTA_MTOR_PATHWAY		19	0.27564165	0.8697072	0.664488	1.0	1.0	5764	tags=63%, list=37%, signal=101%	
WP_PTF1A_RELATED_REGULATORY_PATHWAY	WP_PTF1A_RELATED_REGULATORY_PATHWAY		7	0.37939104	0.8669041	0.64468086	1.0	1.0	4989	tags=57%, list=32%, signal=84%	
REACTOME_HSF1_ACTIVATION	REACTOME_HSF1_ACTIVATION		8	0.3651811	0.8646739	0.6297071	1.0	1.0	2009	tags=38%, list=13%, signal=43%	
REACTOME_G_BETA_GAMMA_SIGNALLING_THROUGH_CDC42	REACTOME_G_BETA_GAMMA_SIGNALLING_THROUGH_CDC42		16	0.29306665	0.86356616	0.6795699	1.0	1.0	397	tags=13%, list=3%, signal=13%	
BIOCARTA_RANBP2_PATHWAY	BIOCARTA_RANBP2_PATHWAY		12	0.31803715	0.86345	0.6369168	1.0	1.0	1750	tags=25%, list=11%, signal=28%	
REACTOME_ACTIVATION_OF_THE_AP_1_FAMILY_OF_TRANSCRIPTION_FACTORS	REACTOME_ACTIVATION_OF_THE_AP_1_FAMILY_OF_TRANSCRIPTION_FACTORS		9	0.34375173	0.86229295	0.6487026	1.0	1.0	1036	tags=22%, list=7%, signal=24%	
WP_SEROTONIN_AND_ANXIETY	WP_SEROTONIN_AND_ANXIETY		8	0.3551375	0.8604612	0.64893615	1.0	1.0	5612	tags=63%, list=36%, signal=98%	
REACTOME_AKT_PHOSPHORYLATES_TARGETS_IN_THE_NUCLEUS	REACTOME_AKT_PHOSPHORYLATES_TARGETS_IN_THE_NUCLEUS		9	0.34530318	0.86023206	0.64693445	1.0	1.0	2093	tags=33%, list=14%, signal=39%	
REACTOME_SIGNALING_BY_EGFR	REACTOME_SIGNALING_BY_EGFR		39	0.22847848	0.8601166	0.6976744	1.0	1.0	1617	tags=18%, list=10%, signal=20%	
REACTOME_ATTACHMENT_OF_GPI_ANCHOR_TO_UPAR	REACTOME_ATTACHMENT_OF_GPI_ANCHOR_TO_UPAR		7	0.3698923	0.8579282	0.6410788	1.0	1.0	3402	tags=43%, list=22%, signal=55%	
REACTOME_TRAF6_MEDIATED_INDUCTION_OF_TAK1_COMPLEX_WITHIN_TLR4_COMPLEX	REACTOME_TRAF6_MEDIATED_INDUCTION_OF_TAK1_COMPLEX_WITHIN_TLR4_COMPLEX		17	0.28620332	0.8565185	0.6608315	1.0	1.0	2181	tags=24%, list=14%, signal=27%	
REACTOME_NEGATIVE_REGULATORS_OF_DDX58_IFIH1_SIGNALING	REACTOME_NEGATIVE_REGULATORS_OF_DDX58_IFIH1_SIGNALING		15	0.29460734	0.85604286	0.66595745	1.0	1.0	2813	tags=40%, list=18%, signal=49%	
REACTOME_FLT3_SIGNALING	REACTOME_FLT3_SIGNALING		30	0.24620172	0.8554676	0.6891304	1.0	1.0	1508	tags=17%, list=10%, signal=18%	
BIOCARTA_STRESS_PATHWAY	BIOCARTA_STRESS_PATHWAY		24	0.25551122	0.8547545	0.6926407	1.0	1.0	1654	tags=17%, list=11%, signal=19%	
REACTOME_RHO_GTPASES_ACTIVATE_FORMINS	REACTOME_RHO_GTPASES_ACTIVATE_FORMINS		128	0.18267015	0.8541793	0.7874396	1.0	1.0	4992	tags=36%, list=32%, signal=53%	
REACTOME_MITOCHONDRIAL_BIOGENESIS	REACTOME_MITOCHONDRIAL_BIOGENESIS		31	0.23939978	0.85311216	0.6894977	1.0	1.0	6484	tags=55%, list=42%, signal=94%	
REACTOME_INTRINSIC_PATHWAY_FOR_APOPTOSIS	REACTOME_INTRINSIC_PATHWAY_FOR_APOPTOSIS		39	0.22533557	0.85290295	0.70264316	1.0	1.0	4082	tags=38%, list=26%, signal=52%	
REACTOME_MAP3K8_TPL2_DEPENDENT_MAPK1_3_ACTIVATION	REACTOME_MAP3K8_TPL2_DEPENDENT_MAPK1_3_ACTIVATION		14	0.3031492	0.8523096	0.6827731	1.0	1.0	1861	tags=21%, list=12%, signal=24%	
REACTOME_FC_EPSILON_RECEPTOR_FCERI_SIGNALING	REACTOME_FC_EPSILON_RECEPTOR_FCERI_SIGNALING		121	0.18163249	0.85107565	0.81947744	1.0	1.0	3134	tags=18%, list=20%, signal=23%	
REACTOME_INTEGRIN_SIGNALING	REACTOME_INTEGRIN_SIGNALING		24	0.25584552	0.8505186	0.6803456	1.0	1.0	342	tags=13%, list=2%, signal=13%	
REACTOME_ACTIVATION_OF_NF_KAPPAB_IN_B_CELLS	REACTOME_ACTIVATION_OF_NF_KAPPAB_IN_B_CELLS		63	0.20661859	0.85024095	0.7511013	1.0	1.0	1861	tags=11%, list=12%, signal=13%	
WP_ACETYLCHOLINE_SYNTHESIS	WP_ACETYLCHOLINE_SYNTHESIS		5	0.42364034	0.8493379	0.6395112	1.0	1.0	1736	tags=40%, list=11%, signal=45%	
REACTOME_TNFR1_INDUCED_NF_KAPPA_B_SIGNALING_PATHWAY	REACTOME_TNFR1_INDUCED_NF_KAPPA_B_SIGNALING_PATHWAY		33	0.24108373	0.84931946	0.6635945	1.0	1.0	2407	tags=18%, list=16%, signal=21%	
REACTOME_HEDGEHOG_ON_STATE	REACTOME_HEDGEHOG_ON_STATE		71	0.20098393	0.84931713	0.7681818	1.0	1.0	2821	tags=18%, list=18%, signal=22%	
REACTOME_ADRENALINE_NORADRENALINE_INHIBITS_INSULIN_SECRETION	REACTOME_ADRENALINE_NORADRENALINE_INHIBITS_INSULIN_SECRETION		15	0.29507774	0.8486587	0.6941964	1.0	1.0	397	tags=13%, list=3%, signal=14%	
REACTOME_FORMATION_OF_INCISION_COMPLEX_IN_GG_NER	REACTOME_FORMATION_OF_INCISION_COMPLEX_IN_GG_NER		44	0.22259668	0.845703	0.71428573	1.0	1.0	3543	tags=34%, list=23%, signal=44%	
REACTOME_MITOCHONDRIAL_TRANSLATION	REACTOME_MITOCHONDRIAL_TRANSLATION		88	0.19249843	0.8456014	0.7832168	1.0	1.0	12466	tags=100%, list=81%, signal=519%	
REACTOME_MICRORNA_MIRNA_BIOGENESIS	REACTOME_MICRORNA_MIRNA_BIOGENESIS		6	0.38455883	0.8455714	0.64669424	1.0	1.0	3580	tags=50%, list=23%, signal=65%	
REACTOME_REGULATION_OF_TP53_ACTIVITY_THROUGH_METHYLATION	REACTOME_REGULATION_OF_TP53_ACTIVITY_THROUGH_METHYLATION		18	0.27831954	0.8451087	0.67561984	1.0	1.0	3377	tags=33%, list=22%, signal=43%	
REACTOME_RHO_GTPASE_EFFECTORS	REACTOME_RHO_GTPASE_EFFECTORS		225	0.16545953	0.8433386	0.9188544	1.0	1.0	4992	tags=37%, list=32%, signal=54%	
REACTOME_NEGATIVE_REGULATION_OF_MET_ACTIVITY	REACTOME_NEGATIVE_REGULATION_OF_MET_ACTIVITY		20	0.26892307	0.84312683	0.6934461	1.0	1.0	4199	tags=45%, list=27%, signal=62%	
REACTOME_NUCLEAR_EVENTS_KINASE_AND_TRANSCRIPTION_FACTOR_ACTIVATION	REACTOME_NUCLEAR_EVENTS_KINASE_AND_TRANSCRIPTION_FACTOR_ACTIVATION		27	0.24399146	0.8406971	0.6924779	1.0	1.0	2649	tags=26%, list=17%, signal=31%	
REACTOME_NGF_STIMULATED_TRANSCRIPTION	REACTOME_NGF_STIMULATED_TRANSCRIPTION		6	0.38784462	0.8406428	0.6701245	1.0	1.0	3739	tags=50%, list=24%, signal=66%	
REACTOME_MRNA_CAPPING	REACTOME_MRNA_CAPPING		28	0.24848944	0.84056854	0.71991247	1.0	1.0	5203	tags=43%, list=34%, signal=65%	
REACTOME_REGULATION_OF_PTEN_STABILITY_AND_ACTIVITY	REACTOME_REGULATION_OF_PTEN_STABILITY_AND_ACTIVITY		65	0.2038323	0.8397523	0.7665094	1.0	1.0	2458	tags=12%, list=16%, signal=15%	
REACTOME_RUNX3_REGULATES_P14_ARF	REACTOME_RUNX3_REGULATES_P14_ARF		6	0.38433087	0.8397044	0.68541664	1.0	1.0	3180	tags=33%, list=21%, signal=42%	
REACTOME_CLASS_I_MHC_MEDIATED_ANTIGEN_PROCESSING_PRESENTATION	REACTOME_CLASS_I_MHC_MEDIATED_ANTIGEN_PROCESSING_PRESENTATION		315	0.1590149	0.83913493	0.9491525	1.0	1.0	3783	tags=23%, list=25%, signal=30%	
BIOCARTA_NTHI_PATHWAY	BIOCARTA_NTHI_PATHWAY		22	0.2635894	0.83762467	0.6877729	1.0	1.0	1961	tags=23%, list=13%, signal=26%	
REACTOME_ER_QUALITY_CONTROL_COMPARTMENT_ERQC	REACTOME_ER_QUALITY_CONTROL_COMPARTMENT_ERQC		5	0.40615195	0.8370438	0.6646586	1.0	1.0	1398	tags=40%, list=9%, signal=44%	
REACTOME_SYNTHESIS_OF_GLYCOSYLPHOSPHATIDYLINOSITOL_GPI	REACTOME_SYNTHESIS_OF_GLYCOSYLPHOSPHATIDYLINOSITOL_GPI		17	0.2863131	0.8366185	0.6810345	1.0	1.0	1121	tags=18%, list=7%, signal=19%	
REACTOME_NCAM_SIGNALING_FOR_NEURITE_OUT_GROWTH	REACTOME_NCAM_SIGNALING_FOR_NEURITE_OUT_GROWTH		21	0.26410842	0.8364898	0.70353985	1.0	1.0	1945	tags=24%, list=13%, signal=27%	
REACTOME_O_LINKED_GLYCOSYLATION_OF_MUCINS	REACTOME_O_LINKED_GLYCOSYLATION_OF_MUCINS		35	0.23256657	0.835475	0.73626375	1.0	1.0	3628	tags=37%, list=24%, signal=48%	
BIOCARTA_IL12_PATHWAY	BIOCARTA_IL12_PATHWAY		19	0.2670556	0.83506143	0.70927835	1.0	1.0	1706	tags=21%, list=11%, signal=24%	
REACTOME_RECEPTOR_MEDIATED_MITOPHAGY	REACTOME_RECEPTOR_MEDIATED_MITOPHAGY		11	0.31889555	0.8345682	0.6963906	1.0	1.0	2748	tags=36%, list=18%, signal=44%	
REACTOME_CHROMATIN_MODIFYING_ENZYMES	REACTOME_CHROMATIN_MODIFYING_ENZYMES		181	0.16939625	0.8325647	0.90654206	1.0	1.0	2731	tags=20%, list=18%, signal=24%	
WP_DELTANOTCH_SIGNALING_PATHWAY	WP_DELTANOTCH_SIGNALING_PATHWAY		71	0.19646995	0.8277969	0.8192771	1.0	1.0	2188	tags=17%, list=14%, signal=20%	
REACTOME_MITF_M_REGULATED_MELANOCYTE_DEVELOPMENT	REACTOME_MITF_M_REGULATED_MELANOCYTE_DEVELOPMENT		32	0.23193121	0.8268573	0.74336284	1.0	1.0	1393	tags=9%, list=9%, signal=10%	
REACTOME_RESPIRATORY_ELECTRON_TRANSPORT	REACTOME_RESPIRATORY_ELECTRON_TRANSPORT		132	0.17478622	0.82522506	0.89260143	1.0	1.0	2073	tags=13%, list=13%, signal=15%	
REACTOME_TRANSCRIPTIONAL_REGULATION_BY_RUNX3	REACTOME_TRANSCRIPTIONAL_REGULATION_BY_RUNX3		72	0.19627911	0.8247242	0.8111111	1.0	1.0	1497	tags=10%, list=10%, signal=11%	
BIOCARTA_CK1_PATHWAY	BIOCARTA_CK1_PATHWAY		10	0.32345825	0.8242279	0.6964657	1.0	1.0	3630	tags=50%, list=24%, signal=65%	
WP_MYOMETRIAL_RELAXATION_AND_CONTRACTION_PATHWAYS	WP_MYOMETRIAL_RELAXATION_AND_CONTRACTION_PATHWAYS		109	0.18380898	0.8238971	0.8585608	1.0	1.0	2025	tags=17%, list=13%, signal=20%	
REACTOME_SERINE_BIOSYNTHESIS	REACTOME_SERINE_BIOSYNTHESIS		7	0.36540797	0.82310474	0.69017094	1.0	1.0	3541	tags=57%, list=23%, signal=74%	
REACTOME_ENOS_ACTIVATION	REACTOME_ENOS_ACTIVATION		9	0.33605564	0.8219075	0.6583851	1.0	1.0	2022	tags=33%, list=13%, signal=38%	
REACTOME_ZINC_INFLUX_INTO_CELLS_BY_THE_SLC39_GENE_FAMILY	REACTOME_ZINC_INFLUX_INTO_CELLS_BY_THE_SLC39_GENE_FAMILY		7	0.35780743	0.8211407	0.7012712	1.0	1.0	3777	tags=57%, list=24%, signal=76%	
BIOCARTA_SET_PATHWAY	BIOCARTA_SET_PATHWAY		11	0.30728686	0.82086515	0.6827731	1.0	1.0	3722	tags=36%, list=24%, signal=48%	
REACTOME_FORMATION_OF_RNA_POL_II_ELONGATION_COMPLEX	REACTOME_FORMATION_OF_RNA_POL_II_ELONGATION_COMPLEX		55	0.20423909	0.8201127	0.80516434	1.0	1.0	5622	tags=40%, list=36%, signal=63%	
REACTOME_DEGRADATION_OF_AXIN	REACTOME_DEGRADATION_OF_AXIN		53	0.20295149	0.8189017	0.80985916	1.0	1.0	1497	tags=9%, list=10%, signal=10%	
WP_AMINO_ACID_METABOLISM	WP_AMINO_ACID_METABOLISM		77	0.19154963	0.8161947	0.8516746	1.0	1.0	3511	tags=29%, list=23%, signal=37%	
REACTOME_CDC6_ASSOCIATION_WITH_THE_ORC_ORIGIN_COMPLEX	REACTOME_CDC6_ASSOCIATION_WITH_THE_ORC_ORIGIN_COMPLEX		8	0.3476665	0.81536764	0.68623483	1.0	1.0	2634	tags=38%, list=17%, signal=45%	
BIOCARTA_CPSF_PATHWAY	BIOCARTA_CPSF_PATHWAY		6	0.36842126	0.8148027	0.6901961	1.0	1.0	4031	tags=33%, list=26%, signal=45%	
REACTOME_NUCLEOTIDE_EXCISION_REPAIR	REACTOME_NUCLEOTIDE_EXCISION_REPAIR		106	0.18181363	0.81218714	0.868009	1.0	1.0	3543	tags=24%, list=23%, signal=30%	
REACTOME_CS_DS_DEGRADATION	REACTOME_CS_DS_DEGRADATION		8	0.34016073	0.81195927	0.68723404	1.0	1.0	2858	tags=38%, list=19%, signal=46%	
REACTOME_RETROGRADE_TRANSPORT_AT_THE_TRANS_GOLGI_NETWORK	REACTOME_RETROGRADE_TRANSPORT_AT_THE_TRANS_GOLGI_NETWORK		42	0.2144889	0.81029415	0.8113208	1.0	1.0	3847	tags=24%, list=25%, signal=32%	
REACTOME_REGULATION_BY_C_FLIP	REACTOME_REGULATION_BY_C_FLIP		10	0.31832668	0.8094109	0.7128514	1.0	1.0	2274	tags=30%, list=15%, signal=35%	
BIOCARTA_INSULIN_PATHWAY	BIOCARTA_INSULIN_PATHWAY		21	0.2536711	0.8087132	0.74130434	1.0	1.0	2388	tags=29%, list=15%, signal=34%	
REACTOME_SUMOYLATION_OF_INTRACELLULAR_RECEPTORS	REACTOME_SUMOYLATION_OF_INTRACELLULAR_RECEPTORS		20	0.25936386	0.80854595	0.7380952	1.0	1.0	1750	tags=15%, list=11%, signal=17%	
REACTOME_TOLL_LIKE_RECEPTOR_9_TLR9_CASCADE	REACTOME_TOLL_LIKE_RECEPTOR_9_TLR9_CASCADE		95	0.18471111	0.8081898	0.86935866	1.0	1.0	2649	tags=20%, list=17%, signal=24%	
REACTOME_CYCLIN_D_ASSOCIATED_EVENTS_IN_G1	REACTOME_CYCLIN_D_ASSOCIATED_EVENTS_IN_G1		43	0.21070634	0.8068985	0.8197425	1.0	1.0	2336	tags=21%, list=15%, signal=25%	
BIOCARTA_AT1R_PATHWAY	BIOCARTA_AT1R_PATHWAY		23	0.2531982	0.8064392	0.7505423	1.0	1.0	3093	tags=26%, list=20%, signal=33%	
REACTOME_FORMATION_OF_TC_NER_PRE_INCISION_COMPLEX	REACTOME_FORMATION_OF_TC_NER_PRE_INCISION_COMPLEX		50	0.20342965	0.8054231	0.8067227	1.0	1.0	3543	tags=24%, list=23%, signal=31%	
REACTOME_RESOLUTION_OF_AP_SITES_VIA_THE_MULTIPLE_NUCLEOTIDE_PATCH_REPLACEMENT_PATHWAY	REACTOME_RESOLUTION_OF_AP_SITES_VIA_THE_MULTIPLE_NUCLEOTIDE_PATCH_REPLACEMENT_PATHWAY		25	0.23586309	0.8031117	0.7747368	1.0	1.0	3254	tags=24%, list=21%, signal=30%	
WP_FATTY_ACID_BETAOXIDATION	WP_FATTY_ACID_BETAOXIDATION		30	0.23227987	0.80164677	0.7929515	1.0	1.0	3081	tags=27%, list=20%, signal=33%	
REACTOME_TGF_BETA_RECEPTOR_SIGNALING_IN_EMT_EPITHELIAL_TO_MESENCHYMAL_TRANSITION	REACTOME_TGF_BETA_RECEPTOR_SIGNALING_IN_EMT_EPITHELIAL_TO_MESENCHYMAL_TRANSITION		15	0.27301627	0.80001664	0.73773986	1.0	1.0	1575	tags=20%, list=10%, signal=22%	
REACTOME_GLOBAL_GENOME_NUCLEOTIDE_EXCISION_REPAIR_GG_NER	REACTOME_GLOBAL_GENOME_NUCLEOTIDE_EXCISION_REPAIR_GG_NER		82	0.18703082	0.7993919	0.87935036	1.0	1.0	3543	tags=26%, list=23%, signal=33%	
REACTOME_N_GLYCAN_TRIMMING_IN_THE_ER_AND_CALNEXIN_CALRETICULIN_CYCLE	REACTOME_N_GLYCAN_TRIMMING_IN_THE_ER_AND_CALNEXIN_CALRETICULIN_CYCLE		16	0.27886185	0.79904306	0.7526652	1.0	1.0	1872	tags=19%, list=12%, signal=21%	
REACTOME_TRISTETRAPROLIN_TTP_ZFP36_BINDS_AND_DESTABILIZES_MRNA	REACTOME_TRISTETRAPROLIN_TTP_ZFP36_BINDS_AND_DESTABILIZES_MRNA		16	0.27759194	0.79904205	0.74686193	1.0	1.0	5320	tags=50%, list=35%, signal=76%	
REACTOME_CAM_PDE_1_ACTIVATION	REACTOME_CAM_PDE_1_ACTIVATION		5	0.38819313	0.797234	0.69758064	1.0	1.0	4959	tags=60%, list=32%, signal=88%	
REACTOME_MRNA_EDITING	REACTOME_MRNA_EDITING		5	0.38527873	0.79713815	0.720339	1.0	1.0	1769	tags=20%, list=11%, signal=23%	
REACTOME_DEUBIQUITINATION	REACTOME_DEUBIQUITINATION		236	0.15722091	0.79644245	0.9628647	1.0	1.0	3515	tags=21%, list=23%, signal=26%	
REACTOME_GAP_FILLING_DNA_REPAIR_SYNTHESIS_AND_LIGATION_IN_GG_NER	REACTOME_GAP_FILLING_DNA_REPAIR_SYNTHESIS_AND_LIGATION_IN_GG_NER		23	0.24415968	0.79636216	0.810989	1.0	1.0	2797	tags=22%, list=18%, signal=27%	
WP_STATIN_PATHWAY	WP_STATIN_PATHWAY		13	0.29125205	0.7953581	0.7231405	1.0	1.0	1388	tags=23%, list=9%, signal=25%	
REACTOME_NUCLEAR_ENVELOPE_BREAKDOWN	REACTOME_NUCLEAR_ENVELOPE_BREAKDOWN		47	0.20567177	0.7926813	0.8427948	1.0	1.0	3108	tags=23%, list=20%, signal=29%	
REACTOME_SIGNALING_BY_FGFR4	REACTOME_SIGNALING_BY_FGFR4		29	0.22751719	0.7926673	0.78723407	1.0	1.0	2116	tags=21%, list=14%, signal=24%	
REACTOME_ANCHORING_OF_THE_BASAL_BODY_TO_THE_PLASMA_MEMBRANE	REACTOME_ANCHORING_OF_THE_BASAL_BODY_TO_THE_PLASMA_MEMBRANE		93	0.17560557	0.792302	0.8957346	1.0	1.0	4211	tags=34%, list=27%, signal=47%	
REACTOME_SIGNALLING_TO_RAS	REACTOME_SIGNALLING_TO_RAS		10	0.30493194	0.7900253	0.76059324	1.0	1.0	4466	tags=50%, list=29%, signal=70%	
REACTOME_G_ALPHA_Z_SIGNALLING_EVENTS	REACTOME_G_ALPHA_Z_SIGNALLING_EVENTS		19	0.25029498	0.7869586	0.75527424	1.0	1.0	397	tags=11%, list=3%, signal=11%	
REACTOME_OXIDATIVE_STRESS_INDUCED_SENESCENCE	REACTOME_OXIDATIVE_STRESS_INDUCED_SENESCENCE		37	0.21512225	0.78574353	0.8326087	1.0	1.0	3500	tags=27%, list=23%, signal=35%	
REACTOME_NUCLEAR_PORE_COMPLEX_NPC_DISASSEMBLY	REACTOME_NUCLEAR_PORE_COMPLEX_NPC_DISASSEMBLY		32	0.22170845	0.7857201	0.79347825	1.0	1.0	3108	tags=25%, list=20%, signal=31%	
REACTOME_AEROBIC_RESPIRATION_AND_RESPIRATORY_ELECTRON_TRANSPORT	REACTOME_AEROBIC_RESPIRATION_AND_RESPIRATORY_ELECTRON_TRANSPORT		226	0.15385047	0.7847563	0.98241204	1.0	1.0	5502	tags=35%, list=36%, signal=54%	
REACTOME_CALNEXIN_CALRETICULIN_CYCLE	REACTOME_CALNEXIN_CALRETICULIN_CYCLE		8	0.3246318	0.78418	0.74793386	1.0	1.0	1398	tags=25%, list=9%, signal=27%	
REACTOME_MITOTIC_METAPHASE_AND_ANAPHASE	REACTOME_MITOTIC_METAPHASE_AND_ANAPHASE		218	0.15511855	0.7830894	0.9758713	1.0	1.0	4923	tags=31%, list=32%, signal=45%	
BIOCARTA_NGF_PATHWAY	BIOCARTA_NGF_PATHWAY		17	0.26295823	0.7819916	0.77901787	1.0	1.0	3093	tags=29%, list=20%, signal=37%	
REACTOME_RHOV_GTPASE_CYCLE	REACTOME_RHOV_GTPASE_CYCLE		35	0.22091967	0.781165	0.81663114	1.0	1.0	5190	tags=49%, list=34%, signal=73%	
BIOCARTA_CREB_PATHWAY	BIOCARTA_CREB_PATHWAY		19	0.24688335	0.78062105	0.79458237	1.0	1.0	1945	tags=26%, list=13%, signal=30%	
REACTOME_MTORC1_MEDIATED_SIGNALLING	REACTOME_MTORC1_MEDIATED_SIGNALLING		24	0.2409233	0.77986	0.7761194	1.0	1.0	5309	tags=50%, list=34%, signal=76%	
REACTOME_ERK_MAPK_TARGETS	REACTOME_ERK_MAPK_TARGETS		19	0.24589577	0.7798529	0.78646934	1.0	1.0	2649	tags=26%, list=17%, signal=32%	
REACTOME_PYRUVATE_METABOLISM	REACTOME_PYRUVATE_METABOLISM		39	0.2050811	0.77743405	0.83549786	1.0	1.0	2748	tags=23%, list=18%, signal=28%	
REACTOME_RAS_PROCESSING	REACTOME_RAS_PROCESSING		24	0.23299262	0.77670324	0.79911697	1.0	1.0	1599	tags=17%, list=10%, signal=19%	
WP_OXIDATIVE_PHOSPHORYLATION	WP_OXIDATIVE_PHOSPHORYLATION		53	0.19115998	0.77609664	0.8555305	1.0	1.0	4619	tags=32%, list=30%, signal=46%	
BIOCARTA_PTDINS_PATHWAY	BIOCARTA_PTDINS_PATHWAY		14	0.2743815	0.77518195	0.74432987	1.0	1.0	1829	tags=14%, list=12%, signal=16%	
REACTOME_MITOTIC_SPINDLE_CHECKPOINT	REACTOME_MITOTIC_SPINDLE_CHECKPOINT		108	0.17174147	0.77506226	0.91358024	1.0	1.0	4992	tags=35%, list=32%, signal=52%	
REACTOME_SIGNALING_BY_FGFR3	REACTOME_SIGNALING_BY_FGFR3		30	0.22121921	0.7744656	0.8199566	1.0	1.0	2116	tags=20%, list=14%, signal=23%	
REACTOME_IRAK1_RECRUITS_IKK_COMPLEX	REACTOME_IRAK1_RECRUITS_IKK_COMPLEX		15	0.2641831	0.77362823	0.7741935	1.0	1.0	2588	tags=20%, list=17%, signal=24%	
REACTOME_BETA_CATENIN_PHOSPHORYLATION_CASCADE	REACTOME_BETA_CATENIN_PHOSPHORYLATION_CASCADE		17	0.2573252	0.7734098	0.77321815	1.0	1.0	3261	tags=24%, list=21%, signal=30%	
REACTOME_TRIGLYCERIDE_BIOSYNTHESIS	REACTOME_TRIGLYCERIDE_BIOSYNTHESIS		8	0.32859242	0.7723368	0.75619835	1.0	1.0	1890	tags=25%, list=12%, signal=28%	
WP_FAS_PATHWAY_AND_STRESS_INDUCTION_OF_HSP_REGULATION	WP_FAS_PATHWAY_AND_STRESS_INDUCTION_OF_HSP_REGULATION		35	0.21510264	0.77206564	0.835141	1.0	1.0	2274	tags=20%, list=15%, signal=23%	
REACTOME_SIGNALING_BY_FGFR2	REACTOME_SIGNALING_BY_FGFR2		47	0.19946124	0.7711208	0.8586956	1.0	1.0	5203	tags=43%, list=34%, signal=64%	
REACTOME_ORGANELLE_BIOGENESIS_AND_MAINTENANCE	REACTOME_ORGANELLE_BIOGENESIS_AND_MAINTENANCE		200	0.1537344	0.7687182	0.9876847	1.0	1.0	3521	tags=23%, list=23%, signal=29%	
BIOCARTA_BTG2_PATHWAY	BIOCARTA_BTG2_PATHWAY		8	0.32075733	0.7667271	0.7590618	1.0	1.0	3377	tags=38%, list=22%, signal=48%	
REACTOME_SLBP_DEPENDENT_PROCESSING_OF_REPLICATION_DEPENDENT_HISTONE_PRE_MRNAS	REACTOME_SLBP_DEPENDENT_PROCESSING_OF_REPLICATION_DEPENDENT_HISTONE_PRE_MRNAS		11	0.29534528	0.7667226	0.7735471	1.0	1.0	6025	tags=55%, list=39%, signal=89%	
REACTOME_PRE_NOTCH_EXPRESSION_AND_PROCESSING	REACTOME_PRE_NOTCH_EXPRESSION_AND_PROCESSING		5	0.3654726	0.7664165	0.7573222	1.0	1.0	912	tags=20%, list=6%, signal=21%	
REACTOME_NEGATIVE_REGULATION_OF_FLT3	REACTOME_NEGATIVE_REGULATION_OF_FLT3		15	0.26722053	0.76639926	0.77167016	1.0	1.0	4199	tags=40%, list=27%, signal=55%	
REACTOME_DOWNSTREAM_SIGNAL_TRANSDUCTION	REACTOME_DOWNSTREAM_SIGNAL_TRANSDUCTION		25	0.22682795	0.76405925	0.8	1.0	1.0	1508	tags=16%, list=10%, signal=18%	
REACTOME_SUMOYLATION_OF_IMMUNE_RESPONSE_PROTEINS	REACTOME_SUMOYLATION_OF_IMMUNE_RESPONSE_PROTEINS		11	0.2839747	0.7634818	0.7724426	1.0	1.0	1750	tags=18%, list=11%, signal=20%	
BIOCARTA_GLEEVEC_PATHWAY	BIOCARTA_GLEEVEC_PATHWAY		23	0.23505862	0.76233673	0.7900433	1.0	1.0	1654	tags=17%, list=11%, signal=19%	
REACTOME_REGULATION_OF_BACH1_ACTIVITY	REACTOME_REGULATION_OF_BACH1_ACTIVITY		12	0.2836709	0.760487	0.77321815	1.0	1.0	3018	tags=33%, list=20%, signal=41%	
REACTOME_SIGNALING_BY_NUCLEAR_RECEPTORS	REACTOME_SIGNALING_BY_NUCLEAR_RECEPTORS		156	0.15762123	0.75798863	0.9782609	1.0	1.0	2022	tags=13%, list=13%, signal=15%	
WP_GENE_REGULATORY_NETWORK_MODELLING_SOMITOGENESIS	WP_GENE_REGULATORY_NETWORK_MODELLING_SOMITOGENESIS		6	0.34569144	0.7573981	0.7735849	1.0	1.0	496	tags=17%, list=3%, signal=17%	
REACTOME_SIGNALING_BY_NTRK2_TRKB	REACTOME_SIGNALING_BY_NTRK2_TRKB		7	0.33344743	0.7560549	0.7758985	1.0	1.0	3093	tags=29%, list=20%, signal=36%	
REACTOME_HISTIDINE_CATABOLISM	REACTOME_HISTIDINE_CATABOLISM		5	0.3629	0.7553089	0.73962265	1.0	1.0	3385	tags=40%, list=22%, signal=51%	
REACTOME_GLUCAGON_LIKE_PEPTIDE_1_GLP1_REGULATES_INSULIN_SECRETION	REACTOME_GLUCAGON_LIKE_PEPTIDE_1_GLP1_REGULATES_INSULIN_SECRETION		24	0.23074464	0.7541257	0.8394004	1.0	1.0	2811	tags=21%, list=18%, signal=25%	
BIOCARTA_MITOCHONDRIA_PATHWAY	BIOCARTA_MITOCHONDRIA_PATHWAY		19	0.24396522	0.7510593	0.825	1.0	1.0	2407	tags=21%, list=16%, signal=25%	
REACTOME_ELEVATION_OF_CYTOSOLIC_CA2_LEVELS	REACTOME_ELEVATION_OF_CYTOSOLIC_CA2_LEVELS		6	0.34044904	0.75085	0.75	1.0	1.0	10170	tags=100%, list=66%, signal=294%	
REACTOME_INHIBITION_OF_REPLICATION_INITIATION_OF_DAMAGED_DNA_BY_RB1_E2F1	REACTOME_INHIBITION_OF_REPLICATION_INITIATION_OF_DAMAGED_DNA_BY_RB1_E2F1		10	0.2892004	0.7508187	0.7831579	1.0	1.0	10961	tags=100%, list=71%, signal=346%	
REACTOME_MITOCHONDRIAL_PROTEIN_DEGRADATION	REACTOME_MITOCHONDRIAL_PROTEIN_DEGRADATION		79	0.17213356	0.7498138	0.95784545	1.0	1.0	2724	tags=15%, list=18%, signal=18%	
REACTOME_CASPASE_ACTIVATION_VIA_DEATH_RECEPTORS_IN_THE_PRESENCE_OF_LIGAND	REACTOME_CASPASE_ACTIVATION_VIA_DEATH_RECEPTORS_IN_THE_PRESENCE_OF_LIGAND		15	0.26192072	0.74949205	0.8183716	1.0	1.0	2274	tags=27%, list=15%, signal=31%	
REACTOME_REGULATION_OF_TLR_BY_ENDOGENOUS_LIGAND	REACTOME_REGULATION_OF_TLR_BY_ENDOGENOUS_LIGAND		14	0.2746082	0.7482847	0.8308026	1.0	1.0	3142	tags=36%, list=20%, signal=45%	
REACTOME_THE_PHOTOTRANSDUCTION_CASCADE	REACTOME_THE_PHOTOTRANSDUCTION_CASCADE		16	0.26027244	0.74663466	0.8169935	1.0	1.0	4959	tags=50%, list=32%, signal=74%	
REACTOME_FORMATION_OF_APOPTOSOME	REACTOME_FORMATION_OF_APOPTOSOME		10	0.2943143	0.745939	0.7777778	1.0	1.0	2407	tags=30%, list=16%, signal=36%	
REACTOME_SHC_MEDIATED_CASCADE_FGFR1	REACTOME_SHC_MEDIATED_CASCADE_FGFR1		8	0.3163565	0.74493885	0.7852632	1.0	1.0	4021	tags=50%, list=26%, signal=68%	
WP_DISTAL_CONVOLUTED_TUBULE_1_DCT1_CELL	WP_DISTAL_CONVOLUTED_TUBULE_1_DCT1_CELL		5	0.36021757	0.74312633	0.7824268	1.0	1.0	4801	tags=80%, list=31%, signal=116%	
REACTOME_GP1B_IX_V_ACTIVATION_SIGNALLING	REACTOME_GP1B_IX_V_ACTIVATION_SIGNALLING		9	0.2931217	0.74300146	0.78678036	1.0	1.0	96	tags=11%, list=1%, signal=11%	
WP_HYPOXIADEPENDENT_SELFRENEWAL_OF_MYOBLASTS	WP_HYPOXIADEPENDENT_SELFRENEWAL_OF_MYOBLASTS		6	0.33144975	0.7408864	0.7654867	1.0	1.0	2093	tags=33%, list=14%, signal=39%	
REACTOME_ISG15_ANTIVIRAL_MECHANISM	REACTOME_ISG15_ANTIVIRAL_MECHANISM		28	0.21396777	0.73924714	0.85685885	1.0	1.0	3519	tags=21%, list=23%, signal=28%	
BIOCARTA_HCMV_PATHWAY	BIOCARTA_HCMV_PATHWAY		17	0.24675982	0.7390815	0.8181818	1.0	1.0	1945	tags=24%, list=13%, signal=27%	
REACTOME_POSTMITOTIC_NUCLEAR_PORE_COMPLEX_NPC_REFORMATION	REACTOME_POSTMITOTIC_NUCLEAR_PORE_COMPLEX_NPC_REFORMATION		22	0.23210093	0.73884153	0.8627859	1.0	1.0	3108	tags=27%, list=20%, signal=34%	
REACTOME_REGULATION_OF_PYRUVATE_DEHYDROGENASE_PDH_COMPLEX	REACTOME_REGULATION_OF_PYRUVATE_DEHYDROGENASE_PDH_COMPLEX		13	0.271911	0.7388409	0.8030303	1.0	1.0	2703	tags=23%, list=18%, signal=28%	
REACTOME_PHASE_I_FUNCTIONALIZATION_OF_COMPOUNDS	REACTOME_PHASE_I_FUNCTIONALIZATION_OF_COMPOUNDS		44	0.19345464	0.7384933	0.88544154	1.0	1.0	2036	tags=16%, list=13%, signal=18%	
REACTOME_INTERLEUKIN_20_FAMILY_SIGNALING	REACTOME_INTERLEUKIN_20_FAMILY_SIGNALING		11	0.27993363	0.73704165	0.805492	1.0	1.0	322	tags=9%, list=2%, signal=9%	
REACTOME_HSF1_DEPENDENT_TRANSACTIVATION	REACTOME_HSF1_DEPENDENT_TRANSACTIVATION		20	0.23301883	0.73533213	0.8377823	1.0	1.0	2009	tags=20%, list=13%, signal=23%	
REACTOME_INTERLEUKIN_2_SIGNALING	REACTOME_INTERLEUKIN_2_SIGNALING		10	0.2879034	0.73527163	0.82510287	1.0	1.0	679	tags=10%, list=4%, signal=10%	
REACTOME_DNA_DAMAGE_RECOGNITION_IN_GG_NER	REACTOME_DNA_DAMAGE_RECOGNITION_IN_GG_NER		39	0.20196672	0.7350525	0.89534885	1.0	1.0	3300	tags=26%, list=21%, signal=33%	
REACTOME_RUNX3_REGULATES_NOTCH_SIGNALING	REACTOME_RUNX3_REGULATES_NOTCH_SIGNALING		9	0.28425747	0.73373353	0.78838176	1.0	1.0	549	tags=11%, list=4%, signal=12%	
REACTOME_RESOLUTION_OF_SISTER_CHROMATID_COHESION	REACTOME_RESOLUTION_OF_SISTER_CHROMATID_COHESION		117	0.16214164	0.73272306	0.9675174	1.0	1.0	4992	tags=37%, list=32%, signal=54%	
REACTOME_GROWTH_HORMONE_RECEPTOR_SIGNALING	REACTOME_GROWTH_HORMONE_RECEPTOR_SIGNALING		10	0.29091638	0.73261064	0.7984032	1.0	1.0	383	tags=10%, list=2%, signal=10%	
REACTOME_MITOTIC_PROMETAPHASE	REACTOME_MITOTIC_PROMETAPHASE		187	0.14784673	0.7310476	0.99234694	1.0	1.0	4994	tags=36%, list=32%, signal=53%	
REACTOME_NF_KB_IS_ACTIVATED_AND_SIGNALS_SURVIVAL	REACTOME_NF_KB_IS_ACTIVATED_AND_SIGNALS_SURVIVAL		12	0.26760703	0.7294819	0.83092785	1.0	1.0	1398	tags=17%, list=9%, signal=18%	
REACTOME_CYTOCHROME_C_MEDIATED_APOPTOTIC_RESPONSE	REACTOME_CYTOCHROME_C_MEDIATED_APOPTOTIC_RESPONSE		12	0.26207486	0.7288218	0.8308351	1.0	1.0	2407	tags=25%, list=16%, signal=30%	
REACTOME_IRS_MEDIATED_SIGNALLING	REACTOME_IRS_MEDIATED_SIGNALLING		21	0.22969119	0.724219	0.87096775	1.0	1.0	3740	tags=38%, list=24%, signal=50%	
REACTOME_ONCOGENE_INDUCED_SENESCENCE	REACTOME_ONCOGENE_INDUCED_SENESCENCE		17	0.24406956	0.7241467	0.836478	1.0	1.0	1398	tags=18%, list=9%, signal=19%	
REACTOME_P38MAPK_EVENTS	REACTOME_P38MAPK_EVENTS		7	0.3210257	0.72176796	0.8117409	1.0	1.0	288	tags=14%, list=2%, signal=15%	
REACTOME_PROTEIN_LIPOYLATION	REACTOME_PROTEIN_LIPOYLATION		10	0.28225598	0.72155136	0.8092243	1.0	1.0	11068	tags=100%, list=72%, signal=354%	
REACTOME_TRANSCRIPTION_COUPLED_NUCLEOTIDE_EXCISION_REPAIR_TC_NER	REACTOME_TRANSCRIPTION_COUPLED_NUCLEOTIDE_EXCISION_REPAIR_TC_NER		74	0.16771549	0.7152177	0.96135265	1.0	1.0	3543	tags=22%, list=23%, signal=28%	
REACTOME_FATTY_ACIDS_BOUND_TO_GPR40_FFAR1_REGULATE_INSULIN_SECRETION	REACTOME_FATTY_ACIDS_BOUND_TO_GPR40_FFAR1_REGULATE_INSULIN_SECRETION		7	0.30857044	0.71434253	0.8398357	1.0	1.0	722	tags=14%, list=5%, signal=15%	
BIOCARTA_IRES_PATHWAY	BIOCARTA_IRES_PATHWAY		6	0.330327	0.71406716	0.79583335	1.0	1.0	10326	tags=100%, list=67%, signal=303%	
BIOCARTA_CBL_PATHWAY	BIOCARTA_CBL_PATHWAY		9	0.28868484	0.7139344	0.8220859	1.0	1.0	5612	tags=67%, list=36%, signal=105%	
REACTOME_SIGNALING_BY_VEGF	REACTOME_SIGNALING_BY_VEGF		92	0.16029114	0.7106003	0.97931033	1.0	1.0	4021	tags=27%, list=26%, signal=37%	
BIOCARTA_TERC_PATHWAY	BIOCARTA_TERC_PATHWAY		6	0.32072407	0.7097428	0.8224719	1.0	1.0	10474	tags=100%, list=68%, signal=312%	
REACTOME_COMPLEX_IV_ASSEMBLY	REACTOME_COMPLEX_IV_ASSEMBLY		39	0.19325356	0.70966613	0.9174312	1.0	1.0	5903	tags=41%, list=38%, signal=66%	
REACTOME_ENERGY_DEPENDENT_REGULATION_OF_MTOR_BY_LKB1_AMPK	REACTOME_ENERGY_DEPENDENT_REGULATION_OF_MTOR_BY_LKB1_AMPK		27	0.2074227	0.7095381	0.8995816	1.0	1.0	4951	tags=48%, list=32%, signal=71%	
REACTOME_DNA_REPLICATION_INITIATION	REACTOME_DNA_REPLICATION_INITIATION		8	0.28916293	0.7077875	0.848	1.0	1.0	10961	tags=100%, list=71%, signal=346%	
BIOCARTA_RNA_PATHWAY	BIOCARTA_RNA_PATHWAY		9	0.28439504	0.70753115	0.8470825	1.0	1.0	5242	tags=44%, list=34%, signal=67%	
REACTOME_SIGNALLING_TO_ERKS	REACTOME_SIGNALLING_TO_ERKS		22	0.2190294	0.70516145	0.8867925	1.0	1.0	5933	tags=59%, list=38%, signal=96%	
REACTOME_FRS_MEDIATED_FGFR3_SIGNALING	REACTOME_FRS_MEDIATED_FGFR3_SIGNALING		9	0.27901375	0.7037409	0.84033614	1.0	1.0	4021	tags=44%, list=26%, signal=60%	
REACTOME_INSULIN_PROCESSING	REACTOME_INSULIN_PROCESSING		10	0.27231738	0.7036303	0.8336887	1.0	1.0	3692	tags=30%, list=24%, signal=39%	
WP_DYSREGULATED_MIRNA_TARGETING_IN_INSULINPI3KAKT_SIGNALING	WP_DYSREGULATED_MIRNA_TARGETING_IN_INSULINPI3KAKT_SIGNALING		22	0.2162605	0.7029733	0.89254385	1.0	1.0	4917	tags=36%, list=32%, signal=53%	
REACTOME_DUAL_INCISION_IN_TC_NER	REACTOME_DUAL_INCISION_IN_TC_NER		62	0.16984011	0.70093423	0.9532909	1.0	1.0	3543	tags=23%, list=23%, signal=29%	
REACTOME_FRS_MEDIATED_FGFR4_SIGNALING	REACTOME_FRS_MEDIATED_FGFR4_SIGNALING		9	0.27901375	0.70018417	0.8596112	1.0	1.0	4021	tags=44%, list=26%, signal=60%	
REACTOME_REGULATION_OF_FOXO_TRANSCRIPTIONAL_ACTIVITY_BY_ACETYLATION	REACTOME_REGULATION_OF_FOXO_TRANSCRIPTIONAL_ACTIVITY_BY_ACETYLATION		6	0.3250076	0.69974375	0.86199576	1.0	1.0	2093	tags=33%, list=14%, signal=39%	
BIOCARTA_AKAP13_PATHWAY	BIOCARTA_AKAP13_PATHWAY		7	0.30827084	0.6989558	0.8303748	1.0	1.0	1777	tags=29%, list=12%, signal=32%	
BIOCARTA_CERAMIDE_PATHWAY	BIOCARTA_CERAMIDE_PATHWAY		22	0.22049099	0.6981833	0.88986784	1.0	1.0	6018	tags=50%, list=39%, signal=82%	
REACTOME_DEFENSINS	REACTOME_DEFENSINS		5	0.33988413	0.6937421	0.8752643	1.0	1.0	3142	tags=40%, list=20%, signal=50%	
REACTOME_REGULATION_OF_MRNA_STABILITY_BY_PROTEINS_THAT_BIND_AU_RICH_ELEMENTS	REACTOME_REGULATION_OF_MRNA_STABILITY_BY_PROTEINS_THAT_BIND_AU_RICH_ELEMENTS		83	0.16047862	0.69338524	0.9821826	1.0	1.0	5414	tags=35%, list=35%, signal=54%	
BIOCARTA_PPARG_PATHWAY	BIOCARTA_PPARG_PATHWAY		7	0.30394357	0.6919028	0.85655737	1.0	1.0	1712	tags=29%, list=11%, signal=32%	
REACTOME_KERATAN_SULFATE_KERATIN_METABOLISM	REACTOME_KERATAN_SULFATE_KERATIN_METABOLISM		23	0.21310619	0.6912626	0.8876652	1.0	1.0	3808	tags=35%, list=25%, signal=46%	
REACTOME_RHO_GTPASES_ACTIVATE_PKNS	REACTOME_RHO_GTPASES_ACTIVATE_PKNS		21	0.21572272	0.69026005	0.9105505	1.0	1.0	4651	tags=48%, list=30%, signal=68%	
BIOCARTA_TPO_PATHWAY	BIOCARTA_TPO_PATHWAY		23	0.20766473	0.6889082	0.89106756	1.0	1.0	12220	tags=100%, list=79%, signal=481%	
WP_MAPK_CASCADE	WP_MAPK_CASCADE		27	0.2071894	0.6882064	0.9115226	1.0	1.0	2383	tags=19%, list=15%, signal=22%	
REACTOME_TRANSLESION_SYNTHESIS_BY_POLH	REACTOME_TRANSLESION_SYNTHESIS_BY_POLH		20	0.22004583	0.6873637	0.8888889	1.0	1.0	3363	tags=20%, list=22%, signal=26%	
REACTOME_BUTYRATE_RESPONSE_FACTOR_1_BRF1_BINDS_AND_DESTABILIZES_MRNA	REACTOME_BUTYRATE_RESPONSE_FACTOR_1_BRF1_BINDS_AND_DESTABILIZES_MRNA		16	0.23391628	0.68621236	0.89772725	1.0	1.0	5320	tags=50%, list=35%, signal=76%	
REACTOME_FRS_MEDIATED_FGFR2_SIGNALING	REACTOME_FRS_MEDIATED_FGFR2_SIGNALING		9	0.27901375	0.6858234	0.86290324	1.0	1.0	4021	tags=44%, list=26%, signal=60%	
REACTOME_DEPOLYMERIZATION_OF_THE_NUCLEAR_LAMINA	REACTOME_DEPOLYMERIZATION_OF_THE_NUCLEAR_LAMINA		12	0.252373	0.6816329	0.87649405	1.0	1.0	2170	tags=25%, list=14%, signal=29%	
BIOCARTA_DEATH_PATHWAY	BIOCARTA_DEATH_PATHWAY		30	0.19087471	0.68008655	0.94292235	1.0	1.0	2407	tags=17%, list=16%, signal=20%	
REACTOME_RUNX2_REGULATES_BONE_DEVELOPMENT	REACTOME_RUNX2_REGULATES_BONE_DEVELOPMENT		6	0.3178067	0.6789947	0.86875	1.0	1.0	817	tags=17%, list=5%, signal=18%	
BIOCARTA_VDR_PATHWAY	BIOCARTA_VDR_PATHWAY		21	0.2134064	0.6785952	0.9143469	1.0	1.0	5103	tags=43%, list=33%, signal=64%	
REACTOME_HSP90_CHAPERONE_CYCLE_FOR_STEROID_HORMONE_RECEPTORS_SHR_IN_THE_PRESENCE_OF_LIGAND	REACTOME_HSP90_CHAPERONE_CYCLE_FOR_STEROID_HORMONE_RECEPTORS_SHR_IN_THE_PRESENCE_OF_LIGAND		45	0.1777313	0.67706597	0.9606127	1.0	1.0	2009	tags=16%, list=13%, signal=18%	
WP_SEROTONIN_AND_ANXIETYRELATED_EVENTS	WP_SEROTONIN_AND_ANXIETYRELATED_EVENTS		6	0.31051975	0.6764672	0.8577154	1.0	1.0	1038	tags=17%, list=7%, signal=18%	
BIOCARTA_TNFR1_PATHWAY	BIOCARTA_TNFR1_PATHWAY		28	0.19582473	0.67484397	0.92633927	1.0	1.0	3798	tags=25%, list=25%, signal=33%	
REACTOME_PREGNENOLONE_BIOSYNTHESIS	REACTOME_PREGNENOLONE_BIOSYNTHESIS		11	0.2510944	0.6745158	0.89429176	1.0	1.0	341	tags=9%, list=2%, signal=9%	
REACTOME_TRIF_MEDIATED_PROGRAMMED_CELL_DEATH	REACTOME_TRIF_MEDIATED_PROGRAMMED_CELL_DEATH		9	0.26907274	0.6730118	0.89200866	1.0	1.0	2194	tags=22%, list=14%, signal=26%	
REACTOME_PDH_COMPLEX_SYNTHESIZES_ACETYL_COA_FROM_PYR	REACTOME_PDH_COMPLEX_SYNTHESIZES_ACETYL_COA_FROM_PYR		5	0.33393884	0.6724214	0.8784067	1.0	1.0	10270	tags=100%, list=67%, signal=299%	
REACTOME_SIGNALING_BY_NTRKS	REACTOME_SIGNALING_BY_NTRKS		65	0.16254336	0.6715601	0.97762865	1.0	1.0	2649	tags=17%, list=17%, signal=20%	
REACTOME_CARGO_TRAFFICKING_TO_THE_PERICILIARY_MEMBRANE	REACTOME_CARGO_TRAFFICKING_TO_THE_PERICILIARY_MEMBRANE		33	0.19030784	0.6706763	0.9281046	1.0	1.0	2623	tags=18%, list=17%, signal=22%	
BIOCARTA_CCR5_PATHWAY	BIOCARTA_CCR5_PATHWAY		14	0.2368459	0.6699909	0.87904966	1.0	1.0	2802	tags=21%, list=18%, signal=26%	
REACTOME_MITOTIC_G1_PHASE_AND_G1_S_TRANSITION	REACTOME_MITOTIC_G1_PHASE_AND_G1_S_TRANSITION		129	0.14225662	0.6693816	0.99527186	1.0	1.0	2869	tags=15%, list=19%, signal=18%	
WP_OVARIAN_INFERTILITY	WP_OVARIAN_INFERTILITY		16	0.23362969	0.6672734	0.9137931	1.0	1.0	669	tags=13%, list=4%, signal=13%	
BIOCARTA_HIVNEF_PATHWAY	BIOCARTA_HIVNEF_PATHWAY		54	0.1682156	0.66713357	0.9795455	1.0	1.0	3995	tags=26%, list=26%, signal=35%	
BIOCARTA_TFF_PATHWAY	BIOCARTA_TFF_PATHWAY		19	0.22003824	0.66353	0.9094828	1.0	1.0	1508	tags=16%, list=10%, signal=17%	
WP_HOMOLOGOUS_RECOMBINATION	WP_HOMOLOGOUS_RECOMBINATION		12	0.2457508	0.66310596	0.89366055	1.0	1.0	3141	tags=25%, list=20%, signal=31%	
WP_HEART_DEVELOPMENT	WP_HEART_DEVELOPMENT		18	0.22126001	0.66191626	0.9113082	1.0	1.0	1827	tags=17%, list=12%, signal=19%	
BIOCARTA_CXCR4_PATHWAY	BIOCARTA_CXCR4_PATHWAY		17	0.22005062	0.66163635	0.9209979	1.0	1.0	12028	tags=100%, list=78%, signal=454%	
REACTOME_PCNA_DEPENDENT_LONG_PATCH_BASE_EXCISION_REPAIR	REACTOME_PCNA_DEPENDENT_LONG_PATCH_BASE_EXCISION_REPAIR		21	0.20731322	0.6591826	0.93791574	1.0	1.0	12225	tags=100%, list=79%, signal=482%	
REACTOME_TIGHT_JUNCTION_INTERACTIONS	REACTOME_TIGHT_JUNCTION_INTERACTIONS		6	0.29752403	0.6564549	0.87909836	1.0	1.0	912	tags=17%, list=6%, signal=18%	
REACTOME_SEPARATION_OF_SISTER_CHROMATIDS	REACTOME_SEPARATION_OF_SISTER_CHROMATIDS		180	0.13309759	0.65519196	1.0	1.0	1.0	4923	tags=29%, list=32%, signal=43%	
BIOCARTA_IGF1_PATHWAY	BIOCARTA_IGF1_PATHWAY		21	0.20474873	0.65377265	0.9326087	1.0	1.0	3093	tags=29%, list=20%, signal=36%	
REACTOME_INTERLEUKIN_15_SIGNALING	REACTOME_INTERLEUKIN_15_SIGNALING		11	0.24456418	0.65216523	0.90413946	1.0	1.0	11649	tags=100%, list=76%, signal=409%	
REACTOME_G1_S_DNA_DAMAGE_CHECKPOINTS	REACTOME_G1_S_DNA_DAMAGE_CHECKPOINTS		64	0.15890357	0.651479	0.98383373	1.0	1.0	1549	tags=9%, list=10%, signal=10%	
BIOCARTA_MAPK_PATHWAY	BIOCARTA_MAPK_PATHWAY		74	0.15290126	0.6506859	0.993228	1.0	1.0	3461	tags=20%, list=22%, signal=26%	
REACTOME_DECTIN_1_MEDIATED_NONCANONICAL_NF_KB_SIGNALING	REACTOME_DECTIN_1_MEDIATED_NONCANONICAL_NF_KB_SIGNALING		57	0.15965813	0.6488465	0.97959185	1.0	1.0	1861	tags=9%, list=12%, signal=10%	
REACTOME_CLASS_I_PEROXISOMAL_MEMBRANE_PROTEIN_IMPORT	REACTOME_CLASS_I_PEROXISOMAL_MEMBRANE_PROTEIN_IMPORT		19	0.20382449	0.6424246	0.9252747	1.0	1.0	3618	tags=26%, list=23%, signal=34%	
REACTOME_ANTIVIRAL_MECHANISM_BY_IFN_STIMULATED_GENES	REACTOME_ANTIVIRAL_MECHANISM_BY_IFN_STIMULATED_GENES		87	0.14346261	0.63771474	0.99264705	1.0	1.0	3519	tags=21%, list=23%, signal=27%	
REACTOME_RHOU_GTPASE_CYCLE	REACTOME_RHOU_GTPASE_CYCLE		37	0.17550108	0.63306487	0.9762419	1.0	1.0	5142	tags=46%, list=33%, signal=69%	
BIOCARTA_HSWI_SNF_PATHWAY	BIOCARTA_HSWI_SNF_PATHWAY		11	0.23846309	0.6323628	0.9257642	1.0	1.0	11743	tags=100%, list=76%, signal=419%	
WP_EPO_RECEPTOR_SIGNALING	WP_EPO_RECEPTOR_SIGNALING		23	0.19165677	0.63165635	0.9558499	1.0	1.0	4082	tags=35%, list=26%, signal=47%	
REACTOME_MET_ACTIVATES_RAS_SIGNALING	REACTOME_MET_ACTIVATES_RAS_SIGNALING		9	0.25230896	0.63141495	0.92258066	1.0	1.0	4069	tags=56%, list=26%, signal=75%	
REACTOME_ACYL_CHAIN_REMODELING_OF_CL	REACTOME_ACYL_CHAIN_REMODELING_OF_CL		5	0.31113175	0.63007635	0.8881857	1.0	1.0	1305	tags=20%, list=8%, signal=22%	
REACTOME_METABOLISM_OF_NITRIC_OXIDE_NOS3_ACTIVATION_AND_REGULATION	REACTOME_METABOLISM_OF_NITRIC_OXIDE_NOS3_ACTIVATION_AND_REGULATION		12	0.22849111	0.6284742	0.91721135	1.0	1.0	2022	tags=25%, list=13%, signal=29%	
REACTOME_SIGNALING_BY_FGFR	REACTOME_SIGNALING_BY_FGFR		55	0.15553813	0.62798643	0.9952153	1.0	1.0	5203	tags=38%, list=34%, signal=57%	
REACTOME_HOMOLOGOUS_DNA_PAIRING_AND_STRAND_EXCHANGE	REACTOME_HOMOLOGOUS_DNA_PAIRING_AND_STRAND_EXCHANGE		26	0.1857479	0.6267994	0.9707113	1.0	1.0	4208	tags=27%, list=27%, signal=37%	
REACTOME_GLYCINE_DEGRADATION	REACTOME_GLYCINE_DEGRADATION		6	0.28218266	0.6215947	0.9107505	1.0	1.0	11068	tags=100%, list=72%, signal=354%	
REACTOME_CHONDROITIN_SULFATE_BIOSYNTHESIS	REACTOME_CHONDROITIN_SULFATE_BIOSYNTHESIS		12	0.23136924	0.62086785	0.93306285	1.0	1.0	5092	tags=50%, list=33%, signal=75%	
REACTOME_SIGNALING_BY_NTRK1_TRKA	REACTOME_SIGNALING_BY_NTRK1_TRKA		58	0.1520281	0.61822605	0.9936034	1.0	1.0	5309	tags=43%, list=34%, signal=65%	
REACTOME_NRIF_SIGNALS_CELL_DEATH_FROM_THE_NUCLEUS	REACTOME_NRIF_SIGNALS_CELL_DEATH_FROM_THE_NUCLEUS		13	0.21965839	0.6172096	0.9361234	1.0	1.0	1398	tags=15%, list=9%, signal=17%	
REACTOME_UBIQUITIN_MEDIATED_DEGRADATION_OF_PHOSPHORYLATED_CDC25A	REACTOME_UBIQUITIN_MEDIATED_DEGRADATION_OF_PHOSPHORYLATED_CDC25A		51	0.15751842	0.61554676	0.9867257	1.0	1.0	1497	tags=8%, list=10%, signal=9%	
WP_METHYLATION	WP_METHYLATION		5	0.30043307	0.61399615	0.8879493	1.0	1.0	4220	tags=60%, list=27%, signal=83%	
BIOCARTA_SAM68_PATHWAY	BIOCARTA_SAM68_PATHWAY		6	0.28496063	0.6084265	0.9049505	1.0	1.0	4082	tags=50%, list=26%, signal=68%	
REACTOME_AUF1_HNRNP_D0_BINDS_AND_DESTABILIZES_MRNA	REACTOME_AUF1_HNRNP_D0_BINDS_AND_DESTABILIZES_MRNA		55	0.15174504	0.60448235	0.9907834	1.0	1.0	1683	tags=9%, list=11%, signal=10%	
REACTOME_FCERI_MEDIATED_NF_KB_ACTIVATION	REACTOME_FCERI_MEDIATED_NF_KB_ACTIVATION		79	0.14104661	0.6039629	0.9953704	1.0	1.0	2027	tags=10%, list=13%, signal=12%	
WP_MIR193A_AND_MVP_IN_COLON_CANCER_METASTASIS	WP_MIR193A_AND_MVP_IN_COLON_CANCER_METASTASIS		6	0.28458813	0.60225564	0.9290061	1.0	1.0	3180	tags=33%, list=21%, signal=42%	
BIOCARTA_PAR1_PATHWAY	BIOCARTA_PAR1_PATHWAY		16	0.20180295	0.59798	0.95238096	1.0	1.0	3514	tags=25%, list=23%, signal=32%	
REACTOME_ASPARTATE_AND_ASPARAGINE_METABOLISM	REACTOME_ASPARTATE_AND_ASPARAGINE_METABOLISM		6	0.2768957	0.59784174	0.92668027	1.0	1.0	3251	tags=33%, list=21%, signal=42%	
REACTOME_TRANSLESION_SYNTHESIS_BY_Y_FAMILY_DNA_POLYMERASES_BYPASSES_LESIONS_ON_DNA_TEMPLATE	REACTOME_TRANSLESION_SYNTHESIS_BY_Y_FAMILY_DNA_POLYMERASES_BYPASSES_LESIONS_ON_DNA_TEMPLATE		39	0.1599833	0.59392107	0.98922414	1.0	1.0	3363	tags=21%, list=22%, signal=26%	
REACTOME_REGULATION_OF_RUNX1_EXPRESSION_AND_ACTIVITY	REACTOME_REGULATION_OF_RUNX1_EXPRESSION_AND_ACTIVITY		7	0.25351635	0.5915293	0.94432074	1.0	1.0	3180	tags=29%, list=21%, signal=36%	
BIOCARTA_TRKA_PATHWAY	BIOCARTA_TRKA_PATHWAY		10	0.23327497	0.59007037	0.9361234	1.0	1.0	3093	tags=30%, list=20%, signal=38%	
REACTOME_RUNX1_REGULATES_TRANSCRIPTION_OF_GENES_INVOLVED_IN_DIFFERENTIATION_OF_HSCS	REACTOME_RUNX1_REGULATES_TRANSCRIPTION_OF_GENES_INVOLVED_IN_DIFFERENTIATION_OF_HSCS		64	0.14408144	0.587948	0.9954023	1.0	1.0	4079	tags=20%, list=26%, signal=28%	
REACTOME_S_PHASE	REACTOME_S_PHASE		145	0.12283685	0.58597493	1.0	1.0	1.0	2869	tags=14%, list=19%, signal=18%	
REACTOME_SIGNALING_BY_LTK	REACTOME_SIGNALING_BY_LTK		9	0.23951729	0.5839218	0.95416665	1.0	1.0	3093	tags=33%, list=20%, signal=42%	
REACTOME_TRANSPORT_OF_NUCLEOTIDE_SUGARS	REACTOME_TRANSPORT_OF_NUCLEOTIDE_SUGARS		9	0.23525251	0.5802535	0.9480519	1.0	1.0	3851	tags=33%, list=25%, signal=44%	
REACTOME_TERMINATION_OF_TRANSLESION_DNA_SYNTHESIS	REACTOME_TERMINATION_OF_TRANSLESION_DNA_SYNTHESIS		32	0.16941737	0.5800078	0.9818182	1.0	1.0	3363	tags=22%, list=22%, signal=28%	
BIOCARTA_ARF_PATHWAY	BIOCARTA_ARF_PATHWAY		13	0.21056044	0.57556856	0.970894	1.0	1.0	4917	tags=38%, list=32%, signal=56%	
REACTOME_MTOR_SIGNALLING	REACTOME_MTOR_SIGNALLING		39	0.15371229	0.5717885	0.993228	1.0	1.0	4951	tags=44%, list=32%, signal=64%	
REACTOME_G1_S_TRANSITION	REACTOME_G1_S_TRANSITION		104	0.1254114	0.57115036	1.0	1.0	1.0	2869	tags=13%, list=19%, signal=16%	
REACTOME_ORC1_REMOVAL_FROM_CHROMATIN	REACTOME_ORC1_REMOVAL_FROM_CHROMATIN		69	0.13701817	0.56846756	0.9977528	1.0	1.0	1861	tags=10%, list=12%, signal=11%	
REACTOME_GLYCOGEN_SYNTHESIS	REACTOME_GLYCOGEN_SYNTHESIS		5	0.27528718	0.5612741	0.9520697	1.0	1.0	11174	tags=100%, list=72%, signal=363%	
REACTOME_REGULATION_OF_LIPID_METABOLISM_BY_PPARALPHA	REACTOME_REGULATION_OF_LIPID_METABOLISM_BY_PPARALPHA		15	0.19387898	0.5611716	0.95247936	1.0	1.0	4187	tags=33%, list=27%, signal=46%	
REACTOME_CD209_DC_SIGN_SIGNALING	REACTOME_CD209_DC_SIGN_SIGNALING		16	0.19307305	0.5591798	0.9794239	1.0	1.0	1777	tags=13%, list=12%, signal=14%	
REACTOME_PROCESSIVE_SYNTHESIS_ON_THE_C_STRAND_OF_THE_TELOMERE	REACTOME_PROCESSIVE_SYNTHESIS_ON_THE_C_STRAND_OF_THE_TELOMERE		18	0.18145126	0.55788463	0.9777778	1.0	1.0	3258	tags=22%, list=21%, signal=28%	
BIOCARTA_EIF4_PATHWAY	BIOCARTA_EIF4_PATHWAY		19	0.1751993	0.5471915	0.9807692	1.0	1.0	5764	tags=58%, list=37%, signal=92%	
REACTOME_NUCLEAR_RECEPTOR_TRANSCRIPTION_PATHWAY	REACTOME_NUCLEAR_RECEPTOR_TRANSCRIPTION_PATHWAY		29	0.15901987	0.54632163	0.9843401	1.0	1.0	37	tags=3%, list=0%, signal=3%	
REACTOME_FRS_MEDIATED_FGFR1_SIGNALING	REACTOME_FRS_MEDIATED_FGFR1_SIGNALING		10	0.21206494	0.5428023	0.9678068	1.0	1.0	4021	tags=40%, list=26%, signal=54%	
BIOCARTA_IL7_PATHWAY	BIOCARTA_IL7_PATHWAY		15	0.18487883	0.5421147	0.98109245	1.0	1.0	1508	tags=13%, list=10%, signal=15%	
REACTOME_PEROXISOMAL_LIPID_METABOLISM	REACTOME_PEROXISOMAL_LIPID_METABOLISM		24	0.16517301	0.53948313	0.99568963	1.0	1.0	5125	tags=42%, list=33%, signal=62%	
REACTOME_REGULATION_OF_RAS_BY_GAPS	REACTOME_REGULATION_OF_RAS_BY_GAPS		64	0.1304893	0.53688025	1.0	1.0	1.0	2388	tags=11%, list=15%, signal=13%	
REACTOME_PROSTANOID_LIGAND_RECEPTORS	REACTOME_PROSTANOID_LIGAND_RECEPTORS		6	0.24039705	0.5324873	0.9613035	1.0	1.0	11712	tags=100%, list=76%, signal=416%	
REACTOME_SYNTHESIS_OF_UDP_N_ACETYL_GLUCOSAMINE	REACTOME_SYNTHESIS_OF_UDP_N_ACETYL_GLUCOSAMINE		6	0.25065157	0.5305751	0.9850107	1.0	1.0	4234	tags=33%, list=27%, signal=46%	
REACTOME_HDR_THROUGH_HOMOLOGOUS_RECOMBINATION_HRR	REACTOME_HDR_THROUGH_HOMOLOGOUS_RECOMBINATION_HRR		59	0.13243505	0.53055066	0.9957356	1.0	1.0	3363	tags=19%, list=22%, signal=24%	
REACTOME_MALATE_ASPARTATE_SHUTTLE	REACTOME_MALATE_ASPARTATE_SHUTTLE		9	0.21844369	0.52969253	0.97713095	1.0	1.0	12051	tags=100%, list=78%, signal=458%	
REACTOME_RECOGNITION_OF_DNA_DAMAGE_BY_PCNA_CONTAINING_REPLICATION_COMPLEX	REACTOME_RECOGNITION_OF_DNA_DAMAGE_BY_PCNA_CONTAINING_REPLICATION_COMPLEX		31	0.14868677	0.5274148	0.997921	1.0	1.0	2797	tags=16%, list=18%, signal=20%	
WP_HYPOXIADEPENDENT_PROLIFERATION_OF_MYOBLASTS	WP_HYPOXIADEPENDENT_PROLIFERATION_OF_MYOBLASTS		13	0.19267206	0.5274002	0.977169	1.0	1.0	4965	tags=46%, list=32%, signal=68%	
BIOCARTA_BIOPEPTIDES_PATHWAY	BIOCARTA_BIOPEPTIDES_PATHWAY		24	0.15493044	0.51767844	0.98715204	1.0	1.0	13032	tags=100%, list=85%, signal=645%	
REACTOME_DEGRADATION_OF_DVL	REACTOME_DEGRADATION_OF_DVL		54	0.13161413	0.51617324	1.0	1.0	1.0	1497	tags=7%, list=10%, signal=8%	
REACTOME_MAPK6_MAPK4_SIGNALING	REACTOME_MAPK6_MAPK4_SIGNALING		70	0.11977031	0.50427866	1.0	1.0	1.0	4679	tags=24%, list=30%, signal=35%	
REACTOME_HEDGEHOG_LIGAND_BIOGENESIS	REACTOME_HEDGEHOG_LIGAND_BIOGENESIS		57	0.12286484	0.49908382	1.0	1.0	1.0	2067	tags=9%, list=13%, signal=10%	
REACTOME_DNA_DAMAGE_BYPASS	REACTOME_DNA_DAMAGE_BYPASS		48	0.1285779	0.4966942	0.9977477	1.0	1.0	3363	tags=19%, list=22%, signal=24%	
REACTOME_RESOLUTION_OF_ABASIC_SITES_AP_SITES	REACTOME_RESOLUTION_OF_ABASIC_SITES_AP_SITES		37	0.13148445	0.48936072	0.9977925	1.0	1.0	3254	tags=19%, list=21%, signal=24%	
BIOCARTA_CD40_PATHWAY	BIOCARTA_CD40_PATHWAY		14	0.16456763	0.4671836	0.9875	1.0	1.0	12882	tags=100%, list=84%, signal=607%	
REACTOME_METABOLISM_OF_FOLATE_AND_PTERINES	REACTOME_METABOLISM_OF_FOLATE_AND_PTERINES		16	0.15744714	0.46353453	0.99791664	1.0	1.0	12992	tags=100%, list=84%, signal=635%	
REACTOME_TRANSCRIPTIONAL_REGULATION_BY_RUNX2	REACTOME_TRANSCRIPTIONAL_REGULATION_BY_RUNX2		62	0.10988971	0.456389	1.0	1.0	1.0	1861	tags=8%, list=12%, signal=9%	
REACTOME_CONDENSATION_OF_PROMETAPHASE_CHROMOSOMES	REACTOME_CONDENSATION_OF_PROMETAPHASE_CHROMOSOMES		8	0.18033233	0.4400134	1.0	1.0	1.0	5585	tags=50%, list=36%, signal=78%	
REACTOME_SUMOYLATION_OF_TRANSCRIPTION_FACTORS	REACTOME_SUMOYLATION_OF_TRANSCRIPTION_FACTORS		13	0.1617008	0.43637758	0.9978992	1.0	1.0	12926	tags=100%, list=84%, signal=618%	
WP_PROTEASOME_DEGRADATION	WP_PROTEASOME_DEGRADATION		50	0.1073289	0.42207626	1.0	1.0	1.0	2027	tags=8%, list=13%, signal=9%	
REACTOME_CROSS_PRESENTATION_OF_SOLUBLE_EXOGENOUS_ANTIGENS_ENDOSOMES	REACTOME_CROSS_PRESENTATION_OF_SOLUBLE_EXOGENOUS_ANTIGENS_ENDOSOMES		46	0.10818323	0.4133882	1.0	1.0	1.0	1661	tags=7%, list=11%, signal=7%	
REACTOME_NUCLEAR_EVENTS_MEDIATED_BY_NFE2L2	REACTOME_NUCLEAR_EVENTS_MEDIATED_BY_NFE2L2		54	0.10103966	0.4083712	1.0	1.0	1.0	1861	tags=7%, list=12%, signal=8%	
REACTOME_REGULATION_OF_RUNX2_EXPRESSION_AND_ACTIVITY	REACTOME_REGULATION_OF_RUNX2_EXPRESSION_AND_ACTIVITY		52	0.10243926	0.40256256	1.0	0.99942696	1.0	1861	tags=8%, list=12%, signal=9%	
