NAME	GS<br> follow link to MSigDB	GS DETAILS	SIZE	ES	NES	NOM p-val	FDR q-val	FWER p-val	RANK AT MAX	LEADING EDGE	
REACTOME_INTEGRIN_CELL_SURFACE_INTERACTIONS	REACTOME_INTEGRIN_CELL_SURFACE_INTERACTIONS	Details ...	41	-0.6317498	-2.287113	0.0	0.0	0.0	3266	tags=56%, list=21%, signal=71%	
REACTOME_BINDING_AND_UPTAKE_OF_LIGANDS_BY_SCAVENGER_RECEPTORS	REACTOME_BINDING_AND_UPTAKE_OF_LIGANDS_BY_SCAVENGER_RECEPTORS	Details ...	24	-0.7077415	-2.2359872	0.0	5.2721886E-4	0.001	3407	tags=83%, list=22%, signal=107%	
REACTOME_INITIAL_TRIGGERING_OF_COMPLEMENT	REACTOME_INITIAL_TRIGGERING_OF_COMPLEMENT	Details ...	18	-0.70701104	-2.1465101	0.0	0.0034821595	0.01	3407	tags=78%, list=22%, signal=100%	
REACTOME_EXTRACELLULAR_MATRIX_ORGANIZATION	REACTOME_EXTRACELLULAR_MATRIX_ORGANIZATION	Details ...	117	-0.47612596	-2.1226125	0.0	0.0034072273	0.013	3852	tags=51%, list=25%, signal=68%	
REACTOME_METABOLISM_OF_PORPHYRINS	REACTOME_METABOLISM_OF_PORPHYRINS	Details ...	18	-0.72151047	-2.1084042	0.0	0.004009179	0.019	2709	tags=67%, list=18%, signal=81%	
WP_OXIDATIVE_STRESS_AND_REDOX_PATHWAY	WP_OXIDATIVE_STRESS_AND_REDOX_PATHWAY	Details ...	72	-0.5220528	-2.1043744	0.0	0.003863797	0.022	2763	tags=49%, list=18%, signal=59%	
REACTOME_COLLAGEN_DEGRADATION	REACTOME_COLLAGEN_DEGRADATION	Details ...	17	-0.7204036	-2.0998712	0.0	0.0037701412	0.025	2603	tags=65%, list=17%, signal=78%	
REACTOME_PEPTIDE_LIGAND_BINDING_RECEPTORS	REACTOME_PEPTIDE_LIGAND_BINDING_RECEPTORS	Details ...	72	-0.51105344	-2.0927157	0.0	0.0038361421	0.029	2541	tags=46%, list=16%, signal=55%	
REACTOME_REGULATION_OF_INSULIN_LIKE_GROWTH_FACTOR_IGF_TRANSPORT_AND_UPTAKE_BY_INSULIN_LIKE_GROWTH_FACTOR_BINDING_PROTEINS_IGFBPS	REACTOME_REGULATION_OF_INSULIN_LIKE_GROWTH_FACTOR_IGF_TRANSPORT_AND_UPTAKE_BY_INSULIN_LIKE_GROWTH_FACTOR_BINDING_PROTEINS_IGFBPS	Details ...	61	-0.5323201	-2.084593	0.0	0.0037574635	0.031	2454	tags=41%, list=16%, signal=49%	
REACTOME_DEGRADATION_OF_THE_EXTRACELLULAR_MATRIX	REACTOME_DEGRADATION_OF_THE_EXTRACELLULAR_MATRIX	Details ...	48	-0.54237765	-2.0624588	0.0	0.005386415	0.05	3842	tags=58%, list=25%, signal=77%	
WP_OXIDATIVE_STRESS_RESPONSE	WP_OXIDATIVE_STRESS_RESPONSE	Details ...	24	-0.6299156	-2.0361352	0.0	0.009144445	0.088	4395	tags=75%, list=29%, signal=105%	
WP_TYROBP_CAUSAL_NETWORK_IN_MICROGLIA	WP_TYROBP_CAUSAL_NETWORK_IN_MICROGLIA	Details ...	53	-0.52914584	-2.0108032	0.0	0.012600782	0.132	2407	tags=45%, list=16%, signal=53%	
REACTOME_ANTIMICROBIAL_PEPTIDES	REACTOME_ANTIMICROBIAL_PEPTIDES	Details ...	25	-0.6055833	-1.9755409	0.0	0.019639049	0.217	3389	tags=56%, list=22%, signal=72%	
WP_HEME_BIOSYNTHESIS	WP_HEME_BIOSYNTHESIS	Details ...	9	-0.8088711	-1.9669828	0.0	0.021258216	0.249	2709	tags=89%, list=18%, signal=108%	
REACTOME_CONDENSATION_OF_PROPHASE_CHROMOSOMES	REACTOME_CONDENSATION_OF_PROPHASE_CHROMOSOMES	Details ...	55	-0.49788877	-1.9529933	0.0	0.023953702	0.297	4117	tags=53%, list=27%, signal=72%	
REACTOME_SIGNAL_REGULATORY_PROTEIN_FAMILY_INTERACTIONS	REACTOME_SIGNAL_REGULATORY_PROTEIN_FAMILY_INTERACTIONS	Details ...	12	-0.72504133	-1.952812	0.0018903592	0.022456596	0.297	2481	tags=75%, list=16%, signal=89%	
REACTOME_COMPLEMENT_CASCADE	REACTOME_COMPLEMENT_CASCADE	Details ...	33	-0.5494676	-1.9149925	0.0036968577	0.03613202	0.444	3407	tags=67%, list=22%, signal=85%	
REACTOME_CLASS_A_1_RHODOPSIN_LIKE_RECEPTORS	REACTOME_CLASS_A_1_RHODOPSIN_LIKE_RECEPTORS	Details ...	125	-0.42858222	-1.9123224	0.0	0.035293616	0.454	2594	tags=39%, list=17%, signal=47%	
REACTOME_FORMYL_PEPTIDE_RECEPTORS_BIND_FORMYL_PEPTIDES_AND_MANY_OTHER_LIGANDS	REACTOME_FORMYL_PEPTIDE_RECEPTORS_BIND_FORMYL_PEPTIDES_AND_MANY_OTHER_LIGANDS	Details ...	7	-0.83563685	-1.9009894	0.0	0.039899834	0.514	2541	tags=100%, list=16%, signal=120%	
REACTOME_ERYTHROCYTES_TAKE_UP_OXYGEN_AND_RELEASE_CARBON_DIOXIDE	REACTOME_ERYTHROCYTES_TAKE_UP_OXYGEN_AND_RELEASE_CARBON_DIOXIDE	Details ...	8	-0.8049968	-1.8952237	0.0	0.041724585	0.548	3014	tags=100%, list=20%, signal=124%	
WP_MICROGLIA_PATHOGEN_PHAGOCYTOSIS_PATHWAY	WP_MICROGLIA_PATHOGEN_PHAGOCYTOSIS_PATHWAY	Details ...	40	-0.5253376	-1.8869966	0.0	0.04369115	0.577	1775	tags=38%, list=12%, signal=42%	
REACTOME_SLC_MEDIATED_TRANSMEMBRANE_TRANSPORT	REACTOME_SLC_MEDIATED_TRANSMEMBRANE_TRANSPORT	Details ...	143	-0.41246155	-1.8838366	0.0	0.043300133	0.591	1570	tags=27%, list=10%, signal=29%	
REACTOME_SIGNALING_BY_MST1	REACTOME_SIGNALING_BY_MST1	Details ...	5	-0.9275504	-1.8828529	0.0	0.042161927	0.598	404	tags=80%, list=3%, signal=82%	
WP_PROSTAGLANDIN_SYNTHESIS_AND_REGULATION	WP_PROSTAGLANDIN_SYNTHESIS_AND_REGULATION	Details ...	20	-0.61032385	-1.8660765	0.0038095238	0.048863165	0.662	5537	tags=85%, list=36%, signal=132%	
REACTOME_HEME_BIOSYNTHESIS	REACTOME_HEME_BIOSYNTHESIS	Details ...	12	-0.70538944	-1.86495	0.0038834952	0.047706943	0.667	2709	tags=67%, list=18%, signal=81%	
REACTOME_TRANSPORT_OF_INORGANIC_CATIONS_ANIONS_AND_AMINO_ACIDS_OLIGOPEPTIDES	REACTOME_TRANSPORT_OF_INORGANIC_CATIONS_ANIONS_AND_AMINO_ACIDS_OLIGOPEPTIDES	Details ...	68	-0.46519515	-1.8487282	0.0	0.055420995	0.733	1383	tags=28%, list=9%, signal=31%	
REACTOME_CELL_SURFACE_INTERACTIONS_AT_THE_VASCULAR_WALL	REACTOME_CELL_SURFACE_INTERACTIONS_AT_THE_VASCULAR_WALL	Details ...	93	-0.43446636	-1.8430899	0.0	0.056854658	0.754	2886	tags=44%, list=19%, signal=54%	
REACTOME_CELL_CELL_COMMUNICATION	REACTOME_CELL_CELL_COMMUNICATION	Details ...	63	-0.45470878	-1.839235	0.0017331023	0.05710141	0.765	3266	tags=44%, list=21%, signal=56%	
WP_GPCRS_OTHER	WP_GPCRS_OTHER	Details ...	28	-0.5428371	-1.8291594	0.010928961	0.061671678	0.805	2713	tags=39%, list=18%, signal=48%	
REACTOME_CELLULAR_HEXOSE_TRANSPORT	REACTOME_CELLULAR_HEXOSE_TRANSPORT	Details ...	12	-0.6831988	-1.8258566	0.0055350554	0.062093407	0.817	1194	tags=33%, list=8%, signal=36%	
REACTOME_NEUTROPHIL_DEGRANULATION	REACTOME_NEUTROPHIL_DEGRANULATION	Details ...	427	-0.35120475	-1.8209319	0.0	0.063286066	0.836	4273	tags=41%, list=28%, signal=55%	
REACTOME_CLASSICAL_ANTIBODY_MEDIATED_COMPLEMENT_ACTIVATION	REACTOME_CLASSICAL_ANTIBODY_MEDIATED_COMPLEMENT_ACTIVATION	Details ...	9	-0.7409622	-1.8086326	0.0018552876	0.07059942	0.875	3407	tags=89%, list=22%, signal=114%	
REACTOME_ELASTIC_FIBRE_FORMATION	REACTOME_ELASTIC_FIBRE_FORMATION	Details ...	18	-0.6092252	-1.8080411	0.0018832391	0.06881336	0.879	3515	tags=61%, list=23%, signal=79%	
WP_LUNG_FIBROSIS	WP_LUNG_FIBROSIS	Details ...	36	-0.51033205	-1.8004556	0.0072332732	0.07295547	0.9	3309	tags=44%, list=21%, signal=56%	
REACTOME_BASIGIN_INTERACTIONS	REACTOME_BASIGIN_INTERACTIONS	Details ...	19	-0.60229754	-1.7919466	0.0111524165	0.07695671	0.921	3266	tags=53%, list=21%, signal=67%	
REACTOME_GPCR_LIGAND_BINDING	REACTOME_GPCR_LIGAND_BINDING	Details ...	151	-0.38880843	-1.7888185	0.0	0.07725952	0.927	2594	tags=37%, list=17%, signal=44%	
REACTOME_COLLAGEN_CHAIN_TRIMERIZATION	REACTOME_COLLAGEN_CHAIN_TRIMERIZATION	Details ...	11	-0.68293846	-1.7850932	0.0038535646	0.07844406	0.938	2437	tags=45%, list=16%, signal=54%	
REACTOME_TRANSFERRIN_ENDOCYTOSIS_AND_RECYCLING	REACTOME_TRANSFERRIN_ENDOCYTOSIS_AND_RECYCLING	Details ...	26	-0.5444798	-1.7784965	0.007194245	0.08198912	0.954	3288	tags=46%, list=21%, signal=59%	
REACTOME_MOLECULES_ASSOCIATED_WITH_ELASTIC_FIBRES	REACTOME_MOLECULES_ASSOCIATED_WITH_ELASTIC_FIBRES	Details ...	14	-0.6331811	-1.7765862	0.0018832391	0.08151589	0.955	4162	tags=64%, list=27%, signal=88%	
REACTOME_IMMUNOREGULATORY_INTERACTIONS_BETWEEN_A_LYMPHOID_AND_A_NON_LYMPHOID_CELL	REACTOME_IMMUNOREGULATORY_INTERACTIONS_BETWEEN_A_LYMPHOID_AND_A_NON_LYMPHOID_CELL	Details ...	85	-0.41386175	-1.7719914	0.0	0.08437895	0.964	3639	tags=39%, list=24%, signal=51%	
REACTOME_HYALURONAN_METABOLISM	REACTOME_HYALURONAN_METABOLISM	Details ...	12	-0.6618953	-1.7716177	0.0073664826	0.08270616	0.964	2723	tags=50%, list=18%, signal=61%	
WP_GPCRS_NONODORANT	WP_GPCRS_NONODORANT	Details ...	105	-0.41092584	-1.7714579	0.0	0.08086081	0.964	2713	tags=36%, list=18%, signal=44%	
REACTOME_AMINO_ACID_TRANSPORT_ACROSS_THE_PLASMA_MEMBRANE	REACTOME_AMINO_ACID_TRANSPORT_ACROSS_THE_PLASMA_MEMBRANE	Details ...	23	-0.56246793	-1.7707813	0.010968922	0.0796235	0.966	2238	tags=39%, list=15%, signal=46%	
REACTOME_ASPIRIN_ADME	REACTOME_ASPIRIN_ADME	Details ...	6	-0.84079546	-1.7705766	0.0059405942	0.07798276	0.966	2156	tags=83%, list=14%, signal=97%	
WP_RETINOL_METABOLISM	WP_RETINOL_METABOLISM	Details ...	16	-0.60447186	-1.7656368	0.011090573	0.080701694	0.97	3602	tags=63%, list=23%, signal=81%	
WP_GPCRS_CLASS_A_RHODOPSINLIKE	WP_GPCRS_CLASS_A_RHODOPSINLIKE	Details ...	62	-0.43867478	-1.7428745	0.0	0.10129719	0.992	2736	tags=42%, list=18%, signal=51%	
BIOCARTA_PITX2_PATHWAY	BIOCARTA_PITX2_PATHWAY	Details ...	13	-0.6543341	-1.7384821	0.0054347827	0.10378724	0.994	2	tags=8%, list=0%, signal=8%	
REACTOME_FCGR_ACTIVATION	REACTOME_FCGR_ACTIVATION	Details ...	17	-0.5806961	-1.7286698	0.01010101	0.11207062	0.998	3407	tags=71%, list=22%, signal=91%	
REACTOME_DETOXIFICATION_OF_REACTIVE_OXYGEN_SPECIES	REACTOME_DETOXIFICATION_OF_REACTIVE_OXYGEN_SPECIES	Details ...	30	-0.50982916	-1.7178272	0.0038022813	0.12262936	0.999	4863	tags=60%, list=32%, signal=87%	
REACTOME_HEME_DEGRADATION	REACTOME_HEME_DEGRADATION	Details ...	6	-0.79371107	-1.7077467	0.012915129	0.13339221	1.0	2156	tags=67%, list=14%, signal=77%	
REACTOME_SIGNALING_BY_GPCR	REACTOME_SIGNALING_BY_GPCR		316	-0.3378728	-1.702948	0.0	0.13717785	1.0	2784	tags=32%, list=18%, signal=38%	
BIOCARTA_MSP_PATHWAY	BIOCARTA_MSP_PATHWAY		5	-0.83058524	-1.6960398	0.0	0.14419901	1.0	2339	tags=80%, list=15%, signal=94%	
REACTOME_HEMOSTASIS	REACTOME_HEMOSTASIS		410	-0.32862005	-1.6894281	0.0	0.15069188	1.0	3879	tags=37%, list=25%, signal=48%	
REACTOME_BASE_EXCISION_REPAIR_AP_SITE_FORMATION	REACTOME_BASE_EXCISION_REPAIR_AP_SITE_FORMATION		49	-0.4426728	-1.6882089	0.0035149385	0.15004022	1.0	4117	tags=45%, list=27%, signal=61%	
REACTOME_RUNX1_REGULATES_GENES_INVOLVED_IN_MEGAKARYOCYTE_DIFFERENTIATION_AND_PLATELET_FUNCTION	REACTOME_RUNX1_REGULATES_GENES_INVOLVED_IN_MEGAKARYOCYTE_DIFFERENTIATION_AND_PLATELET_FUNCTION		62	-0.42465413	-1.6875058	0.003407155	0.14828147	1.0	4117	tags=42%, list=27%, signal=57%	
REACTOME_TRANSPORT_OF_SMALL_MOLECULES	REACTOME_TRANSPORT_OF_SMALL_MOLECULES		459	-0.3230317	-1.6859384	0.0	0.14782879	1.0	3288	tags=30%, list=21%, signal=37%	
BIOCARTA_FREE_PATHWAY	BIOCARTA_FREE_PATHWAY		8	-0.70479745	-1.6800624	0.019011406	0.15355596	1.0	3456	tags=75%, list=22%, signal=97%	
BIOCARTA_MONOCYTE_PATHWAY	BIOCARTA_MONOCYTE_PATHWAY		11	-0.6416505	-1.6762683	0.017892644	0.15635718	1.0	1865	tags=64%, list=12%, signal=72%	
BIOCARTA_COMP_PATHWAY	BIOCARTA_COMP_PATHWAY		9	-0.6905978	-1.6736965	0.007677543	0.15758038	1.0	808	tags=44%, list=5%, signal=47%	
REACTOME_METABOLISM_OF_FAT_SOLUBLE_VITAMINS	REACTOME_METABOLISM_OF_FAT_SOLUBLE_VITAMINS		20	-0.550001	-1.6699147	0.018214935	0.160172	1.0	4085	tags=70%, list=26%, signal=95%	
REACTOME_DECTIN_2_FAMILY	REACTOME_DECTIN_2_FAMILY		8	-0.7194883	-1.6659353	0.009708738	0.16369529	1.0	2976	tags=75%, list=19%, signal=93%	
REACTOME_LAMININ_INTERACTIONS	REACTOME_LAMININ_INTERACTIONS		9	-0.6783156	-1.6641548	0.01532567	0.16375554	1.0	3266	tags=56%, list=21%, signal=70%	
BIOCARTA_GSK3_PATHWAY	BIOCARTA_GSK3_PATHWAY		19	-0.5646307	-1.6623508	0.0151802655	0.16412915	1.0	1676	tags=21%, list=11%, signal=24%	
REACTOME_ACYL_CHAIN_REMODELLING_OF_PC	REACTOME_ACYL_CHAIN_REMODELLING_OF_PC		16	-0.589096	-1.6606736	0.017208412	0.16403405	1.0	2977	tags=56%, list=19%, signal=70%	
REACTOME_HYALURONAN_UPTAKE_AND_DEGRADATION	REACTOME_HYALURONAN_UPTAKE_AND_DEGRADATION		11	-0.6486862	-1.6589648	0.009225092	0.16394486	1.0	2723	tags=45%, list=18%, signal=55%	
REACTOME_RHOB_GTPASE_CYCLE	REACTOME_RHOB_GTPASE_CYCLE		56	-0.4232823	-1.6546148	0.0038461538	0.16756986	1.0	4455	tags=57%, list=29%, signal=80%	
REACTOME_DNA_DAMAGE_TELOMERE_STRESS_INDUCED_SENESCENCE	REACTOME_DNA_DAMAGE_TELOMERE_STRESS_INDUCED_SENESCENCE		65	-0.41389707	-1.6534599	0.0	0.16694085	1.0	4117	tags=45%, list=27%, signal=61%	
REACTOME_ECM_PROTEOGLYCANS	REACTOME_ECM_PROTEOGLYCANS		18	-0.54845136	-1.6519054	0.018450184	0.16695091	1.0	4676	tags=72%, list=30%, signal=104%	
BIOCARTA_EPHA4_PATHWAY	BIOCARTA_EPHA4_PATHWAY		7	-0.7234793	-1.6498915	0.027504912	0.16743927	1.0	3266	tags=71%, list=21%, signal=91%	
WP_FACTORS_AND_PATHWAYS_AFFECTING_INSULINLIKE_GROWTH_FACTOR_IGF1AKT_SIGNALING	WP_FACTORS_AND_PATHWAYS_AFFECTING_INSULINLIKE_GROWTH_FACTOR_IGF1AKT_SIGNALING		21	-0.53128964	-1.6400663	0.016885553	0.1792447	1.0	3510	tags=57%, list=23%, signal=74%	
REACTOME_G_ALPHA_I_SIGNALLING_EVENTS	REACTOME_G_ALPHA_I_SIGNALLING_EVENTS		140	-0.36194056	-1.6380827	0.0	0.18009111	1.0	2581	tags=32%, list=17%, signal=38%	
REACTOME_SURFACTANT_METABOLISM	REACTOME_SURFACTANT_METABOLISM		12	-0.62269366	-1.6245258	0.03358209	0.1989493	1.0	2458	tags=50%, list=16%, signal=59%	
REACTOME_POLO_LIKE_KINASE_MEDIATED_EVENTS	REACTOME_POLO_LIKE_KINASE_MEDIATED_EVENTS		5	-0.8058795	-1.6242878	0.011560693	0.1964829	1.0	2352	tags=80%, list=15%, signal=94%	
WP_SPLICING_FACTOR_NOVA_REGULATED_SYNAPTIC_PROTEINS	WP_SPLICING_FACTOR_NOVA_REGULATED_SYNAPTIC_PROTEINS		24	-0.51933587	-1.6217407	0.02385321	0.19810519	1.0	3213	tags=42%, list=21%, signal=53%	
REACTOME_ARACHIDONATE_PRODUCTION_FROM_DAG	REACTOME_ARACHIDONATE_PRODUCTION_FROM_DAG		5	-0.79210216	-1.6209947	0.015533981	0.19661033	1.0	2555	tags=80%, list=17%, signal=96%	
BIOCARTA_CTL_PATHWAY	BIOCARTA_CTL_PATHWAY		14	-0.5910261	-1.6174071	0.022346368	0.19981043	1.0	1452	tags=29%, list=9%, signal=32%	
BIOCARTA_HES_PATHWAY	BIOCARTA_HES_PATHWAY		8	-0.6771994	-1.6135645	0.03846154	0.20325789	1.0	2	tags=13%, list=0%, signal=12%	
REACTOME_ALPHA_LINOLENIC_OMEGA3_AND_LINOLEIC_OMEGA6_ACID_METABOLISM	REACTOME_ALPHA_LINOLENIC_OMEGA3_AND_LINOLEIC_OMEGA6_ACID_METABOLISM		11	-0.6172274	-1.6081401	0.02882883	0.20943548	1.0	5178	tags=73%, list=34%, signal=109%	
REACTOME_IRON_UPTAKE_AND_TRANSPORT	REACTOME_IRON_UPTAKE_AND_TRANSPORT		49	-0.42267984	-1.6069398	0.0072727273	0.20887199	1.0	3288	tags=41%, list=21%, signal=52%	
REACTOME_ASSEMBLY_OF_COLLAGEN_FIBRILS_AND_OTHER_MULTIMERIC_STRUCTURES	REACTOME_ASSEMBLY_OF_COLLAGEN_FIBRILS_AND_OTHER_MULTIMERIC_STRUCTURES		16	-0.55962604	-1.6069306	0.028089888	0.20626108	1.0	3296	tags=56%, list=21%, signal=71%	
REACTOME_MET_RECEPTOR_ACTIVATION	REACTOME_MET_RECEPTOR_ACTIVATION		6	-0.7419356	-1.6026142	0.021276595	0.21128523	1.0	404	tags=50%, list=3%, signal=51%	
REACTOME_GAMMA_CARBOXYLATION_TRANSPORT_AND_AMINO_TERMINAL_CLEAVAGE_OF_PROTEINS	REACTOME_GAMMA_CARBOXYLATION_TRANSPORT_AND_AMINO_TERMINAL_CLEAVAGE_OF_PROTEINS		6	-0.73412514	-1.5997658	0.038934425	0.21333463	1.0	2603	tags=67%, list=17%, signal=80%	
WP_GLUTATHIONE_METABOLISM	WP_GLUTATHIONE_METABOLISM		16	-0.5735187	-1.5992734	0.027027028	0.21163353	1.0	2982	tags=63%, list=19%, signal=77%	
BIOCARTA_CLASSIC_PATHWAY	BIOCARTA_CLASSIC_PATHWAY		7	-0.71803075	-1.597421	0.029239766	0.21223326	1.0	808	tags=57%, list=5%, signal=60%	
REACTOME_RESPONSE_TO_ELEVATED_PLATELET_CYTOSOLIC_CA2	REACTOME_RESPONSE_TO_ELEVATED_PLATELET_CYTOSOLIC_CA2		87	-0.37407172	-1.5968869	0.005226481	0.21039616	1.0	4696	tags=51%, list=30%, signal=72%	
REACTOME_PHOSPHORYLATION_OF_EMI1	REACTOME_PHOSPHORYLATION_OF_EMI1		6	-0.7478357	-1.5955757	0.026415095	0.21032478	1.0	3351	tags=83%, list=22%, signal=106%	
REACTOME_ACTIVATION_OF_C3_AND_C5	REACTOME_ACTIVATION_OF_C3_AND_C5		5	-0.7710415	-1.5868654	0.03244275	0.22260825	1.0	2073	tags=80%, list=13%, signal=92%	
REACTOME_SYNTHESIS_OF_5_EICOSATETRAENOIC_ACIDS	REACTOME_SYNTHESIS_OF_5_EICOSATETRAENOIC_ACIDS		5	-0.776433	-1.5833398	0.015655577	0.22596434	1.0	2763	tags=60%, list=18%, signal=73%	
WP_COMPLEMENT_ACTIVATION_CLASSICAL_PATHWAY	WP_COMPLEMENT_ACTIVATION_CLASSICAL_PATHWAY		9	-0.6553613	-1.5769937	0.037243947	0.23523858	1.0	808	tags=56%, list=5%, signal=59%	
REACTOME_INHIBITION_OF_DNA_RECOMBINATION_AT_TELOMERE	REACTOME_INHIBITION_OF_DNA_RECOMBINATION_AT_TELOMERE		43	-0.42659658	-1.5723797	0.010434783	0.24143203	1.0	4117	tags=47%, list=27%, signal=63%	
BIOCARTA_PS1_PATHWAY	BIOCARTA_PS1_PATHWAY		12	-0.5925047	-1.5651722	0.028301887	0.25302377	1.0	2	tags=8%, list=0%, signal=8%	
REACTOME_ROLE_OF_PHOSPHOLIPIDS_IN_PHAGOCYTOSIS	REACTOME_ROLE_OF_PHOSPHOLIPIDS_IN_PHAGOCYTOSIS		24	-0.4955102	-1.5581253	0.030909091	0.26433474	1.0	3436	tags=50%, list=22%, signal=64%	
REACTOME_ACYL_CHAIN_REMODELLING_OF_PE	REACTOME_ACYL_CHAIN_REMODELLING_OF_PE		15	-0.5496816	-1.5512164	0.03846154	0.2754005	1.0	2977	tags=53%, list=19%, signal=66%	
REACTOME_INTERLEUKIN_6_FAMILY_SIGNALING	REACTOME_INTERLEUKIN_6_FAMILY_SIGNALING		14	-0.57048976	-1.5499299	0.040618956	0.27531093	1.0	3601	tags=64%, list=23%, signal=84%	
WP_IRON_HOMEOSTASIS	WP_IRON_HOMEOSTASIS		10	-0.6117027	-1.5405394	0.07321773	0.2922645	1.0	3309	tags=70%, list=21%, signal=89%	
REACTOME_RHOQ_GTPASE_CYCLE	REACTOME_RHOQ_GTPASE_CYCLE		52	-0.40344453	-1.5390636	0.020295203	0.29230535	1.0	2694	tags=37%, list=17%, signal=44%	
REACTOME_TNFS_BIND_THEIR_PHYSIOLOGICAL_RECEPTORS	REACTOME_TNFS_BIND_THEIR_PHYSIOLOGICAL_RECEPTORS		21	-0.50156134	-1.5386931	0.03949731	0.29008627	1.0	3289	tags=52%, list=21%, signal=66%	
REACTOME_TELOMERE_MAINTENANCE	REACTOME_TELOMERE_MAINTENANCE		85	-0.37161306	-1.538571	0.014184397	0.28745028	1.0	4480	tags=41%, list=29%, signal=58%	
REACTOME_ACTIVATION_OF_NIMA_KINASES_NEK9_NEK6_NEK7	REACTOME_ACTIVATION_OF_NIMA_KINASES_NEK9_NEK6_NEK7		5	-0.7588804	-1.5360045	0.03206413	0.28979415	1.0	3442	tags=80%, list=22%, signal=103%	
REACTOME_RMTS_METHYLATE_HISTONE_ARGININES	REACTOME_RMTS_METHYLATE_HISTONE_ARGININES		55	-0.3962697	-1.5358953	0.01058201	0.28718302	1.0	3833	tags=36%, list=25%, signal=48%	
REACTOME_TRANSPORT_OF_BILE_SALTS_AND_ORGANIC_ACIDS_METAL_IONS_AND_AMINE_COMPOUNDS	REACTOME_TRANSPORT_OF_BILE_SALTS_AND_ORGANIC_ACIDS_METAL_IONS_AND_AMINE_COMPOUNDS		38	-0.43182504	-1.5319276	0.016014235	0.2923751	1.0	1758	tags=37%, list=11%, signal=41%	
REACTOME_SIGNAL_TRANSDUCTION_BY_L1	REACTOME_SIGNAL_TRANSDUCTION_BY_L1		18	-0.4997429	-1.5302275	0.040968344	0.29305556	1.0	4162	tags=56%, list=27%, signal=76%	
REACTOME_MAPK3_ERK1_ACTIVATION	REACTOME_MAPK3_ERK1_ACTIVATION		9	-0.62877893	-1.5284555	0.04761905	0.2939789	1.0	3682	tags=67%, list=24%, signal=88%	
REACTOME_PRC2_METHYLATES_HISTONES_AND_DNA	REACTOME_PRC2_METHYLATES_HISTONES_AND_DNA		57	-0.3893768	-1.5274688	0.012345679	0.2932566	1.0	4117	tags=40%, list=27%, signal=55%	
REACTOME_IL_6_TYPE_CYTOKINE_RECEPTOR_LIGAND_INTERACTIONS	REACTOME_IL_6_TYPE_CYTOKINE_RECEPTOR_LIGAND_INTERACTIONS		8	-0.65062606	-1.5263104	0.05631068	0.29301888	1.0	2326	tags=63%, list=15%, signal=74%	
WP_GLYCOLYSIS_AND_GLUCONEOGENESIS	WP_GLYCOLYSIS_AND_GLUCONEOGENESIS		39	-0.42996666	-1.5226402	0.037366547	0.29821146	1.0	5222	tags=49%, list=34%, signal=73%	
BIOCARTA_BARRESTIN_SRC_PATHWAY	BIOCARTA_BARRESTIN_SRC_PATHWAY		13	-0.5675309	-1.5191444	0.03883495	0.3030476	1.0	4050	tags=62%, list=26%, signal=83%	
REACTOME_PARACETAMOL_ADME	REACTOME_PARACETAMOL_ADME		14	-0.55200344	-1.5135729	0.05050505	0.31249827	1.0	2014	tags=43%, list=13%, signal=49%	
REACTOME_INTERACTION_BETWEEN_L1_AND_ANKYRINS	REACTOME_INTERACTION_BETWEEN_L1_AND_ANKYRINS		8	-0.63557786	-1.4938893	0.07007576	0.35555145	1.0	934	tags=38%, list=6%, signal=40%	
WP_SPINAL_CORD_INJURY	WP_SPINAL_CORD_INJURY		68	-0.3718114	-1.4922664	0.01663586	0.35601377	1.0	4407	tags=49%, list=29%, signal=68%	
REACTOME_METABOLISM_OF_VITAMINS_AND_COFACTORS	REACTOME_METABOLISM_OF_VITAMINS_AND_COFACTORS		146	-0.32375193	-1.491104	0.008237232	0.35555378	1.0	4085	tags=36%, list=26%, signal=48%	
REACTOME_KERATINIZATION	REACTOME_KERATINIZATION		12	-0.5487542	-1.4887731	0.06262231	0.35776427	1.0	1828	tags=50%, list=12%, signal=57%	
REACTOME_CELL_JUNCTION_ORGANIZATION	REACTOME_CELL_JUNCTION_ORGANIZATION		46	-0.39830345	-1.488095	0.033834588	0.35639045	1.0	3266	tags=37%, list=21%, signal=47%	
BIOCARTA_NEUTROPHIL_PATHWAY	BIOCARTA_NEUTROPHIL_PATHWAY		8	-0.6325988	-1.4866294	0.06967985	0.35659575	1.0	1853	tags=63%, list=12%, signal=71%	
REACTOME_DRUG_ADME	REACTOME_DRUG_ADME		47	-0.40029627	-1.4863064	0.027422303	0.35423484	1.0	2156	tags=30%, list=14%, signal=35%	
REACTOME_GAMMA_CARBOXYLATION_OF_PROTEIN_PRECURSORS	REACTOME_GAMMA_CARBOXYLATION_OF_PROTEIN_PRECURSORS		5	-0.734593	-1.4814417	0.055248618	0.36251643	1.0	2267	tags=60%, list=15%, signal=70%	
WP_FOLIC_ACID_NETWORK	WP_FOLIC_ACID_NETWORK		17	-0.4997515	-1.4799979	0.054205608	0.3629965	1.0	4266	tags=59%, list=28%, signal=81%	
BIOCARTA_MCALPAIN_PATHWAY	BIOCARTA_MCALPAIN_PATHWAY		15	-0.53006524	-1.4777141	0.069548875	0.36540207	1.0	3842	tags=60%, list=25%, signal=80%	
REACTOME_NUCLEOTIDE_CATABOLISM	REACTOME_NUCLEOTIDE_CATABOLISM		27	-0.4420062	-1.4735243	0.04895105	0.37249795	1.0	3656	tags=41%, list=24%, signal=53%	
BIOCARTA_MPR_PATHWAY	BIOCARTA_MPR_PATHWAY		14	-0.5284404	-1.4703635	0.06095238	0.37697652	1.0	4168	tags=71%, list=27%, signal=98%	
REACTOME_DEPOSITION_OF_NEW_CENPA_CONTAINING_NUCLEOSOMES_AT_THE_CENTROMERE	REACTOME_DEPOSITION_OF_NEW_CENPA_CONTAINING_NUCLEOSOMES_AT_THE_CENTROMERE		61	-0.3694319	-1.4698144	0.03152364	0.37536705	1.0	4117	tags=41%, list=27%, signal=56%	
WP_WNT_SIGNALING_IN_KIDNEY_DISEASE	WP_WNT_SIGNALING_IN_KIDNEY_DISEASE		25	-0.4456211	-1.4692984	0.06286837	0.3736046	1.0	1957	tags=24%, list=13%, signal=27%	
REACTOME_SODIUM_CALCIUM_EXCHANGERS	REACTOME_SODIUM_CALCIUM_EXCHANGERS		7	-0.6525932	-1.4675268	0.08669355	0.37462708	1.0	487	tags=29%, list=3%, signal=29%	
REACTOME_GAP_JUNCTION_DEGRADATION	REACTOME_GAP_JUNCTION_DEGRADATION		10	-0.5906225	-1.4636586	0.064705886	0.38100824	1.0	142	tags=20%, list=1%, signal=20%	
REACTOME_G2_M_DNA_REPLICATION_CHECKPOINT	REACTOME_G2_M_DNA_REPLICATION_CHECKPOINT		5	-0.7245955	-1.4627674	0.06004141	0.3802412	1.0	3442	tags=80%, list=22%, signal=103%	
REACTOME_FORMATION_OF_THE_CORNIFIED_ENVELOPE	REACTOME_FORMATION_OF_THE_CORNIFIED_ENVELOPE		12	-0.5487542	-1.4625313	0.056818184	0.37787414	1.0	1828	tags=50%, list=12%, signal=57%	
REACTOME_HDL_REMODELING	REACTOME_HDL_REMODELING		5	-0.7215372	-1.460711	0.07421875	0.3791864	1.0	2526	tags=60%, list=16%, signal=72%	
REACTOME_AFLATOXIN_ACTIVATION_AND_DETOXIFICATION	REACTOME_AFLATOXIN_ACTIVATION_AND_DETOXIFICATION		8	-0.6190983	-1.4545851	0.073267326	0.39117295	1.0	2164	tags=38%, list=14%, signal=44%	
REACTOME_ABC_TRANSPORTERS_IN_LIPID_HOMEOSTASIS	REACTOME_ABC_TRANSPORTERS_IN_LIPID_HOMEOSTASIS		12	-0.5335836	-1.4538959	0.08	0.38964447	1.0	2157	tags=42%, list=14%, signal=48%	
REACTOME_DEGRADATION_OF_CYSTEINE_AND_HOMOCYSTEINE	REACTOME_DEGRADATION_OF_CYSTEINE_AND_HOMOCYSTEINE		12	-0.54656905	-1.4538693	0.06706114	0.38670444	1.0	42	tags=17%, list=0%, signal=17%	
REACTOME_RND1_GTPASE_CYCLE	REACTOME_RND1_GTPASE_CYCLE		38	-0.3999626	-1.4534667	0.043636363	0.3846257	1.0	2140	tags=29%, list=14%, signal=34%	
REACTOME_PHENYLALANINE_AND_TYROSINE_METABOLISM	REACTOME_PHENYLALANINE_AND_TYROSINE_METABOLISM		6	-0.68039846	-1.4475693	0.07392996	0.39594203	1.0	110	tags=17%, list=1%, signal=17%	
REACTOME_HYDROLYSIS_OF_LPC	REACTOME_HYDROLYSIS_OF_LPC		5	-0.71928495	-1.4406607	0.06818182	0.4106542	1.0	2599	tags=60%, list=17%, signal=72%	
WP_IL1_SIGNALING_PATHWAY	WP_IL1_SIGNALING_PATHWAY		36	-0.41944817	-1.436333	0.073741004	0.4194421	1.0	4735	tags=50%, list=31%, signal=72%	
BIOCARTA_INTRINSIC_PATHWAY	BIOCARTA_INTRINSIC_PATHWAY		8	-0.6142372	-1.4360132	0.07129095	0.41705942	1.0	4423	tags=63%, list=29%, signal=88%	
REACTOME_INTERLEUKIN_27_SIGNALING	REACTOME_INTERLEUKIN_27_SIGNALING		8	-0.6154213	-1.4348258	0.07874016	0.41715375	1.0	2353	tags=38%, list=15%, signal=44%	
REACTOME_LINOLEIC_ACID_LA_METABOLISM	REACTOME_LINOLEIC_ACID_LA_METABOLISM		6	-0.65023637	-1.43402	0.102564104	0.41612932	1.0	2509	tags=50%, list=16%, signal=60%	
REACTOME_NECTIN_NECL_TRANS_HETERODIMERIZATION	REACTOME_NECTIN_NECL_TRANS_HETERODIMERIZATION		6	-0.6600932	-1.432799	0.07254902	0.41602868	1.0	1590	tags=67%, list=10%, signal=74%	
REACTOME_ER_PHAGOSOME_PATHWAY	REACTOME_ER_PHAGOSOME_PATHWAY		23	-0.45091742	-1.4321626	0.07528958	0.4146095	1.0	4795	tags=48%, list=31%, signal=69%	
REACTOME_EFFECTS_OF_PIP2_HYDROLYSIS	REACTOME_EFFECTS_OF_PIP2_HYDROLYSIS		19	-0.4778324	-1.4320744	0.06692161	0.41184598	1.0	2742	tags=42%, list=18%, signal=51%	
BIOCARTA_WNT_PATHWAY	BIOCARTA_WNT_PATHWAY		20	-0.46325102	-1.4312443	0.06851852	0.41114485	1.0	1599	tags=15%, list=10%, signal=17%	
REACTOME_REPRESSION_OF_WNT_TARGET_GENES	REACTOME_REPRESSION_OF_WNT_TARGET_GENES		9	-0.58687615	-1.4307959	0.0967118	0.40934137	1.0	1697	tags=44%, list=11%, signal=50%	
REACTOME_MITOTIC_PROPHASE	REACTOME_MITOTIC_PROPHASE		111	-0.3237811	-1.4260788	0.023608768	0.4183319	1.0	4117	tags=37%, list=27%, signal=50%	
WP_ID_SIGNALING_PATHWAY	WP_ID_SIGNALING_PATHWAY		38	-0.39474848	-1.4254005	0.0569395	0.41713086	1.0	3456	tags=32%, list=22%, signal=41%	
REACTOME_NICOTINATE_METABOLISM	REACTOME_NICOTINATE_METABOLISM		24	-0.4413249	-1.4229957	0.079335794	0.42041412	1.0	2503	tags=33%, list=16%, signal=40%	
REACTOME_HDACS_DEACETYLATE_HISTONES	REACTOME_HDACS_DEACETYLATE_HISTONES		70	-0.3552877	-1.4223561	0.030797102	0.41927522	1.0	4331	tags=40%, list=28%, signal=55%	
REACTOME_PLATELET_ACTIVATION_SIGNALING_AND_AGGREGATION	REACTOME_PLATELET_ACTIVATION_SIGNALING_AND_AGGREGATION		190	-0.2976428	-1.419766	0.009756098	0.4228142	1.0	4712	tags=45%, list=31%, signal=64%	
REACTOME_NICOTINAMIDE_SALVAGING	REACTOME_NICOTINAMIDE_SALVAGING		14	-0.50844246	-1.414619	0.08797128	0.4330848	1.0	2503	tags=36%, list=16%, signal=43%	
REACTOME_NRAGE_SIGNALS_DEATH_THROUGH_JNK	REACTOME_NRAGE_SIGNALS_DEATH_THROUGH_JNK		43	-0.3879069	-1.41334	0.036363635	0.4335156	1.0	1386	tags=21%, list=9%, signal=23%	
REACTOME_ADHERENS_JUNCTIONS_INTERACTIONS	REACTOME_ADHERENS_JUNCTIONS_INTERACTIONS		24	-0.43709454	-1.4103222	0.077738516	0.4380884	1.0	1614	tags=29%, list=10%, signal=33%	
REACTOME_CELLULAR_SENESCENCE	REACTOME_CELLULAR_SENESCENCE		130	-0.3110613	-1.407814	0.01923077	0.44167104	1.0	4117	tags=39%, list=27%, signal=53%	
REACTOME_RAF_INDEPENDENT_MAPK1_3_ACTIVATION	REACTOME_RAF_INDEPENDENT_MAPK1_3_ACTIVATION		21	-0.45771933	-1.403975	0.09141791	0.44904947	1.0	3682	tags=52%, list=24%, signal=69%	
REACTOME_NUCLEOTIDE_SALVAGE	REACTOME_NUCLEOTIDE_SALVAGE		20	-0.45972508	-1.4021012	0.104779415	0.45080474	1.0	4668	tags=55%, list=30%, signal=79%	
REACTOME_ERYTHROCYTES_TAKE_UP_CARBON_DIOXIDE_AND_RELEASE_OXYGEN	REACTOME_ERYTHROCYTES_TAKE_UP_CARBON_DIOXIDE_AND_RELEASE_OXYGEN		12	-0.52332556	-1.3934873	0.11785714	0.47055057	1.0	3014	tags=75%, list=20%, signal=93%	
WP_OXIDATIVE_DAMAGE_RESPONSE	WP_OXIDATIVE_DAMAGE_RESPONSE		36	-0.3960835	-1.3926349	0.07358491	0.46989888	1.0	2339	tags=31%, list=15%, signal=36%	
REACTOME_THE_ACTIVATION_OF_ARYLSULFATASES	REACTOME_THE_ACTIVATION_OF_ARYLSULFATASES		7	-0.62244344	-1.392306	0.12572534	0.46775836	1.0	22	tags=14%, list=0%, signal=14%	
BIOCARTA_G2_PATHWAY	BIOCARTA_G2_PATHWAY		21	-0.4495061	-1.3891169	0.08178439	0.47340763	1.0	4514	tags=52%, list=29%, signal=74%	
REACTOME_MET_ACTIVATES_RAP1_AND_RAC1	REACTOME_MET_ACTIVATES_RAP1_AND_RAC1		11	-0.52453005	-1.3864197	0.1171875	0.47768146	1.0	370	tags=18%, list=2%, signal=19%	
REACTOME_METABOLISM_OF_NUCLEOTIDES	REACTOME_METABOLISM_OF_NUCLEOTIDES		80	-0.33196643	-1.3843957	0.03811252	0.4799743	1.0	4730	tags=43%, list=31%, signal=61%	
BIOCARTA_CELLCYCLE_PATHWAY	BIOCARTA_CELLCYCLE_PATHWAY		21	-0.44751352	-1.383208	0.079245284	0.48009232	1.0	5118	tags=57%, list=33%, signal=85%	
REACTOME_TP53_REGULATES_TRANSCRIPTION_OF_GENES_INVOLVED_IN_G1_CELL_CYCLE_ARREST	REACTOME_TP53_REGULATES_TRANSCRIPTION_OF_GENES_INVOLVED_IN_G1_CELL_CYCLE_ARREST		8	-0.590182	-1.3821295	0.113131315	0.48010236	1.0	3365	tags=63%, list=22%, signal=80%	
REACTOME_INTERLEUKIN_6_SIGNALING	REACTOME_INTERLEUKIN_6_SIGNALING		9	-0.56626666	-1.3795574	0.13786408	0.48420787	1.0	3601	tags=56%, list=23%, signal=72%	
REACTOME_DISASSEMBLY_OF_THE_DESTRUCTION_COMPLEX_AND_RECRUITMENT_OF_AXIN_TO_THE_MEMBRANE	REACTOME_DISASSEMBLY_OF_THE_DESTRUCTION_COMPLEX_AND_RECRUITMENT_OF_AXIN_TO_THE_MEMBRANE		23	-0.43265286	-1.3789488	0.08791209	0.48284045	1.0	2	tags=4%, list=0%, signal=4%	
REACTOME_PLATELET_SENSITIZATION_BY_LDL	REACTOME_PLATELET_SENSITIZATION_BY_LDL		16	-0.481733	-1.3780904	0.113680154	0.48205498	1.0	3601	tags=44%, list=23%, signal=57%	
WP_SELENIUM_MICRONUTRIENT_NETWORK	WP_SELENIUM_MICRONUTRIENT_NETWORK		18	-0.47517526	-1.3743798	0.10915493	0.48872116	1.0	4266	tags=61%, list=28%, signal=84%	
REACTOME_VISUAL_PHOTOTRANSDUCTION	REACTOME_VISUAL_PHOTOTRANSDUCTION		41	-0.37106624	-1.3735254	0.07056799	0.48816505	1.0	3005	tags=39%, list=19%, signal=48%	
REACTOME_PLASMA_LIPOPROTEIN_CLEARANCE	REACTOME_PLASMA_LIPOPROTEIN_CLEARANCE		29	-0.40675667	-1.3730755	0.07948244	0.48647952	1.0	4101	tags=48%, list=27%, signal=66%	
REACTOME_TYPE_I_HEMIDESMOSOME_ASSEMBLY	REACTOME_TYPE_I_HEMIDESMOSOME_ASSEMBLY		6	-0.6442391	-1.3726906	0.125	0.48465833	1.0	4963	tags=67%, list=32%, signal=98%	
WP_INTEGRINMEDIATED_CELL_ADHESION	WP_INTEGRINMEDIATED_CELL_ADHESION		82	-0.33213723	-1.3724211	0.046434496	0.48242372	1.0	3842	tags=43%, list=25%, signal=57%	
REACTOME_L1CAM_INTERACTIONS	REACTOME_L1CAM_INTERACTIONS		57	-0.34938958	-1.371582	0.06851852	0.48161528	1.0	4416	tags=49%, list=29%, signal=69%	
REACTOME_CELL_EXTRACELLULAR_MATRIX_INTERACTIONS	REACTOME_CELL_EXTRACELLULAR_MATRIX_INTERACTIONS		12	-0.51744384	-1.3714874	0.106177606	0.47905323	1.0	3266	tags=50%, list=21%, signal=63%	
REACTOME_GAP_JUNCTION_ASSEMBLY	REACTOME_GAP_JUNCTION_ASSEMBLY		14	-0.4942935	-1.36815	0.10646388	0.4848516	1.0	3485	tags=64%, list=23%, signal=83%	
BIOCARTA_LYMPHOCYTE_PATHWAY	BIOCARTA_LYMPHOCYTE_PATHWAY		9	-0.5583881	-1.3661861	0.12252964	0.4873655	1.0	1865	tags=56%, list=12%, signal=63%	
BIOCARTA_ACE2_PATHWAY	BIOCARTA_ACE2_PATHWAY		5	-0.66703916	-1.3656985	0.1364562	0.48585573	1.0	5053	tags=80%, list=33%, signal=119%	
REACTOME_ACTIVATION_OF_MATRIX_METALLOPROTEINASES	REACTOME_ACTIVATION_OF_MATRIX_METALLOPROTEINASES		17	-0.47025028	-1.3653655	0.09659091	0.4839703	1.0	3683	tags=59%, list=24%, signal=77%	
REACTOME_BIOSYNTHESIS_OF_EPA_DERIVED_SPMS	REACTOME_BIOSYNTHESIS_OF_EPA_DERIVED_SPMS		6	-0.62700164	-1.3646468	0.14015152	0.48308793	1.0	5551	tags=83%, list=36%, signal=130%	
BIOCARTA_ION_PATHWAY	BIOCARTA_ION_PATHWAY		5	-0.6618599	-1.3630893	0.12665406	0.484518	1.0	217	tags=20%, list=1%, signal=20%	
REACTOME_RA_BIOSYNTHESIS_PATHWAY	REACTOME_RA_BIOSYNTHESIS_PATHWAY		11	-0.5206812	-1.3564395	0.13549618	0.4994226	1.0	3022	tags=45%, list=20%, signal=56%	
WP_EICOSANOID_SYNTHESIS	WP_EICOSANOID_SYNTHESIS		14	-0.490072	-1.3546138	0.11977186	0.5017629	1.0	2763	tags=36%, list=18%, signal=43%	
REACTOME_TRANSPORT_OF_CONNEXONS_TO_THE_PLASMA_MEMBRANE	REACTOME_TRANSPORT_OF_CONNEXONS_TO_THE_PLASMA_MEMBRANE		14	-0.4942935	-1.3515663	0.12038835	0.50684243	1.0	3485	tags=64%, list=23%, signal=83%	
REACTOME_SULFIDE_OXIDATION_TO_SULFATE	REACTOME_SULFIDE_OXIDATION_TO_SULFATE		5	-0.68145764	-1.3497175	0.13645224	0.5093862	1.0	7	tags=20%, list=0%, signal=20%	
REACTOME_BASE_EXCISION_REPAIR	REACTOME_BASE_EXCISION_REPAIR		77	-0.32683796	-1.3465787	0.062166963	0.514843	1.0	4117	tags=35%, list=27%, signal=48%	
REACTOME_TRANSPORT_OF_ORGANIC_ANIONS	REACTOME_TRANSPORT_OF_ORGANIC_ANIONS		5	-0.6751178	-1.3410228	0.14677104	0.5278063	1.0	3138	tags=80%, list=20%, signal=100%	
BIOCARTA_BARRESTIN_PATHWAY	BIOCARTA_BARRESTIN_PATHWAY		6	-0.6237695	-1.3384734	0.14481409	0.5323361	1.0	4101	tags=67%, list=27%, signal=91%	
BIOCARTA_IL10_PATHWAY	BIOCARTA_IL10_PATHWAY		11	-0.5217398	-1.3380433	0.14107884	0.5306845	1.0	4977	tags=64%, list=32%, signal=94%	
REACTOME_TRANSCRIPTIONAL_REGULATION_OF_GRANULOPOIESIS	REACTOME_TRANSCRIPTIONAL_REGULATION_OF_GRANULOPOIESIS		6	-0.6236466	-1.3379422	0.15306123	0.528095	1.0	4514	tags=67%, list=29%, signal=94%	
BIOCARTA_LECTIN_PATHWAY	BIOCARTA_LECTIN_PATHWAY		5	-0.679838	-1.3372059	0.13321167	0.5272707	1.0	4129	tags=80%, list=27%, signal=109%	
REACTOME_SYNTHESIS_OF_PYROPHOSPHATES_IN_THE_CYTOSOL	REACTOME_SYNTHESIS_OF_PYROPHOSPHATES_IN_THE_CYTOSOL		8	-0.57529867	-1.3369304	0.13483146	0.5251777	1.0	2754	tags=50%, list=18%, signal=61%	
BIOCARTA_BAD_PATHWAY	BIOCARTA_BAD_PATHWAY		21	-0.443225	-1.3362112	0.103053436	0.5244529	1.0	821	tags=24%, list=5%, signal=25%	
REACTOME_PYRIMIDINE_SALVAGE	REACTOME_PYRIMIDINE_SALVAGE		7	-0.59482014	-1.3359239	0.14893617	0.5224234	1.0	4472	tags=71%, list=29%, signal=101%	
REACTOME_CARGO_RECOGNITION_FOR_CLATHRIN_MEDIATED_ENDOCYTOSIS	REACTOME_CARGO_RECOGNITION_FOR_CLATHRIN_MEDIATED_ENDOCYTOSIS		79	-0.3194411	-1.3358102	0.06939502	0.52002245	1.0	4238	tags=38%, list=27%, signal=52%	
REACTOME_COLLAGEN_FORMATION	REACTOME_COLLAGEN_FORMATION		26	-0.41049895	-1.3350136	0.10714286	0.51970744	1.0	4880	tags=58%, list=32%, signal=84%	
REACTOME_NEUROTRANSMITTER_RELEASE_CYCLE	REACTOME_NEUROTRANSMITTER_RELEASE_CYCLE		27	-0.4102155	-1.3338096	0.09981516	0.5203361	1.0	2208	tags=30%, list=14%, signal=35%	
WP_DRAVET_SYNDROME_SCN1AA1783V_POINT_MUTATION_MODEL	WP_DRAVET_SYNDROME_SCN1AA1783V_POINT_MUTATION_MODEL		46	-0.35444587	-1.3325244	0.06666667	0.5213618	1.0	3773	tags=43%, list=24%, signal=57%	
WP_IL5_SIGNALING_PATHWAY	WP_IL5_SIGNALING_PATHWAY		66	-0.33210802	-1.3316652	0.07944732	0.5213026	1.0	3807	tags=39%, list=25%, signal=52%	
BIOCARTA_SHH_PATHWAY	BIOCARTA_SHH_PATHWAY		11	-0.5194424	-1.3301919	0.13721804	0.52244335	1.0	821	tags=27%, list=5%, signal=29%	
WP_GPCRS_PEPTIDE	WP_GPCRS_PEPTIDE		23	-0.424529	-1.3278834	0.11594203	0.52601206	1.0	2034	tags=39%, list=13%, signal=45%	
WP_COMPREHENSIVE_IL17A_SIGNALING	WP_COMPREHENSIVE_IL17A_SIGNALING		82	-0.3150751	-1.3240523	0.060714286	0.5342857	1.0	3424	tags=33%, list=22%, signal=42%	
REACTOME_VEGF_LIGAND_RECEPTOR_INTERACTIONS	REACTOME_VEGF_LIGAND_RECEPTOR_INTERACTIONS		5	-0.66121453	-1.323343	0.17102616	0.53363746	1.0	521	tags=40%, list=3%, signal=41%	
WP_TGFBETA_SIGNALING_PATHWAY	WP_TGFBETA_SIGNALING_PATHWAY		41	-0.36714432	-1.3230385	0.10597303	0.53179157	1.0	4633	tags=44%, list=30%, signal=63%	
REACTOME_DIGESTION_AND_ABSORPTION	REACTOME_DIGESTION_AND_ABSORPTION		5	-0.630059	-1.3205849	0.18128654	0.5358766	1.0	1857	tags=60%, list=12%, signal=68%	
REACTOME_GLUTATHIONE_CONJUGATION	REACTOME_GLUTATHIONE_CONJUGATION		29	-0.39765093	-1.319615	0.11700183	0.5358551	1.0	2516	tags=38%, list=16%, signal=45%	
REACTOME_INTERLEUKIN_12_FAMILY_SIGNALING	REACTOME_INTERLEUKIN_12_FAMILY_SIGNALING		13	-0.4961596	-1.318641	0.14100185	0.53580743	1.0	2353	tags=38%, list=15%, signal=45%	
BIOCARTA_P53_PATHWAY	BIOCARTA_P53_PATHWAY		14	-0.4734779	-1.3120981	0.13761468	0.55132955	1.0	4945	tags=57%, list=32%, signal=84%	
REACTOME_PLATELET_ADHESION_TO_EXPOSED_COLLAGEN	REACTOME_PLATELET_ADHESION_TO_EXPOSED_COLLAGEN		8	-0.5577327	-1.3111161	0.18613862	0.5514271	1.0	3017	tags=50%, list=20%, signal=62%	
REACTOME_RHOC_GTPASE_CYCLE	REACTOME_RHOC_GTPASE_CYCLE		59	-0.33558324	-1.3047439	0.093693696	0.56635076	1.0	4048	tags=47%, list=26%, signal=64%	
REACTOME_CHEMOKINE_RECEPTORS_BIND_CHEMOKINES	REACTOME_CHEMOKINE_RECEPTORS_BIND_CHEMOKINES		34	-0.3784661	-1.3040372	0.12387792	0.5656404	1.0	2324	tags=38%, list=15%, signal=45%	
BIOCARTA_NO2IL12_PATHWAY	BIOCARTA_NO2IL12_PATHWAY		14	-0.46776086	-1.2980214	0.1522158	0.57992125	1.0	2326	tags=29%, list=15%, signal=34%	
REACTOME_NA_CL_DEPENDENT_NEUROTRANSMITTER_TRANSPORTERS	REACTOME_NA_CL_DEPENDENT_NEUROTRANSMITTER_TRANSPORTERS		7	-0.5735312	-1.2967155	0.16851851	0.5810585	1.0	1377	tags=43%, list=9%, signal=47%	
REACTOME_DAP12_INTERACTIONS	REACTOME_DAP12_INTERACTIONS		45	-0.35232294	-1.2962525	0.11861314	0.57964665	1.0	4981	tags=49%, list=32%, signal=72%	
BIOCARTA_IL22BP_PATHWAY	BIOCARTA_IL22BP_PATHWAY		9	-0.53534913	-1.2917851	0.16443595	0.58948445	1.0	2326	tags=33%, list=15%, signal=39%	
WP_FOCAL_ADHESION	WP_FOCAL_ADHESION		131	-0.28906357	-1.2915767	0.046357617	0.5872958	1.0	3266	tags=32%, list=21%, signal=40%	
REACTOME_SULFUR_AMINO_ACID_METABOLISM	REACTOME_SULFUR_AMINO_ACID_METABOLISM		20	-0.41632643	-1.2880929	0.15737052	0.5945291	1.0	42	tags=10%, list=0%, signal=10%	
REACTOME_CARBOXYTERMINAL_POST_TRANSLATIONAL_MODIFICATIONS_OF_TUBULIN	REACTOME_CARBOXYTERMINAL_POST_TRANSLATIONAL_MODIFICATIONS_OF_TUBULIN		19	-0.43401352	-1.2873701	0.1394052	0.59380466	1.0	3485	tags=58%, list=23%, signal=75%	
WP_PENTOSE_PHOSPHATE_PATHWAY	WP_PENTOSE_PHOSPHATE_PATHWAY		7	-0.5698686	-1.2864558	0.20315582	0.59356683	1.0	3333	tags=57%, list=22%, signal=73%	
REACTOME_REGULATION_OF_CYTOSKELETAL_REMODELING_AND_CELL_SPREADING_BY_IPP_COMPLEX_COMPONENTS	REACTOME_REGULATION_OF_CYTOSKELETAL_REMODELING_AND_CELL_SPREADING_BY_IPP_COMPLEX_COMPONENTS		7	-0.588139	-1.2839379	0.17915905	0.5980473	1.0	2545	tags=43%, list=17%, signal=51%	
WP_NUCLEOTIDE_GPCRS	WP_NUCLEOTIDE_GPCRS		7	-0.5567527	-1.2819347	0.17399618	0.60138816	1.0	2458	tags=57%, list=16%, signal=68%	
WP_OSTEOCLAST_SIGNALING	WP_OSTEOCLAST_SIGNALING		10	-0.51218206	-1.2793145	0.19165085	0.6061552	1.0	4494	tags=60%, list=29%, signal=85%	
REACTOME_REDUCTION_OF_CYTOSOLIC_CA_LEVELS	REACTOME_REDUCTION_OF_CYTOSOLIC_CA_LEVELS		10	-0.51626825	-1.2791582	0.16412213	0.60380113	1.0	487	tags=20%, list=3%, signal=21%	
BIOCARTA_AGPCR_PATHWAY	BIOCARTA_AGPCR_PATHWAY		10	-0.51326895	-1.2734915	0.18446602	0.61764985	1.0	1263	tags=30%, list=8%, signal=33%	
REACTOME_ION_TRANSPORT_BY_P_TYPE_ATPASES	REACTOME_ION_TRANSPORT_BY_P_TYPE_ATPASES		37	-0.35383117	-1.2720051	0.140255	0.6191611	1.0	2647	tags=27%, list=17%, signal=33%	
BIOCARTA_RECK_PATHWAY	BIOCARTA_RECK_PATHWAY		5	-0.6260822	-1.2711948	0.18897638	0.61883956	1.0	3772	tags=60%, list=24%, signal=79%	
REACTOME_RET_SIGNALING	REACTOME_RET_SIGNALING		30	-0.37941697	-1.2697325	0.12639405	0.6204127	1.0	1390	tags=20%, list=9%, signal=22%	
REACTOME_DIGESTION	REACTOME_DIGESTION		5	-0.630059	-1.2666746	0.203125	0.6272885	1.0	1857	tags=60%, list=12%, signal=68%	
REACTOME_ACETYLCHOLINE_BINDING_AND_DOWNSTREAM_EVENTS	REACTOME_ACETYLCHOLINE_BINDING_AND_DOWNSTREAM_EVENTS		5	-0.6400033	-1.2665313	0.19128788	0.6249376	1.0	4257	tags=60%, list=28%, signal=83%	
BIOCARTA_IL6_PATHWAY	BIOCARTA_IL6_PATHWAY		22	-0.39986464	-1.2654778	0.17333333	0.62525785	1.0	4065	tags=55%, list=26%, signal=74%	
REACTOME_GLYCOSAMINOGLYCAN_METABOLISM	REACTOME_GLYCOSAMINOGLYCAN_METABOLISM		83	-0.3030576	-1.2638576	0.08998302	0.6271982	1.0	2954	tags=29%, list=19%, signal=36%	
REACTOME_GPVI_MEDIATED_ACTIVATION_CASCADE	REACTOME_GPVI_MEDIATED_ACTIVATION_CASCADE		28	-0.3836456	-1.2620189	0.15151516	0.6300973	1.0	5145	tags=57%, list=33%, signal=86%	
REACTOME_SMOOTH_MUSCLE_CONTRACTION	REACTOME_SMOOTH_MUSCLE_CONTRACTION		22	-0.39992765	-1.2614962	0.17612524	0.62881804	1.0	4225	tags=45%, list=27%, signal=63%	
REACTOME_ERYTHROPOIETIN_ACTIVATES_PHOSPHOINOSITIDE_3_KINASE_PI3K	REACTOME_ERYTHROPOIETIN_ACTIVATES_PHOSPHOINOSITIDE_3_KINASE_PI3K		11	-0.49918547	-1.2610227	0.188	0.62741685	1.0	373	tags=18%, list=2%, signal=19%	
WP_OXYLIPINS_PATHWAYS	WP_OXYLIPINS_PATHWAYS		17	-0.44346225	-1.25698	0.166348	0.6371081	1.0	2763	tags=35%, list=18%, signal=43%	
BIOCARTA_ASBCELL_PATHWAY	BIOCARTA_ASBCELL_PATHWAY		9	-0.51745343	-1.2535712	0.20934579	0.64418685	1.0	1648	tags=33%, list=11%, signal=37%	
BIOCARTA_EXTRINSIC_PATHWAY	BIOCARTA_EXTRINSIC_PATHWAY		5	-0.6206777	-1.2534524	0.21095334	0.6417586	1.0	4423	tags=60%, list=29%, signal=84%	
REACTOME_CHROMOSOME_MAINTENANCE	REACTOME_CHROMOSOME_MAINTENANCE		112	-0.29060325	-1.2522479	0.09274874	0.6427043	1.0	4480	tags=36%, list=29%, signal=50%	
BIOCARTA_VOBESITY_PATHWAY	BIOCARTA_VOBESITY_PATHWAY		6	-0.57867867	-1.2516794	0.21691176	0.64160013	1.0	2907	tags=67%, list=19%, signal=82%	
REACTOME_CARGO_CONCENTRATION_IN_THE_ER	REACTOME_CARGO_CONCENTRATION_IN_THE_ER		28	-0.3824496	-1.2489705	0.16574585	0.647209	1.0	5010	tags=57%, list=32%, signal=84%	
BIOCARTA_NKT_PATHWAY	BIOCARTA_NKT_PATHWAY		23	-0.38963288	-1.2487907	0.17466411	0.64503187	1.0	2324	tags=30%, list=15%, signal=36%	
REACTOME_OTHER_SEMAPHORIN_INTERACTIONS	REACTOME_OTHER_SEMAPHORIN_INTERACTIONS		12	-0.46917292	-1.2483317	0.20670392	0.6437683	1.0	4402	tags=58%, list=29%, signal=82%	
REACTOME_RHO_GTPASES_ACTIVATE_IQGAPS	REACTOME_RHO_GTPASES_ACTIVATE_IQGAPS		26	-0.3787259	-1.2477487	0.16399287	0.64290255	1.0	3485	tags=42%, list=23%, signal=55%	
REACTOME_SENSORY_PERCEPTION	REACTOME_SENSORY_PERCEPTION		47	-0.32794762	-1.2476344	0.14647378	0.64052033	1.0	3005	tags=36%, list=19%, signal=45%	
REACTOME_RUNX3_REGULATES_WNT_SIGNALING	REACTOME_RUNX3_REGULATES_WNT_SIGNALING		5	-0.6163095	-1.2475184	0.23015873	0.63820565	1.0	581	tags=20%, list=4%, signal=21%	
REACTOME_MET_PROMOTES_CELL_MOTILITY	REACTOME_MET_PROMOTES_CELL_MOTILITY		22	-0.3925539	-1.2454808	0.1970534	0.6414418	1.0	3266	tags=41%, list=21%, signal=52%	
REACTOME_NUCLEOTIDE_LIKE_PURINERGIC_RECEPTORS	REACTOME_NUCLEOTIDE_LIKE_PURINERGIC_RECEPTORS		10	-0.48974857	-1.2453783	0.1969112	0.6391065	1.0	906	tags=40%, list=6%, signal=42%	
BIOCARTA_SKP2E2F_PATHWAY	BIOCARTA_SKP2E2F_PATHWAY		8	-0.53813165	-1.2427177	0.24023438	0.6444998	1.0	4945	tags=63%, list=32%, signal=92%	
REACTOME_MITOCHONDRIAL_IRON_SULFUR_CLUSTER_BIOGENESIS	REACTOME_MITOCHONDRIAL_IRON_SULFUR_CLUSTER_BIOGENESIS		10	-0.49887863	-1.2421244	0.21714285	0.6434717	1.0	5274	tags=70%, list=34%, signal=106%	
REACTOME_RETROGRADE_NEUROTROPHIN_SIGNALLING	REACTOME_RETROGRADE_NEUROTROPHIN_SIGNALLING		8	-0.53471607	-1.2414165	0.21042831	0.64296794	1.0	4811	tags=63%, list=31%, signal=91%	
WP_CYTOKINES_AND_INFLAMMATORY_RESPONSE	WP_CYTOKINES_AND_INFLAMMATORY_RESPONSE		13	-0.4484314	-1.2406512	0.19615385	0.6426145	1.0	2339	tags=38%, list=15%, signal=45%	
BIOCARTA_REELIN_PATHWAY	BIOCARTA_REELIN_PATHWAY		5	-0.62189525	-1.2386427	0.20895523	0.6461114	1.0	2387	tags=60%, list=15%, signal=71%	
REACTOME_TRANSPORT_AND_SYNTHESIS_OF_PAPS	REACTOME_TRANSPORT_AND_SYNTHESIS_OF_PAPS		6	-0.5833707	-1.2354008	0.22947761	0.65350133	1.0	5810	tags=67%, list=38%, signal=107%	
REACTOME_G_ALPHA_S_SIGNALLING_EVENTS	REACTOME_G_ALPHA_S_SIGNALLING_EVENTS		60	-0.3139805	-1.2336761	0.14134276	0.6562273	1.0	4501	tags=47%, list=29%, signal=66%	
REACTOME_BIOSYNTHESIS_OF_E_SERIES_18_S_RESOLVINS	REACTOME_BIOSYNTHESIS_OF_E_SERIES_18_S_RESOLVINS		5	-0.6180455	-1.2316678	0.242	0.6593579	1.0	5551	tags=80%, list=36%, signal=125%	
WP_MIRNAS_AND_TFS_IN_IPS_CELL_GENERATION	WP_MIRNAS_AND_TFS_IN_IPS_CELL_GENERATION		5	-0.5985727	-1.229687	0.24031007	0.66286325	1.0	3884	tags=60%, list=25%, signal=80%	
REACTOME_G_ALPHA_Q_SIGNALLING_EVENTS	REACTOME_G_ALPHA_Q_SIGNALLING_EVENTS		108	-0.2786707	-1.226603	0.124786325	0.6697737	1.0	2742	tags=30%, list=18%, signal=36%	
REACTOME_RAC1_GTPASE_CYCLE	REACTOME_RAC1_GTPASE_CYCLE		145	-0.26882184	-1.2255515	0.1013289	0.6702369	1.0	3629	tags=30%, list=24%, signal=38%	
REACTOME_ION_CHANNEL_TRANSPORT	REACTOME_ION_CHANNEL_TRANSPORT		104	-0.28382373	-1.2255161	0.124786325	0.667716	1.0	3537	tags=31%, list=23%, signal=40%	
BIOCARTA_IL4_PATHWAY	BIOCARTA_IL4_PATHWAY		9	-0.5077875	-1.2234676	0.24060151	0.6712446	1.0	817	tags=22%, list=5%, signal=23%	
REACTOME_INTERLEUKIN_10_SIGNALING	REACTOME_INTERLEUKIN_10_SIGNALING		5	-0.6150282	-1.2230614	0.22770399	0.66994447	1.0	4977	tags=80%, list=32%, signal=118%	
REACTOME_SIGNALING_BY_MET	REACTOME_SIGNALING_BY_MET		57	-0.30891567	-1.222975	0.16546762	0.6676108	1.0	3817	tags=37%, list=25%, signal=49%	
REACTOME_NON_INTEGRIN_MEMBRANE_ECM_INTERACTIONS	REACTOME_NON_INTEGRIN_MEMBRANE_ECM_INTERACTIONS		18	-0.40726224	-1.2224939	0.197318	0.66634494	1.0	3266	tags=39%, list=21%, signal=49%	
BIOCARTA_NPP1_PATHWAY	BIOCARTA_NPP1_PATHWAY		5	-0.61260414	-1.2223166	0.23837209	0.6643158	1.0	3652	tags=40%, list=24%, signal=52%	
WP_ESC_PLURIPOTENCY_PATHWAYS	WP_ESC_PLURIPOTENCY_PATHWAYS		68	-0.30254292	-1.2218618	0.15063521	0.6630653	1.0	3772	tags=32%, list=24%, signal=43%	
REACTOME_COPII_MEDIATED_VESICLE_TRANSPORT	REACTOME_COPII_MEDIATED_VESICLE_TRANSPORT		64	-0.30717045	-1.2217482	0.15135135	0.66086674	1.0	5174	tags=52%, list=34%, signal=77%	
REACTOME_METABOLISM_OF_CARBOHYDRATES	REACTOME_METABOLISM_OF_CARBOHYDRATES		203	-0.2566951	-1.2210886	0.07470289	0.66028154	1.0	4348	tags=33%, list=28%, signal=46%	
REACTOME_COPI_DEPENDENT_GOLGI_TO_ER_RETROGRADE_TRAFFIC	REACTOME_COPI_DEPENDENT_GOLGI_TO_ER_RETROGRADE_TRAFFIC		84	-0.28698394	-1.2197812	0.11330935	0.66151696	1.0	3834	tags=32%, list=25%, signal=43%	
REACTOME_COLLAGEN_BIOSYNTHESIS_AND_MODIFYING_ENZYMES	REACTOME_COLLAGEN_BIOSYNTHESIS_AND_MODIFYING_ENZYMES		20	-0.40534732	-1.2176346	0.19715808	0.6655025	1.0	4880	tags=55%, list=32%, signal=80%	
REACTOME_INSERTION_OF_TAIL_ANCHORED_PROTEINS_INTO_THE_ENDOPLASMIC_RETICULUM_MEMBRANE	REACTOME_INSERTION_OF_TAIL_ANCHORED_PROTEINS_INTO_THE_ENDOPLASMIC_RETICULUM_MEMBRANE		16	-0.4194724	-1.2153454	0.19548872	0.669772	1.0	3103	tags=44%, list=20%, signal=55%	
REACTOME_ANTIGEN_PRESENTATION_FOLDING_ASSEMBLY_AND_PEPTIDE_LOADING_OF_CLASS_I_MHC	REACTOME_ANTIGEN_PRESENTATION_FOLDING_ASSEMBLY_AND_PEPTIDE_LOADING_OF_CLASS_I_MHC		30	-0.35666505	-1.2129161	0.20588236	0.67438906	1.0	4795	tags=43%, list=31%, signal=63%	
BIOCARTA_CDMAC_PATHWAY	BIOCARTA_CDMAC_PATHWAY		14	-0.44046697	-1.2127852	0.23844732	0.67225736	1.0	3772	tags=50%, list=24%, signal=66%	
BIOCARTA_AMAN_PATHWAY	BIOCARTA_AMAN_PATHWAY		6	-0.56402737	-1.2112293	0.23091602	0.67433566	1.0	2177	tags=67%, list=14%, signal=78%	
BIOCARTA_BARR_MAPK_PATHWAY	BIOCARTA_BARR_MAPK_PATHWAY		10	-0.47237736	-1.2105879	0.23684211	0.67380613	1.0	4050	tags=50%, list=26%, signal=68%	
REACTOME_REGULATION_OF_MITF_M_DEPENDENT_GENES_INVOLVED_IN_CELL_CYCLE_AND_PROLIFERATION	REACTOME_REGULATION_OF_MITF_M_DEPENDENT_GENES_INVOLVED_IN_CELL_CYCLE_AND_PROLIFERATION		7	-0.53645825	-1.2105787	0.24719101	0.671351	1.0	581	tags=14%, list=4%, signal=15%	
REACTOME_FACTORS_INVOLVED_IN_MEGAKARYOCYTE_DEVELOPMENT_AND_PLATELET_PRODUCTION	REACTOME_FACTORS_INVOLVED_IN_MEGAKARYOCYTE_DEVELOPMENT_AND_PLATELET_PRODUCTION		106	-0.28017697	-1.2093654	0.12962963	0.6723535	1.0	3834	tags=31%, list=25%, signal=41%	
WP_EICOSANOID_LIPID_SYNTHESIS_MAP	WP_EICOSANOID_LIPID_SYNTHESIS_MAP		7	-0.5294086	-1.2078134	0.23742455	0.674603	1.0	2763	tags=57%, list=18%, signal=70%	
BIOCARTA_TCAPOPTOSIS_PATHWAY	BIOCARTA_TCAPOPTOSIS_PATHWAY		9	-0.49901465	-1.2072166	0.23844732	0.6738508	1.0	501	tags=11%, list=3%, signal=11%	
WP_IL3_SIGNALING_PATHWAY	WP_IL3_SIGNALING_PATHWAY		94	-0.2829543	-1.2069185	0.14583333	0.6722115	1.0	3855	tags=37%, list=25%, signal=49%	
REACTOME_RND3_GTPASE_CYCLE	REACTOME_RND3_GTPASE_CYCLE		37	-0.3391574	-1.2057062	0.20145191	0.67343557	1.0	4433	tags=43%, list=29%, signal=61%	
REACTOME_SYNTHESIS_OF_LIPOXINS_LX	REACTOME_SYNTHESIS_OF_LIPOXINS_LX		5	-0.5947393	-1.2039291	0.26526716	0.6764754	1.0	2763	tags=40%, list=18%, signal=49%	
REACTOME_SYNTHESIS_OF_15_EICOSATETRAENOIC_ACID_DERIVATIVES	REACTOME_SYNTHESIS_OF_15_EICOSATETRAENOIC_ACID_DERIVATIVES		5	-0.598391	-1.2006594	0.2768031	0.6836344	1.0	6196	tags=100%, list=40%, signal=167%	
REACTOME_MAPK1_ERK2_ACTIVATION	REACTOME_MAPK1_ERK2_ACTIVATION		8	-0.5195536	-1.1993035	0.26086956	0.68502456	1.0	3601	tags=50%, list=23%, signal=65%	
REACTOME_METALLOPROTEASE_DUBS	REACTOME_METALLOPROTEASE_DUBS		35	-0.34424964	-1.1992656	0.2021858	0.6827335	1.0	3833	tags=43%, list=25%, signal=57%	
REACTOME_ION_HOMEOSTASIS	REACTOME_ION_HOMEOSTASIS		34	-0.3411381	-1.1983836	0.20108695	0.682689	1.0	1457	tags=18%, list=9%, signal=19%	
WP_ADIPOGENESIS_GENES	WP_ADIPOGENESIS_GENES		93	-0.28078428	-1.19742	0.14796747	0.68301845	1.0	2362	tags=20%, list=15%, signal=24%	
REACTOME_TRAF6_MEDIATED_NF_KB_ACTIVATION	REACTOME_TRAF6_MEDIATED_NF_KB_ACTIVATION		13	-0.44012082	-1.1970323	0.23752496	0.68180627	1.0	5258	tags=54%, list=34%, signal=82%	
BIOCARTA_ACH_PATHWAY	BIOCARTA_ACH_PATHWAY		11	-0.4702172	-1.1950716	0.24900399	0.6851521	1.0	1276	tags=27%, list=8%, signal=30%	
BIOCARTA_CELL2CELL_PATHWAY	BIOCARTA_CELL2CELL_PATHWAY		7	-0.5448175	-1.194983	0.25725338	0.68300486	1.0	4823	tags=43%, list=31%, signal=62%	
BIOCARTA_LONGEVITY_PATHWAY	BIOCARTA_LONGEVITY_PATHWAY		13	-0.4388457	-1.1883838	0.23863636	0.70022726	1.0	1276	tags=23%, list=8%, signal=25%	
REACTOME_MET_RECEPTOR_RECYCLING	REACTOME_MET_RECEPTOR_RECYCLING		10	-0.46540406	-1.1874758	0.248497	0.70056164	1.0	3011	tags=30%, list=20%, signal=37%	
WP_FIBRIN_COMPLEMENT_RECEPTOR_3_SIGNALING_PATHWAY	WP_FIBRIN_COMPLEMENT_RECEPTOR_3_SIGNALING_PATHWAY		35	-0.33801284	-1.1870168	0.1996435	0.6994956	1.0	3728	tags=43%, list=24%, signal=56%	
WP_NUCLEAR_RECEPTORS_IN_LIPID_METABOLISM_AND_TOXICITY	WP_NUCLEAR_RECEPTORS_IN_LIPID_METABOLISM_AND_TOXICITY		13	-0.44522586	-1.1858871	0.2504817	0.70052195	1.0	2645	tags=46%, list=17%, signal=56%	
BIOCARTA_BBCELL_PATHWAY	BIOCARTA_BBCELL_PATHWAY		6	-0.55004364	-1.1857208	0.2673077	0.69864315	1.0	501	tags=17%, list=3%, signal=17%	
REACTOME_SIGNALING_BY_ERYTHROPOIETIN	REACTOME_SIGNALING_BY_ERYTHROPOIETIN		16	-0.41023633	-1.1840311	0.24299066	0.7013275	1.0	5035	tags=56%, list=33%, signal=83%	
REACTOME_PLATELET_CALCIUM_HOMEOSTASIS	REACTOME_PLATELET_CALCIUM_HOMEOSTASIS		16	-0.40582412	-1.1823341	0.27201566	0.70380396	1.0	487	tags=13%, list=3%, signal=13%	
REACTOME_GLUCONEOGENESIS	REACTOME_GLUCONEOGENESIS		20	-0.39263386	-1.181563	0.23540147	0.7038061	1.0	6536	tags=65%, list=42%, signal=113%	
REACTOME_CELL_DEATH_SIGNALLING_VIA_NRAGE_NRIF_AND_NADE	REACTOME_CELL_DEATH_SIGNALLING_VIA_NRAGE_NRIF_AND_NADE		60	-0.2983007	-1.1808444	0.1773585	0.703443	1.0	1386	tags=17%, list=9%, signal=18%	
REACTOME_CELL_CELL_JUNCTION_ORGANIZATION	REACTOME_CELL_CELL_JUNCTION_ORGANIZATION		30	-0.35170424	-1.1803963	0.21014492	0.70231783	1.0	1614	tags=23%, list=10%, signal=26%	
WP_INSULIN_SIGNALING	WP_INSULIN_SIGNALING		145	-0.25774086	-1.1777676	0.14957984	0.7078583	1.0	3772	tags=31%, list=24%, signal=41%	
REACTOME_METABOLISM_OF_WATER_SOLUBLE_VITAMINS_AND_COFACTORS	REACTOME_METABOLISM_OF_WATER_SOLUBLE_VITAMINS_AND_COFACTORS		101	-0.26835296	-1.1769203	0.1580756	0.7078408	1.0	3998	tags=29%, list=26%, signal=39%	
REACTOME_ACYL_CHAIN_REMODELLING_OF_PI	REACTOME_ACYL_CHAIN_REMODELLING_OF_PI		8	-0.49990305	-1.1769171	0.26626018	0.7054763	1.0	2977	tags=50%, list=19%, signal=62%	
WP_WNT_SIGNALING	WP_WNT_SIGNALING		43	-0.32277632	-1.1763529	0.22429906	0.7048149	1.0	3462	tags=26%, list=22%, signal=33%	
REACTOME_DOPAMINE_NEUROTRANSMITTER_RELEASE_CYCLE	REACTOME_DOPAMINE_NEUROTRANSMITTER_RELEASE_CYCLE		14	-0.42735398	-1.1749868	0.24652088	0.7066445	1.0	3987	tags=50%, list=26%, signal=67%	
REACTOME_FORMATION_OF_SENESCENCE_ASSOCIATED_HETEROCHROMATIN_FOCI_SAHF	REACTOME_FORMATION_OF_SENESCENCE_ASSOCIATED_HETEROCHROMATIN_FOCI_SAHF		15	-0.40801576	-1.174833	0.23984526	0.704682	1.0	3796	tags=40%, list=25%, signal=53%	
BIOCARTA_INFLAM_PATHWAY	BIOCARTA_INFLAM_PATHWAY		10	-0.46397385	-1.1743592	0.26603773	0.7038345	1.0	3309	tags=40%, list=21%, signal=51%	
REACTOME_CYCLIN_A_B1_B2_ASSOCIATED_EVENTS_DURING_G2_M_TRANSITION	REACTOME_CYCLIN_A_B1_B2_ASSOCIATED_EVENTS_DURING_G2_M_TRANSITION		24	-0.3697042	-1.1741487	0.22953737	0.70213974	1.0	3442	tags=42%, list=22%, signal=54%	
WP_GPCRS_ORPHAN	WP_GPCRS_ORPHAN		12	-0.4483884	-1.1737071	0.28244275	0.701196	1.0	1439	tags=25%, list=9%, signal=28%	
REACTOME_SIGNALING_BY_RETINOIC_ACID	REACTOME_SIGNALING_BY_RETINOIC_ACID		26	-0.3582841	-1.1736256	0.23247233	0.69919235	1.0	3877	tags=38%, list=25%, signal=51%	
REACTOME_COMMON_PATHWAY_OF_FIBRIN_CLOT_FORMATION	REACTOME_COMMON_PATHWAY_OF_FIBRIN_CLOT_FORMATION		13	-0.42874062	-1.1703721	0.2579365	0.7065513	1.0	5015	tags=77%, list=33%, signal=114%	
BIOCARTA_MALATEX_PATHWAY	BIOCARTA_MALATEX_PATHWAY		7	-0.517654	-1.1699942	0.28853756	0.7053297	1.0	1316	tags=14%, list=9%, signal=16%	
REACTOME_PYRIMIDINE_CATABOLISM	REACTOME_PYRIMIDINE_CATABOLISM		6	-0.5548053	-1.1699133	0.29124236	0.7032933	1.0	2263	tags=33%, list=15%, signal=39%	
WP_GLYCEROLIPIDS_AND_GLYCEROPHOSPHOLIPIDS	WP_GLYCEROLIPIDS_AND_GLYCEROPHOSPHOLIPIDS		21	-0.3714858	-1.1696354	0.2562724	0.7018573	1.0	2712	tags=38%, list=18%, signal=46%	
WP_WNT_SIGNALING_PATHWAY_AND_PLURIPOTENCY	WP_WNT_SIGNALING_PATHWAY_AND_PLURIPOTENCY		67	-0.29289246	-1.1678642	0.22416812	0.7049779	1.0	2232	tags=19%, list=14%, signal=23%	
REACTOME_RND2_GTPASE_CYCLE	REACTOME_RND2_GTPASE_CYCLE		40	-0.32312542	-1.1678281	0.21033211	0.7028447	1.0	4421	tags=40%, list=29%, signal=56%	
REACTOME_PTK6_REGULATES_RHO_GTPASES_RAS_GTPASE_AND_MAP_KINASES	REACTOME_PTK6_REGULATES_RHO_GTPASES_RAS_GTPASE_AND_MAP_KINASES		12	-0.44399574	-1.1674478	0.26436782	0.7017258	1.0	1169	tags=25%, list=8%, signal=27%	
REACTOME_PROCESSIVE_SYNTHESIS_ON_THE_LAGGING_STRAND	REACTOME_PROCESSIVE_SYNTHESIS_ON_THE_LAGGING_STRAND		15	-0.41545305	-1.1666067	0.2593985	0.70191926	1.0	6559	tags=80%, list=43%, signal=139%	
REACTOME_SPHINGOLIPID_METABOLISM	REACTOME_SPHINGOLIPID_METABOLISM		76	-0.28531516	-1.163925	0.18914185	0.7076362	1.0	3405	tags=29%, list=22%, signal=37%	
BIOCARTA_IL1R_PATHWAY	BIOCARTA_IL1R_PATHWAY		27	-0.3506429	-1.1636387	0.23731884	0.70620054	1.0	3456	tags=37%, list=22%, signal=48%	
REACTOME_BLOOD_GROUP_SYSTEMS_BIOSYNTHESIS	REACTOME_BLOOD_GROUP_SYSTEMS_BIOSYNTHESIS		10	-0.4632309	-1.1610578	0.28053436	0.71158236	1.0	2177	tags=30%, list=14%, signal=35%	
WP_BURN_WOUND_HEALING	WP_BURN_WOUND_HEALING		15	-0.40364465	-1.1605263	0.26195028	0.7107959	1.0	3309	tags=47%, list=21%, signal=59%	
REACTOME_PHOSPHATE_BOND_HYDROLYSIS_BY_NTPDASE_PROTEINS	REACTOME_PHOSPHATE_BOND_HYDROLYSIS_BY_NTPDASE_PROTEINS		6	-0.540833	-1.1602508	0.31153846	0.709333	1.0	2810	tags=50%, list=18%, signal=61%	
REACTOME_ER_TO_GOLGI_ANTEROGRADE_TRANSPORT	REACTOME_ER_TO_GOLGI_ANTEROGRADE_TRANSPORT		136	-0.25535092	-1.157339	0.17687075	0.71604234	1.0	5032	tags=43%, list=33%, signal=63%	
REACTOME_WNT5A_DEPENDENT_INTERNALIZATION_OF_FZD2_FZD5_AND_ROR2	REACTOME_WNT5A_DEPENDENT_INTERNALIZATION_OF_FZD2_FZD5_AND_ROR2		9	-0.46822822	-1.1573273	0.3102767	0.7138316	1.0	4811	tags=44%, list=31%, signal=65%	
REACTOME_ABC_FAMILY_PROTEINS_MEDIATED_TRANSPORT	REACTOME_ABC_FAMILY_PROTEINS_MEDIATED_TRANSPORT		86	-0.27392095	-1.1566293	0.19823009	0.71362215	1.0	2356	tags=17%, list=15%, signal=20%	
WP_TRANSCRIPTIONAL_ACTIVATION_BY_NFE2L2_IN_RESPONSE_TO_PHYTOCHEMICALS	WP_TRANSCRIPTIONAL_ACTIVATION_BY_NFE2L2_IN_RESPONSE_TO_PHYTOCHEMICALS		12	-0.44054243	-1.1564615	0.27663553	0.71188	1.0	2069	tags=42%, list=13%, signal=48%	
REACTOME_WAX_AND_PLASMALOGEN_BIOSYNTHESIS	REACTOME_WAX_AND_PLASMALOGEN_BIOSYNTHESIS		5	-0.56709373	-1.1552176	0.32884616	0.7131927	1.0	591	tags=20%, list=4%, signal=21%	
REACTOME_NERVOUS_SYSTEM_DEVELOPMENT	REACTOME_NERVOUS_SYSTEM_DEVELOPMENT		193	-0.24122569	-1.1552075	0.13833334	0.71101433	1.0	4522	tags=39%, list=29%, signal=55%	
REACTOME_DEACTIVATION_OF_THE_BETA_CATENIN_TRANSACTIVATING_COMPLEX	REACTOME_DEACTIVATION_OF_THE_BETA_CATENIN_TRANSACTIVATING_COMPLEX		27	-0.3442954	-1.1539414	0.27977315	0.7124742	1.0	1599	tags=26%, list=10%, signal=29%	
BIOCARTA_STAT3_PATHWAY	BIOCARTA_STAT3_PATHWAY		8	-0.48914757	-1.1537356	0.30057803	0.7108752	1.0	4977	tags=50%, list=32%, signal=74%	
REACTOME_RHOA_GTPASE_CYCLE	REACTOME_RHOA_GTPASE_CYCLE		118	-0.25873128	-1.1536585	0.18771331	0.7088665	1.0	4758	tags=41%, list=31%, signal=58%	
REACTOME_TGFBR3_PTM_REGULATION	REACTOME_TGFBR3_PTM_REGULATION		8	-0.4878606	-1.1522192	0.2904412	0.7108221	1.0	5260	tags=63%, list=34%, signal=95%	
WP_WHITE_FAT_CELL_DIFFERENTIATION	WP_WHITE_FAT_CELL_DIFFERENTIATION		26	-0.35387474	-1.149332	0.26266417	0.717059	1.0	4376	tags=50%, list=28%, signal=70%	
REACTOME_MUSCLE_CONTRACTION	REACTOME_MUSCLE_CONTRACTION		80	-0.27634093	-1.1469873	0.2226087	0.72164655	1.0	1678	tags=20%, list=11%, signal=22%	
REACTOME_METABOLISM_OF_ANGIOTENSINOGEN_TO_ANGIOTENSINS	REACTOME_METABOLISM_OF_ANGIOTENSINOGEN_TO_ANGIOTENSINS		8	-0.47678947	-1.1437835	0.30214426	0.7289799	1.0	3646	tags=50%, list=24%, signal=65%	
REACTOME_PLASMA_LIPOPROTEIN_ASSEMBLY_REMODELING_AND_CLEARANCE	REACTOME_PLASMA_LIPOPROTEIN_ASSEMBLY_REMODELING_AND_CLEARANCE		47	-0.30307624	-1.1417723	0.22115384	0.7327052	1.0	4160	tags=45%, list=27%, signal=61%	
REACTOME_ACYL_CHAIN_REMODELLING_OF_PS	REACTOME_ACYL_CHAIN_REMODELLING_OF_PS		12	-0.4339098	-1.1409127	0.27818182	0.733026	1.0	2977	tags=42%, list=19%, signal=52%	
WP_IL6_SIGNALING_PATHWAY	WP_IL6_SIGNALING_PATHWAY		95	-0.2656488	-1.1394325	0.19611308	0.7351857	1.0	3772	tags=34%, list=24%, signal=44%	
REACTOME_COPI_MEDIATED_ANTEROGRADE_TRANSPORT	REACTOME_COPI_MEDIATED_ANTEROGRADE_TRANSPORT		86	-0.2667214	-1.1393906	0.21170396	0.7331111	1.0	3636	tags=31%, list=24%, signal=41%	
BIOCARTA_NFKB_PATHWAY	BIOCARTA_NFKB_PATHWAY		20	-0.36783972	-1.1393281	0.2769231	0.7311389	1.0	5793	tags=50%, list=38%, signal=80%	
REACTOME_REGULATION_OF_IFNA_IFNB_SIGNALING	REACTOME_REGULATION_OF_IFNA_IFNB_SIGNALING		8	-0.50320506	-1.1392287	0.31150794	0.72926676	1.0	5477	tags=75%, list=36%, signal=116%	
REACTOME_UREA_CYCLE	REACTOME_UREA_CYCLE		6	-0.52858436	-1.1365587	0.33013436	0.73535275	1.0	5411	tags=83%, list=35%, signal=128%	
REACTOME_PLATELET_HOMEOSTASIS	REACTOME_PLATELET_HOMEOSTASIS		53	-0.29353297	-1.1356614	0.24570447	0.73567665	1.0	1853	tags=17%, list=12%, signal=19%	
REACTOME_CDC42_GTPASE_CYCLE	REACTOME_CDC42_GTPASE_CYCLE		74	-0.27604598	-1.1352496	0.26199263	0.734685	1.0	4083	tags=38%, list=26%, signal=51%	
REACTOME_GLYCOSPHINGOLIPID_BIOSYNTHESIS	REACTOME_GLYCOSPHINGOLIPID_BIOSYNTHESIS		15	-0.4021349	-1.1350098	0.30671507	0.7332047	1.0	2954	tags=40%, list=19%, signal=49%	
BIOCARTA_IFNG_PATHWAY	BIOCARTA_IFNG_PATHWAY		6	-0.53586364	-1.1289835	0.334004	0.748362	1.0	293	tags=17%, list=2%, signal=17%	
REACTOME_COBALAMIN_CBL_METABOLISM	REACTOME_COBALAMIN_CBL_METABOLISM		7	-0.50298584	-1.1287763	0.3300199	0.74684066	1.0	3989	tags=29%, list=26%, signal=39%	
REACTOME_DEVELOPMENTAL_BIOLOGY	REACTOME_DEVELOPMENTAL_BIOLOGY		266	-0.22955933	-1.1284441	0.1799363	0.74563646	1.0	4522	tags=38%, list=29%, signal=52%	
BIOCARTA_BLYMPHOCYTE_PATHWAY	BIOCARTA_BLYMPHOCYTE_PATHWAY		9	-0.47337872	-1.1276984	0.3126177	0.74564236	1.0	1648	tags=44%, list=11%, signal=50%	
REACTOME_LDL_CLEARANCE	REACTOME_LDL_CLEARANCE		16	-0.4024855	-1.1265311	0.31902984	0.74699265	1.0	4811	tags=44%, list=31%, signal=64%	
REACTOME_ERYTHROPOIETIN_ACTIVATES_RAS	REACTOME_ERYTHROPOIETIN_ACTIVATES_RAS		9	-0.45449096	-1.1264378	0.3096647	0.74512553	1.0	4646	tags=56%, list=30%, signal=79%	
REACTOME_TGFBR3_REGULATES_TGF_BETA_SIGNALING	REACTOME_TGFBR3_REGULATES_TGF_BETA_SIGNALING		7	-0.49551716	-1.1261778	0.29313543	0.7437127	1.0	3893	tags=57%, list=25%, signal=76%	
WP_LEPTIN_AND_ADIPONECTIN	WP_LEPTIN_AND_ADIPONECTIN		8	-0.46726257	-1.1260802	0.30540037	0.74184585	1.0	704	tags=25%, list=5%, signal=26%	
WP_LEPTININSULIN_SIGNALING_OVERLAP	WP_LEPTININSULIN_SIGNALING_OVERLAP		13	-0.41609067	-1.1255856	0.2962264	0.7411896	1.0	817	tags=23%, list=5%, signal=24%	
BIOCARTA_THELPER_PATHWAY	BIOCARTA_THELPER_PATHWAY		12	-0.4160937	-1.1253785	0.31617647	0.7397082	1.0	1452	tags=17%, list=9%, signal=18%	
REACTOME_DNA_STRAND_ELONGATION	REACTOME_DNA_STRAND_ELONGATION		24	-0.34732795	-1.1238508	0.28599605	0.74201477	1.0	6559	tags=63%, list=43%, signal=109%	
REACTOME_REGULATION_OF_IFNG_SIGNALING	REACTOME_REGULATION_OF_IFNG_SIGNALING		9	-0.47105277	-1.1228459	0.33204633	0.74286216	1.0	784	tags=22%, list=5%, signal=23%	
REACTOME_GAP_JUNCTION_TRAFFICKING_AND_REGULATION	REACTOME_GAP_JUNCTION_TRAFFICKING_AND_REGULATION		24	-0.35171643	-1.1221654	0.30882353	0.7427703	1.0	3040	tags=38%, list=20%, signal=47%	
WP_G1_TO_S_CELL_CYCLE_CONTROL	WP_G1_TO_S_CELL_CYCLE_CONTROL		58	-0.29080164	-1.1217827	0.25846702	0.7417825	1.0	3424	tags=29%, list=22%, signal=38%	
REACTOME_SIGNALING_BY_TGFBR3	REACTOME_SIGNALING_BY_TGFBR3		16	-0.38750657	-1.121421	0.2923077	0.740672	1.0	5260	tags=56%, list=34%, signal=85%	
WP_MACROPHAGE_MARKERS	WP_MACROPHAGE_MARKERS		9	-0.45423877	-1.1207851	0.34221312	0.7405765	1.0	3388	tags=44%, list=22%, signal=57%	
REACTOME_FORMATION_OF_FIBRIN_CLOT_CLOTTING_CASCADE	REACTOME_FORMATION_OF_FIBRIN_CLOT_CLOTTING_CASCADE		21	-0.36010343	-1.1187924	0.30604982	0.7443588	1.0	3244	tags=43%, list=21%, signal=54%	
BIOCARTA_ERYTH_PATHWAY	BIOCARTA_ERYTH_PATHWAY		6	-0.5193145	-1.1160777	0.33891994	0.75001746	1.0	3309	tags=33%, list=21%, signal=42%	
WP_WNT_SIGNALING_PATHWAY	WP_WNT_SIGNALING_PATHWAY		80	-0.2685319	-1.1148903	0.2513181	0.75149256	1.0	3682	tags=28%, list=24%, signal=36%	
REACTOME_IFNG_SIGNALING_ACTIVATES_MAPKS	REACTOME_IFNG_SIGNALING_ACTIVATES_MAPKS		7	-0.4974376	-1.1146908	0.3237548	0.75002855	1.0	3682	tags=43%, list=24%, signal=56%	
REACTOME_INTERLEUKIN_23_SIGNALING	REACTOME_INTERLEUKIN_23_SIGNALING		6	-0.52644736	-1.1124429	0.32871288	0.75439155	1.0	4977	tags=67%, list=32%, signal=98%	
REACTOME_ROS_AND_RNS_PRODUCTION_IN_PHAGOCYTES	REACTOME_ROS_AND_RNS_PRODUCTION_IN_PHAGOCYTES		29	-0.33531976	-1.1121043	0.3043478	0.7533639	1.0	2250	tags=21%, list=15%, signal=24%	
REACTOME_ARACHIDONIC_ACID_METABOLISM	REACTOME_ARACHIDONIC_ACID_METABOLISM		27	-0.34116778	-1.1103284	0.2972973	0.75635856	1.0	2763	tags=30%, list=18%, signal=36%	
REACTOME_INSULIN_RECEPTOR_RECYCLING	REACTOME_INSULIN_RECEPTOR_RECYCLING		24	-0.34858	-1.1102622	0.2990654	0.75451857	1.0	2372	tags=25%, list=15%, signal=29%	
BIOCARTA_UCALPAIN_PATHWAY	BIOCARTA_UCALPAIN_PATHWAY		10	-0.4422362	-1.1087697	0.33626762	0.7568214	1.0	4162	tags=50%, list=27%, signal=68%	
REACTOME_CARDIAC_CONDUCTION	REACTOME_CARDIAC_CONDUCTION		48	-0.29888263	-1.1086221	0.283054	0.75520355	1.0	1457	tags=19%, list=9%, signal=21%	
BIOCARTA_RACCYCD_PATHWAY	BIOCARTA_RACCYCD_PATHWAY		25	-0.34626395	-1.1078335	0.30882353	0.75544256	1.0	5258	tags=52%, list=34%, signal=79%	
REACTOME_TNF_RECEPTOR_SUPERFAMILY_TNFSF_MEMBERS_MEDIATING_NON_CANONICAL_NF_KB_PATHWAY	REACTOME_TNF_RECEPTOR_SUPERFAMILY_TNFSF_MEMBERS_MEDIATING_NON_CANONICAL_NF_KB_PATHWAY		16	-0.3863226	-1.1072336	0.3224568	0.7550699	1.0	4735	tags=38%, list=31%, signal=54%	
WP_MISMATCH_REPAIR	WP_MISMATCH_REPAIR		9	-0.45338678	-1.1058356	0.328125	0.75695133	1.0	3408	tags=33%, list=22%, signal=43%	
REACTOME_MET_INTERACTS_WITH_TNS_PROTEINS	REACTOME_MET_INTERACTS_WITH_TNS_PROTEINS		5	-0.5566726	-1.105329	0.3586338	0.75622094	1.0	3266	tags=60%, list=21%, signal=76%	
BIOCARTA_SRCRPTP_PATHWAY	BIOCARTA_SRCRPTP_PATHWAY		10	-0.4388217	-1.1039884	0.34177214	0.75806606	1.0	5095	tags=60%, list=33%, signal=90%	
REACTOME_ALPHA_PROTEIN_KINASE_1_SIGNALING_PATHWAY	REACTOME_ALPHA_PROTEIN_KINASE_1_SIGNALING_PATHWAY		12	-0.41908145	-1.1039308	0.3497053	0.7561935	1.0	3817	tags=58%, list=25%, signal=77%	
REACTOME_KINESINS	REACTOME_KINESINS		45	-0.29812992	-1.1026802	0.30053666	0.75769556	1.0	3834	tags=38%, list=25%, signal=50%	
REACTOME_PURINE_CATABOLISM	REACTOME_PURINE_CATABOLISM		16	-0.38548648	-1.101667	0.33469388	0.7584762	1.0	3656	tags=38%, list=24%, signal=49%	
BIOCARTA_CB1R_PATHWAY	BIOCARTA_CB1R_PATHWAY		5	-0.53766453	-1.1004683	0.37667304	0.7599409	1.0	68	tags=20%, list=0%, signal=20%	
BIOCARTA_CDC25_PATHWAY	BIOCARTA_CDC25_PATHWAY		7	-0.48454642	-1.1002945	0.3271028	0.7584716	1.0	3351	tags=43%, list=22%, signal=55%	
REACTOME_BIOSYNTHESIS_OF_SPECIALIZED_PRORESOLVING_MEDIATORS_SPMS	REACTOME_BIOSYNTHESIS_OF_SPECIALIZED_PRORESOLVING_MEDIATORS_SPMS		12	-0.41313168	-1.1000558	0.33582088	0.75712526	1.0	5551	tags=50%, list=36%, signal=78%	
REACTOME_CA_DEPENDENT_EVENTS	REACTOME_CA_DEPENDENT_EVENTS		20	-0.35216674	-1.0986853	0.3289225	0.7590192	1.0	1503	tags=20%, list=10%, signal=22%	
WP_TRIACYLGLYCERIDE_SYNTHESIS	WP_TRIACYLGLYCERIDE_SYNTHESIS		19	-0.36491436	-1.0983549	0.31992337	0.7579675	1.0	4204	tags=42%, list=27%, signal=58%	
WP_PEROXIREDOXIN_2_INDUCED_OVARIAN_FAILURE	WP_PEROXIREDOXIN_2_INDUCED_OVARIAN_FAILURE		6	-0.5051907	-1.0951365	0.35328186	0.7652516	1.0	5537	tags=67%, list=36%, signal=104%	
BIOCARTA_P27_PATHWAY	BIOCARTA_P27_PATHWAY		11	-0.41154423	-1.0913594	0.35067436	0.773692	1.0	3365	tags=27%, list=22%, signal=35%	
REACTOME_GLYCOSPHINGOLIPID_METABOLISM	REACTOME_GLYCOSPHINGOLIPID_METABOLISM		42	-0.2987015	-1.0902041	0.32633588	0.7749668	1.0	3307	tags=26%, list=21%, signal=33%	
REACTOME_BILE_ACID_AND_BILE_SALT_METABOLISM	REACTOME_BILE_ACID_AND_BILE_SALT_METABOLISM		20	-0.35774344	-1.0898592	0.33582088	0.7740009	1.0	2299	tags=30%, list=15%, signal=35%	
REACTOME_LAGGING_STRAND_SYNTHESIS	REACTOME_LAGGING_STRAND_SYNTHESIS		20	-0.35062265	-1.0888816	0.3729128	0.7746909	1.0	6559	tags=65%, list=43%, signal=113%	
REACTOME_INTERLEUKIN_35_SIGNALLING	REACTOME_INTERLEUKIN_35_SIGNALLING		9	-0.44389057	-1.0873401	0.34954956	0.777342	1.0	2353	tags=33%, list=15%, signal=39%	
REACTOME_MET_ACTIVATES_PTPN11	REACTOME_MET_ACTIVATES_PTPN11		5	-0.54141915	-1.0868638	0.39508507	0.7767241	1.0	3601	tags=60%, list=23%, signal=78%	
BIOCARTA_HSP27_PATHWAY	BIOCARTA_HSP27_PATHWAY		11	-0.41895035	-1.0868384	0.36328873	0.77477103	1.0	3573	tags=36%, list=23%, signal=47%	
REACTOME_TBC_RABGAPS	REACTOME_TBC_RABGAPS		32	-0.31287026	-1.0851004	0.32068312	0.7780812	1.0	2816	tags=25%, list=18%, signal=31%	
REACTOME_P2Y_RECEPTORS	REACTOME_P2Y_RECEPTORS		8	-0.46806547	-1.0845279	0.3654224	0.77779406	1.0	906	tags=38%, list=6%, signal=40%	
REACTOME_PROTEIN_REPAIR	REACTOME_PROTEIN_REPAIR		6	-0.50942445	-1.0842309	0.3646833	0.7766441	1.0	4276	tags=67%, list=28%, signal=92%	
REACTOME_ASYMMETRIC_LOCALIZATION_OF_PCP_PROTEINS	REACTOME_ASYMMETRIC_LOCALIZATION_OF_PCP_PROTEINS		57	-0.27778548	-1.0828447	0.30944055	0.7785232	1.0	384	tags=4%, list=2%, signal=4%	
REACTOME_METAL_ION_SLC_TRANSPORTERS	REACTOME_METAL_ION_SLC_TRANSPORTERS		16	-0.37528932	-1.0828229	0.3544776	0.7766312	1.0	2196	tags=38%, list=14%, signal=44%	
REACTOME_PHASE_II_CONJUGATION_OF_COMPOUNDS	REACTOME_PHASE_II_CONJUGATION_OF_COMPOUNDS		59	-0.2739388	-1.0821794	0.32854578	0.7765808	1.0	3386	tags=32%, list=22%, signal=41%	
REACTOME_MISCELLANEOUS_TRANSPORT_AND_BINDING_EVENTS	REACTOME_MISCELLANEOUS_TRANSPORT_AND_BINDING_EVENTS		19	-0.3611091	-1.0816405	0.34981686	0.77606356	1.0	2425	tags=32%, list=16%, signal=37%	
BIOCARTA_TCYTOTOXIC_PATHWAY	BIOCARTA_TCYTOTOXIC_PATHWAY		12	-0.41291273	-1.0735314	0.35687733	0.79776967	1.0	1452	tags=17%, list=9%, signal=18%	
WP_FOCAL_ADHESION_PI3KAKTMTOR_SIGNALING_PATHWAY	WP_FOCAL_ADHESION_PI3KAKTMTOR_SIGNALING_PATHWAY		199	-0.22272661	-1.0734674	0.2820513	0.795929	1.0	3772	tags=30%, list=24%, signal=39%	
REACTOME_RHO_GTPASE_CYCLE	REACTOME_RHO_GTPASE_CYCLE		369	-0.20796837	-1.0725442	0.2546875	0.7965458	1.0	2039	tags=15%, list=13%, signal=17%	
BIOCARTA_MRP_PATHWAY	BIOCARTA_MRP_PATHWAY		5	-0.53418946	-1.0720255	0.39543727	0.7959699	1.0	2014	tags=40%, list=13%, signal=46%	
REACTOME_TP53_REGULATES_TRANSCRIPTION_OF_GENES_INVOLVED_IN_G2_CELL_CYCLE_ARREST	REACTOME_TP53_REGULATES_TRANSCRIPTION_OF_GENES_INVOLVED_IN_G2_CELL_CYCLE_ARREST		7	-0.4854075	-1.0677912	0.37057728	0.80624706	1.0	4606	tags=71%, list=30%, signal=102%	
REACTOME_AMINE_LIGAND_BINDING_RECEPTORS	REACTOME_AMINE_LIGAND_BINDING_RECEPTORS		7	-0.4680922	-1.0676019	0.35946462	0.8048481	1.0	4260	tags=71%, list=28%, signal=99%	
REACTOME_NEUREXINS_AND_NEUROLIGINS	REACTOME_NEUREXINS_AND_NEUROLIGINS		13	-0.38830206	-1.0672004	0.38175046	0.8039364	1.0	407	tags=15%, list=3%, signal=16%	
BIOCARTA_LIS1_PATHWAY	BIOCARTA_LIS1_PATHWAY		13	-0.3987723	-1.06696	0.37571156	0.8026602	1.0	1584	tags=31%, list=10%, signal=34%	
BIOCARTA_IGF1R_PATHWAY	BIOCARTA_IGF1R_PATHWAY		20	-0.3470614	-1.0646981	0.36576578	0.807037	1.0	3772	tags=45%, list=24%, signal=59%	
WP_APOE_AND_MIR146_IN_INFLAMMATION_AND_ATHEROSCLEROSIS	WP_APOE_AND_MIR146_IN_INFLAMMATION_AND_ATHEROSCLEROSIS		8	-0.44752675	-1.0632784	0.39399624	0.8091125	1.0	1913	tags=25%, list=12%, signal=29%	
REACTOME_PROTON_COUPLED_MONOCARBOXYLATE_TRANSPORT	REACTOME_PROTON_COUPLED_MONOCARBOXYLATE_TRANSPORT		5	-0.5294407	-1.0628985	0.3992467	0.8082346	1.0	2886	tags=60%, list=19%, signal=74%	
WP_INFLAMMATORY_RESPONSE_PATHWAY	WP_INFLAMMATORY_RESPONSE_PATHWAY		20	-0.34141946	-1.0618609	0.38733706	0.8094432	1.0	1999	tags=25%, list=13%, signal=29%	
REACTOME_PROTEIN_PROTEIN_INTERACTIONS_AT_SYNAPSES	REACTOME_PROTEIN_PROTEIN_INTERACTIONS_AT_SYNAPSES		28	-0.3204854	-1.061653	0.35368043	0.8080366	1.0	2505	tags=25%, list=16%, signal=30%	
REACTOME_G_ALPHA_12_13_SIGNALLING_EVENTS	REACTOME_G_ALPHA_12_13_SIGNALLING_EVENTS		61	-0.269831	-1.0593843	0.35892513	0.8124815	1.0	1386	tags=16%, list=9%, signal=18%	
REACTOME_SIGNALING_BY_INTERLEUKINS	REACTOME_SIGNALING_BY_INTERLEUKINS		246	-0.21403848	-1.0591606	0.28824475	0.81116885	1.0	5258	tags=41%, list=34%, signal=61%	
WP_MICRORNAS_IN_CARDIOMYOCYTE_HYPERTROPHY	WP_MICRORNAS_IN_CARDIOMYOCYTE_HYPERTROPHY		66	-0.25886658	-1.0585158	0.35438597	0.8112398	1.0	3682	tags=26%, list=24%, signal=34%	
REACTOME_INTERLEUKIN_21_SIGNALING	REACTOME_INTERLEUKIN_21_SIGNALING		5	-0.52609867	-1.0569656	0.42553192	0.81356007	1.0	7118	tags=80%, list=46%, signal=149%	
REACTOME_CAMK_IV_MEDIATED_PHOSPHORYLATION_OF_CREB	REACTOME_CAMK_IV_MEDIATED_PHOSPHORYLATION_OF_CREB		5	-0.52401733	-1.0568022	0.41266796	0.8120199	1.0	302	tags=20%, list=2%, signal=20%	
REACTOME_INTERLEUKIN_12_SIGNALING	REACTOME_INTERLEUKIN_12_SIGNALING		7	-0.46082205	-1.052992	0.39661655	0.82121277	1.0	3808	tags=57%, list=25%, signal=76%	
REACTOME_ADENYLATE_CYCLASE_ACTIVATING_PATHWAY	REACTOME_ADENYLATE_CYCLASE_ACTIVATING_PATHWAY		5	-0.52498305	-1.0523401	0.4248497	0.82111007	1.0	4904	tags=60%, list=32%, signal=88%	
WP_MATRIX_METALLOPROTEINASES	WP_MATRIX_METALLOPROTEINASES		12	-0.40384278	-1.0509183	0.37816763	0.82335424	1.0	2339	tags=42%, list=15%, signal=49%	
REACTOME_POLYMERASE_SWITCHING	REACTOME_POLYMERASE_SWITCHING		14	-0.37713104	-1.0493617	0.38703704	0.82601774	1.0	5710	tags=50%, list=37%, signal=79%	
REACTOME_FRUCTOSE_METABOLISM	REACTOME_FRUCTOSE_METABOLISM		6	-0.4901185	-1.0492088	0.4076923	0.82448715	1.0	3072	tags=33%, list=20%, signal=42%	
WP_ENDOCHONDRAL_OSSIFICATION	WP_ENDOCHONDRAL_OSSIFICATION		35	-0.29981554	-1.0487032	0.41144902	0.823952	1.0	3652	tags=29%, list=24%, signal=37%	
REACTOME_ACYL_CHAIN_REMODELING_OF_DAG_AND_TAG	REACTOME_ACYL_CHAIN_REMODELING_OF_DAG_AND_TAG		5	-0.5298475	-1.0483881	0.4318182	0.8228632	1.0	4204	tags=60%, list=27%, signal=82%	
BIOCARTA_EICOSANOID_PATHWAY	BIOCARTA_EICOSANOID_PATHWAY		16	-0.36808088	-1.0477973	0.3904762	0.8225787	1.0	2763	tags=44%, list=18%, signal=53%	
REACTOME_TAK1_DEPENDENT_IKK_AND_NF_KAPPA_B_ACTIVATION	REACTOME_TAK1_DEPENDENT_IKK_AND_NF_KAPPA_B_ACTIVATION		37	-0.2949184	-1.0459714	0.37992832	0.825768	1.0	5477	tags=46%, list=36%, signal=71%	
WP_MONOAMINE_GPCRS	WP_MONOAMINE_GPCRS		6	-0.48920894	-1.0444256	0.41793892	0.8282148	1.0	2098	tags=50%, list=14%, signal=58%	
REACTOME_SEMA3A_PLEXIN_REPULSION_SIGNALING_BY_INHIBITING_INTEGRIN_ADHESION	REACTOME_SEMA3A_PLEXIN_REPULSION_SIGNALING_BY_INHIBITING_INTEGRIN_ADHESION		7	-0.45259976	-1.0437778	0.3992674	0.8282134	1.0	4268	tags=71%, list=28%, signal=99%	
REACTOME_CYTOKINE_SIGNALING_IN_IMMUNE_SYSTEM	REACTOME_CYTOKINE_SIGNALING_IN_IMMUNE_SYSTEM		402	-0.2032032	-1.043557	0.31587058	0.82694525	1.0	3817	tags=27%, list=25%, signal=35%	
REACTOME_SYNTHESIS_OF_GDP_MANNOSE	REACTOME_SYNTHESIS_OF_GDP_MANNOSE		6	-0.4961455	-1.0416166	0.4274809	0.83065826	1.0	3781	tags=67%, list=25%, signal=88%	
REACTOME_GLYCEROPHOSPHOLIPID_BIOSYNTHESIS	REACTOME_GLYCEROPHOSPHOLIPID_BIOSYNTHESIS		87	-0.24595383	-1.0415885	0.37833038	0.82878274	1.0	2630	tags=23%, list=17%, signal=28%	
WP_EICOSANOID_METABOLISM_VIA_LIPOXYGENASES_LOX	WP_EICOSANOID_METABOLISM_VIA_LIPOXYGENASES_LOX		20	-0.34719494	-1.0404985	0.42424244	0.83001715	1.0	2958	tags=30%, list=19%, signal=37%	
REACTOME_SIGNALING_BY_RECEPTOR_TYROSINE_KINASES	REACTOME_SIGNALING_BY_RECEPTOR_TYROSINE_KINASES		313	-0.20653987	-1.039083	0.33888048	0.83229506	1.0	3060	tags=21%, list=20%, signal=26%	
REACTOME_NR1H2_NR1H3_REGULATE_GENE_EXPRESSION_TO_CONTROL_BILE_ACID_HOMEOSTASIS	REACTOME_NR1H2_NR1H3_REGULATE_GENE_EXPRESSION_TO_CONTROL_BILE_ACID_HOMEOSTASIS		6	-0.48443893	-1.037894	0.42045453	0.8337307	1.0	3794	tags=50%, list=25%, signal=66%	
WP_CHEMOKINE_SIGNALING_PATHWAY	WP_CHEMOKINE_SIGNALING_PATHWAY		139	-0.22845961	-1.0365876	0.3614865	0.8353996	1.0	2541	tags=22%, list=16%, signal=26%	
WP_TYPE_II_INTERFERON_SIGNALING_IFNG	WP_TYPE_II_INTERFERON_SIGNALING_IFNG		30	-0.30932105	-1.0356889	0.40860215	0.83619606	1.0	2061	tags=20%, list=13%, signal=23%	
REACTOME_TRANSPORT_TO_THE_GOLGI_AND_SUBSEQUENT_MODIFICATION	REACTOME_TRANSPORT_TO_THE_GOLGI_AND_SUBSEQUENT_MODIFICATION		159	-0.22215302	-1.0334103	0.37913907	0.8409188	1.0	4018	tags=31%, list=26%, signal=42%	
REACTOME_RHOG_GTPASE_CYCLE	REACTOME_RHOG_GTPASE_CYCLE		64	-0.2602581	-1.0316011	0.4039146	0.84434736	1.0	4646	tags=42%, list=30%, signal=60%	
WP_ONECARBON_METABOLISM_AND_RELATED_PATHWAYS	WP_ONECARBON_METABOLISM_AND_RELATED_PATHWAYS		37	-0.294604	-1.0308534	0.41132075	0.8445951	1.0	2516	tags=30%, list=16%, signal=35%	
BIOCARTA_INTEGRIN_PATHWAY	BIOCARTA_INTEGRIN_PATHWAY		30	-0.30547982	-1.0296031	0.42047533	0.84634817	1.0	4823	tags=53%, list=31%, signal=77%	
BIOCARTA_RB_PATHWAY	BIOCARTA_RB_PATHWAY		11	-0.39334124	-1.0295769	0.40038684	0.84448946	1.0	3365	tags=36%, list=22%, signal=46%	
REACTOME_PTK6_REGULATES_CELL_CYCLE	REACTOME_PTK6_REGULATES_CELL_CYCLE		5	-0.5057338	-1.0280931	0.43286574	0.84690726	1.0	204	tags=20%, list=1%, signal=20%	
WP_METAPATHWAY_BIOTRANSFORMATION	WP_METAPATHWAY_BIOTRANSFORMATION		73	-0.24869768	-1.0270982	0.37924865	0.8477447	1.0	2516	tags=29%, list=16%, signal=34%	
REACTOME_FCGAMMA_RECEPTOR_FCGR_DEPENDENT_PHAGOCYTOSIS	REACTOME_FCGAMMA_RECEPTOR_FCGR_DEPENDENT_PHAGOCYTOSIS		77	-0.24636367	-1.0265219	0.4096154	0.84748375	1.0	3682	tags=30%, list=24%, signal=39%	
REACTOME_MIRO_GTPASE_CYCLE	REACTOME_MIRO_GTPASE_CYCLE		7	-0.45117575	-1.0261831	0.43413728	0.8465119	1.0	4802	tags=57%, list=31%, signal=83%	
REACTOME_A_TETRASACCHARIDE_LINKER_SEQUENCE_IS_REQUIRED_FOR_GAG_SYNTHESIS	REACTOME_A_TETRASACCHARIDE_LINKER_SEQUENCE_IS_REQUIRED_FOR_GAG_SYNTHESIS		13	-0.377194	-1.0242225	0.4274953	0.85024667	1.0	3605	tags=54%, list=23%, signal=70%	
REACTOME_METABOLISM_OF_COFACTORS	REACTOME_METABOLISM_OF_COFACTORS		25	-0.3141088	-1.022122	0.41864717	0.85428846	1.0	3983	tags=36%, list=26%, signal=48%	
REACTOME_TNFR2_NON_CANONICAL_NF_KB_PATHWAY	REACTOME_TNFR2_NON_CANONICAL_NF_KB_PATHWAY		91	-0.24058923	-1.0206344	0.41410488	0.85666686	1.0	3289	tags=20%, list=21%, signal=25%	
REACTOME_PKMTS_METHYLATE_HISTONE_LYSINES	REACTOME_PKMTS_METHYLATE_HISTONE_LYSINES		56	-0.25962576	-1.019001	0.4292845	0.8593881	1.0	786	tags=11%, list=5%, signal=11%	
REACTOME_TRANSCRIPTIONAL_ACTIVATION_OF_MITOCHONDRIAL_BIOGENESIS	REACTOME_TRANSCRIPTIONAL_ACTIVATION_OF_MITOCHONDRIAL_BIOGENESIS		11	-0.39535466	-1.0187705	0.45297503	0.8581022	1.0	4393	tags=45%, list=28%, signal=64%	
REACTOME_OTHER_INTERLEUKIN_SIGNALING	REACTOME_OTHER_INTERLEUKIN_SIGNALING		12	-0.38127765	-1.0182599	0.4348659	0.85762966	1.0	5141	tags=33%, list=33%, signal=50%	
WP_PPAR_SIGNALING_PATHWAY	WP_PPAR_SIGNALING_PATHWAY		42	-0.28142154	-1.017623	0.4224806	0.8574731	1.0	2958	tags=33%, list=19%, signal=41%	
BIOCARTA_IL2RB_PATHWAY	BIOCARTA_IL2RB_PATHWAY		35	-0.28777084	-1.0134639	0.4369115	0.86735195	1.0	3772	tags=31%, list=24%, signal=42%	
REACTOME_CROSSLINKING_OF_COLLAGEN_FIBRILS	REACTOME_CROSSLINKING_OF_COLLAGEN_FIBRILS		6	-0.47331685	-1.0133798	0.44971538	0.8657017	1.0	4768	tags=67%, list=31%, signal=96%	
REACTOME_PCP_CE_PATHWAY	REACTOME_PCP_CE_PATHWAY		78	-0.2432531	-1.012935	0.41476274	0.86500204	1.0	1564	tags=8%, list=10%, signal=9%	
BIOCARTA_TALL1_PATHWAY	BIOCARTA_TALL1_PATHWAY		13	-0.3747459	-1.0110272	0.44680852	0.86832327	1.0	21	tags=8%, list=0%, signal=8%	
REACTOME_SIGNALING_BY_SCF_KIT	REACTOME_SIGNALING_BY_SCF_KIT		34	-0.29601738	-1.0109735	0.41410488	0.8665564	1.0	2387	tags=24%, list=15%, signal=28%	
REACTOME_BIOLOGICAL_OXIDATIONS	REACTOME_BIOLOGICAL_OXIDATIONS		105	-0.23150077	-1.0092314	0.44093177	0.8697548	1.0	2812	tags=24%, list=18%, signal=29%	
REACTOME_GLUTAMATE_NEUROTRANSMITTER_RELEASE_CYCLE	REACTOME_GLUTAMATE_NEUROTRANSMITTER_RELEASE_CYCLE		12	-0.38021025	-1.0038493	0.4509434	0.8831403	1.0	3131	tags=33%, list=20%, signal=42%	
REACTOME_SENESCENCE_ASSOCIATED_SECRETORY_PHENOTYPE_SASP	REACTOME_SENESCENCE_ASSOCIATED_SECRETORY_PHENOTYPE_SASP		39	-0.28088015	-1.0037469	0.44223827	0.8815377	1.0	5356	tags=56%, list=35%, signal=86%	
BIOCARTA_RAC1_PATHWAY	BIOCARTA_RAC1_PATHWAY		17	-0.33723065	-1.0030282	0.4465291	0.8817106	1.0	385	tags=12%, list=2%, signal=12%	
REACTOME_NONHOMOLOGOUS_END_JOINING_NHEJ	REACTOME_NONHOMOLOGOUS_END_JOINING_NHEJ		54	-0.25898293	-1.0015105	0.44070795	0.8839965	1.0	1019	tags=11%, list=7%, signal=12%	
BIOCARTA_CHREBP_PATHWAY	BIOCARTA_CHREBP_PATHWAY		7	-0.4443588	-1.0012168	0.4970179	0.8828613	1.0	821	tags=29%, list=5%, signal=30%	
BIOCARTA_IL5_PATHWAY	BIOCARTA_IL5_PATHWAY		5	-0.485628	-0.9995826	0.47984645	0.88572544	1.0	938	tags=40%, list=6%, signal=43%	
BIOCARTA_NUCLEARRS_PATHWAY	BIOCARTA_NUCLEARRS_PATHWAY		13	-0.3748071	-0.9990682	0.45315486	0.88532764	1.0	2645	tags=38%, list=17%, signal=46%	
REACTOME_P75_NTR_RECEPTOR_MEDIATED_SIGNALLING	REACTOME_P75_NTR_RECEPTOR_MEDIATED_SIGNALLING		73	-0.24507764	-0.9987473	0.45567375	0.884291	1.0	1676	tags=15%, list=11%, signal=17%	
REACTOME_HS_GAG_DEGRADATION	REACTOME_HS_GAG_DEGRADATION		15	-0.3554686	-0.99790215	0.45856354	0.8847329	1.0	2154	tags=33%, list=14%, signal=39%	
REACTOME_GLYCOGEN_BREAKDOWN_GLYCOGENOLYSIS	REACTOME_GLYCOGEN_BREAKDOWN_GLYCOGENOLYSIS		13	-0.3738928	-0.99765855	0.47390395	0.88345754	1.0	4245	tags=38%, list=28%, signal=53%	
BIOCARTA_CFTR_PATHWAY	BIOCARTA_CFTR_PATHWAY		8	-0.42927894	-0.994944	0.4781746	0.88943154	1.0	821	tags=25%, list=5%, signal=26%	
REACTOME_ACTIVATION_OF_SMO	REACTOME_ACTIVATION_OF_SMO		9	-0.4182111	-0.9925377	0.47151276	0.8944691	1.0	1263	tags=22%, list=8%, signal=24%	
REACTOME_TRANSMISSION_ACROSS_CHEMICAL_SYNAPSES	REACTOME_TRANSMISSION_ACROSS_CHEMICAL_SYNAPSES		109	-0.22443359	-0.990351	0.45454547	0.89891917	1.0	4257	tags=35%, list=28%, signal=48%	
BIOCARTA_GATA3_PATHWAY	BIOCARTA_GATA3_PATHWAY		11	-0.37625593	-0.9899664	0.46182495	0.898087	1.0	1679	tags=27%, list=11%, signal=31%	
REACTOME_TRAFFICKING_AND_PROCESSING_OF_ENDOSOMAL_TLR	REACTOME_TRAFFICKING_AND_PROCESSING_OF_ENDOSOMAL_TLR		10	-0.39755273	-0.9885714	0.47600767	0.9001218	1.0	4408	tags=70%, list=29%, signal=98%	
REACTOME_APOPTOSIS_INDUCED_DNA_FRAGMENTATION	REACTOME_APOPTOSIS_INDUCED_DNA_FRAGMENTATION		12	-0.3649537	-0.9884041	0.46958175	0.8986512	1.0	3468	tags=25%, list=22%, signal=32%	
REACTOME_SYNTHESIS_SECRETION_AND_DEACYLATION_OF_GHRELIN	REACTOME_SYNTHESIS_SECRETION_AND_DEACYLATION_OF_GHRELIN		8	-0.43042108	-0.98764926	0.47782257	0.8988938	1.0	7440	tags=88%, list=48%, signal=169%	
REACTOME_INOSITOL_PHOSPHATE_METABOLISM	REACTOME_INOSITOL_PHOSPHATE_METABOLISM		37	-0.27842537	-0.9861179	0.4856631	0.9015027	1.0	4092	tags=41%, list=27%, signal=55%	
REACTOME_RAC3_GTPASE_CYCLE	REACTOME_RAC3_GTPASE_CYCLE		78	-0.2380068	-0.9858778	0.4973545	0.90034664	1.0	3629	tags=32%, list=24%, signal=42%	
REACTOME_ACTIVATED_TAK1_MEDIATES_P38_MAPK_ACTIVATION	REACTOME_ACTIVATED_TAK1_MEDIATES_P38_MAPK_ACTIVATION		24	-0.305741	-0.98399615	0.50187266	0.9037927	1.0	3817	tags=46%, list=25%, signal=61%	
BIOCARTA_SODD_PATHWAY	BIOCARTA_SODD_PATHWAY		10	-0.39658326	-0.9837736	0.49532712	0.9025486	1.0	2339	tags=30%, list=15%, signal=35%	
REACTOME_ASPARAGINE_N_LINKED_GLYCOSYLATION	REACTOME_ASPARAGINE_N_LINKED_GLYCOSYLATION		237	-0.20082276	-0.9825356	0.5098361	0.9040564	1.0	5032	tags=39%, list=33%, signal=57%	
REACTOME_RECYCLING_OF_BILE_ACIDS_AND_SALTS	REACTOME_RECYCLING_OF_BILE_ACIDS_AND_SALTS		7	-0.44030678	-0.98099864	0.4909091	0.9065475	1.0	2014	tags=29%, list=13%, signal=33%	
REACTOME_ACETYLCHOLINE_NEUROTRANSMITTER_RELEASE_CYCLE	REACTOME_ACETYLCHOLINE_NEUROTRANSMITTER_RELEASE_CYCLE		8	-0.4123019	-0.97983897	0.475	0.90795416	1.0	3987	tags=50%, list=26%, signal=67%	
BIOCARTA_TSP1_PATHWAY	BIOCARTA_TSP1_PATHWAY		7	-0.43478322	-0.9792761	0.48249027	0.9076216	1.0	4566	tags=71%, list=30%, signal=101%	
WP_ELONGATION_OF_VERY_LONG_CHAIN_FATTY_ACIDS	WP_ELONGATION_OF_VERY_LONG_CHAIN_FATTY_ACIDS		11	-0.3882286	-0.9778471	0.48154983	0.90968144	1.0	2509	tags=36%, list=16%, signal=43%	
REACTOME_VLDLR_INTERNALISATION_AND_DEGRADATION	REACTOME_VLDLR_INTERNALISATION_AND_DEGRADATION		16	-0.34134746	-0.9777276	0.4743833	0.90809846	1.0	4101	tags=44%, list=27%, signal=60%	
REACTOME_FCERI_MEDIATED_MAPK_ACTIVATION	REACTOME_FCERI_MEDIATED_MAPK_ACTIVATION		32	-0.28178796	-0.9771256	0.47338402	0.90789545	1.0	4092	tags=41%, list=27%, signal=55%	
BIOCARTA_PRION_PATHWAY	BIOCARTA_PRION_PATHWAY		9	-0.4024703	-0.97674555	0.4853229	0.90706265	1.0	4716	tags=67%, list=31%, signal=96%	
WP_EICOSANOID_METABOLISM_VIA_CYCLOOXYGENASES_COX	WP_EICOSANOID_METABOLISM_VIA_CYCLOOXYGENASES_COX		20	-0.32143018	-0.97590196	0.48979592	0.90756893	1.0	2958	tags=30%, list=19%, signal=37%	
REACTOME_HDMS_DEMETHYLATE_HISTONES	REACTOME_HDMS_DEMETHYLATE_HISTONES		37	-0.27380127	-0.97328407	0.48028675	0.9130608	1.0	746	tags=11%, list=5%, signal=11%	
WP_BLOOD_CLOTTING_CASCADE	WP_BLOOD_CLOTTING_CASCADE		8	-0.40367144	-0.9687502	0.5045045	0.92409366	1.0	4423	tags=50%, list=29%, signal=70%	
REACTOME_FGFR1B_LIGAND_BINDING_AND_ACTIVATION	REACTOME_FGFR1B_LIGAND_BINDING_AND_ACTIVATION		5	-0.46432373	-0.9682442	0.5094737	0.9236989	1.0	3893	tags=60%, list=25%, signal=80%	
REACTOME_METABOLISM_OF_LIPIDS	REACTOME_METABOLISM_OF_LIPIDS		447	-0.18682557	-0.96665585	0.55832034	0.92625576	1.0	2814	tags=19%, list=18%, signal=23%	
REACTOME_ACTIVATION_OF_RAC1_DOWNSTREAM_OF_NMDARS	REACTOME_ACTIVATION_OF_RAC1_DOWNSTREAM_OF_NMDARS		6	-0.460297	-0.96580523	0.489603	0.92677975	1.0	302	tags=17%, list=2%, signal=17%	
WP_GPCRS_ODORANT	WP_GPCRS_ODORANT		43	-0.2654957	-0.9644807	0.50987434	0.9288224	1.0	4057	tags=42%, list=26%, signal=57%	
BIOCARTA_CCR3_PATHWAY	BIOCARTA_CCR3_PATHWAY		15	-0.34220222	-0.9641206	0.4979757	0.92793494	1.0	3791	tags=40%, list=25%, signal=53%	
REACTOME_GOLGI_TO_ER_RETROGRADE_TRANSPORT	REACTOME_GOLGI_TO_ER_RETROGRADE_TRANSPORT		114	-0.21775453	-0.9626859	0.54888505	0.930197	1.0	4512	tags=32%, list=29%, signal=46%	
BIOCARTA_ARENRF2_PATHWAY	BIOCARTA_ARENRF2_PATHWAY		18	-0.32376695	-0.96130973	0.50566036	0.9322519	1.0	5095	tags=56%, list=33%, signal=83%	
REACTOME_NCAM1_INTERACTIONS	REACTOME_NCAM1_INTERACTIONS		5	-0.47804195	-0.95995086	0.52140075	0.9344173	1.0	2437	tags=40%, list=16%, signal=47%	
WP_GLUTATHIONE_AND_ONECARBON_METABOLISM	WP_GLUTATHIONE_AND_ONECARBON_METABOLISM		27	-0.28942183	-0.9584914	0.5036765	0.93664205	1.0	2982	tags=30%, list=19%, signal=37%	
REACTOME_RHO_GTPASES_ACTIVATE_CIT	REACTOME_RHO_GTPASES_ACTIVATE_CIT		7	-0.42663333	-0.9584557	0.50576925	0.93485254	1.0	4294	tags=57%, list=28%, signal=79%	
REACTOME_TGF_BETA_RECEPTOR_SIGNALING_ACTIVATES_SMADS	REACTOME_TGF_BETA_RECEPTOR_SIGNALING_ACTIVATES_SMADS		34	-0.2790554	-0.95796084	0.50994575	0.93439496	1.0	3266	tags=32%, list=21%, signal=41%	
REACTOME_TRAFFICKING_OF_GLUR2_CONTAINING_AMPA_RECEPTORS	REACTOME_TRAFFICKING_OF_GLUR2_CONTAINING_AMPA_RECEPTORS		11	-0.36888358	-0.95746535	0.5048544	0.93394643	1.0	5248	tags=45%, list=34%, signal=69%	
REACTOME_SYNTHESIS_OF_BILE_ACIDS_AND_BILE_SALTS_VIA_27_HYDROXYCHOLESTEROL	REACTOME_SYNTHESIS_OF_BILE_ACIDS_AND_BILE_SALTS_VIA_27_HYDROXYCHOLESTEROL		5	-0.4738371	-0.95742303	0.52953154	0.9321814	1.0	823	tags=20%, list=5%, signal=21%	
REACTOME_PI_3K_CASCADE_FGFR2	REACTOME_PI_3K_CASCADE_FGFR2		8	-0.40521884	-0.95719963	0.51663405	0.93093044	1.0	43	tags=13%, list=0%, signal=13%	
REACTOME_ACTIVATION_OF_THE_PRE_REPLICATIVE_COMPLEX	REACTOME_ACTIVATION_OF_THE_PRE_REPLICATIVE_COMPLEX		32	-0.2753954	-0.9548735	0.51766783	0.9356345	1.0	3492	tags=31%, list=23%, signal=40%	
BIOCARTA_STATHMIN_PATHWAY	BIOCARTA_STATHMIN_PATHWAY		19	-0.31359208	-0.95474637	0.54409003	0.9341119	1.0	3351	tags=32%, list=22%, signal=40%	
BIOCARTA_IL3_PATHWAY	BIOCARTA_IL3_PATHWAY		14	-0.35259143	-0.9534256	0.54509807	0.93587637	1.0	5029	tags=64%, list=33%, signal=95%	
REACTOME_PHASE_4_RESTING_MEMBRANE_POTENTIAL	REACTOME_PHASE_4_RESTING_MEMBRANE_POTENTIAL		7	-0.42943397	-0.95324945	0.5246548	0.93450636	1.0	911	tags=29%, list=6%, signal=30%	
REACTOME_POST_TRANSLATIONAL_MODIFICATION_SYNTHESIS_OF_GPI_ANCHORED_PROTEINS	REACTOME_POST_TRANSLATIONAL_MODIFICATION_SYNTHESIS_OF_GPI_ANCHORED_PROTEINS		46	-0.25387523	-0.95075095	0.53846157	0.93963164	1.0	2846	tags=24%, list=18%, signal=29%	
REACTOME_PI_3K_CASCADE_FGFR4	REACTOME_PI_3K_CASCADE_FGFR4		8	-0.40521884	-0.9505224	0.49215686	0.9384488	1.0	43	tags=13%, list=0%, signal=13%	
REACTOME_NEURONAL_SYSTEM	REACTOME_NEURONAL_SYSTEM		158	-0.20535436	-0.94994956	0.5684931	0.93815935	1.0	4628	tags=37%, list=30%, signal=53%	
REACTOME_SIGNALING_BY_PTK6	REACTOME_SIGNALING_BY_PTK6		41	-0.26275033	-0.94933826	0.5380531	0.9379993	1.0	1218	tags=20%, list=8%, signal=21%	
WP_ALANINE_AND_ASPARTATE_METABOLISM	WP_ALANINE_AND_ASPARTATE_METABOLISM		12	-0.35552064	-0.94728136	0.5204678	0.94189054	1.0	3312	tags=42%, list=21%, signal=53%	
REACTOME_CHOLESTEROL_BIOSYNTHESIS	REACTOME_CHOLESTEROL_BIOSYNTHESIS		26	-0.29259875	-0.9471632	0.529623	0.94040906	1.0	5271	tags=50%, list=34%, signal=76%	
BIOCARTA_ERBB4_PATHWAY	BIOCARTA_ERBB4_PATHWAY		5	-0.4684251	-0.9447423	0.5244123	0.94541013	1.0	1057	tags=20%, list=7%, signal=21%	
REACTOME_PTK6_REGULATES_RTKS_AND_THEIR_EFFECTORS_AKT1_AND_DOK1	REACTOME_PTK6_REGULATES_RTKS_AND_THEIR_EFFECTORS_AKT1_AND_DOK1		9	-0.39014298	-0.9443521	0.5388889	0.9446496	1.0	3817	tags=67%, list=25%, signal=89%	
BIOCARTA_CSK_PATHWAY	BIOCARTA_CSK_PATHWAY		15	-0.33139524	-0.94424266	0.5304991	0.9430921	1.0	821	tags=13%, list=5%, signal=14%	
REACTOME_PLASMA_LIPOPROTEIN_REMODELING	REACTOME_PLASMA_LIPOPROTEIN_REMODELING		14	-0.33853242	-0.9440356	0.497307	0.94179845	1.0	4160	tags=57%, list=27%, signal=78%	
REACTOME_TCF_DEPENDENT_SIGNALING_IN_RESPONSE_TO_WNT	REACTOME_TCF_DEPENDENT_SIGNALING_IN_RESPONSE_TO_WNT		129	-0.20929724	-0.94367677	0.5704348	0.9409806	1.0	1945	tags=11%, list=13%, signal=12%	
BIOCARTA_CARM1_PATHWAY	BIOCARTA_CARM1_PATHWAY		11	-0.36181986	-0.9427796	0.540856	0.9416598	1.0	2645	tags=36%, list=17%, signal=44%	
REACTOME_FGFR1_LIGAND_BINDING_AND_ACTIVATION	REACTOME_FGFR1_LIGAND_BINDING_AND_ACTIVATION		5	-0.46432373	-0.9411197	0.57088125	0.94446266	1.0	3893	tags=60%, list=25%, signal=80%	
REACTOME_CLATHRIN_MEDIATED_ENDOCYTOSIS	REACTOME_CLATHRIN_MEDIATED_ENDOCYTOSIS		114	-0.21573289	-0.94029456	0.5760135	0.9448945	1.0	4268	tags=32%, list=28%, signal=45%	
REACTOME_ZBP1_DAI_MEDIATED_INDUCTION_OF_TYPE_I_IFNS	REACTOME_ZBP1_DAI_MEDIATED_INDUCTION_OF_TYPE_I_IFNS		13	-0.34989238	-0.938715	0.5411765	0.9474043	1.0	4385	tags=38%, list=28%, signal=54%	
REACTOME_TRANSCRIPTIONAL_REGULATION_BY_RUNX1	REACTOME_TRANSCRIPTIONAL_REGULATION_BY_RUNX1		164	-0.2018171	-0.9386288	0.5941781	0.94580865	1.0	4801	tags=31%, list=31%, signal=45%	
REACTOME_BICARBONATE_TRANSPORTERS	REACTOME_BICARBONATE_TRANSPORTERS		7	-0.41686878	-0.9384732	0.5313131	0.94447184	1.0	1084	tags=29%, list=7%, signal=31%	
REACTOME_PKA_MEDIATED_PHOSPHORYLATION_OF_CREB	REACTOME_PKA_MEDIATED_PHOSPHORYLATION_OF_CREB		11	-0.36019236	-0.9382143	0.5265082	0.943387	1.0	829	tags=18%, list=5%, signal=19%	
WP_SPHINGOLIPID_METABOLISM_INTEGRATED_PATHWAY	WP_SPHINGOLIPID_METABOLISM_INTEGRATED_PATHWAY		24	-0.29404047	-0.93787795	0.54513276	0.94251895	1.0	1004	tags=17%, list=7%, signal=18%	
WP_SPHINGOLIPID_METABOLISM_OVERVIEW	WP_SPHINGOLIPID_METABOLISM_OVERVIEW		23	-0.29793006	-0.9374826	0.5288641	0.94182897	1.0	1004	tags=17%, list=7%, signal=19%	
REACTOME_PI_3K_CASCADE_FGFR3	REACTOME_PI_3K_CASCADE_FGFR3		8	-0.40521884	-0.93517494	0.54651165	0.9463837	1.0	43	tags=13%, list=0%, signal=13%	
REACTOME_CYTOPROTECTION_BY_HMOX1	REACTOME_CYTOPROTECTION_BY_HMOX1		44	-0.25212476	-0.9343459	0.5859519	0.94687104	1.0	4393	tags=34%, list=28%, signal=48%	
BIOCARTA_CARDIACEGF_PATHWAY	BIOCARTA_CARDIACEGF_PATHWAY		11	-0.36146033	-0.9332876	0.5363458	0.9479226	1.0	5095	tags=45%, list=33%, signal=68%	
REACTOME_METABOLISM_OF_STEROIDS	REACTOME_METABOLISM_OF_STEROIDS		75	-0.22564003	-0.9329473	0.5819209	0.9470633	1.0	5152	tags=43%, list=33%, signal=64%	
REACTOME_RHOJ_GTPASE_CYCLE	REACTOME_RHOJ_GTPASE_CYCLE		13	-0.34778854	-0.9328001	0.5626134	0.94565505	1.0	4048	tags=54%, list=26%, signal=73%	
REACTOME_MITOCHONDRIAL_PROTEIN_IMPORT	REACTOME_MITOCHONDRIAL_PROTEIN_IMPORT		9	-0.38105494	-0.93113464	0.5464684	0.9484928	1.0	4170	tags=44%, list=27%, signal=61%	
REACTOME_MET_ACTIVATES_PI3K_AKT_SIGNALING	REACTOME_MET_ACTIVATES_PI3K_AKT_SIGNALING		6	-0.44406247	-0.9307689	0.575419	0.94764966	1.0	43	tags=17%, list=0%, signal=17%	
REACTOME_PENTOSE_PHOSPHATE_PATHWAY	REACTOME_PENTOSE_PHOSPHATE_PATHWAY		14	-0.33426315	-0.93031085	0.582397	0.9471522	1.0	3591	tags=43%, list=23%, signal=56%	
WP_SELENIUM_METABOLISM_SELENOPROTEINS	WP_SELENIUM_METABOLISM_SELENOPROTEINS		40	-0.2564464	-0.92962915	0.5680147	0.94716406	1.0	4266	tags=45%, list=28%, signal=62%	
REACTOME_ROLE_OF_LAT2_NTAL_LAB_ON_CALCIUM_MOBILIZATION	REACTOME_ROLE_OF_LAT2_NTAL_LAB_ON_CALCIUM_MOBILIZATION		17	-0.32149026	-0.9294673	0.5676157	0.945903	1.0	3770	tags=41%, list=24%, signal=54%	
BIOCARTA_ARAP_PATHWAY	BIOCARTA_ARAP_PATHWAY		11	-0.35567394	-0.92904246	0.55086374	0.945278	1.0	4551	tags=55%, list=30%, signal=77%	
REACTOME_TP53_REGULATES_TRANSCRIPTION_OF_CELL_CYCLE_GENES	REACTOME_TP53_REGULATES_TRANSCRIPTION_OF_CELL_CYCLE_GENES		33	-0.26795816	-0.9277781	0.5730769	0.94691485	1.0	3365	tags=36%, list=22%, signal=46%	
WP_CHOLESTEROL_BIOSYNTHESIS	WP_CHOLESTEROL_BIOSYNTHESIS		15	-0.32801288	-0.92756355	0.5434028	0.9456862	1.0	5043	tags=53%, list=33%, signal=79%	
REACTOME_INFLAMMASOMES	REACTOME_INFLAMMASOMES		13	-0.34259543	-0.92738116	0.55725193	0.94442916	1.0	4371	tags=46%, list=28%, signal=64%	
REACTOME_TRANSPORT_OF_VITAMINS_NUCLEOSIDES_AND_RELATED_MOLECULES	REACTOME_TRANSPORT_OF_VITAMINS_NUCLEOSIDES_AND_RELATED_MOLECULES		28	-0.2774693	-0.9270998	0.5817556	0.9434407	1.0	3138	tags=25%, list=20%, signal=31%	
REACTOME_TERMINATION_OF_O_GLYCAN_BIOSYNTHESIS	REACTOME_TERMINATION_OF_O_GLYCAN_BIOSYNTHESIS		10	-0.3668161	-0.9254372	0.5405405	0.9459913	1.0	3764	tags=50%, list=24%, signal=66%	
REACTOME_SIGNALING_BY_INSULIN_RECEPTOR	REACTOME_SIGNALING_BY_INSULIN_RECEPTOR		49	-0.24479625	-0.92447114	0.6	0.94689435	1.0	3770	tags=29%, list=24%, signal=38%	
BIOCARTA_ETS_PATHWAY	BIOCARTA_ETS_PATHWAY		17	-0.3177017	-0.9241868	0.55851066	0.9458928	1.0	3794	tags=47%, list=25%, signal=62%	
REACTOME_BIOTIN_TRANSPORT_AND_METABOLISM	REACTOME_BIOTIN_TRANSPORT_AND_METABOLISM		11	-0.35924622	-0.92255634	0.5511364	0.9483483	1.0	6220	tags=55%, list=40%, signal=91%	
REACTOME_REGULATION_OF_APC_C_ACTIVATORS_BETWEEN_G1_S_AND_EARLY_ANAPHASE	REACTOME_REGULATION_OF_APC_C_ACTIVATORS_BETWEEN_G1_S_AND_EARLY_ANAPHASE		35	-0.26256016	-0.9213396	0.5706522	0.9499035	1.0	4867	tags=49%, list=32%, signal=71%	
WP_KIT_RECEPTOR_SIGNALING_PATHWAY	WP_KIT_RECEPTOR_SIGNALING_PATHWAY		63	-0.232999	-0.9193947	0.61605585	0.9533117	1.0	1390	tags=14%, list=9%, signal=16%	
REACTOME_ACYL_CHAIN_REMODELLING_OF_PG	REACTOME_ACYL_CHAIN_REMODELLING_OF_PG		9	-0.37709472	-0.91537356	0.5386064	0.96223897	1.0	2630	tags=33%, list=17%, signal=40%	
REACTOME_FGFR1C_LIGAND_BINDING_AND_ACTIVATION	REACTOME_FGFR1C_LIGAND_BINDING_AND_ACTIVATION		5	-0.46432373	-0.9151156	0.6	0.9611355	1.0	3893	tags=60%, list=25%, signal=80%	
REACTOME_JOSEPHIN_DOMAIN_DUBS	REACTOME_JOSEPHIN_DOMAIN_DUBS		11	-0.33908916	-0.9130748	0.5717054	0.96458226	1.0	2662	tags=45%, list=17%, signal=55%	
REACTOME_NEGATIVE_REGULATION_OF_MAPK_PATHWAY	REACTOME_NEGATIVE_REGULATION_OF_MAPK_PATHWAY		41	-0.25178504	-0.91254747	0.5885609	0.9642023	1.0	3817	tags=34%, list=25%, signal=45%	
REACTOME_MITOCHONDRIAL_UNCOUPLING	REACTOME_MITOCHONDRIAL_UNCOUPLING		5	-0.45100054	-0.91095245	0.5744275	0.96667826	1.0	862	tags=20%, list=6%, signal=21%	
REACTOME_DISSOLUTION_OF_FIBRIN_CLOT	REACTOME_DISSOLUTION_OF_FIBRIN_CLOT		8	-0.38674602	-0.91089106	0.5551331	0.9650814	1.0	2361	tags=38%, list=15%, signal=44%	
REACTOME_SEMA3A_PAK_DEPENDENT_AXON_REPULSION	REACTOME_SEMA3A_PAK_DEPENDENT_AXON_REPULSION		11	-0.3499504	-0.90942377	0.5872093	0.9672028	1.0	4230	tags=45%, list=27%, signal=63%	
REACTOME_INTERLEUKIN_1_SIGNALING	REACTOME_INTERLEUKIN_1_SIGNALING		101	-0.20725438	-0.90783536	0.64735943	0.96953547	1.0	5721	tags=39%, list=37%, signal=61%	
REACTOME_THE_NLRP3_INFLAMMASOME	REACTOME_THE_NLRP3_INFLAMMASOME		10	-0.36372554	-0.9078285	0.58113205	0.9677929	1.0	904	tags=20%, list=6%, signal=21%	
WP_G_PROTEIN_SIGNALING_PATHWAYS	WP_G_PROTEIN_SIGNALING_PATHWAYS		72	-0.22377235	-0.9051128	0.6311031	0.9730631	1.0	1007	tags=13%, list=7%, signal=13%	
REACTOME_VEGFR2_MEDIATED_CELL_PROLIFERATION	REACTOME_VEGFR2_MEDIATED_CELL_PROLIFERATION		12	-0.34580156	-0.9044996	0.59961313	0.9728313	1.0	556	tags=17%, list=4%, signal=17%	
REACTOME_STIMULI_SENSING_CHANNELS	REACTOME_STIMULI_SENSING_CHANNELS		52	-0.23454432	-0.90425926	0.6194539	0.97166145	1.0	3537	tags=31%, list=23%, signal=40%	
REACTOME_SPHINGOLIPID_CATABOLISM	REACTOME_SPHINGOLIPID_CATABOLISM		11	-0.3503668	-0.9032437	0.5782881	0.97253406	1.0	3103	tags=45%, list=20%, signal=57%	
REACTOME_SYNTHESIS_OF_PROSTAGLANDINS_PG_AND_THROMBOXANES_TX	REACTOME_SYNTHESIS_OF_PROSTAGLANDINS_PG_AND_THROMBOXANES_TX		7	-0.40140614	-0.900891	0.5619048	0.9769247	1.0	2127	tags=43%, list=14%, signal=50%	
REACTOME_MITOCHONDRIAL_CALCIUM_ION_TRANSPORT	REACTOME_MITOCHONDRIAL_CALCIUM_ION_TRANSPORT		17	-0.30870908	-0.90026844	0.575	0.9768779	1.0	2887	tags=24%, list=19%, signal=29%	
REACTOME_GLYCOGEN_METABOLISM	REACTOME_GLYCOGEN_METABOLISM		16	-0.31276724	-0.8999772	0.6041276	0.97587585	1.0	4245	tags=31%, list=28%, signal=43%	
WP_TOLLLIKE_RECEPTOR_SIGNALING	WP_TOLLLIKE_RECEPTOR_SIGNALING		31	-0.26487026	-0.8999713	0.59074074	0.97415996	1.0	3728	tags=26%, list=24%, signal=34%	
WP_NOVEL_JUNDMP1_PATHWAY	WP_NOVEL_JUNDMP1_PATHWAY		23	-0.28634217	-0.897415	0.61610484	0.9790257	1.0	4041	tags=39%, list=26%, signal=53%	
BIOCARTA_ATRBRCA_PATHWAY	BIOCARTA_ATRBRCA_PATHWAY		18	-0.301522	-0.8970996	0.5893536	0.97808224	1.0	2993	tags=22%, list=19%, signal=28%	
REACTOME_BUTYROPHILIN_BTN_FAMILY_INTERACTIONS	REACTOME_BUTYROPHILIN_BTN_FAMILY_INTERACTIONS		6	-0.42924592	-0.896886	0.6007752	0.97696495	1.0	1340	tags=33%, list=9%, signal=36%	
REACTOME_MET_ACTIVATES_PTK2_SIGNALING	REACTOME_MET_ACTIVATES_PTK2_SIGNALING		11	-0.3469305	-0.8967193	0.59363294	0.97568095	1.0	3266	tags=55%, list=21%, signal=69%	
REACTOME_RAC2_GTPASE_CYCLE	REACTOME_RAC2_GTPASE_CYCLE		77	-0.21856248	-0.8959028	0.67657995	0.97598696	1.0	3629	tags=27%, list=24%, signal=35%	
REACTOME_EXTENSION_OF_TELOMERES	REACTOME_EXTENSION_OF_TELOMERES		47	-0.2422256	-0.8955811	0.6455026	0.9751117	1.0	4480	tags=32%, list=29%, signal=45%	
WP_CALCIUM_REGULATION_IN_CARDIAC_CELLS	WP_CALCIUM_REGULATION_IN_CARDIAC_CELLS		93	-0.21077168	-0.8943595	0.6672474	0.97648025	1.0	1263	tags=13%, list=8%, signal=14%	
REACTOME_O_LINKED_GLYCOSYLATION	REACTOME_O_LINKED_GLYCOSYLATION		59	-0.2268661	-0.894288	0.6464286	0.9749582	1.0	3324	tags=31%, list=22%, signal=39%	
REACTOME_GLUCURONIDATION	REACTOME_GLUCURONIDATION		5	-0.44993952	-0.89297867	0.62664163	0.97657114	1.0	719	tags=20%, list=5%, signal=21%	
REACTOME_AZATHIOPRINE_ADME	REACTOME_AZATHIOPRINE_ADME		19	-0.30178395	-0.89164394	0.6236162	0.978308	1.0	1832	tags=21%, list=12%, signal=24%	
REACTOME_SIGNALING_BY_ALK	REACTOME_SIGNALING_BY_ALK		11	-0.34453976	-0.8915554	0.6033835	0.9768445	1.0	4977	tags=55%, list=32%, signal=80%	
BIOCARTA_AKAP95_PATHWAY	BIOCARTA_AKAP95_PATHWAY		10	-0.35666835	-0.891493	0.6042885	0.9752769	1.0	3351	tags=40%, list=22%, signal=51%	
REACTOME_INTERLEUKIN_4_AND_INTERLEUKIN_13_SIGNALING	REACTOME_INTERLEUKIN_4_AND_INTERLEUKIN_13_SIGNALING		10	-0.34762827	-0.89064205	0.5897921	0.9757881	1.0	2371	tags=30%, list=15%, signal=35%	
REACTOME_RHO_GTPASES_ACTIVATE_NADPH_OXIDASES	REACTOME_RHO_GTPASES_ACTIVATE_NADPH_OXIDASES		21	-0.2931364	-0.89032155	0.61078995	0.9749428	1.0	4168	tags=38%, list=27%, signal=52%	
REACTOME_PURINE_SALVAGE	REACTOME_PURINE_SALVAGE		14	-0.3177072	-0.890146	0.6195857	0.973667	1.0	4668	tags=43%, list=30%, signal=61%	
REACTOME_MITF_M_DEPENDENT_GENE_EXPRESSION	REACTOME_MITF_M_DEPENDENT_GENE_EXPRESSION		13	-0.32428864	-0.89009446	0.58939093	0.97209823	1.0	3310	tags=23%, list=21%, signal=29%	
REACTOME_GLUCOSE_METABOLISM	REACTOME_GLUCOSE_METABOLISM		65	-0.22308682	-0.88919926	0.6635688	0.97262716	1.0	4273	tags=31%, list=28%, signal=42%	
REACTOME_REVERSIBLE_HYDRATION_OF_CARBON_DIOXIDE	REACTOME_REVERSIBLE_HYDRATION_OF_CARBON_DIOXIDE		7	-0.39403677	-0.8886702	0.59683794	0.97231483	1.0	3161	tags=43%, list=21%, signal=54%	
REACTOME_RHOBTB3_ATPASE_CYCLE	REACTOME_RHOBTB3_ATPASE_CYCLE		8	-0.377872	-0.88693976	0.5973025	0.9750426	1.0	204	tags=13%, list=1%, signal=13%	
REACTOME_GABA_SYNTHESIS_RELEASE_REUPTAKE_AND_DEGRADATION	REACTOME_GABA_SYNTHESIS_RELEASE_REUPTAKE_AND_DEGRADATION		11	-0.34437642	-0.8858895	0.6076642	0.97604895	1.0	871	tags=18%, list=6%, signal=19%	
WP_ALZHEIMERS_DISEASE	WP_ALZHEIMERS_DISEASE		60	-0.22627167	-0.8841582	0.6928702	0.9787102	1.0	3176	tags=22%, list=21%, signal=27%	
REACTOME_NOREPINEPHRINE_NEUROTRANSMITTER_RELEASE_CYCLE	REACTOME_NOREPINEPHRINE_NEUROTRANSMITTER_RELEASE_CYCLE		10	-0.34972596	-0.8837206	0.60348165	0.9781399	1.0	3987	tags=50%, list=26%, signal=67%	
REACTOME_INTRINSIC_PATHWAY_OF_FIBRIN_CLOT_FORMATION	REACTOME_INTRINSIC_PATHWAY_OF_FIBRIN_CLOT_FORMATION		12	-0.33291653	-0.88292575	0.58531743	0.97838235	1.0	3244	tags=42%, list=21%, signal=53%	
REACTOME_MISMATCH_REPAIR	REACTOME_MISMATCH_REPAIR		15	-0.3132623	-0.8824018	0.6152381	0.97805953	1.0	5060	tags=47%, list=33%, signal=69%	
REACTOME_PI_3K_CASCADE_FGFR1	REACTOME_PI_3K_CASCADE_FGFR1		9	-0.36259395	-0.88181734	0.59887004	0.9778696	1.0	43	tags=11%, list=0%, signal=11%	
BIOCARTA_RELA_PATHWAY	BIOCARTA_RELA_PATHWAY		15	-0.30869466	-0.8810266	0.61523044	0.9781687	1.0	3456	tags=27%, list=22%, signal=34%	
REACTOME_CITRIC_ACID_CYCLE_TCA_CYCLE	REACTOME_CITRIC_ACID_CYCLE_TCA_CYCLE		33	-0.24849617	-0.88096	0.6708408	0.97667694	1.0	6066	tags=55%, list=39%, signal=90%	
REACTOME_DARPP_32_EVENTS	REACTOME_DARPP_32_EVENTS		15	-0.31010947	-0.87676454	0.65648854	0.9850051	1.0	821	tags=13%, list=5%, signal=14%	
REACTOME_EUKARYOTIC_TRANSLATION_TERMINATION	REACTOME_EUKARYOTIC_TRANSLATION_TERMINATION		6	-0.41856292	-0.87507683	0.624031	0.9873486	1.0	2983	tags=50%, list=19%, signal=62%	
WP_NUCLEAR_RECEPTORS	WP_NUCLEAR_RECEPTORS		20	-0.28464058	-0.87353796	0.63833994	0.989403	1.0	3602	tags=35%, list=23%, signal=46%	
REACTOME_TNFR1_MEDIATED_CERAMIDE_PRODUCTION	REACTOME_TNFR1_MEDIATED_CERAMIDE_PRODUCTION		6	-0.39594936	-0.86978865	0.6264151	0.9967587	1.0	2339	tags=33%, list=15%, signal=39%	
REACTOME_ACTIVATION_OF_ATR_IN_RESPONSE_TO_REPLICATION_STRESS	REACTOME_ACTIVATION_OF_ATR_IN_RESPONSE_TO_REPLICATION_STRESS		36	-0.24570918	-0.8697042	0.6492537	0.9952736	1.0	3492	tags=28%, list=23%, signal=36%	
REACTOME_BBSOME_MEDIATED_CARGO_TARGETING_TO_CILIUM	REACTOME_BBSOME_MEDIATED_CARGO_TARGETING_TO_CILIUM		11	-0.33960533	-0.8692602	0.66023165	0.99463373	1.0	1476	tags=18%, list=10%, signal=20%	
REACTOME_PKR_MEDIATED_SIGNALING	REACTOME_PKR_MEDIATED_SIGNALING		60	-0.22129112	-0.8665864	0.7098446	0.9993804	1.0	3485	tags=30%, list=23%, signal=39%	
REACTOME_SYNTHESIS_OF_LEUKOTRIENES_LT_AND_EOXINS_EX	REACTOME_SYNTHESIS_OF_LEUKOTRIENES_LT_AND_EOXINS_EX		10	-0.34242278	-0.86482584	0.6402321	1.0	1.0	3573	tags=30%, list=23%, signal=39%	
REACTOME_MATURATION_OF_TCA_ENZYMES_AND_REGULATION_OF_TCA_CYCLE	REACTOME_MATURATION_OF_TCA_ENZYMES_AND_REGULATION_OF_TCA_CYCLE		18	-0.28423768	-0.8643453	0.6731898	1.0	1.0	5640	tags=56%, list=37%, signal=87%	
REACTOME_SIGNALING_BY_WNT	REACTOME_SIGNALING_BY_WNT		192	-0.18116722	-0.8625416	0.82828283	1.0	1.0	1754	tags=10%, list=11%, signal=12%	
REACTOME_VITAMIN_C_ASCORBATE_METABOLISM	REACTOME_VITAMIN_C_ASCORBATE_METABOLISM		8	-0.36606723	-0.8616212	0.6490566	1.0	1.0	4567	tags=50%, list=30%, signal=71%	
REACTOME_SPHINGOLIPID_DE_NOVO_BIOSYNTHESIS	REACTOME_SPHINGOLIPID_DE_NOVO_BIOSYNTHESIS		23	-0.2682519	-0.8615798	0.66729325	1.0	1.0	614	tags=13%, list=4%, signal=14%	
REACTOME_METABOLISM_OF_AMINO_ACIDS_AND_DERIVATIVES	REACTOME_METABOLISM_OF_AMINO_ACIDS_AND_DERIVATIVES		175	-0.1830439	-0.8614416	0.8606557	1.0	1.0	4729	tags=29%, list=31%, signal=42%	
REACTOME_DEATH_RECEPTOR_SIGNALING	REACTOME_DEATH_RECEPTOR_SIGNALING		125	-0.19159317	-0.8611587	0.7654941	1.0	1.0	3573	tags=24%, list=23%, signal=31%	
REACTOME_NOTCH_HLH_TRANSCRIPTION_PATHWAY	REACTOME_NOTCH_HLH_TRANSCRIPTION_PATHWAY		20	-0.28264728	-0.86082613	0.6542056	0.9997735	1.0	5374	tags=50%, list=35%, signal=77%	
REACTOME_AGGREPHAGY	REACTOME_AGGREPHAGY		29	-0.25554097	-0.8601521	0.65209126	0.9997649	1.0	3817	tags=38%, list=25%, signal=50%	
REACTOME_CELLULAR_RESPONSES_TO_STIMULI	REACTOME_CELLULAR_RESPONSES_TO_STIMULI		461	-0.16419004	-0.85932064	0.9197531	1.0	1.0	3833	tags=25%, list=25%, signal=32%	
REACTOME_ENDOSOMAL_VACUOLAR_PATHWAY	REACTOME_ENDOSOMAL_VACUOLAR_PATHWAY		14	-0.30583832	-0.85824513	0.633829	1.0	1.0	4752	tags=43%, list=31%, signal=62%	
WP_SIDS_SUSCEPTIBILITY_PATHWAYS	WP_SIDS_SUSCEPTIBILITY_PATHWAYS		37	-0.24399233	-0.8580668	0.709282	0.99965924	1.0	2339	tags=24%, list=15%, signal=29%	
REACTOME_REPRODUCTION	REACTOME_REPRODUCTION		10	-0.33816808	-0.85662985	0.6325301	1.0	1.0	365	tags=10%, list=2%, signal=10%	
REACTOME_INTERLEUKIN_1_FAMILY_SIGNALING	REACTOME_INTERLEUKIN_1_FAMILY_SIGNALING		115	-0.19556996	-0.8555518	0.7805695	1.0	1.0	5258	tags=35%, list=34%, signal=52%	
BIOCARTA_PLCE_PATHWAY	BIOCARTA_PLCE_PATHWAY		9	-0.35640478	-0.85489535	0.6423358	1.0	1.0	2604	tags=33%, list=17%, signal=40%	
REACTOME_MAPK_FAMILY_SIGNALING_CASCADES	REACTOME_MAPK_FAMILY_SIGNALING_CASCADES		233	-0.17559944	-0.854178	0.84419715	1.0	1.0	3817	tags=27%, list=25%, signal=35%	
REACTOME_HATS_ACETYLATE_HISTONES	REACTOME_HATS_ACETYLATE_HISTONES		56	-0.2181573	-0.85280764	0.70608693	1.0	1.0	4117	tags=30%, list=27%, signal=41%	
REACTOME_ADENYLATE_CYCLASE_INHIBITORY_PATHWAY	REACTOME_ADENYLATE_CYCLASE_INHIBITORY_PATHWAY		7	-0.38892582	-0.85168296	0.6647059	1.0	1.0	4904	tags=57%, list=32%, signal=84%	
BIOCARTA_CYTOKINE_PATHWAY	BIOCARTA_CYTOKINE_PATHWAY		9	-0.35160947	-0.8494942	0.66604125	1.0	1.0	3309	tags=44%, list=21%, signal=57%	
REACTOME_METABOLISM_OF_STEROID_HORMONES	REACTOME_METABOLISM_OF_STEROID_HORMONES		20	-0.278958	-0.84871805	0.6895874	1.0	1.0	4985	tags=50%, list=32%, signal=74%	
BIOCARTA_KERATINOCYTE_PATHWAY	BIOCARTA_KERATINOCYTE_PATHWAY		45	-0.23136736	-0.84808934	0.72183096	1.0	1.0	3772	tags=36%, list=24%, signal=47%	
BIOCARTA_TEL_PATHWAY	BIOCARTA_TEL_PATHWAY		16	-0.2906786	-0.8460804	0.6775956	1.0	1.0	1291	tags=19%, list=8%, signal=20%	
REACTOME_TETRAHYDROBIOPTERIN_BH4_SYNTHESIS_RECYCLING_SALVAGE_AND_REGULATION	REACTOME_TETRAHYDROBIOPTERIN_BH4_SYNTHESIS_RECYCLING_SALVAGE_AND_REGULATION		10	-0.3395242	-0.84596705	0.6808118	1.0	1.0	3983	tags=40%, list=26%, signal=54%	
REACTOME_INTERLEUKIN_7_SIGNALING	REACTOME_INTERLEUKIN_7_SIGNALING		19	-0.2813179	-0.84381586	0.6962264	1.0	1.0	5443	tags=53%, list=35%, signal=81%	
REACTOME_CLEAVAGE_OF_THE_DAMAGED_PYRIMIDINE	REACTOME_CLEAVAGE_OF_THE_DAMAGED_PYRIMIDINE		7	-0.37430444	-0.8436313	0.65317917	1.0	1.0	939	tags=14%, list=6%, signal=15%	
REACTOME_GPER1_SIGNALING	REACTOME_GPER1_SIGNALING		22	-0.2714995	-0.84201765	0.6897196	1.0	1.0	3770	tags=36%, list=24%, signal=48%	
REACTOME_SIGNALING_BY_TGFB_FAMILY_MEMBERS	REACTOME_SIGNALING_BY_TGFB_FAMILY_MEMBERS		90	-0.19981425	-0.83974886	0.78708553	1.0	1.0	4509	tags=36%, list=29%, signal=50%	
REACTOME_RECRUITMENT_OF_NUMA_TO_MITOTIC_CENTROSOMES	REACTOME_RECRUITMENT_OF_NUMA_TO_MITOTIC_CENTROSOMES		84	-0.19709666	-0.8389695	0.79717815	1.0	1.0	4073	tags=32%, list=26%, signal=43%	
REACTOME_RECYCLING_PATHWAY_OF_L1	REACTOME_RECYCLING_PATHWAY_OF_L1		31	-0.24577956	-0.83767134	0.7084871	1.0	1.0	4416	tags=45%, list=29%, signal=63%	
BIOCARTA_ECM_PATHWAY	BIOCARTA_ECM_PATHWAY		19	-0.27743098	-0.8368098	0.68653846	1.0	1.0	3772	tags=42%, list=24%, signal=56%	
REACTOME_SIGNALING_BY_PDGF	REACTOME_SIGNALING_BY_PDGF		34	-0.23955663	-0.8364685	0.7159309	1.0	1.0	5368	tags=50%, list=35%, signal=77%	
REACTOME_BH3_ONLY_PROTEINS_ASSOCIATE_WITH_AND_INACTIVATE_ANTI_APOPTOTIC_BCL_2_MEMBERS	REACTOME_BH3_ONLY_PROTEINS_ASSOCIATE_WITH_AND_INACTIVATE_ANTI_APOPTOTIC_BCL_2_MEMBERS		7	-0.37021208	-0.8360164	0.6776557	1.0	1.0	3788	tags=43%, list=25%, signal=57%	
REACTOME_BETA_CATENIN_INDEPENDENT_WNT_SIGNALING	REACTOME_BETA_CATENIN_INDEPENDENT_WNT_SIGNALING		108	-0.19153278	-0.8339941	0.80212015	1.0	1.0	1218	tags=6%, list=8%, signal=7%	
REACTOME_RHOD_GTPASE_CYCLE	REACTOME_RHOD_GTPASE_CYCLE		46	-0.22362913	-0.8334059	0.74169743	1.0	1.0	3219	tags=26%, list=21%, signal=33%	
REACTOME_M_PHASE	REACTOME_M_PHASE		373	-0.16226685	-0.833208	0.9529221	1.0	1.0	4117	tags=27%, list=27%, signal=35%	
REACTOME_PHOSPHORYLATION_OF_THE_APC_C	REACTOME_PHOSPHORYLATION_OF_THE_APC_C		20	-0.27174583	-0.8319048	0.6965889	1.0	1.0	5988	tags=65%, list=39%, signal=106%	
REACTOME_INTERFERON_ALPHA_BETA_SIGNALING	REACTOME_INTERFERON_ALPHA_BETA_SIGNALING		20	-0.27924725	-0.83167857	0.7056604	1.0	1.0	3817	tags=40%, list=25%, signal=53%	
BIOCARTA_FBW7_PATHWAY	BIOCARTA_FBW7_PATHWAY		8	-0.35696164	-0.8313959	0.6660232	1.0	1.0	4945	tags=63%, list=32%, signal=92%	
BIOCARTA_EPONFKB_PATHWAY	BIOCARTA_EPONFKB_PATHWAY		9	-0.33894596	-0.8300278	0.67184466	1.0	1.0	373	tags=11%, list=2%, signal=11%	
REACTOME_CARNITINE_METABOLISM	REACTOME_CARNITINE_METABOLISM		11	-0.31361875	-0.828616	0.67712176	1.0	1.0	6243	tags=64%, list=40%, signal=107%	
REACTOME_HEPARAN_SULFATE_HEPARIN_HS_GAG_METABOLISM	REACTOME_HEPARAN_SULFATE_HEPARIN_HS_GAG_METABOLISM		32	-0.24292386	-0.828544	0.72075474	1.0	1.0	2856	tags=31%, list=19%, signal=38%	
WP_EGFR1_SIGNALING_PATHWAY	WP_EGFR1_SIGNALING_PATHWAY		158	-0.1763691	-0.8277152	0.870607	1.0	1.0	3772	tags=26%, list=24%, signal=34%	
REACTOME_INTERCONVERSION_OF_NUCLEOTIDE_DI_AND_TRIPHOSPHATES	REACTOME_INTERCONVERSION_OF_NUCLEOTIDE_DI_AND_TRIPHOSPHATES		22	-0.27022353	-0.82760495	0.7241993	1.0	1.0	4597	tags=41%, list=30%, signal=58%	
WP_ONECARBON_METABOLISM	WP_ONECARBON_METABOLISM		25	-0.2555707	-0.826254	0.7178571	1.0	1.0	11485	tags=100%, list=74%, signal=391%	
REACTOME_DNA_REPLICATION	REACTOME_DNA_REPLICATION		125	-0.18483824	-0.8257188	0.86339754	1.0	1.0	5988	tags=43%, list=39%, signal=70%	
REACTOME_MYD88_MAL_TIRAP_CASCADE_INITIATED_ON_PLASMA_MEMBRANE	REACTOME_MYD88_MAL_TIRAP_CASCADE_INITIATED_ON_PLASMA_MEMBRANE		82	-0.19604789	-0.8238056	0.8121646	1.0	1.0	4002	tags=33%, list=26%, signal=44%	
BIOCARTA_RARRXR_PATHWAY	BIOCARTA_RARRXR_PATHWAY		6	-0.37098902	-0.8237038	0.71	1.0	1.0	3794	tags=33%, list=25%, signal=44%	
BIOCARTA_MELANOCYTE_PATHWAY	BIOCARTA_MELANOCYTE_PATHWAY		6	-0.38574263	-0.82175	0.6976321	1.0	1.0	396	tags=17%, list=3%, signal=17%	
REACTOME_LYSINE_CATABOLISM	REACTOME_LYSINE_CATABOLISM		9	-0.347695	-0.8213962	0.70555556	1.0	1.0	1525	tags=22%, list=10%, signal=25%	
BIOCARTA_S1P_PATHWAY	BIOCARTA_S1P_PATHWAY		6	-0.3840514	-0.8211383	0.66255146	1.0	1.0	9500	tags=100%, list=62%, signal=260%	
REACTOME_DOWNSTREAM_SIGNALING_OF_ACTIVATED_FGFR1	REACTOME_DOWNSTREAM_SIGNALING_OF_ACTIVATED_FGFR1		16	-0.28391853	-0.8208984	0.7	1.0	1.0	3772	tags=38%, list=24%, signal=50%	
REACTOME_ACTIVATION_OF_G_PROTEIN_GATED_POTASSIUM_CHANNELS	REACTOME_ACTIVATION_OF_G_PROTEIN_GATED_POTASSIUM_CHANNELS		16	-0.2816893	-0.8204648	0.71090907	1.0	1.0	3508	tags=38%, list=23%, signal=48%	
REACTOME_SEROTONIN_NEUROTRANSMITTER_RELEASE_CYCLE	REACTOME_SEROTONIN_NEUROTRANSMITTER_RELEASE_CYCLE		11	-0.31697074	-0.8169428	0.7225326	1.0	1.0	3987	tags=45%, list=26%, signal=61%	
WP_NEURAL_CREST_DIFFERENTIATION	WP_NEURAL_CREST_DIFFERENTIATION		46	-0.2181233	-0.81650996	0.7759563	1.0	1.0	4304	tags=37%, list=28%, signal=51%	
BIOCARTA_NKCELLS_PATHWAY	BIOCARTA_NKCELLS_PATHWAY		18	-0.27554113	-0.81588167	0.7305606	1.0	1.0	4712	tags=50%, list=31%, signal=72%	
BIOCARTA_MCM_PATHWAY	BIOCARTA_MCM_PATHWAY		12	-0.30919284	-0.8156084	0.72848946	1.0	1.0	3365	tags=33%, list=22%, signal=43%	
REACTOME_GOLGI_CISTERNAE_PERICENTRIOLAR_STACK_REORGANIZATION	REACTOME_GOLGI_CISTERNAE_PERICENTRIOLAR_STACK_REORGANIZATION		10	-0.31631765	-0.8139156	0.7084942	1.0	1.0	4673	tags=60%, list=30%, signal=86%	
REACTOME_SYNTHESIS_OF_BILE_ACIDS_AND_BILE_SALTS	REACTOME_SYNTHESIS_OF_BILE_ACIDS_AND_BILE_SALTS		17	-0.2834451	-0.8137204	0.72324723	1.0	1.0	2299	tags=24%, list=15%, signal=28%	
REACTOME_REGULATION_OF_PLK1_ACTIVITY_AT_G2_M_TRANSITION	REACTOME_REGULATION_OF_PLK1_ACTIVITY_AT_G2_M_TRANSITION		83	-0.19350272	-0.81207746	0.8153846	1.0	1.0	3817	tags=31%, list=25%, signal=41%	
WP_PURINE_METABOLISM	WP_PURINE_METABOLISM		128	-0.18138282	-0.81005824	0.89145905	1.0	1.0	5915	tags=45%, list=38%, signal=72%	
REACTOME_MITOTIC_G2_G2_M_PHASES	REACTOME_MITOTIC_G2_G2_M_PHASES		175	-0.17142192	-0.8090236	0.9059406	1.0	1.0	3817	tags=25%, list=25%, signal=33%	
WP_MAPK_SIGNALING_PATHWAY	WP_MAPK_SIGNALING_PATHWAY		140	-0.17673449	-0.8086369	0.8911917	1.0	1.0	3766	tags=28%, list=24%, signal=37%	
REACTOME_THE_ROLE_OF_GTSE1_IN_G2_M_PROGRESSION_AFTER_G2_CHECKPOINT	REACTOME_THE_ROLE_OF_GTSE1_IN_G2_M_PROGRESSION_AFTER_G2_CHECKPOINT		71	-0.19681364	-0.80836385	0.8339286	1.0	1.0	4670	tags=32%, list=30%, signal=46%	
WP_PRIMARY_FOCAL_SEGMENTAL_GLOMERULOSCLEROSIS_FSGS	WP_PRIMARY_FOCAL_SEGMENTAL_GLOMERULOSCLEROSIS_FSGS		47	-0.21844544	-0.80799	0.7758007	1.0	1.0	3706	tags=30%, list=24%, signal=39%	
REACTOME_FANCONI_ANEMIA_PATHWAY	REACTOME_FANCONI_ANEMIA_PATHWAY		38	-0.22286402	-0.8079522	0.7848325	1.0	1.0	3248	tags=26%, list=21%, signal=33%	
BIOCARTA_PML_PATHWAY	BIOCARTA_PML_PATHWAY		17	-0.2796347	-0.8074885	0.7524178	1.0	1.0	2645	tags=29%, list=17%, signal=35%	
WP_IL7_SIGNALING_PATHWAY	WP_IL7_SIGNALING_PATHWAY		42	-0.22124338	-0.8066209	0.77490777	1.0	1.0	5029	tags=38%, list=33%, signal=56%	
REACTOME_REGULATION_OF_CDH11_FUNCTION	REACTOME_REGULATION_OF_CDH11_FUNCTION		6	-0.38291964	-0.806586	0.72244096	1.0	1.0	1048	tags=17%, list=7%, signal=18%	
REACTOME_INTERLEUKIN_1_PROCESSING	REACTOME_INTERLEUKIN_1_PROCESSING		8	-0.34267017	-0.80575264	0.7119675	1.0	1.0	3456	tags=38%, list=22%, signal=48%	
BIOCARTA_CASPASE_PATHWAY	BIOCARTA_CASPASE_PATHWAY		22	-0.25443086	-0.80356246	0.7618148	1.0	1.0	1364	tags=14%, list=9%, signal=15%	
REACTOME_TRANSCRIPTIONAL_REGULATION_BY_MECP2	REACTOME_TRANSCRIPTIONAL_REGULATION_BY_MECP2		5	-0.39015484	-0.8021092	0.7046843	1.0	1.0	3160	tags=20%, list=20%, signal=25%	
REACTOME_REGULATION_OF_TBK1_IKK_IKBKE_MEDIATED_ACTIVATION_OF_IRF3_IRF7	REACTOME_REGULATION_OF_TBK1_IKK_IKBKE_MEDIATED_ACTIVATION_OF_IRF3_IRF7		15	-0.27833772	-0.8021045	0.7338262	1.0	1.0	2816	tags=33%, list=18%, signal=41%	
BIOCARTA_ERK5_PATHWAY	BIOCARTA_ERK5_PATHWAY		13	-0.29010972	-0.79987425	0.73295456	1.0	1.0	3772	tags=46%, list=24%, signal=61%	
REACTOME_INSULIN_RECEPTOR_SIGNALLING_CASCADE	REACTOME_INSULIN_RECEPTOR_SIGNALLING_CASCADE		26	-0.24296066	-0.7995243	0.7672253	1.0	1.0	58	tags=8%, list=0%, signal=8%	
REACTOME_SIALIC_ACID_METABOLISM	REACTOME_SIALIC_ACID_METABOLISM		25	-0.24614556	-0.79562545	0.7769376	1.0	1.0	3764	tags=32%, list=24%, signal=42%	
REACTOME_RAB_REGULATION_OF_TRAFFICKING	REACTOME_RAB_REGULATION_OF_TRAFFICKING		111	-0.18166845	-0.79364073	0.89625853	1.0	1.0	2932	tags=23%, list=19%, signal=28%	
REACTOME_PLATELET_AGGREGATION_PLUG_FORMATION	REACTOME_PLATELET_AGGREGATION_PLUG_FORMATION		27	-0.24012884	-0.7929694	0.8022388	1.0	1.0	3017	tags=37%, list=20%, signal=46%	
BIOCARTA_D4GDI_PATHWAY	BIOCARTA_D4GDI_PATHWAY		12	-0.30032197	-0.79212755	0.7406015	1.0	1.0	1299	tags=17%, list=8%, signal=18%	
REACTOME_GABA_B_RECEPTOR_ACTIVATION	REACTOME_GABA_B_RECEPTOR_ACTIVATION		23	-0.24697547	-0.7913939	0.77330893	1.0	1.0	3508	tags=30%, list=23%, signal=39%	
REACTOME_NITRIC_OXIDE_STIMULATES_GUANYLATE_CYCLASE	REACTOME_NITRIC_OXIDE_STIMULATES_GUANYLATE_CYCLASE		6	-0.3723073	-0.79069245	0.7476281	1.0	1.0	9681	tags=100%, list=63%, signal=269%	
REACTOME_SIGNAL_ATTENUATION	REACTOME_SIGNAL_ATTENUATION		8	-0.33113956	-0.78970754	0.72727275	1.0	1.0	58	tags=13%, list=0%, signal=13%	
REACTOME_REGULATED_PROTEOLYSIS_OF_P75NTR	REACTOME_REGULATED_PROTEOLYSIS_OF_P75NTR		9	-0.3157895	-0.78899115	0.73745173	1.0	1.0	10553	tags=100%, list=68%, signal=317%	
REACTOME_SHC_RELATED_EVENTS_TRIGGERED_BY_IGF1R	REACTOME_SHC_RELATED_EVENTS_TRIGGERED_BY_IGF1R		5	-0.3829655	-0.78728163	0.73166025	1.0	1.0	383	tags=20%, list=2%, signal=21%	
REACTOME_METABOLISM_OF_POLYAMINES	REACTOME_METABOLISM_OF_POLYAMINES		55	-0.2029217	-0.78685105	0.8366248	1.0	1.0	2307	tags=13%, list=15%, signal=15%	
BIOCARTA_AGR_PATHWAY	BIOCARTA_AGR_PATHWAY		19	-0.26170322	-0.7859871	0.78478664	1.0	1.0	3682	tags=42%, list=24%, signal=55%	
REACTOME_PROPIONYL_COA_CATABOLISM	REACTOME_PROPIONYL_COA_CATABOLISM		5	-0.38759488	-0.78456014	0.75605214	1.0	1.0	9445	tags=100%, list=61%, signal=258%	
REACTOME_IRAK2_MEDIATED_ACTIVATION_OF_TAK1_COMPLEX	REACTOME_IRAK2_MEDIATED_ACTIVATION_OF_TAK1_COMPLEX		11	-0.30027345	-0.7825251	0.7472119	1.0	1.0	3817	tags=45%, list=25%, signal=60%	
REACTOME_SCF_BETA_TRCP_MEDIATED_DEGRADATION_OF_EMI1	REACTOME_SCF_BETA_TRCP_MEDIATED_DEGRADATION_OF_EMI1		10	-0.30750364	-0.78206456	0.73345935	1.0	1.0	2809	tags=40%, list=18%, signal=49%	
REACTOME_GLYCOSPHINGOLIPID_CATABOLISM	REACTOME_GLYCOSPHINGOLIPID_CATABOLISM		27	-0.23950185	-0.7815622	0.79422385	1.0	1.0	3691	tags=22%, list=24%, signal=29%	
REACTOME_MHC_CLASS_II_ANTIGEN_PRESENTATION	REACTOME_MHC_CLASS_II_ANTIGEN_PRESENTATION		103	-0.17935203	-0.779874	0.91531533	1.0	1.0	3307	tags=24%, list=21%, signal=31%	
WP_PARKINSONS_DISEASE	WP_PARKINSONS_DISEASE		31	-0.23068537	-0.77921534	0.8114187	1.0	1.0	3817	tags=35%, list=25%, signal=47%	
REACTOME_GABA_RECEPTOR_ACTIVATION	REACTOME_GABA_RECEPTOR_ACTIVATION		26	-0.2400476	-0.7789139	0.7821429	1.0	1.0	3508	tags=31%, list=23%, signal=40%	
REACTOME_INITIATION_OF_NUCLEAR_ENVELOPE_NE_REFORMATION	REACTOME_INITIATION_OF_NUCLEAR_ENVELOPE_NE_REFORMATION		17	-0.27265573	-0.77869576	0.797075	1.0	1.0	3442	tags=35%, list=22%, signal=45%	
BIOCARTA_PTEN_PATHWAY	BIOCARTA_PTEN_PATHWAY		16	-0.26898843	-0.7783892	0.7802607	1.0	1.0	1276	tags=19%, list=8%, signal=20%	
REACTOME_G0_AND_EARLY_G1	REACTOME_G0_AND_EARLY_G1		16	-0.2721835	-0.7782394	0.75628626	1.0	1.0	3365	tags=25%, list=22%, signal=32%	
REACTOME_CONVERSION_FROM_APC_C_CDC20_TO_APC_C_CDH1_IN_LATE_ANAPHASE	REACTOME_CONVERSION_FROM_APC_C_CDC20_TO_APC_C_CDH1_IN_LATE_ANAPHASE		20	-0.25342163	-0.7767614	0.81425893	1.0	1.0	5988	tags=60%, list=39%, signal=98%	
REACTOME_DAP12_SIGNALING	REACTOME_DAP12_SIGNALING		27	-0.23063107	-0.7753003	0.80550456	1.0	1.0	5200	tags=44%, list=34%, signal=67%	
REACTOME_KERATAN_SULFATE_BIOSYNTHESIS	REACTOME_KERATAN_SULFATE_BIOSYNTHESIS		17	-0.26350015	-0.77492607	0.77840906	1.0	1.0	2954	tags=29%, list=19%, signal=36%	
REACTOME_POST_NMDA_RECEPTOR_ACTIVATION_EVENTS	REACTOME_POST_NMDA_RECEPTOR_ACTIVATION_EVENTS		14	-0.2842081	-0.7729467	0.7637051	1.0	1.0	1704	tags=21%, list=11%, signal=24%	
REACTOME_HOMOLOGY_DIRECTED_REPAIR	REACTOME_HOMOLOGY_DIRECTED_REPAIR		122	-0.17327426	-0.772377	0.9240283	1.0	1.0	5146	tags=34%, list=33%, signal=50%	
REACTOME_DNA_REPAIR	REACTOME_DNA_REPAIR		305	-0.15445533	-0.7712204	0.9924357	1.0	1.0	4165	tags=24%, list=27%, signal=32%	
REACTOME_G_PROTEIN_MEDIATED_EVENTS	REACTOME_G_PROTEIN_MEDIATED_EVENTS		30	-0.22547184	-0.76940715	0.80633146	1.0	1.0	1503	tags=13%, list=10%, signal=15%	
REACTOME_ESTROGEN_DEPENDENT_GENE_EXPRESSION	REACTOME_ESTROGEN_DEPENDENT_GENE_EXPRESSION		70	-0.18823011	-0.768709	0.88135594	1.0	1.0	4770	tags=30%, list=31%, signal=43%	
REACTOME_UBIQUINOL_BIOSYNTHESIS	REACTOME_UBIQUINOL_BIOSYNTHESIS		13	-0.2898063	-0.7677525	0.7681992	1.0	1.0	5135	tags=46%, list=33%, signal=69%	
REACTOME_THE_CANONICAL_RETINOID_CYCLE_IN_RODS_TWILIGHT_VISION	REACTOME_THE_CANONICAL_RETINOID_CYCLE_IN_RODS_TWILIGHT_VISION		7	-0.344684	-0.7675226	0.753876	1.0	1.0	842	tags=14%, list=5%, signal=15%	
BIOCARTA_CACAM_PATHWAY	BIOCARTA_CACAM_PATHWAY		6	-0.36123186	-0.7668962	0.7427386	1.0	1.0	302	tags=17%, list=2%, signal=17%	
BIOCARTA_AKT_PATHWAY	BIOCARTA_AKT_PATHWAY		20	-0.25291455	-0.76684123	0.7810761	1.0	1.0	1276	tags=15%, list=8%, signal=16%	
REACTOME_INCRETIN_SYNTHESIS_SECRETION_AND_INACTIVATION	REACTOME_INCRETIN_SYNTHESIS_SECRETION_AND_INACTIVATION		5	-0.37993902	-0.76633954	0.7735849	1.0	1.0	9563	tags=100%, list=62%, signal=263%	
REACTOME_FORMATION_OF_THE_BETA_CATENIN_TCF_TRANSACTIVATING_COMPLEX	REACTOME_FORMATION_OF_THE_BETA_CATENIN_TCF_TRANSACTIVATING_COMPLEX		24	-0.24022256	-0.7649615	0.83270675	1.0	1.0	1599	tags=13%, list=10%, signal=14%	
REACTOME_SEMAPHORIN_INTERACTIONS	REACTOME_SEMAPHORIN_INTERACTIONS		43	-0.20307149	-0.7648836	0.8794326	1.0	1.0	4402	tags=42%, list=29%, signal=58%	
REACTOME_INACTIVATION_OF_CSF3_G_CSF_SIGNALING	REACTOME_INACTIVATION_OF_CSF3_G_CSF_SIGNALING		18	-0.2549506	-0.7645609	0.8037383	1.0	1.0	2976	tags=33%, list=19%, signal=41%	
REACTOME_WNT5A_DEPENDENT_INTERNALIZATION_OF_FZD4	REACTOME_WNT5A_DEPENDENT_INTERNALIZATION_OF_FZD4		12	-0.2846792	-0.76285625	0.787156	1.0	1.0	4811	tags=42%, list=31%, signal=61%	
REACTOME_GAMMA_CARBOXYLATION_HYPUSINYLATION_HYDROXYLATION_AND_ARYLSULFATASE_ACTIVATION	REACTOME_GAMMA_CARBOXYLATION_HYPUSINYLATION_HYDROXYLATION_AND_ARYLSULFATASE_ACTIVATION		49	-0.20164257	-0.7617015	0.86285716	1.0	1.0	3925	tags=24%, list=25%, signal=33%	
REACTOME_NUCLEOTIDE_BIOSYNTHESIS	REACTOME_NUCLEOTIDE_BIOSYNTHESIS		14	-0.2784991	-0.76061875	0.7846154	1.0	1.0	11129	tags=100%, list=72%, signal=359%	
REACTOME_RELEASE_OF_APOPTOTIC_FACTORS_FROM_THE_MITOCHONDRIA	REACTOME_RELEASE_OF_APOPTOTIC_FACTORS_FROM_THE_MITOCHONDRIA		8	-0.32545653	-0.759899	0.79766536	1.0	1.0	4606	tags=63%, list=30%, signal=89%	
BIOCARTA_G1_PATHWAY	BIOCARTA_G1_PATHWAY		23	-0.24107005	-0.7598798	0.82429904	1.0	1.0	5118	tags=39%, list=33%, signal=58%	
REACTOME_PEPTIDE_HORMONE_METABOLISM	REACTOME_PEPTIDE_HORMONE_METABOLISM		33	-0.21948594	-0.7582653	0.8636364	1.0	1.0	6073	tags=48%, list=39%, signal=80%	
REACTOME_ACTIVATION_OF_CASPASES_THROUGH_APOPTOSOME_MEDIATED_CLEAVAGE	REACTOME_ACTIVATION_OF_CASPASES_THROUGH_APOPTOSOME_MEDIATED_CLEAVAGE		7	-0.3400647	-0.75724894	0.7771203	1.0	1.0	5259	tags=57%, list=34%, signal=87%	
REACTOME_SYNDECAN_INTERACTIONS	REACTOME_SYNDECAN_INTERACTIONS		12	-0.2851939	-0.7546071	0.8	1.0	1.0	4162	tags=42%, list=27%, signal=57%	
WP_HEDGEHOG_SIGNALING_PATHWAY	WP_HEDGEHOG_SIGNALING_PATHWAY		12	-0.28434613	-0.75428116	0.8081937	1.0	1.0	28	tags=8%, list=0%, signal=8%	
BIOCARTA_DNAFRAGMENT_PATHWAY	BIOCARTA_DNAFRAGMENT_PATHWAY		10	-0.29817605	-0.75290567	0.795203	1.0	1.0	639	tags=10%, list=4%, signal=10%	
BIOCARTA_NOS1_PATHWAY	BIOCARTA_NOS1_PATHWAY		15	-0.271429	-0.7526784	0.81714284	1.0	1.0	821	tags=13%, list=5%, signal=14%	
BIOCARTA_DREAM_PATHWAY	BIOCARTA_DREAM_PATHWAY		10	-0.3069579	-0.75219244	0.7912713	1.0	1.0	3748	tags=50%, list=24%, signal=66%	
REACTOME_SIGNALING_BY_CSF3_G_CSF	REACTOME_SIGNALING_BY_CSF3_G_CSF		22	-0.24294703	-0.75188273	0.82560295	1.0	1.0	3817	tags=41%, list=25%, signal=54%	
BIOCARTA_PTC1_PATHWAY	BIOCARTA_PTC1_PATHWAY		10	-0.295219	-0.75178534	0.775	1.0	1.0	3351	tags=40%, list=22%, signal=51%	
REACTOME_TIE2_SIGNALING	REACTOME_TIE2_SIGNALING		12	-0.27926794	-0.7511581	0.8129771	1.0	1.0	3772	tags=42%, list=24%, signal=55%	
REACTOME_G2_M_CHECKPOINTS	REACTOME_G2_M_CHECKPOINTS		151	-0.16308495	-0.75030965	0.9713322	1.0	1.0	3660	tags=20%, list=24%, signal=26%	
REACTOME_MAP2K_AND_MAPK_ACTIVATION	REACTOME_MAP2K_AND_MAPK_ACTIVATION		32	-0.21889053	-0.7498352	0.86259544	1.0	1.0	4438	tags=41%, list=29%, signal=57%	
WP_REGULATION_OF_ACTIN_CYTOSKELETON	WP_REGULATION_OF_ACTIN_CYTOSKELETON		102	-0.1716573	-0.74955195	0.9534483	1.0	1.0	2868	tags=19%, list=19%, signal=23%	
BIOCARTA_IGF1MTOR_PATHWAY	BIOCARTA_IGF1MTOR_PATHWAY		18	-0.2497001	-0.749342	0.80221814	1.0	1.0	1740	tags=17%, list=11%, signal=19%	
REACTOME_N_GLYCAN_ANTENNAE_ELONGATION	REACTOME_N_GLYCAN_ANTENNAE_ELONGATION		12	-0.28195527	-0.748474	0.79	1.0	1.0	2954	tags=33%, list=19%, signal=41%	
REACTOME_TELOMERE_EXTENSION_BY_TELOMERASE	REACTOME_TELOMERE_EXTENSION_BY_TELOMERASE		19	-0.24886498	-0.74760187	0.83524907	1.0	1.0	3365	tags=32%, list=22%, signal=40%	
REACTOME_APEX1_INDEPENDENT_RESOLUTION_OF_AP_SITES_VIA_THE_SINGLE_NUCLEOTIDE_REPLACEMENT_PATHWAY	REACTOME_APEX1_INDEPENDENT_RESOLUTION_OF_AP_SITES_VIA_THE_SINGLE_NUCLEOTIDE_REPLACEMENT_PATHWAY		6	-0.34149545	-0.7469154	0.784466	1.0	1.0	4087	tags=50%, list=27%, signal=68%	
WP_TCA_CYCLE	WP_TCA_CYCLE		29	-0.22248785	-0.74522156	0.8457249	1.0	1.0	6066	tags=48%, list=39%, signal=79%	
REACTOME_O_GLYCOSYLATION_OF_TSR_DOMAIN_CONTAINING_PROTEINS	REACTOME_O_GLYCOSYLATION_OF_TSR_DOMAIN_CONTAINING_PROTEINS		15	-0.2637843	-0.7450301	0.8077634	1.0	1.0	3324	tags=33%, list=22%, signal=42%	
BIOCARTA_EPO_PATHWAY	BIOCARTA_EPO_PATHWAY		19	-0.24690822	-0.7443634	0.82884616	1.0	1.0	5029	tags=53%, list=33%, signal=78%	
REACTOME_NEPHRIN_FAMILY_INTERACTIONS	REACTOME_NEPHRIN_FAMILY_INTERACTIONS		5	-0.3684397	-0.74144894	0.7753479	1.0	1.0	2387	tags=40%, list=15%, signal=47%	
BIOCARTA_RAS_PATHWAY	BIOCARTA_RAS_PATHWAY		21	-0.24279858	-0.74112576	0.8263359	1.0	1.0	3772	tags=33%, list=24%, signal=44%	
REACTOME_DOWNSTREAM_SIGNALING_OF_ACTIVATED_FGFR2	REACTOME_DOWNSTREAM_SIGNALING_OF_ACTIVATED_FGFR2		14	-0.26551145	-0.73933375	0.8359684	1.0	1.0	3772	tags=36%, list=24%, signal=47%	
REACTOME_BIOSYNTHESIS_OF_THE_N_GLYCAN_PRECURSOR_DOLICHOL_LIPID_LINKED_OLIGOSACCHARIDE_LLO_AND_TRANSFER_TO_A_NASCENT_PROTEIN	REACTOME_BIOSYNTHESIS_OF_THE_N_GLYCAN_PRECURSOR_DOLICHOL_LIPID_LINKED_OLIGOSACCHARIDE_LLO_AND_TRANSFER_TO_A_NASCENT_PROTEIN		65	-0.1795415	-0.73840266	0.9538188	1.0	1.0	5002	tags=37%, list=32%, signal=54%	
REACTOME_DOWNSTREAM_SIGNALING_OF_ACTIVATED_FGFR3	REACTOME_DOWNSTREAM_SIGNALING_OF_ACTIVATED_FGFR3		14	-0.26551145	-0.7371671	0.8403042	1.0	1.0	3772	tags=36%, list=24%, signal=47%	
BIOCARTA_MET_PATHWAY	BIOCARTA_MET_PATHWAY		32	-0.21276237	-0.7360966	0.8683274	1.0	1.0	3772	tags=34%, list=24%, signal=45%	
REACTOME_ASSEMBLY_OF_ACTIVE_LPL_AND_LIPC_LIPASE_COMPLEXES	REACTOME_ASSEMBLY_OF_ACTIVE_LPL_AND_LIPC_LIPASE_COMPLEXES		7	-0.32872546	-0.735984	0.7766798	1.0	1.0	4160	tags=57%, list=27%, signal=78%	
REACTOME_DOWNSTREAM_SIGNALING_OF_ACTIVATED_FGFR4	REACTOME_DOWNSTREAM_SIGNALING_OF_ACTIVATED_FGFR4		14	-0.26551145	-0.73488677	0.8265107	1.0	1.0	3772	tags=36%, list=24%, signal=47%	
REACTOME_INTRA_GOLGI_AND_RETROGRADE_GOLGI_TO_ER_TRAFFIC	REACTOME_INTRA_GOLGI_AND_RETROGRADE_GOLGI_TO_ER_TRAFFIC		167	-0.15690377	-0.73452383	0.98421055	1.0	1.0	3485	tags=22%, list=23%, signal=28%	
WP_P53_SIGNALING	WP_P53_SIGNALING		58	-0.18858005	-0.7343729	0.9174312	1.0	1.0	3788	tags=31%, list=25%, signal=41%	
REACTOME_LYSOSOME_VESICLE_BIOGENESIS	REACTOME_LYSOSOME_VESICLE_BIOGENESIS		30	-0.21474206	-0.73434085	0.8759259	1.0	1.0	5406	tags=47%, list=35%, signal=72%	
REACTOME_SODIUM_PROTON_EXCHANGERS	REACTOME_SODIUM_PROTON_EXCHANGERS		6	-0.34630346	-0.7341439	0.78731346	1.0	1.0	2998	tags=50%, list=19%, signal=62%	
REACTOME_AURKA_ACTIVATION_BY_TPX2	REACTOME_AURKA_ACTIVATION_BY_TPX2		69	-0.18074793	-0.73077726	0.9318182	1.0	1.0	3771	tags=28%, list=24%, signal=36%	
REACTOME_PURINE_RIBONUCLEOSIDE_MONOPHOSPHATE_BIOSYNTHESIS	REACTOME_PURINE_RIBONUCLEOSIDE_MONOPHOSPHATE_BIOSYNTHESIS		11	-0.2784449	-0.73036253	0.8330097	1.0	1.0	11129	tags=100%, list=72%, signal=359%	
REACTOME_TELOMERE_C_STRAND_LAGGING_STRAND_SYNTHESIS	REACTOME_TELOMERE_C_STRAND_LAGGING_STRAND_SYNTHESIS		33	-0.20997888	-0.7282016	0.8939394	1.0	1.0	6559	tags=55%, list=43%, signal=95%	
REACTOME_CELLULAR_RESPONSE_TO_CHEMICAL_STRESS	REACTOME_CELLULAR_RESPONSE_TO_CHEMICAL_STRESS		147	-0.1580045	-0.72727644	0.9815436	1.0	1.0	4716	tags=31%, list=31%, signal=45%	
REACTOME_SYNTHESIS_OF_IP3_AND_IP4_IN_THE_CYTOSOL	REACTOME_SYNTHESIS_OF_IP3_AND_IP4_IN_THE_CYTOSOL		20	-0.23692785	-0.7270475	0.86415094	1.0	1.0	4092	tags=35%, list=27%, signal=48%	
BIOCARTA_VITCB_PATHWAY	BIOCARTA_VITCB_PATHWAY		7	-0.32229173	-0.7265028	0.8065173	1.0	1.0	3998	tags=43%, list=26%, signal=58%	
REACTOME_GLUTAMATE_AND_GLUTAMINE_METABOLISM	REACTOME_GLUTAMATE_AND_GLUTAMINE_METABOLISM		10	-0.28560624	-0.72599405	0.8402256	1.0	1.0	6489	tags=80%, list=42%, signal=138%	
REACTOME_RAP1_SIGNALLING	REACTOME_RAP1_SIGNALLING		14	-0.26105106	-0.72544634	0.8369176	1.0	1.0	3391	tags=29%, list=22%, signal=37%	
REACTOME_AMINO_ACIDS_REGULATE_MTORC1	REACTOME_AMINO_ACIDS_REGULATE_MTORC1		51	-0.19418387	-0.72441447	0.9128788	1.0	1.0	3727	tags=29%, list=24%, signal=39%	
REACTOME_UCH_PROTEINASES	REACTOME_UCH_PROTEINASES		92	-0.17034361	-0.7237305	0.97236615	1.0	1.0	4801	tags=28%, list=31%, signal=41%	
BIOCARTA_PKC_PATHWAY	BIOCARTA_PKC_PATHWAY		6	-0.3401246	-0.7236156	0.81889766	1.0	1.0	10177	tags=100%, list=66%, signal=294%	
REACTOME_INTERFERON_SIGNALING	REACTOME_INTERFERON_SIGNALING		117	-0.1652297	-0.72349393	0.9644128	1.0	1.0	3682	tags=25%, list=24%, signal=32%	
REACTOME_PROCESSING_OF_DNA_DOUBLE_STRAND_BREAK_ENDS	REACTOME_PROCESSING_OF_DNA_DOUBLE_STRAND_BREAK_ENDS		82	-0.1702502	-0.72319293	0.9491525	1.0	1.0	5092	tags=32%, list=33%, signal=47%	
REACTOME_RIBAVIRIN_ADME	REACTOME_RIBAVIRIN_ADME		11	-0.2818589	-0.72006154	0.82751936	1.0	1.0	1396	tags=18%, list=9%, signal=20%	
REACTOME_DNA_REPLICATION_PRE_INITIATION	REACTOME_DNA_REPLICATION_PRE_INITIATION		99	-0.1659786	-0.7194021	0.9721254	1.0	1.0	5988	tags=42%, list=39%, signal=69%	
REACTOME_TRIGLYCERIDE_METABOLISM	REACTOME_TRIGLYCERIDE_METABOLISM		11	-0.27789295	-0.71470875	0.84023666	1.0	1.0	4204	tags=55%, list=27%, signal=75%	
REACTOME_FATTY_ACID_METABOLISM	REACTOME_FATTY_ACID_METABOLISM		120	-0.16076021	-0.71415347	0.99102336	1.0	1.0	2763	tags=18%, list=18%, signal=21%	
REACTOME_DRUG_MEDIATED_INHIBITION_OF_CDK4_CDK6_ACTIVITY	REACTOME_DRUG_MEDIATED_INHIBITION_OF_CDK4_CDK6_ACTIVITY		5	-0.3465682	-0.7141098	0.8061224	1.0	1.0	1724	tags=20%, list=11%, signal=23%	
REACTOME_TRANSPORT_OF_NUCLEOSIDES_AND_FREE_PURINE_AND_PYRIMIDINE_BASES_ACROSS_THE_PLASMA_MEMBRANE	REACTOME_TRANSPORT_OF_NUCLEOSIDES_AND_FREE_PURINE_AND_PYRIMIDINE_BASES_ACROSS_THE_PLASMA_MEMBRANE		9	-0.29199672	-0.71271116	0.82703775	1.0	1.0	3845	tags=33%, list=25%, signal=44%	
REACTOME_APC_C_CDC20_MEDIATED_DEGRADATION_OF_CYCLIN_B	REACTOME_APC_C_CDC20_MEDIATED_DEGRADATION_OF_CYCLIN_B		25	-0.22236001	-0.7122433	0.875	1.0	1.0	4867	tags=48%, list=32%, signal=70%	
REACTOME_PROLONGED_ERK_ACTIVATION_EVENTS	REACTOME_PROLONGED_ERK_ACTIVATION_EVENTS		12	-0.26496172	-0.71193	0.8488806	1.0	1.0	11337	tags=100%, list=74%, signal=378%	
REACTOME_APC_C_MEDIATED_DEGRADATION_OF_CELL_CYCLE_PROTEINS	REACTOME_APC_C_MEDIATED_DEGRADATION_OF_CELL_CYCLE_PROTEINS		85	-0.16939677	-0.7096191	0.9551724	1.0	1.0	5988	tags=44%, list=39%, signal=71%	
REACTOME_HYPUSINE_SYNTHESIS_FROM_EIF5A_LYSINE	REACTOME_HYPUSINE_SYNTHESIS_FROM_EIF5A_LYSINE		5	-0.34683037	-0.7093904	0.8185255	1.0	1.0	3925	tags=40%, list=25%, signal=54%	
BIOCARTA_TNFR2_PATHWAY	BIOCARTA_TNFR2_PATHWAY		17	-0.24078023	-0.70611554	0.8566038	1.0	1.0	5544	tags=41%, list=36%, signal=64%	
REACTOME_APOPTOTIC_FACTOR_MEDIATED_RESPONSE	REACTOME_APOPTOTIC_FACTOR_MEDIATED_RESPONSE		17	-0.24250668	-0.70265144	0.86527514	1.0	1.0	4718	tags=53%, list=31%, signal=76%	
REACTOME_SIGNALING_BY_FGFR1	REACTOME_SIGNALING_BY_FGFR1		36	-0.20292932	-0.7025392	0.897747	1.0	1.0	3893	tags=36%, list=25%, signal=48%	
REACTOME_RHOF_GTPASE_CYCLE	REACTOME_RHOF_GTPASE_CYCLE		38	-0.19821462	-0.7013939	0.92086333	1.0	1.0	3513	tags=26%, list=23%, signal=34%	
REACTOME_MRNA_DECAY_BY_3_TO_5_EXORIBONUCLEASE	REACTOME_MRNA_DECAY_BY_3_TO_5_EXORIBONUCLEASE		15	-0.24742885	-0.70111793	0.8773946	1.0	1.0	4139	tags=27%, list=27%, signal=36%	
REACTOME_SIGNALING_BY_HEDGEHOG	REACTOME_SIGNALING_BY_HEDGEHOG		118	-0.1591938	-0.70106566	0.982906	1.0	1.0	2784	tags=16%, list=18%, signal=19%	
BIOCARTA_TOLL_PATHWAY	BIOCARTA_TOLL_PATHWAY		23	-0.21837743	-0.6988595	0.8798521	1.0	1.0	3748	tags=30%, list=24%, signal=40%	
REACTOME_CD28_DEPENDENT_VAV1_PATHWAY	REACTOME_CD28_DEPENDENT_VAV1_PATHWAY		11	-0.27261275	-0.69873816	0.83840305	1.0	1.0	6110	tags=64%, list=40%, signal=105%	
REACTOME_HEDGEHOG_OFF_STATE	REACTOME_HEDGEHOG_OFF_STATE		95	-0.16369435	-0.69730204	0.9727891	1.0	1.0	2662	tags=15%, list=17%, signal=18%	
REACTOME_HEME_SIGNALING	REACTOME_HEME_SIGNALING		10	-0.279858	-0.69597125	0.8180147	1.0	1.0	4221	tags=50%, list=27%, signal=69%	
REACTOME_SIGNALING_BY_TYPE_1_INSULIN_LIKE_GROWTH_FACTOR_1_RECEPTOR_IGF1R	REACTOME_SIGNALING_BY_TYPE_1_INSULIN_LIKE_GROWTH_FACTOR_1_RECEPTOR_IGF1R		24	-0.21661468	-0.69571096	0.89866155	1.0	1.0	383	tags=8%, list=2%, signal=9%	
REACTOME_OPIOID_SIGNALLING	REACTOME_OPIOID_SIGNALLING		55	-0.18117234	-0.6947274	0.94384056	1.0	1.0	1503	tags=11%, list=10%, signal=12%	
REACTOME_RESOLUTION_OF_D_LOOP_STRUCTURES	REACTOME_RESOLUTION_OF_D_LOOP_STRUCTURES		34	-0.19992815	-0.6936169	0.9043321	1.0	1.0	2993	tags=18%, list=19%, signal=22%	
REACTOME_NUCLEOTIDE_BINDING_DOMAIN_LEUCINE_RICH_REPEAT_CONTAINING_RECEPTOR_NLR_SIGNALING_PATHWAYS	REACTOME_NUCLEOTIDE_BINDING_DOMAIN_LEUCINE_RICH_REPEAT_CONTAINING_RECEPTOR_NLR_SIGNALING_PATHWAYS		45	-0.1857245	-0.69253224	0.9368231	1.0	1.0	4371	tags=36%, list=28%, signal=49%	
WP_GLYCOGEN_METABOLISM	WP_GLYCOGEN_METABOLISM		30	-0.20179966	-0.6917847	0.92477065	1.0	1.0	4245	tags=27%, list=28%, signal=37%	
REACTOME_REGULATION_OF_SIGNALING_BY_CBL	REACTOME_REGULATION_OF_SIGNALING_BY_CBL		22	-0.2194828	-0.69082606	0.88724583	1.0	1.0	5443	tags=59%, list=35%, signal=91%	
BIOCARTA_IL2_PATHWAY	BIOCARTA_IL2_PATHWAY		23	-0.21749185	-0.6895049	0.9043152	1.0	1.0	5029	tags=52%, list=33%, signal=77%	
REACTOME_SYNTHESIS_OF_DOLICHYL_PHOSPHATE	REACTOME_SYNTHESIS_OF_DOLICHYL_PHOSPHATE		6	-0.3296621	-0.68754077	0.84090906	1.0	1.0	718	tags=17%, list=5%, signal=17%	
BIOCARTA_RHO_PATHWAY	BIOCARTA_RHO_PATHWAY		18	-0.23514134	-0.6864728	0.8897059	1.0	1.0	4685	tags=33%, list=30%, signal=48%	
REACTOME_ASSOCIATION_OF_TRIC_CCT_WITH_TARGET_PROTEINS_DURING_BIOSYNTHESIS	REACTOME_ASSOCIATION_OF_TRIC_CCT_WITH_TARGET_PROTEINS_DURING_BIOSYNTHESIS		10	-0.27025905	-0.684368	0.87476283	1.0	1.0	556	tags=10%, list=4%, signal=10%	
WP_GLUCURONIDATION	WP_GLUCURONIDATION		6	-0.32531595	-0.683073	0.8503937	1.0	1.0	6152	tags=67%, list=40%, signal=111%	
BIOCARTA_ERAD_PATHWAY	BIOCARTA_ERAD_PATHWAY		14	-0.24432431	-0.6825353	0.8721374	1.0	1.0	4661	tags=36%, list=30%, signal=51%	
BIOCARTA_EDG1_PATHWAY	BIOCARTA_EDG1_PATHWAY		16	-0.2359402	-0.681805	0.9015444	1.0	1.0	817	tags=13%, list=5%, signal=13%	
REACTOME_METHYLATION	REACTOME_METHYLATION		12	-0.25580943	-0.6816755	0.8819048	1.0	1.0	11478	tags=100%, list=74%, signal=391%	
REACTOME_SWITCHING_OF_ORIGINS_TO_A_POST_REPLICATIVE_STATE	REACTOME_SWITCHING_OF_ORIGINS_TO_A_POST_REPLICATIVE_STATE		90	-0.16032046	-0.6812136	0.97236615	1.0	1.0	3817	tags=21%, list=25%, signal=28%	
REACTOME_INTERFERON_GAMMA_SIGNALING	REACTOME_INTERFERON_GAMMA_SIGNALING		18	-0.224105	-0.680781	0.8805395	1.0	1.0	784	tags=11%, list=5%, signal=12%	
WP_HYPOXIADEPENDENT_DIFFERENTIATION_OF_MYOBLASTS	WP_HYPOXIADEPENDENT_DIFFERENTIATION_OF_MYOBLASTS		9	-0.2812159	-0.67314285	0.8639706	1.0	1.0	5126	tags=67%, list=33%, signal=100%	
REACTOME_NEUROTRANSMITTER_RECEPTORS_AND_POSTSYNAPTIC_SIGNAL_TRANSMISSION	REACTOME_NEUROTRANSMITTER_RECEPTORS_AND_POSTSYNAPTIC_SIGNAL_TRANSMISSION		71	-0.16507788	-0.67206806	0.97644925	1.0	1.0	5454	tags=44%, list=35%, signal=67%	
REACTOME_DERMATAN_SULFATE_BIOSYNTHESIS	REACTOME_DERMATAN_SULFATE_BIOSYNTHESIS		5	-0.33237284	-0.6717904	0.8666667	1.0	1.0	3962	tags=60%, list=26%, signal=81%	
REACTOME_SYNAPTIC_ADHESION_LIKE_MOLECULES	REACTOME_SYNAPTIC_ADHESION_LIKE_MOLECULES		11	-0.26378903	-0.6716622	0.87644786	1.0	1.0	2505	tags=27%, list=16%, signal=33%	
REACTOME_CDK_MEDIATED_PHOSPHORYLATION_AND_REMOVAL_OF_CDC6	REACTOME_CDK_MEDIATED_PHOSPHORYLATION_AND_REMOVAL_OF_CDC6		71	-0.16662161	-0.6703595	0.97354496	1.0	1.0	5988	tags=41%, list=39%, signal=66%	
BIOCARTA_PLATELETAPP_PATHWAY	BIOCARTA_PLATELETAPP_PATHWAY		5	-0.32647765	-0.66989803	0.84015596	1.0	1.0	10387	tags=100%, list=67%, signal=306%	
REACTOME_SYNTHESIS_OF_BILE_ACIDS_AND_BILE_SALTS_VIA_7ALPHA_HYDROXYCHOLESTEROL	REACTOME_SYNTHESIS_OF_BILE_ACIDS_AND_BILE_SALTS_VIA_7ALPHA_HYDROXYCHOLESTEROL		9	-0.27423346	-0.6681256	0.86372006	1.0	1.0	823	tags=11%, list=5%, signal=12%	
REACTOME_DNA_DOUBLE_STRAND_BREAK_RESPONSE	REACTOME_DNA_DOUBLE_STRAND_BREAK_RESPONSE		65	-0.16702849	-0.6672052	0.96347827	1.0	1.0	149	tags=5%, list=1%, signal=5%	
WP_APOPTOSIS	WP_APOPTOSIS		72	-0.16416706	-0.66582036	0.98421055	1.0	1.0	2470	tags=14%, list=16%, signal=16%	
BIOCARTA_TCRA_PATHWAY	BIOCARTA_TCRA_PATHWAY		9	-0.27353686	-0.6651542	0.87279844	1.0	1.0	4981	tags=22%, list=32%, signal=33%	
REACTOME_DDX58_IFIH1_MEDIATED_INDUCTION_OF_INTERFERON_ALPHA_BETA	REACTOME_DDX58_IFIH1_MEDIATED_INDUCTION_OF_INTERFERON_ALPHA_BETA		33	-0.19212058	-0.66371584	0.9489603	1.0	1.0	4385	tags=33%, list=28%, signal=46%	
BIOCARTA_EGFR_SMRTE_PATHWAY	BIOCARTA_EGFR_SMRTE_PATHWAY		8	-0.28055257	-0.66356707	0.8636364	1.0	1.0	3794	tags=38%, list=25%, signal=50%	
REACTOME_NONCANONICAL_ACTIVATION_OF_NOTCH3	REACTOME_NONCANONICAL_ACTIVATION_OF_NOTCH3		6	-0.31352195	-0.6626494	0.87250996	1.0	1.0	10587	tags=100%, list=69%, signal=319%	
REACTOME_REGULATION_OF_MITF_M_DEPENDENT_GENES_INVOLVED_IN_PIGMENTATION	REACTOME_REGULATION_OF_MITF_M_DEPENDENT_GENES_INVOLVED_IN_PIGMENTATION		5	-0.3230203	-0.66250366	0.8820116	1.0	1.0	3310	tags=40%, list=21%, signal=51%	
REACTOME_VITAMIN_B2_RIBOFLAVIN_METABOLISM	REACTOME_VITAMIN_B2_RIBOFLAVIN_METABOLISM		6	-0.3115581	-0.65953153	0.8780488	1.0	1.0	4494	tags=50%, list=29%, signal=71%	
REACTOME_BETA_OXIDATION_OF_VERY_LONG_CHAIN_FATTY_ACIDS	REACTOME_BETA_OXIDATION_OF_VERY_LONG_CHAIN_FATTY_ACIDS		10	-0.26983628	-0.6594885	0.88385826	1.0	1.0	5962	tags=60%, list=39%, signal=98%	
BIOCARTA_FXR_PATHWAY	BIOCARTA_FXR_PATHWAY		5	-0.32478637	-0.6585813	0.8882682	1.0	1.0	582	tags=20%, list=4%, signal=21%	
BIOCARTA_ERK_PATHWAY	BIOCARTA_ERK_PATHWAY		20	-0.21604289	-0.65817004	0.9214953	1.0	1.0	3772	tags=40%, list=24%, signal=53%	
REACTOME_REGULATION_OF_CDH11_EXPRESSION_AND_FUNCTION	REACTOME_REGULATION_OF_CDH11_EXPRESSION_AND_FUNCTION		9	-0.27339345	-0.6569606	0.867052	1.0	1.0	5270	tags=44%, list=34%, signal=67%	
REACTOME_CROSS_PRESENTATION_OF_PARTICULATE_EXOGENOUS_ANTIGENS_PHAGOSOMES	REACTOME_CROSS_PRESENTATION_OF_PARTICULATE_EXOGENOUS_ANTIGENS_PHAGOSOMES		7	-0.2910586	-0.6566345	0.8910506	1.0	1.0	787	tags=14%, list=5%, signal=15%	
REACTOME_PHOSPHATE_BOND_HYDROLYSIS_BY_NUDT_PROTEINS	REACTOME_PHOSPHATE_BOND_HYDROLYSIS_BY_NUDT_PROTEINS		7	-0.28725666	-0.6533544	0.8722986	1.0	1.0	4730	tags=43%, list=31%, signal=62%	
BIOCARTA_PLC_PATHWAY	BIOCARTA_PLC_PATHWAY		8	-0.27710974	-0.6532974	0.89361703	1.0	1.0	817	tags=13%, list=5%, signal=13%	
REACTOME_COPI_INDEPENDENT_GOLGI_TO_ER_RETROGRADE_TRAFFIC	REACTOME_COPI_INDEPENDENT_GOLGI_TO_ER_RETROGRADE_TRAFFIC		42	-0.1757853	-0.6531022	0.95811516	1.0	1.0	3040	tags=24%, list=20%, signal=30%	
REACTOME_G2_M_DNA_DAMAGE_CHECKPOINT	REACTOME_G2_M_DNA_DAMAGE_CHECKPOINT		79	-0.15956604	-0.6530415	0.98035717	1.0	1.0	149	tags=4%, list=1%, signal=4%	
REACTOME_APC_C_CDH1_MEDIATED_DEGRADATION_OF_CDC20_AND_OTHER_APC_C_CDH1_TARGETED_PROTEINS_IN_LATE_MITOSIS_EARLY_G1	REACTOME_APC_C_CDH1_MEDIATED_DEGRADATION_OF_CDC20_AND_OTHER_APC_C_CDH1_TARGETED_PROTEINS_IN_LATE_MITOSIS_EARLY_G1		73	-0.16095068	-0.65303975	0.9808362	1.0	1.0	5988	tags=42%, list=39%, signal=69%	
REACTOME_GLYOXYLATE_METABOLISM_AND_GLYCINE_DEGRADATION	REACTOME_GLYOXYLATE_METABOLISM_AND_GLYCINE_DEGRADATION		11	-0.24825066	-0.65241826	0.9099617	1.0	1.0	6571	tags=73%, list=43%, signal=127%	
REACTOME_BETA_OXIDATION_OF_PRISTANOYL_COA	REACTOME_BETA_OXIDATION_OF_PRISTANOYL_COA		8	-0.2786402	-0.6517552	0.88846153	1.0	1.0	2661	tags=25%, list=17%, signal=30%	
REACTOME_ASSEMBLY_OF_THE_PRE_REPLICATIVE_COMPLEX	REACTOME_ASSEMBLY_OF_THE_PRE_REPLICATIVE_COMPLEX		83	-0.1543535	-0.6508338	0.99284434	1.0	1.0	5988	tags=40%, list=39%, signal=65%	
REACTOME_SIGNALING_BY_BMP	REACTOME_SIGNALING_BY_BMP		17	-0.22535092	-0.6496438	0.92293906	1.0	1.0	4399	tags=41%, list=29%, signal=58%	
BIOCARTA_BCELLSURVIVAL_PATHWAY	BIOCARTA_BCELLSURVIVAL_PATHWAY		16	-0.2311718	-0.648277	0.92253524	1.0	1.0	5826	tags=56%, list=38%, signal=90%	
REACTOME_INHIBITION_OF_THE_PROTEOLYTIC_ACTIVITY_OF_APC_C_REQUIRED_FOR_THE_ONSET_OF_ANAPHASE_BY_MITOTIC_SPINDLE_CHECKPOINT_COMPONENTS	REACTOME_INHIBITION_OF_THE_PROTEOLYTIC_ACTIVITY_OF_APC_C_REQUIRED_FOR_THE_ONSET_OF_ANAPHASE_BY_MITOTIC_SPINDLE_CHECKPOINT_COMPONENTS		21	-0.21086961	-0.64669865	0.94756556	1.0	1.0	6098	tags=62%, list=40%, signal=102%	
REACTOME_ACTIVATION_OF_THE_TFAP2_AP_2_FAMILY_OF_TRANSCRIPTION_FACTORS	REACTOME_ACTIVATION_OF_THE_TFAP2_AP_2_FAMILY_OF_TRANSCRIPTION_FACTORS		5	-0.31725544	-0.6453618	0.8966165	1.0	1.0	1170	tags=20%, list=8%, signal=22%	
WP_BMP_SIGNALING_PATHWAY_IN_EYELID_DEVELOPMENT	WP_BMP_SIGNALING_PATHWAY_IN_EYELID_DEVELOPMENT		9	-0.26296043	-0.64524955	0.9152216	1.0	1.0	5107	tags=44%, list=33%, signal=66%	
WP_G13_SIGNALING_PATHWAY	WP_G13_SIGNALING_PATHWAY		32	-0.18746135	-0.6437432	0.95	1.0	1.0	1390	tags=9%, list=9%, signal=10%	
BIOCARTA_CTLA4_PATHWAY	BIOCARTA_CTLA4_PATHWAY		16	-0.22196211	-0.6407513	0.9153846	1.0	1.0	3601	tags=25%, list=23%, signal=33%	
WP_IL2_SIGNALING_PATHWAY	WP_IL2_SIGNALING_PATHWAY		73	-0.15522914	-0.6386493	0.9965217	1.0	1.0	5035	tags=37%, list=33%, signal=55%	
REACTOME_DUAL_INCISION_IN_GG_NER	REACTOME_DUAL_INCISION_IN_GG_NER		42	-0.17871428	-0.63847107	0.9657658	1.0	1.0	4480	tags=33%, list=29%, signal=47%	
REACTOME_ATTENUATION_PHASE	REACTOME_ATTENUATION_PHASE		12	-0.24118885	-0.6356508	0.88909775	1.0	1.0	1694	tags=17%, list=11%, signal=19%	
REACTOME_CATION_COUPLED_CHLORIDE_COTRANSPORTERS	REACTOME_CATION_COUPLED_CHLORIDE_COTRANSPORTERS		6	-0.29644802	-0.6295598	0.9114173	1.0	1.0	3773	tags=33%, list=24%, signal=44%	
REACTOME_MOLYBDENUM_COFACTOR_BIOSYNTHESIS	REACTOME_MOLYBDENUM_COFACTOR_BIOSYNTHESIS		5	-0.3171349	-0.62929237	0.906	1.0	1.0	10531	tags=100%, list=68%, signal=315%	
REACTOME_ORGANIC_ANION_TRANSPORTERS	REACTOME_ORGANIC_ANION_TRANSPORTERS		6	-0.2985985	-0.62912357	0.9132948	1.0	1.0	10817	tags=100%, list=70%, signal=335%	
REACTOME_ANTIGEN_PROCESSING_CROSS_PRESENTATION	REACTOME_ANTIGEN_PROCESSING_CROSS_PRESENTATION		77	-0.15171649	-0.6281085	0.9892473	1.0	1.0	5789	tags=35%, list=38%, signal=56%	
REACTOME_RUNX3_REGULATES_CDKN1A_TRANSCRIPTION	REACTOME_RUNX3_REGULATES_CDKN1A_TRANSCRIPTION		6	-0.29270837	-0.62781733	0.9137931	1.0	1.0	1283	tags=17%, list=8%, signal=18%	
REACTOME_INTRA_GOLGI_TRAFFIC	REACTOME_INTRA_GOLGI_TRAFFIC		34	-0.18058223	-0.62435865	0.96360487	1.0	1.0	5951	tags=50%, list=39%, signal=81%	
REACTOME_CELL_CYCLE_CHECKPOINTS	REACTOME_CELL_CYCLE_CHECKPOINTS		269	-0.12631293	-0.6236372	1.0	1.0	1.0	4700	tags=27%, list=30%, signal=38%	
WP_APOPTOSIS_MODULATION_BY_HSP70	WP_APOPTOSIS_MODULATION_BY_HSP70		15	-0.22277607	-0.62286687	0.922179	1.0	1.0	1999	tags=20%, list=13%, signal=23%	
REACTOME_CHONDROITIN_SULFATE_DERMATAN_SULFATE_METABOLISM	REACTOME_CHONDROITIN_SULFATE_DERMATAN_SULFATE_METABOLISM		35	-0.17723209	-0.62215745	0.9697509	1.0	1.0	3962	tags=31%, list=26%, signal=42%	
WP_SREBF_AND_MIR33_IN_CHOLESTEROL_AND_LIPID_HOMEOSTASIS	WP_SREBF_AND_MIR33_IN_CHOLESTEROL_AND_LIPID_HOMEOSTASIS		10	-0.2445618	-0.6208812	0.92350745	1.0	1.0	3433	tags=30%, list=22%, signal=39%	
REACTOME_ACTIVATION_OF_APC_C_AND_APC_C_CDC20_MEDIATED_DEGRADATION_OF_MITOTIC_PROTEINS	REACTOME_ACTIVATION_OF_APC_C_AND_APC_C_CDC20_MEDIATED_DEGRADATION_OF_MITOTIC_PROTEINS		75	-0.15010294	-0.617438	0.9894366	1.0	1.0	5988	tags=43%, list=39%, signal=69%	
REACTOME_FATTY_ACYL_COA_BIOSYNTHESIS	REACTOME_FATTY_ACYL_COA_BIOSYNTHESIS		25	-0.19145025	-0.61734366	0.9526412	1.0	1.0	2076	tags=16%, list=13%, signal=18%	
REACTOME_CHK1_CHK2_CDS1_MEDIATED_INACTIVATION_OF_CYCLIN_B_CDK1_COMPLEX	REACTOME_CHK1_CHK2_CDS1_MEDIATED_INACTIVATION_OF_CYCLIN_B_CDK1_COMPLEX		12	-0.23787828	-0.61391515	0.9257143	1.0	1.0	3351	tags=33%, list=22%, signal=43%	
REACTOME_VITAMIN_B5_PANTOTHENATE_METABOLISM	REACTOME_VITAMIN_B5_PANTOTHENATE_METABOLISM		14	-0.22173116	-0.61166453	0.92789376	1.0	1.0	3801	tags=29%, list=25%, signal=38%	
REACTOME_APC_CDC20_MEDIATED_DEGRADATION_OF_NEK2A	REACTOME_APC_CDC20_MEDIATED_DEGRADATION_OF_NEK2A		27	-0.18573521	-0.6115811	0.9530686	1.0	1.0	6098	tags=63%, list=40%, signal=104%	
BIOCARTA_ATM_PATHWAY	BIOCARTA_ATM_PATHWAY		19	-0.20833252	-0.61068356	0.9435337	1.0	1.0	4514	tags=37%, list=29%, signal=52%	
BIOCARTA_DSP_PATHWAY	BIOCARTA_DSP_PATHWAY		8	-0.26317218	-0.60209465	0.92777777	1.0	1.0	3682	tags=50%, list=24%, signal=66%	
REACTOME_SYNTHESIS_OF_VERY_LONG_CHAIN_FATTY_ACYL_COAS	REACTOME_SYNTHESIS_OF_VERY_LONG_CHAIN_FATTY_ACYL_COAS		16	-0.21262267	-0.60042864	0.9411765	1.0	1.0	1874	tags=19%, list=12%, signal=21%	
REACTOME_DNA_DOUBLE_STRAND_BREAK_REPAIR	REACTOME_DNA_DOUBLE_STRAND_BREAK_REPAIR		152	-0.13034728	-0.59893274	1.0	1.0	1.0	5146	tags=31%, list=33%, signal=46%	
REACTOME_REGULATION_OF_NF_KAPPA_B_SIGNALING	REACTOME_REGULATION_OF_NF_KAPPA_B_SIGNALING		17	-0.20225166	-0.5946335	0.93703705	1.0	1.0	1218	tags=12%, list=8%, signal=13%	
REACTOME_DISPLACEMENT_OF_DNA_GLYCOSYLASE_BY_APEX1	REACTOME_DISPLACEMENT_OF_DNA_GLYCOSYLASE_BY_APEX1		9	-0.24162091	-0.59338564	0.9599237	1.0	1.0	939	tags=11%, list=6%, signal=12%	
REACTOME_SYNTHESIS_OF_PIPS_AT_THE_ER_MEMBRANE	REACTOME_SYNTHESIS_OF_PIPS_AT_THE_ER_MEMBRANE		5	-0.28663167	-0.59292793	0.93227094	1.0	1.0	1703	tags=20%, list=11%, signal=22%	
REACTOME_EICOSANOID_LIGAND_BINDING_RECEPTORS	REACTOME_EICOSANOID_LIGAND_BINDING_RECEPTORS		9	-0.24399738	-0.5917213	0.9429658	1.0	1.0	5883	tags=67%, list=38%, signal=108%	
REACTOME_FOXO_MEDIATED_TRANSCRIPTION_OF_CELL_CYCLE_GENES	REACTOME_FOXO_MEDIATED_TRANSCRIPTION_OF_CELL_CYCLE_GENES		6	-0.27734458	-0.58945405	0.94785845	1.0	1.0	2729	tags=33%, list=18%, signal=40%	
REACTOME_WNT_MEDIATED_ACTIVATION_OF_DVL	REACTOME_WNT_MEDIATED_ACTIVATION_OF_DVL		8	-0.24904166	-0.58521706	0.9441233	1.0	1.0	5865	tags=63%, list=38%, signal=101%	
REACTOME_ETHANOL_OXIDATION	REACTOME_ETHANOL_OXIDATION		7	-0.26159152	-0.58353245	0.938343	1.0	1.0	2812	tags=29%, list=18%, signal=35%	
REACTOME_CRMPS_IN_SEMA3A_SIGNALING	REACTOME_CRMPS_IN_SEMA3A_SIGNALING		10	-0.22961718	-0.5753051	0.9528302	1.0	1.0	2855	tags=30%, list=19%, signal=37%	
BIOCARTA_CDK5_PATHWAY	BIOCARTA_CDK5_PATHWAY		9	-0.2403054	-0.5727625	0.93536806	1.0	1.0	5901	tags=67%, list=38%, signal=108%	
BIOCARTA_GABA_PATHWAY	BIOCARTA_GABA_PATHWAY		6	-0.26615626	-0.5725337	0.9398058	1.0	1.0	11317	tags=100%, list=73%, signal=376%	
REACTOME_NEGATIVE_FEEDBACK_REGULATION_OF_MAPK_PATHWAY	REACTOME_NEGATIVE_FEEDBACK_REGULATION_OF_MAPK_PATHWAY		6	-0.26485857	-0.5625856	0.94208497	1.0	1.0	11337	tags=100%, list=74%, signal=378%	
REACTOME_SEMA4D_MEDIATED_INHIBITION_OF_CELL_ATTACHMENT_AND_MIGRATION	REACTOME_SEMA4D_MEDIATED_INHIBITION_OF_CELL_ATTACHMENT_AND_MIGRATION		8	-0.23978016	-0.56167763	0.964684	1.0	1.0	2292	tags=25%, list=15%, signal=29%	
REACTOME_DEGRADATION_OF_BETA_CATENIN_BY_THE_DESTRUCTION_COMPLEX	REACTOME_DEGRADATION_OF_BETA_CATENIN_BY_THE_DESTRUCTION_COMPLEX		78	-0.134946	-0.5612865	0.99649125	1.0	1.0	1727	tags=9%, list=11%, signal=10%	
BIOCARTA_IFNA_PATHWAY	BIOCARTA_IFNA_PATHWAY		7	-0.2509778	-0.5600657	0.95555556	1.0	1.0	3645	tags=29%, list=24%, signal=37%	
WP_EBV_LMP1_SIGNALING	WP_EBV_LMP1_SIGNALING		19	-0.18955545	-0.5598927	0.97900766	1.0	1.0	3456	tags=21%, list=22%, signal=27%	
BIOCARTA_IL17_PATHWAY	BIOCARTA_IL17_PATHWAY		9	-0.2338244	-0.55945903	0.9709865	1.0	1.0	11816	tags=100%, list=77%, signal=428%	
WP_NOTCH_SIGNALING_PATHWAY	WP_NOTCH_SIGNALING_PATHWAY		42	-0.15304092	-0.55005115	0.99636364	1.0	1.0	3794	tags=26%, list=25%, signal=35%	
BIOCARTA_PYK2_PATHWAY	BIOCARTA_PYK2_PATHWAY		25	-0.17196871	-0.549213	0.98571426	1.0	1.0	3772	tags=32%, list=24%, signal=42%	
REACTOME_KSRP_KHSRP_BINDS_AND_DESTABILIZES_MRNA	REACTOME_KSRP_KHSRP_BINDS_AND_DESTABILIZES_MRNA		14	-0.19929889	-0.54918945	0.9757009	1.0	1.0	12349	tags=100%, list=80%, signal=502%	
REACTOME_NR1H2_AND_NR1H3_MEDIATED_SIGNALING	REACTOME_NR1H2_AND_NR1H3_MEDIATED_SIGNALING		12	-0.20960978	-0.5434801	0.9751908	1.0	1.0	4304	tags=42%, list=28%, signal=58%	
REACTOME_ERKS_ARE_INACTIVATED	REACTOME_ERKS_ARE_INACTIVATED		13	-0.19511881	-0.54107606	0.9836066	1.0	1.0	3966	tags=31%, list=26%, signal=41%	
REACTOME_MISMATCH_REPAIR_MMR_DIRECTED_BY_MSH2_MSH3_MUTSBETA	REACTOME_MISMATCH_REPAIR_MMR_DIRECTED_BY_MSH2_MSH3_MUTSBETA		10	-0.21785627	-0.5349887	0.97597045	1.0	1.0	5060	tags=50%, list=33%, signal=74%	
REACTOME_SIGNALING_BY_ACTIVIN	REACTOME_SIGNALING_BY_ACTIVIN		9	-0.22282599	-0.53471375	0.98043054	1.0	1.0	4399	tags=44%, list=29%, signal=62%	
REACTOME_RHO_GTPASES_ACTIVATE_PAKS	REACTOME_RHO_GTPASES_ACTIVATE_PAKS		17	-0.18422979	-0.5311362	0.971537	1.0	1.0	3791	tags=29%, list=25%, signal=39%	
REACTOME_RHOH_GTPASE_CYCLE	REACTOME_RHOH_GTPASE_CYCLE		31	-0.1534499	-0.5307941	0.98876405	1.0	1.0	5989	tags=48%, list=39%, signal=79%	
REACTOME_CYCLIN_A_CDK2_ASSOCIATED_EVENTS_AT_S_PHASE_ENTRY	REACTOME_CYCLIN_A_CDK2_ASSOCIATED_EVENTS_AT_S_PHASE_ENTRY		70	-0.13164328	-0.52843744	1.0	1.0	1.0	1579	tags=9%, list=10%, signal=10%	
REACTOME_POLYMERASE_SWITCHING_ON_THE_C_STRAND_OF_THE_TELOMERE	REACTOME_POLYMERASE_SWITCHING_ON_THE_C_STRAND_OF_THE_TELOMERE		25	-0.16312055	-0.5189223	0.98479086	1.0	1.0	5710	tags=36%, list=37%, signal=57%	
REACTOME_FORMATION_OF_THE_EARLY_ELONGATION_COMPLEX	REACTOME_FORMATION_OF_THE_EARLY_ELONGATION_COMPLEX		32	-0.15046147	-0.51602846	0.99463326	1.0	1.0	13104	tags=100%, list=85%, signal=665%	
BIOCARTA_RANMS_PATHWAY	BIOCARTA_RANMS_PATHWAY		9	-0.20981245	-0.50504005	0.9697543	1.0	1.0	12186	tags=100%, list=79%, signal=477%	
REACTOME_COBALAMIN_CBL_VITAMIN_B12_TRANSPORT_AND_METABOLISM	REACTOME_COBALAMIN_CBL_VITAMIN_B12_TRANSPORT_AND_METABOLISM		13	-0.19136645	-0.5029116	0.9864865	1.0	1.0	12471	tags=100%, list=81%, signal=523%	
REACTOME_SIGNALING_BY_NODAL	REACTOME_SIGNALING_BY_NODAL		6	-0.23356904	-0.50043154	0.9862205	1.0	1.0	1276	tags=17%, list=8%, signal=18%	
BIOCARTA_CHEMICAL_PATHWAY	BIOCARTA_CHEMICAL_PATHWAY		18	-0.16625369	-0.4851099	0.99607074	1.0	1.0	1299	tags=11%, list=8%, signal=12%	
WP_ETHANOL_METABOLISM_RESULTING_IN_PRODUCTION_OF_ROS_BY_CYP2E1	WP_ETHANOL_METABOLISM_RESULTING_IN_PRODUCTION_OF_ROS_BY_CYP2E1		9	-0.1989147	-0.47233906	0.98703706	1.0	1.0	783	tags=11%, list=5%, signal=12%	
REACTOME_UB_SPECIFIC_PROCESSING_PROTEASES	REACTOME_UB_SPECIFIC_PROCESSING_PROTEASES		169	-0.10048398	-0.47027507	1.0	1.0	1.0	2809	tags=12%, list=18%, signal=14%	
BIOCARTA_GH_PATHWAY	BIOCARTA_GH_PATHWAY		24	-0.14901485	-0.46884656	0.9946808	1.0	1.0	5429	tags=46%, list=35%, signal=71%	
REACTOME_VXPX_CARGO_TARGETING_TO_CILIUM	REACTOME_VXPX_CARGO_TARGETING_TO_CILIUM		16	-0.15458371	-0.44842863	1.0	1.0	1.0	545	tags=6%, list=4%, signal=6%	
REACTOME_FGFR2_ALTERNATIVE_SPLICING	REACTOME_FGFR2_ALTERNATIVE_SPLICING		17	-0.15141875	-0.44259	0.99444443	1.0	1.0	13087	tags=100%, list=85%, signal=661%	
REACTOME_PI3K_AKT_ACTIVATION	REACTOME_PI3K_AKT_ACTIVATION		6	-0.20195411	-0.42382726	0.9980952	1.0	1.0	1390	tags=17%, list=9%, signal=18%	
REACTOME_GLYCOSPHINGOLIPID_TRANSPORT	REACTOME_GLYCOSPHINGOLIPID_TRANSPORT		7	-0.18664484	-0.42140684	1.0	1.0	1.0	1456	tags=14%, list=9%, signal=16%	
REACTOME_SCF_SKP2_MEDIATED_DEGRADATION_OF_P27_P21	REACTOME_SCF_SKP2_MEDIATED_DEGRADATION_OF_P27_P21		58	-0.104577556	-0.4100553	1.0	1.0	1.0	5721	tags=31%, list=37%, signal=49%	
REACTOME_RECEPTOR_TYPE_TYROSINE_PROTEIN_PHOSPHATASES	REACTOME_RECEPTOR_TYPE_TYROSINE_PROTEIN_PHOSPHATASES		8	-0.17624386	-0.40034562	0.998062	0.99942935	1.0	5594	tags=50%, list=36%, signal=78%	
