NAME	# MATCHING PROBE SETS	MATCHING PROBE SET(S)	
Adora2b	1	ENSMUSG00000018500	
Adora2a	1	ENSMUSG00000020178	
Gm4342	1	ENSMUSG00000083911	
Trbd1	1	ENSMUSG00000095668	
Rrp1	1	ENSMUSG00000061032	
Trbd2	1	ENSMUSG00000094569	
Fam50a	1	ENSMUSG00000001962	
Vps35	1	ENSMUSG00000031696	
Elk1	1	ENSMUSG00000009406	
Vps36	1	ENSMUSG00000031479	
Cyb561d2	1	ENSMUSG00000037190	
Cyb561d1	1	ENSMUSG00000048796	
Elk3	1	ENSMUSG00000008398	
Rrp9	1	ENSMUSG00000041506	
Tektip1	1	ENSMUSG00000020234	
Rrp8	1	ENSMUSG00000030888	
Vps39	1	ENSMUSG00000027291	
Vps29	1	ENSMUSG00000029462	
Elk4	1	ENSMUSG00000026436	
Abcb6	1	ENSMUSG00000026198	
Abcb7	1	ENSMUSG00000031333	
Abcb4	1	ENSMUSG00000042476	
Osbpl11	1	ENSMUSG00000022807	
Abcb8	1	ENSMUSG00000028973	
Tcp11l1	1	ENSMUSG00000027175	
Abcb9	1	ENSMUSG00000029408	
Tcp11l2	1	ENSMUSG00000020034	
Tent4a	1	ENSMUSG00000034575	
Tent4b	1	ENSMUSG00000036779	
Pcnx3	1	ENSMUSG00000054874	
Gm5682	1	ENSMUSG00000092265	
Pcnx4	1	ENSMUSG00000034501	
Gm4353	1	ENSMUSG00000091900	
Hus1	1	ENSMUSG00000020413	
Vps25	1	ENSMUSG00000078656	
Gm31410	1	ENSMUSG00000111324	
Vps28	1	ENSMUSG00000115987	
Abcc3	1	ENSMUSG00000020865	
Chid1	1	ENSMUSG00000025512	
Vps18	1	ENSMUSG00000034216	
Abcc4	1	ENSMUSG00000032849	
Abcc1	1	ENSMUSG00000023088	
Abcc5	1	ENSMUSG00000022822	
Tent5a	1	ENSMUSG00000032265	
Art2b	1	ENSMUSG00000030651	
Art2a	1	ENSMUSG00000092517	
Tent5c	1	ENSMUSG00000044468	
Gm19774	1	ENSMUSG00000099488	
Gm6981	1	ENSMUSG00000098076	
Gm20768	1	ENSMUSG00000106190	
D030055H07Rik	1	ENSMUSG00000086296	
Mcam	1	ENSMUSG00000032135	
Gm6988	1	ENSMUSG00000113198	
Vps11	1	ENSMUSG00000032127	
Mcat	1	ENSMUSG00000048755	
Ankra2	1	ENSMUSG00000021661	
Vps16	1	ENSMUSG00000027411	
Abr	1	ENSMUSG00000017631	
Wdhd1	1	ENSMUSG00000037572	
Bcam	1	ENSMUSG00000002980	
Chic2	1	ENSMUSG00000029229	
Chic1	1	ENSMUSG00000031327	
Rrs1	1	ENSMUSG00000061024	
Gm20762	1	ENSMUSG00000118197	
Nfe2	1	ENSMUSG00000058794	
Ace	1	ENSMUSG00000020681	
Plk3	1	ENSMUSG00000028680	
Acd	1	ENSMUSG00000038000	
Gm6992	1	ENSMUSG00000112546	
Plk4	1	ENSMUSG00000025758	
Gm4332	1	ENSMUSG00000106037	
Plk1	1	ENSMUSG00000030867	
Plk2	1	ENSMUSG00000021701	
Trbc2	1	ENSMUSG00000076498	
Trbc1	1	ENSMUSG00000076490	
Bmpr1a	1	ENSMUSG00000021796	
Cyb561a3	1	ENSMUSG00000034445	
Ell2	1	ENSMUSG00000001542	
Ell3	1	ENSMUSG00000027246	
Abca1	1	ENSMUSG00000015243	
Abca2	1	ENSMUSG00000026944	
Abca5	1	ENSMUSG00000018800	
Abca3	1	ENSMUSG00000024130	
Abca9	1	ENSMUSG00000041797	
Gm44705	1	ENSMUSG00000108506	
Abca7	1	ENSMUSG00000035722	
Ada	1	ENSMUSG00000017697	
Glcci1	1	ENSMUSG00000029638	
Rrp12	1	ENSMUSG00000035049	
Adk	1	ENSMUSG00000039197	
Adm	1	ENSMUSG00000030790	
6430590A07Rik	1	ENSMUSG00000097583	
Ado	1	ENSMUSG00000057134	
Rrp15	1	ENSMUSG00000001305	
Rpl37rt	1	ENSMUSG00000072692	
Zik1	1	ENSMUSG00000030393	
Nup85	1	ENSMUSG00000020739	
Edrf1	1	ENSMUSG00000039990	
Gm19705	1	ENSMUSG00000097113	
Aen	1	ENSMUSG00000030609	
Nup88	1	ENSMUSG00000040667	
Diras2	1	ENSMUSG00000047842	
Irak1bp1	1	ENSMUSG00000032251	
Appbp2os	1	ENSMUSG00000085628	
Zfp335os	1	ENSMUSG00000085436	
Nup93	1	ENSMUSG00000032939	
Lmbr1	1	ENSMUSG00000010721	
Gm4366	1	ENSMUSG00000107383	
Ctla4	1	ENSMUSG00000026011	
Ep300	1	ENSMUSG00000055024	
Gemin6	1	ENSMUSG00000055760	
Gemin7	1	ENSMUSG00000044709	
Gm18407	1	ENSMUSG00000104517	
Afp	1	ENSMUSG00000054932	
Gemin4	1	ENSMUSG00000049396	
Nup98	1	ENSMUSG00000063550	
Rrp36	1	ENSMUSG00000023971	
Gemin5	1	ENSMUSG00000037275	
Gemin8	1	ENSMUSG00000040621	
Tbccd1	1	ENSMUSG00000004462	
Nfib	1	ENSMUSG00000008575	
Nfia	1	ENSMUSG00000028565	
Acvrl1	1	ENSMUSG00000000530	
Nfic	1	ENSMUSG00000055053	
Lrrc3	1	ENSMUSG00000051652	
Rrp1b	1	ENSMUSG00000058392	
Fosb	1	ENSMUSG00000003545	
Aga	1	ENSMUSG00000031521	
Lrrc1	1	ENSMUSG00000032352	
Ankrd9	1	ENSMUSG00000037904	
Agk	1	ENSMUSG00000029916	
Agl	1	ENSMUSG00000033400	
Elp2	1	ENSMUSG00000024271	
Elp1	1	ENSMUSG00000028431	
Scand1	1	ENSMUSG00000046229	
Elp4	1	ENSMUSG00000027167	
Elp3	1	ENSMUSG00000022031	
Elp6	1	ENSMUSG00000054836	
Elp5	1	ENSMUSG00000018565	
A930024E05Rik	1	ENSMUSG00000056735	
Mcee	1	ENSMUSG00000033429	
Gemin2	1	ENSMUSG00000060121	
Eloa	1	ENSMUSG00000028668	
Plp2	1	ENSMUSG00000031146	
Eloc	1	ENSMUSG00000079658	
Elob	1	ENSMUSG00000055839	
Plp1	1	ENSMUSG00000031425	
Gm3055	1	ENSMUSG00000094622	
Atxn3	1	ENSMUSG00000021189	
Atxn1	1	ENSMUSG00000046876	
Atxn2	1	ENSMUSG00000042605	
Antkmt	1	ENSMUSG00000057411	
Atxn7	1	ENSMUSG00000021738	
Ripply3	1	ENSMUSG00000022941	
Rimbp3	1	ENSMUSG00000071636	
B930059L03Rik	1	ENSMUSG00000113361	
Ahr	1	ENSMUSG00000019256	
Mtrex	1	ENSMUSG00000016018	
Oip5	1	ENSMUSG00000072980	
Pls3	1	ENSMUSG00000016382	
Pls1	1	ENSMUSG00000049493	
Cerox1	1	ENSMUSG00000091475	
Nfix	1	ENSMUSG00000001911	
Gm42141	1	ENSMUSG00000105826	
Mtrf1	1	ENSMUSG00000022022	
Ak3	1	ENSMUSG00000024782	
Cfl1	1	ENSMUSG00000056201	
Aip	1	ENSMUSG00000024847	
Ak2	1	ENSMUSG00000028792	
Cfl2	1	ENSMUSG00000062929	
Gm5602	1	ENSMUSG00000086108	
Gm6934	1	ENSMUSG00000103753	
Gm6937	1	ENSMUSG00000117856	
Ak6	1	ENSMUSG00000078941	
Ak8	1	ENSMUSG00000026807	
Thg1l	1	ENSMUSG00000011254	
6430571L13Rik	1	ENSMUSG00000037977	
Cnot11	1	ENSMUSG00000003135	
Eif4ebp2	1	ENSMUSG00000020091	
Gm6900	1	ENSMUSG00000093826	
Eif4ebp1	1	ENSMUSG00000031490	
Gm31462	1	ENSMUSG00000115976	
1500015A07Rik	1	ENSMUSG00000098702	
Angel2	1	ENSMUSG00000026634	
Angel1	1	ENSMUSG00000021257	
Cnot10	1	ENSMUSG00000056167	
Vsig10	1	ENSMUSG00000066894	
Mcl1	1	ENSMUSG00000038612	
Gm6916	1	ENSMUSG00000108608	
Bcl9	1	ENSMUSG00000038256	
Bcl6	1	ENSMUSG00000022508	
Bcl3	1	ENSMUSG00000053175	
Bcl2	1	ENSMUSG00000057329	
Tsen2	1	ENSMUSG00000042389	
Pdlim3	1	ENSMUSG00000031636	
Pdlim2	1	ENSMUSG00000022090	
Pdlim1	1	ENSMUSG00000055044	
Mcm7	1	ENSMUSG00000029730	
Vps72	1	ENSMUSG00000008958	
Mcm8	1	ENSMUSG00000027353	
Gm19791	1	ENSMUSG00000097214	
Mcm9	1	ENSMUSG00000058298	
Tnks1bp1	1	ENSMUSG00000033955	
Birc3	1	ENSMUSG00000032000	
Birc2	1	ENSMUSG00000057367	
Gm5637	1	ENSMUSG00000046993	
Pdlim7	1	ENSMUSG00000021493	
Birc6	1	ENSMUSG00000024073	
Gm6969	1	ENSMUSG00000066553	
Birc5	1	ENSMUSG00000017716	
Pdlim5	1	ENSMUSG00000028273	
Pdlim4	1	ENSMUSG00000020388	
Got2-ps1	1	ENSMUSG00000080935	
A930007A09Rik	1	ENSMUSG00000118559	
Nfkbil1	1	ENSMUSG00000042419	
Gm20775	1	ENSMUSG00000075359	
Amn	1	ENSMUSG00000021278	
Rrp7a	1	ENSMUSG00000018040	
Dis3	1	ENSMUSG00000033166	
Gm5643	1	ENSMUSG00000083311	
Gm6975	1	ENSMUSG00000118059	
Gm5644	1	ENSMUSG00000100104	
Them4	1	ENSMUSG00000028145	
Amt	1	ENSMUSG00000032607	
Gm4316	1	ENSMUSG00000110537	
Them6	1	ENSMUSG00000056665	
Gm5648	1	ENSMUSG00000083668	
Gm6978	1	ENSMUSG00000118133	
Fam53a	1	ENSMUSG00000037339	
Gm31452	1	ENSMUSG00000114311	
Fam53b	1	ENSMUSG00000030956	
Fam53c	1	ENSMUSG00000034300	
Vps4a	1	ENSMUSG00000031913	
Vps4b	1	ENSMUSG00000009907	
Mcm3	1	ENSMUSG00000041859	
Mcm4	1	ENSMUSG00000022673	
Xcl1	1	ENSMUSG00000026573	
Mcm5	1	ENSMUSG00000005410	
Mcm6	1	ENSMUSG00000026355	
Pltp	1	ENSMUSG00000017754	
Ank	1	ENSMUSG00000022265	
Mcm2	1	ENSMUSG00000002870	
Inafm2	1	ENSMUSG00000074918	
Inafm1	1	ENSMUSG00000091811	
Vps50	1	ENSMUSG00000001376	
Vps51	1	ENSMUSG00000024797	
Vps52	1	ENSMUSG00000024319	
Gm5611	1	ENSMUSG00000090602	
Vps53	1	ENSMUSG00000017288	
Gm5612	1	ENSMUSG00000074501	
Vps54	1	ENSMUSG00000020128	
Osbpl1a	1	ENSMUSG00000044252	
Gm5614	1	ENSMUSG00000066771	
D2hgdh	1	ENSMUSG00000073609	
Gm5616	1	ENSMUSG00000063543	
Gm5617	1	ENSMUSG00000042293	
Nfs1	1	ENSMUSG00000027618	
Lrrk1	1	ENSMUSG00000015133	
C1d	1	ENSMUSG00000000581	
Lrrk2	1	ENSMUSG00000036273	
Arrb2	1	ENSMUSG00000060216	
Arrb1	1	ENSMUSG00000018909	
Bco2	1	ENSMUSG00000032066	
Gm43403	1	ENSMUSG00000105676	
Bod1l	1	ENSMUSG00000061755	
Gm6951	1	ENSMUSG00000118217	
Mtrfr	1	ENSMUSG00000047635	
Gm5620	1	ENSMUSG00000056904	
Tspear	1	ENSMUSG00000069581	
Gm5621	1	ENSMUSG00000101597	
Vps41	1	ENSMUSG00000041236	
Iars1	1	ENSMUSG00000037851	
Vps45	1	ENSMUSG00000015747	
Gm5626	1	ENSMUSG00000113660	
Iars2	1	ENSMUSG00000026618	
Gm5628	1	ENSMUSG00000113750	
Dpagt1	1	ENSMUSG00000032123	
Itih5	1	ENSMUSG00000025780	
Apc	1	ENSMUSG00000005871	
Mpc1-ps	1	ENSMUSG00000091498	
Hk1os	1	ENSMUSG00000085347	
Mrto4-ps1	1	ENSMUSG00000113749	
App	1	ENSMUSG00000022892	
Enox2	1	ENSMUSG00000031109	
Abcb10	1	ENSMUSG00000031974	
Surf6	1	ENSMUSG00000036160	
Fnip1	1	ENSMUSG00000035992	
Fnip2	1	ENSMUSG00000061175	
Sh3glb1	1	ENSMUSG00000037062	
Sh3glb2	1	ENSMUSG00000026860	
Nfu1	1	ENSMUSG00000029993	
Fbxl12os	1	ENSMUSG00000062470	
Cxxc1	1	ENSMUSG00000024560	
Gsap	1	ENSMUSG00000039934	
Bcor	1	ENSMUSG00000040363	
Scamp3	1	ENSMUSG00000028049	
Cxxc5	1	ENSMUSG00000046668	
Scamp2	1	ENSMUSG00000040188	
Scamp1	1	ENSMUSG00000021687	
Aqr	1	ENSMUSG00000040383	
Grpel2	1	ENSMUSG00000024580	
Vps37a	1	ENSMUSG00000031600	
Vps37b	1	ENSMUSG00000066278	
Vps37c	1	ENSMUSG00000048832	
Grpel1	1	ENSMUSG00000029198	
Vps37d	1	ENSMUSG00000043614	
Trbv1	1	ENSMUSG00000076461	
C4b	1	ENSMUSG00000073418	
Cnot6l	1	ENSMUSG00000034724	
Arc	1	ENSMUSG00000022602	
Svbp	1	ENSMUSG00000028643	
Hnrnpr	1	ENSMUSG00000066037	
Hnrnpu	1	ENSMUSG00000039630	
Saxo4	1	ENSMUSG00000035179	
Maskbp3	1	ENSMUSG00000117942	
Gse1	1	ENSMUSG00000031822	
Asl	1	ENSMUSG00000025533	
Ilrun	1	ENSMUSG00000056692	
Acer2	1	ENSMUSG00000038007	
Xcr1	1	ENSMUSG00000060509	
Acer3	1	ENSMUSG00000030760	
Surf1	1	ENSMUSG00000015790	
Surf2	1	ENSMUSG00000014873	
Hnrnpc	1	ENSMUSG00000060373	
Lrrn3	1	ENSMUSG00000036295	
Hnrnpd	1	ENSMUSG00000000568	
Lrrn4	1	ENSMUSG00000043110	
Surf4	1	ENSMUSG00000014867	
Hnrnpf	1	ENSMUSG00000042079	
Atm	1	ENSMUSG00000034218	
Hnrnpk	1	ENSMUSG00000021546	
Paics	1	ENSMUSG00000029247	
Atr	1	ENSMUSG00000032409	
Hnrnpl	1	ENSMUSG00000015165	
Hnrnpm	1	ENSMUSG00000059208	
Pcdhb22	1	ENSMUSG00000073591	
H2ax	1	ENSMUSG00000049932	
Aldh3a2	1	ENSMUSG00000010025	
Rsf1	1	ENSMUSG00000035623	
D030016M11Rik	1	ENSMUSG00000121251	
Auh	1	ENSMUSG00000021460	
Rsrc2	1	ENSMUSG00000029422	
Mirt1	1	ENSMUSG00000097636	
Pdrg1	1	ENSMUSG00000027472	
Tyk2	1	ENSMUSG00000032175	
Rsrc1	1	ENSMUSG00000034544	
H2aj	1	ENSMUSG00000060032	
C8g	1	ENSMUSG00000015083	
Nfx1	1	ENSMUSG00000028423	
Rsl24d1	1	ENSMUSG00000032215	
Svil	1	ENSMUSG00000024236	
A230072C01Rik	1	ENSMUSG00000086877	
Nfyb	1	ENSMUSG00000020248	
Deptor	1	ENSMUSG00000022419	
Gapdhrt	1	ENSMUSG00000097148	
Nfya	1	ENSMUSG00000023994	
Nfyc	1	ENSMUSG00000032897	
Scn11a	1	ENSMUSG00000034115	
5530601H04Rik	1	ENSMUSG00000087174	
Lmcd1	1	ENSMUSG00000057604	
Svip	1	ENSMUSG00000074093	
Abcb1a	1	ENSMUSG00000040584	
Abcb1b	1	ENSMUSG00000028970	
Sec14l1	1	ENSMUSG00000020823	
Sec14l2	1	ENSMUSG00000003585	
Emc2	1	ENSMUSG00000022337	
Qpct	1	ENSMUSG00000024084	
Emc1	1	ENSMUSG00000078517	
Emc4	1	ENSMUSG00000027131	
Tmub1	1	ENSMUSG00000028958	
Emc3	1	ENSMUSG00000030286	
Emc6	1	ENSMUSG00000047260	
Emc8	1	ENSMUSG00000031819	
Emc7	1	ENSMUSG00000055943	
Emc9	1	ENSMUSG00000022217	
Tmub2	1	ENSMUSG00000034757	
Mcub	1	ENSMUSG00000027994	
Axl	1	ENSMUSG00000002602	
Aarsd1	1	ENSMUSG00000075528	
Pbld2	1	ENSMUSG00000020072	
Creg2	1	ENSMUSG00000050967	
Creg1	1	ENSMUSG00000040713	
Rsrp1	1	ENSMUSG00000037266	
Timm17a	1	ENSMUSG00000062580	
Timm17b	1	ENSMUSG00000031158	
Eme2	1	ENSMUSG00000073436	
Eme1	1	ENSMUSG00000039055	
Dkkl1	1	ENSMUSG00000030792	
Tyms	1	ENSMUSG00000025747	
Rpl26-ps2	1	ENSMUSG00000066489	
Eif4a3l2	1	ENSMUSG00000107906	
4930562C15Rik	1	ENSMUSG00000022518	
Actmap	1	ENSMUSG00000078786	
2310010J17Rik	1	ENSMUSG00000097162	
Gm4285	1	ENSMUSG00000085829	
Rsl1	1	ENSMUSG00000058900	
2810449D17Rik	1	ENSMUSG00000120362	
E230029C05Rik	1	ENSMUSG00000097585	
Gm19815	1	ENSMUSG00000093716	
Rccd1	1	ENSMUSG00000038930	
A130010J15Rik	1	ENSMUSG00000079144	
Gm19810	1	ENSMUSG00000111897	
Pmf1	1	ENSMUSG00000028066	
Xxylt1	1	ENSMUSG00000047434	
Csf2rb2	1	ENSMUSG00000071714	
Emg1	1	ENSMUSG00000004268	
1500002C15Rik	1	ENSMUSG00000096221	
Gm4294	1	ENSMUSG00000078377	
Tom1l2	1	ENSMUSG00000000538	
Tom1l1	1	ENSMUSG00000020541	
Aldh3b1	1	ENSMUSG00000024885	
Nsfl1c	1	ENSMUSG00000027455	
Aldh3b3	1	ENSMUSG00000037263	
Tarm1	1	ENSMUSG00000053338	
Aldh3b2	1	ENSMUSG00000075296	
D830025C05Rik	1	ENSMUSG00000043794	
Fpgt	1	ENSMUSG00000053870	
Fpgs	1	ENSMUSG00000009566	
mt-Cytb	1	ENSMUSG00000064370	
Tvp23b	1	ENSMUSG00000014177	
Tvp23a	1	ENSMUSG00000050908	
1110019D14Rik	1	ENSMUSG00000097616	
Zap70	1	ENSMUSG00000026117	
Aqp11	1	ENSMUSG00000042797	
Sdf2l1	1	ENSMUSG00000022769	
Cdadc1	1	ENSMUSG00000021982	
Cgas	1	ENSMUSG00000032344	
Baiap2	1	ENSMUSG00000025372	
Cks1b	1	ENSMUSG00000028044	
Creb1	1	ENSMUSG00000025958	
Creb3	1	ENSMUSG00000028466	
Pmel	1	ENSMUSG00000025359	
Atp5mc1	1	ENSMUSG00000006057	
Vps33a	1	ENSMUSG00000029434	
Vps33b	1	ENSMUSG00000030534	
Atp5mc3	1	ENSMUSG00000018770	
Atp5mc2	1	ENSMUSG00000062683	
Hapstr1	1	ENSMUSG00000022507	
Enpep	1	ENSMUSG00000028024	
Fundc2	1	ENSMUSG00000031198	
Fundc1	1	ENSMUSG00000025040	
A930016O22Rik	1	ENSMUSG00000040705	
Trav16d-dv11	1	ENSMUSG00000076796	
Hmg20a	1	ENSMUSG00000032329	
Hmg20b	1	ENSMUSG00000020232	
Rps19-ps10	1	ENSMUSG00000089800	
Trbv3	1	ENSMUSG00000076463	
Trbv2	1	ENSMUSG00000076462	
Donson	1	ENSMUSG00000022960	
Tyw1	1	ENSMUSG00000056310	
Kcnab1	1	ENSMUSG00000027827	
Kcnab2	1	ENSMUSG00000028931	
Pot1b	1	ENSMUSG00000024174	
Kcnab3	1	ENSMUSG00000018470	
Pot1a	1	ENSMUSG00000029676	
Bad	1	ENSMUSG00000024959	
Shld3	1	ENSMUSG00000118537	
Timm10b	1	ENSMUSG00000089847	
Shld1	1	ENSMUSG00000044991	
Shld2	1	ENSMUSG00000041471	
Arhgap27os3	1	ENSMUSG00000085887	
Ctnnbip1	1	ENSMUSG00000028988	
Vps35l	1	ENSMUSG00000030982	
BC004004	1	ENSMUSG00000052712	
Bax	1	ENSMUSG00000003873	
Dennd3	1	ENSMUSG00000036661	
Gm17212	1	ENSMUSG00000090941	
Lman1	1	ENSMUSG00000041891	
Mdc1	1	ENSMUSG00000061607	
Gm18541	1	ENSMUSG00000110768	
Gm6883	1	ENSMUSG00000117515	
Gm4221	1	ENSMUSG00000096948	
Gm5552	1	ENSMUSG00000106558	
Ptdss1	1	ENSMUSG00000021518	
Stmp1	1	ENSMUSG00000073155	
Gm5555	1	ENSMUSG00000083477	
Lman2	1	ENSMUSG00000021484	
Ngdn	1	ENSMUSG00000022204	
Ptdss2	1	ENSMUSG00000025495	
Gm5558	1	ENSMUSG00000096726	
Gm5559	1	ENSMUSG00000096617	
Smim20	1	ENSMUSG00000061461	
Smim15	1	ENSMUSG00000071180	
Smim14	1	ENSMUSG00000037822	
Smim13	1	ENSMUSG00000091264	
Dapl1	1	ENSMUSG00000026989	
Gm32856	1	ENSMUSG00000110605	
Smim19	1	ENSMUSG00000031534	
Bbx	1	ENSMUSG00000022641	
Rnf113a1	1	ENSMUSG00000036537	
Rab11b	1	ENSMUSG00000077450	
Rab11a	1	ENSMUSG00000004771	
Rnf113a2	1	ENSMUSG00000098134	
U2surp	1	ENSMUSG00000032407	
Gm5560	1	ENSMUSG00000067161	
Gm5561	1	ENSMUSG00000096474	
Supt3	1	ENSMUSG00000038954	
Supt5	1	ENSMUSG00000003435	
Smim30	1	ENSMUSG00000052419	
Tyw3	1	ENSMUSG00000047583	
Tyw5	1	ENSMUSG00000048495	
Smim33	1	ENSMUSG00000073598	
Eml3	1	ENSMUSG00000071647	
Sec61g-ps2	1	ENSMUSG00000081562	
Eml2	1	ENSMUSG00000040811	
Bcr	1	ENSMUSG00000009681	
Eml5	1	ENSMUSG00000051166	
Smim27	1	ENSMUSG00000028407	
Eml4	1	ENSMUSG00000032624	
Smim26	1	ENSMUSG00000074754	
Eml6	1	ENSMUSG00000044072	
Smim24	1	ENSMUSG00000078439	
Snap47	1	ENSMUSG00000009894	
Dapk1	1	ENSMUSG00000021559	
Smim29	1	ENSMUSG00000062753	
Dapk2	1	ENSMUSG00000032380	
Dapk3	1	ENSMUSG00000034974	
Supt6	1	ENSMUSG00000002052	
Gabarap	1	ENSMUSG00000018567	
Gm5530	1	ENSMUSG00000087008	
Gm6863	1	ENSMUSG00000043483	
Gm4202	1	ENSMUSG00000091421	
Gm5533	1	ENSMUSG00000056699	
Stmn1	1	ENSMUSG00000028832	
Fpr1	1	ENSMUSG00000045551	
Gm4204	1	ENSMUSG00000079139	
Fpr2	1	ENSMUSG00000052270	
Rspry1	1	ENSMUSG00000050079	
Gm17235	1	ENSMUSG00000080180	
2310040G24Rik	1	ENSMUSG00000101655	
Gm32834	1	ENSMUSG00000112959	
Gm31504	1	ENSMUSG00000120252	
Rsu1	1	ENSMUSG00000026727	
Atp6-ps	1	ENSMUSG00000100862	
Igsf23	1	ENSMUSG00000040498	
Gm5540	1	ENSMUSG00000048916	
Myadml2	1	ENSMUSG00000025141	
Pmm2	1	ENSMUSG00000022711	
Pmm1	1	ENSMUSG00000022474	
Gm5547	1	ENSMUSG00000104835	
Gm17229	1	ENSMUSG00000092051	
Smim12	1	ENSMUSG00000042380	
Aaas	1	ENSMUSG00000036678	
Gm17227	1	ENSMUSG00000091558	
Smim11	1	ENSMUSG00000051989	
Ifi202b	1	ENSMUSG00000026535	
Snap29	1	ENSMUSG00000022765	
Dnttip2	1	ENSMUSG00000039756	
Dnttip1	1	ENSMUSG00000017299	
Snap23	1	ENSMUSG00000027287	
Manbal	1	ENSMUSG00000063019	
Or11a2-ps1	1	ENSMUSG00000092340	
Rpusd4	1	ENSMUSG00000032044	
Rpusd2	1	ENSMUSG00000027324	
Rpusd3	1	ENSMUSG00000051169	
Lad1	1	ENSMUSG00000041782	
Rpusd1	1	ENSMUSG00000041199	
Tigd3	1	ENSMUSG00000044390	
Moap1	1	ENSMUSG00000096458	
Tigd2	1	ENSMUSG00000049232	
Tigd5	1	ENSMUSG00000103906	
Emp1	1	ENSMUSG00000030208	
Tlr11	1	ENSMUSG00000051969	
Tlr12	1	ENSMUSG00000062545	
Emp3	1	ENSMUSG00000040212	
Emp2	1	ENSMUSG00000022505	
Tlr13	1	ENSMUSG00000033777	
Aacs	1	ENSMUSG00000029482	
Bdh1	1	ENSMUSG00000046598	
Cyp20a1	1	ENSMUSG00000049439	
Aldh1l1	1	ENSMUSG00000030088	
Aldh1l2	1	ENSMUSG00000020256	
Mir22hg	1	ENSMUSG00000085148	
2010001A14Rik	1	ENSMUSG00000087165	
Gm4242	1	ENSMUSG00000117740	
Gm5576	1	ENSMUSG00000108045	
Gm5578	1	ENSMUSG00000029633	
Champ1	1	ENSMUSG00000047710	
Mef2d	1	ENSMUSG00000001419	
Nfam1	1	ENSMUSG00000058099	
Pms2	1	ENSMUSG00000079109	
Bid	1	ENSMUSG00000004446	
Pms1	1	ENSMUSG00000026098	
Ecpas	1	ENSMUSG00000050812	
Hinfp	1	ENSMUSG00000032119	
Gm19840	1	ENSMUSG00000091194	
Pcmt1	1	ENSMUSG00000019795	
Gm5586	1	ENSMUSG00000108366	
Mdh1	1	ENSMUSG00000020321	
Bik	1	ENSMUSG00000016758	
Gm5587	1	ENSMUSG00000108518	
Mdh2	1	ENSMUSG00000019179	
Qprt	1	ENSMUSG00000030674	
Mef2a	1	ENSMUSG00000030557	
Mef2b	1	ENSMUSG00000079033	
Tigar	1	ENSMUSG00000038028	
Mef2c	1	ENSMUSG00000005583	
Gm32803	1	ENSMUSG00000120088	
Asrgl1	1	ENSMUSG00000024654	
2610306M01Rik	1	ENSMUSG00000100164	
Brme1	1	ENSMUSG00000008129	
Rcan1	1	ENSMUSG00000022951	
Rcan2	1	ENSMUSG00000039601	
Rcan3	1	ENSMUSG00000059713	
Gm6807	1	ENSMUSG00000057605	
Emsy	1	ENSMUSG00000035401	
Luzp1	1	ENSMUSG00000001089	
Pptc7	1	ENSMUSG00000038582	
Snord58b	1	ENSMUSG00000064871	
Rita1	1	ENSMUSG00000029600	
Cdkal1	1	ENSMUSG00000006191	
H2-Ab1	1	ENSMUSG00000073421	
2010309G21Rik	1	ENSMUSG00000106567	
Lag3	1	ENSMUSG00000030124	
Snrnp70	1	ENSMUSG00000063511	
Dzank1	1	ENSMUSG00000037259	
Mtmr10	1	ENSMUSG00000030522	
Mtmr14	1	ENSMUSG00000030269	
Mtmr12	1	ENSMUSG00000039458	
Snord59a	1	ENSMUSG00000064778	
Trak1	1	ENSMUSG00000032536	
Traip	1	ENSMUSG00000032586	
Trak2	1	ENSMUSG00000026028	
Blk	1	ENSMUSG00000014453	
Snrnp40	1	ENSMUSG00000074088	
Blm	1	ENSMUSG00000030528	
Snrnp48	1	ENSMUSG00000021431	
Rnu2-10	1	ENSMUSG00000118837	
Rps18-ps1	1	ENSMUSG00000083914	
Bmf	1	ENSMUSG00000040093	
Rps18-ps3	1	ENSMUSG00000057657	
Mdn1	1	ENSMUSG00000058006	
Apmap	1	ENSMUSG00000033096	
Dhcr7	1	ENSMUSG00000058454	
Bmx	1	ENSMUSG00000031377	
Fam43a	1	ENSMUSG00000046546	
Mpdu1	1	ENSMUSG00000018761	
BE692007	1	ENSMUSG00000099757	
Natd1	1	ENSMUSG00000018931	
Mdm2	1	ENSMUSG00000020184	
Aak1	1	ENSMUSG00000057230	
Mdm4	1	ENSMUSG00000054387	
Mdm1	1	ENSMUSG00000020212	
Traf7	1	ENSMUSG00000052752	
Erlec1	1	ENSMUSG00000020311	
Gm18584	1	ENSMUSG00000107853	
Traf4	1	ENSMUSG00000017386	
Gm5510	1	ENSMUSG00000083458	
Traf3	1	ENSMUSG00000021277	
Gm5511	1	ENSMUSG00000100615	
Traf6	1	ENSMUSG00000027164	
Gm5512	1	ENSMUSG00000112693	
Traf5	1	ENSMUSG00000026637	
Gm5513	1	ENSMUSG00000063586	
Snrnp25	1	ENSMUSG00000040767	
Snrnp27	1	ENSMUSG00000001158	
Gm17259	1	ENSMUSG00000097793	
Gm5518	1	ENSMUSG00000068466	
Gm18588	1	ENSMUSG00000093402	
Tradd	1	ENSMUSG00000031887	
Hus1b	1	ENSMUSG00000076430	
Traf2	1	ENSMUSG00000026942	
Traf1	1	ENSMUSG00000026875	
Mdp1	1	ENSMUSG00000002329	
Xlr4e-ps	1	ENSMUSG00000081357	
Gm17241	1	ENSMUSG00000115938	
Gm5521	1	ENSMUSG00000118252	
Gm5525	1	ENSMUSG00000099492	
Gm5526	1	ENSMUSG00000084817	
Gm17249	1	ENSMUSG00000097309	
Gm5529	1	ENSMUSG00000067106	
Snrnp35	1	ENSMUSG00000029402	
Gm30211	1	ENSMUSG00000105646	
Pmvk	1	ENSMUSG00000027952	
Bdp1	1	ENSMUSG00000049658	
Gm6822	1	ENSMUSG00000061863	
U2af1	1	ENSMUSG00000061613	
Tigit	1	ENSMUSG00000071552	
Tapt1	1	ENSMUSG00000046985	
Gm6829	1	ENSMUSG00000083670	
Gm6828	1	ENSMUSG00000109488	
Trabd	1	ENSMUSG00000015363	
Gm29257	1	ENSMUSG00000100228	
U2af2	1	ENSMUSG00000030435	
Taf9-ps	1	ENSMUSG00000080969	
Rps6-ps3	1	ENSMUSG00000082465	
Rps6-ps4	1	ENSMUSG00000081406	
Rps6-ps1	1	ENSMUSG00000063875	
Rps6-ps2	1	ENSMUSG00000056772	
Gm5500	1	ENSMUSG00000117484	
Spag1	1	ENSMUSG00000037617	
Emilin1	1	ENSMUSG00000029163	
Gm5503	1	ENSMUSG00000117730	
Emilin2	1	ENSMUSG00000024053	
Gm30239	1	ENSMUSG00000114115	
Gm5509	1	ENSMUSG00000117669	
Ngrn	1	ENSMUSG00000047084	
Spag9	1	ENSMUSG00000020859	
Nfat5	1	ENSMUSG00000003847	
Spag7	1	ENSMUSG00000018287	
Spag5	1	ENSMUSG00000002055	
Spag4	1	ENSMUSG00000038180	
Aamp	1	ENSMUSG00000006299	
Spart	1	ENSMUSG00000036580	
Fcho1	1	ENSMUSG00000070000	
Gpatch11	1	ENSMUSG00000050668	
Fcho2	1	ENSMUSG00000041685	
Lrrfip1	1	ENSMUSG00000026305	
Lrrfip2	1	ENSMUSG00000032497	
Bsg	1	ENSMUSG00000023175	
Bsn	1	ENSMUSG00000032589	
Spast	1	ENSMUSG00000024068	
Phlpp1	1	ENSMUSG00000044340	
Fermt3	1	ENSMUSG00000024965	
Phlpp2	1	ENSMUSG00000031732	
Sirpb1a	1	ENSMUSG00000095788	
Btd	1	ENSMUSG00000021900	
Sirpb1b	1	ENSMUSG00000095028	
Btk	1	ENSMUSG00000031264	
Hip1r	1	ENSMUSG00000000915	
Coq10a	1	ENSMUSG00000039914	
Coq10b	1	ENSMUSG00000025981	
1110006O24Rik	1	ENSMUSG00000107121	
Lap3	1	ENSMUSG00000039682	
5830411K02Rik	1	ENSMUSG00000105421	
H3c8	1	ENSMUSG00000099517	
Hint1	1	ENSMUSG00000020267	
Hint2	1	ENSMUSG00000028470	
Tbxa2r	1	ENSMUSG00000034881	
Hint3	1	ENSMUSG00000019791	
Rtf2	1	ENSMUSG00000027502	
Rtf1	1	ENSMUSG00000027304	
AU022252	1	ENSMUSG00000078584	
Wapl	1	ENSMUSG00000041408	
Trap1	1	ENSMUSG00000005981	
Swi5	1	ENSMUSG00000044627	
Chtf18	1	ENSMUSG00000019214	
Plxna4os1	1	ENSMUSG00000086763	
Secisbp2l	1	ENSMUSG00000035093	
Aar2	1	ENSMUSG00000027628	
Rtcb	1	ENSMUSG00000001783	
Rtca	1	ENSMUSG00000000339	
Sec62	1	ENSMUSG00000027706	
Akt2-ps	1	ENSMUSG00000084347	
Sec63	1	ENSMUSG00000019802	
D7Bwg0826e	1	ENSMUSG00000109198	
Sparc	1	ENSMUSG00000018593	
H3c1	1	ENSMUSG00000069265	
H3c3	1	ENSMUSG00000069310	
H3c2	1	ENSMUSG00000069267	
Rpl36al	1	ENSMUSG00000049751	
H3c4	1	ENSMUSG00000099583	
H3c7	1	ENSMUSG00000100210	
H3c6	1	ENSMUSG00000069273	
Cmya5	1	ENSMUSG00000047419	
2900005J15Rik	1	ENSMUSG00000043833	
Spc24	1	ENSMUSG00000074476	
Spc25	1	ENSMUSG00000005233	
Enc1	1	ENSMUSG00000041773	
H3f5	1	ENSMUSG00000063314	
2810036E18Rik	1	ENSMUSG00000120148	
Nploc4	1	ENSMUSG00000039703	
Spty2d1	1	ENSMUSG00000049516	
Aatk	1	ENSMUSG00000025375	
Aatf	1	ENSMUSG00000018697	
Lat2	1	ENSMUSG00000040751	
Rps24-ps2	1	ENSMUSG00000069125	
Tmtc3	1	ENSMUSG00000036676	
Tmtc2	1	ENSMUSG00000036019	
Rps24-ps3	1	ENSMUSG00000081049	
Rcc1l	1	ENSMUSG00000061979	
Tmtc4	1	ENSMUSG00000041594	
1700084E18Rik	1	ENSMUSG00000100747	
Garnl3	1	ENSMUSG00000038860	
Sirpb1c	1	ENSMUSG00000074677	
Sec13	1	ENSMUSG00000030298	
Klhdc8b	1	ENSMUSG00000032609	
Gpatch2l	1	ENSMUSG00000021254	
Fabp4	1	ENSMUSG00000062515	
Fabp5	1	ENSMUSG00000027533	
Wasl	1	ENSMUSG00000029684	
G730013B05Rik	1	ENSMUSG00000097694	
Gm54266	1	ENSMUSG00000120187	
Tram1	1	ENSMUSG00000025935	
Mis12	1	ENSMUSG00000040599	
Tram2	1	ENSMUSG00000041779	
Gm20900	1	ENSMUSG00000078180	
Gm4189	1	ENSMUSG00000092384	
Nup35	1	ENSMUSG00000026999	
Rtl6	1	ENSMUSG00000055745	
Rtl5	1	ENSMUSG00000049191	
Nup37	1	ENSMUSG00000035351	
4933406I18Rik	1	ENSMUSG00000087475	
Dmrt2	1	ENSMUSG00000048138	
Dmrt3	1	ENSMUSG00000042372	
Pnck	1	ENSMUSG00000002012	
Rplp0-ps1	1	ENSMUSG00000081640	
Sp110-ps1	1	ENSMUSG00000079455	
Sp110-ps2	1	ENSMUSG00000082088	
Chil3	1	ENSMUSG00000040809	
Lax1	1	ENSMUSG00000051998	
Nup43	1	ENSMUSG00000040034	
1110059E24Rik	1	ENSMUSG00000035171	
Chil5	1	ENSMUSG00000043873	
Lekr1	1	ENSMUSG00000074579	
Dkc1	1	ENSMUSG00000031403	
Sox5os3	1	ENSMUSG00000085785	
Dscc1	1	ENSMUSG00000022422	
Hebp1	1	ENSMUSG00000042770	
Rtn3	1	ENSMUSG00000024758	
Rtn2	1	ENSMUSG00000030401	
Rtn1	1	ENSMUSG00000021087	
Gm5497	1	ENSMUSG00000117256	
Gm5499	1	ENSMUSG00000071035	
Nup50	1	ENSMUSG00000016619	
Aplnr	1	ENSMUSG00000044338	
Nup54	1	ENSMUSG00000034826	
Nup58	1	ENSMUSG00000114797	
Rtn4	1	ENSMUSG00000020458	
Mpeg1	1	ENSMUSG00000046805	
Isg20	1	ENSMUSG00000039236	
Nup62	1	ENSMUSG00000109511	
Azin2	1	ENSMUSG00000028789	
Magohb	1	ENSMUSG00000030188	
Pds5b	1	ENSMUSG00000034021	
Isg15	1	ENSMUSG00000035692	
Pds5a	1	ENSMUSG00000029202	
Azin1	1	ENSMUSG00000037458	
Rtp4	1	ENSMUSG00000033355	
1810006J02Rik	1	ENSMUSG00000100182	
1700052K11Rik	1	ENSMUSG00000099681	
Clec5a	1	ENSMUSG00000029915	
1500004A13Rik	1	ENSMUSG00000098912	
Abcf2	1	ENSMUSG00000028953	
Mea1	1	ENSMUSG00000002768	
Abcf3	1	ENSMUSG00000003234	
Abcf1	1	ENSMUSG00000038762	
Igbp1	1	ENSMUSG00000031221	
Clec4n	1	ENSMUSG00000023349	
Srsf3-ps	1	ENSMUSG00000078134	
Clec4d	1	ENSMUSG00000030144	
Cad	1	ENSMUSG00000013629	
Abcg3	1	ENSMUSG00000029299	
Abcg4	1	ENSMUSG00000032131	
Cilk1	1	ENSMUSG00000009828	
Clec4e	1	ENSMUSG00000030142	
Abcg1	1	ENSMUSG00000024030	
AA986860	1	ENSMUSG00000042510	
Abcg2	1	ENSMUSG00000029802	
Clec4g	1	ENSMUSG00000074491	
Nim1k	1	ENSMUSG00000095930	
Chd1	1	ENSMUSG00000023852	
Chd2	1	ENSMUSG00000078671	
Chd3	1	ENSMUSG00000018474	
Chd4	1	ENSMUSG00000063870	
Aplp1	1	ENSMUSG00000006651	
Aplp2	1	ENSMUSG00000031996	
Cat	1	ENSMUSG00000027187	
Chd6	1	ENSMUSG00000057133	
Chd7	1	ENSMUSG00000041235	
Chd8	1	ENSMUSG00000053754	
Chd9	1	ENSMUSG00000056608	
Klhdc10	1	ENSMUSG00000029775	
Ighd1-1	1	ENSMUSG00000076630	
Cbl	1	ENSMUSG00000034342	
Abcd1	1	ENSMUSG00000031378	
Mutyh	1	ENSMUSG00000028687	
Abcd4	1	ENSMUSG00000021240	
Cd2	1	ENSMUSG00000027863	
Pnkd	1	ENSMUSG00000026179	
Abcd2	1	ENSMUSG00000055782	
Cd4	1	ENSMUSG00000023274	
Abcd3	1	ENSMUSG00000028127	
Cd6	1	ENSMUSG00000024670	
Cd5	1	ENSMUSG00000024669	
Trat1	1	ENSMUSG00000030775	
Cd7	1	ENSMUSG00000025163	
Cd9	1	ENSMUSG00000030342	
Ccp110	1	ENSMUSG00000033904	
Atraid	1	ENSMUSG00000013622	
Ptma-ps2	1	ENSMUSG00000084274	
Swt1	1	ENSMUSG00000052748	
Chdh	1	ENSMUSG00000015970	
Clec2g	1	ENSMUSG00000000248	
Trav2	1	ENSMUSG00000076759	
Clec2i	1	ENSMUSG00000030365	
Abce1	1	ENSMUSG00000058355	
Clec2d	1	ENSMUSG00000030157	
Cstdc5	1	ENSMUSG00000071561	
Cstdc4	1	ENSMUSG00000079597	
Nr2c2ap	1	ENSMUSG00000071078	
Ccs	1	ENSMUSG00000034108	
Ebna1bp2	1	ENSMUSG00000028729	
Afg3l2	1	ENSMUSG00000024527	
Afg3l1	1	ENSMUSG00000031967	
Gm5431	1	ENSMUSG00000058163	
Mecr	1	ENSMUSG00000028910	
Gm45805	1	ENSMUSG00000110626	
Gm5436	1	ENSMUSG00000042962	
Rpl35	1	ENSMUSG00000062997	
Gm6767	1	ENSMUSG00000081453	
Rpl36	1	ENSMUSG00000057863	
Eno1	1	ENSMUSG00000063524	
Rpl37	1	ENSMUSG00000041841	
Rpl38	1	ENSMUSG00000057322	
Eno3	1	ENSMUSG00000060600	
Rpl39	1	ENSMUSG00000079641	
Eno2	1	ENSMUSG00000004267	
Eno4	1	ENSMUSG00000048029	
Gstk1	1	ENSMUSG00000029864	
Lmbr1l	1	ENSMUSG00000022999	
Rpl30	1	ENSMUSG00000058600	
Rpl31	1	ENSMUSG00000073702	
Shmt2	1	ENSMUSG00000025403	
Suclg1	1	ENSMUSG00000052738	
Rpl32	1	ENSMUSG00000057841	
Rpl34	1	ENSMUSG00000062006	
Shmt1	1	ENSMUSG00000020534	
Suclg2	1	ENSMUSG00000061838	
9330159M07Rik	1	ENSMUSG00000097177	
Med1	1	ENSMUSG00000018160	
Pnkp	1	ENSMUSG00000002963	
Gm5446	1	ENSMUSG00000050243	
Gm6776	1	ENSMUSG00000047509	
Kcna3	1	ENSMUSG00000047959	
Kcna2	1	ENSMUSG00000040724	
Med8	1	ENSMUSG00000006392	
Rpl24	1	ENSMUSG00000098274	
Med9	1	ENSMUSG00000061650	
Rpl26	1	ENSMUSG00000060938	
Abat	1	ENSMUSG00000057880	
Rpl27	1	ENSMUSG00000063316	
Med4	1	ENSMUSG00000022109	
Rpl28	1	ENSMUSG00000030432	
Gm19503	1	ENSMUSG00000100551	
Rpl29	1	ENSMUSG00000048758	
Med6	1	ENSMUSG00000002679	
Dkk3	1	ENSMUSG00000030772	
Med7	1	ENSMUSG00000020397	
Chfr	1	ENSMUSG00000014668	
Zfp780b	1	ENSMUSG00000063047	
Rpl21	1	ENSMUSG00000041453	
Rpl22	1	ENSMUSG00000028936	
Rpl23	1	ENSMUSG00000071415	
Ube2l6	1	ENSMUSG00000027078	
Cfb	1	ENSMUSG00000090231	
Ube2l3	1	ENSMUSG00000038965	
Rab22a	1	ENSMUSG00000027519	
Gm20522	1	ENSMUSG00000092241	
As3mt	1	ENSMUSG00000003559	
Gm6740	1	ENSMUSG00000115785	
Cfh	1	ENSMUSG00000026365	
B130034C11Rik	1	ENSMUSG00000093606	
Pnp2	1	ENSMUSG00000068417	
Vopp1	1	ENSMUSG00000037788	
Gm6745	1	ENSMUSG00000105866	
Slco2a1	1	ENSMUSG00000032548	
Cfp	1	ENSMUSG00000001128	
Gstm7	1	ENSMUSG00000004035	
Gstm5	1	ENSMUSG00000004032	
C2	1	ENSMUSG00000024371	
C3	1	ENSMUSG00000024164	
Ar	1	ENSMUSG00000046532	
Gstm4	1	ENSMUSG00000027890	
Rab7-ps1	1	ENSMUSG00000111686	
Gstm1	1	ENSMUSG00000058135	
C6	1	ENSMUSG00000022181	
B3glct	1	ENSMUSG00000051950	
4930434J08Rik	1	ENSMUSG00000120343	
Csnk2a1-ps3	1	ENSMUSG00000101523	
Rpl3l	1	ENSMUSG00000002500	
Cdkn2aipnl	1	ENSMUSG00000020392	
Gm20513	1	ENSMUSG00000092415	
Gm5421	1	ENSMUSG00000097245	
Gm5422	1	ENSMUSG00000039684	
Gm20517	1	ENSMUSG00000023984	
Gm6755	1	ENSMUSG00000105194	
Pno1	1	ENSMUSG00000020116	
Gm5424	1	ENSMUSG00000046687	
Gm5425	1	ENSMUSG00000111875	
Gm6756	1	ENSMUSG00000063514	
Slco2b1	1	ENSMUSG00000030737	
Hmgn2-ps1	1	ENSMUSG00000079067	
Spaca9	1	ENSMUSG00000026809	
Spaca6	1	ENSMUSG00000080316	
Terf2ip	1	ENSMUSG00000033430	
Rpl41	1	ENSMUSG00000093674	
Spaca1	1	ENSMUSG00000028264	
Ppwd1	1	ENSMUSG00000021713	
Rttn	1	ENSMUSG00000023066	
Gm5472	1	ENSMUSG00000096157	
Gm5473	1	ENSMUSG00000095812	
Nat8f4	1	ENSMUSG00000068299	
Supt20	1	ENSMUSG00000027751	
Nat8f1	1	ENSMUSG00000057103	
Gm4149	1	ENSMUSG00000074800	
Chm	1	ENSMUSG00000025531	
G0s2	1	ENSMUSG00000009633	
Poglut3	1	ENSMUSG00000034487	
Sft2d2	1	ENSMUSG00000040848	
Sft2d1	1	ENSMUSG00000073468	
Cp	1	ENSMUSG00000003617	
Mnat1	1	ENSMUSG00000021103	
Cs	1	ENSMUSG00000005683	
Gsto1	1	ENSMUSG00000025068	
Poglut1	1	ENSMUSG00000034064	
Gsto2	1	ENSMUSG00000025069	
Poglut2	1	ENSMUSG00000026047	
Sp140l2	1	ENSMUSG00000052477	
Rab27a	1	ENSMUSG00000032202	
Ube2g2	1	ENSMUSG00000009293	
Sp140l1	1	ENSMUSG00000089844	
Ube2g1	1	ENSMUSG00000020794	
Cic	1	ENSMUSG00000005442	
Sdad1	1	ENSMUSG00000029415	
Gm5481	1	ENSMUSG00000115882	
Gm5487	1	ENSMUSG00000116912	
Gm4157	1	ENSMUSG00000110348	
Orai3	1	ENSMUSG00000043964	
Orai1	1	ENSMUSG00000049686	
Orai2	1	ENSMUSG00000039747	
Rps12-ps3	1	ENSMUSG00000067038	
Mefv	1	ENSMUSG00000022534	
Cit	1	ENSMUSG00000029516	
F5	1	ENSMUSG00000026579	
Rps12-ps9	1	ENSMUSG00000069862	
F8	1	ENSMUSG00000031196	
F9	1	ENSMUSG00000031138	
Gstp2	1	ENSMUSG00000038155	
Gstp3	1	ENSMUSG00000058216	
Gstp1	1	ENSMUSG00000060803	
Chka	1	ENSMUSG00000024843	
Pnpo	1	ENSMUSG00000018659	
Chkb	1	ENSMUSG00000022617	
Gm5492	1	ENSMUSG00000117295	
Gm21811	1	ENSMUSG00000096401	
Gm5451	1	ENSMUSG00000095847	
Gm5452	1	ENSMUSG00000114687	
Chml	1	ENSMUSG00000078185	
Gm21814	1	ENSMUSG00000096299	
Gm5457	1	ENSMUSG00000021741	
Gm6787	1	ENSMUSG00000086404	
Rpl13	1	ENSMUSG00000000740	
Gm6789	1	ENSMUSG00000117875	
Prdx2-ps1	1	ENSMUSG00000082431	
Rpl14	1	ENSMUSG00000025794	
Kcnb1	1	ENSMUSG00000050556	
Rpl15	1	ENSMUSG00000012405	
Rpl17	1	ENSMUSG00000062328	
Rpl18	1	ENSMUSG00000059070	
Rpl19	1	ENSMUSG00000017404	
Scaper	1	ENSMUSG00000034007	
Akirin1	1	ENSMUSG00000023075	
Akirin2	1	ENSMUSG00000028291	
Ptafr	1	ENSMUSG00000056529	
Rpl10	1	ENSMUSG00000008682	
Rpl11	1	ENSMUSG00000059291	
Rpl12	1	ENSMUSG00000038900	
Ly6g5b	1	ENSMUSG00000043807	
Ckb	1	ENSMUSG00000001270	
Gm4130	1	ENSMUSG00000114579	
Gm6794	1	ENSMUSG00000107591	
Chn2	1	ENSMUSG00000004633	
Kcnc3	1	ENSMUSG00000062785	
Kcnc1	1	ENSMUSG00000058975	
Mitd1	1	ENSMUSG00000026088	
Supt16	1	ENSMUSG00000035726	
Abi3	1	ENSMUSG00000018381	
Abi2	1	ENSMUSG00000026782	
Abi1	1	ENSMUSG00000058835	
Ensa	1	ENSMUSG00000038619	
Ube2j2	1	ENSMUSG00000023286	
Ube2j1	1	ENSMUSG00000028277	
Gh	1	ENSMUSG00000020713	
Leng1	1	ENSMUSG00000078813	
Hoxaas3	1	ENSMUSG00000085696	
Gk	1	ENSMUSG00000025059	
Rbakdn	1	ENSMUSG00000104529	
Clasp1	1	ENSMUSG00000064302	
Clasp2	1	ENSMUSG00000033392	
Kcnh7	1	ENSMUSG00000059742	
Clu	1	ENSMUSG00000022037	
Gm31243	1	ENSMUSG00000104710	
Kcnh4	1	ENSMUSG00000035355	
Kcnh3	1	ENSMUSG00000037579	
Kcnh2	1	ENSMUSG00000038319	
Pias3	1	ENSMUSG00000028101	
Pias4	1	ENSMUSG00000004934	
Melk	1	ENSMUSG00000035683	
Lrtm2	1	ENSMUSG00000055003	
Chpf	1	ENSMUSG00000032997	
Pias1	1	ENSMUSG00000032405	
Men1	1	ENSMUSG00000024947	
Pias2	1	ENSMUSG00000025423	
Gm19587	1	ENSMUSG00000100701	
Ldlrap1	1	ENSMUSG00000037295	
Gm19585	1	ENSMUSG00000100150	
Chp1	1	ENSMUSG00000014077	
Gm19582	1	ENSMUSG00000101942	
Nsmce4a	1	ENSMUSG00000040331	
Hp	1	ENSMUSG00000031722	
Hr	1	ENSMUSG00000022096	
Rnf41	1	ENSMUSG00000025373	
Ubiad1	1	ENSMUSG00000047719	
Kcnj2	1	ENSMUSG00000041695	
Rnf40	1	ENSMUSG00000030816	
Dgat2	1	ENSMUSG00000030747	
Kcnj1	1	ENSMUSG00000041248	
2310033P09Rik	1	ENSMUSG00000020441	
Dgat1	1	ENSMUSG00000022555	
Gstt2	1	ENSMUSG00000033318	
Leng8	1	ENSMUSG00000035545	
Gstt3	1	ENSMUSG00000001665	
Leng9	1	ENSMUSG00000043432	
Nhp2	1	ENSMUSG00000001056	
Gm20570	1	ENSMUSG00000118164	
Gstt1	1	ENSMUSG00000001663	
Zc3h11a	1	ENSMUSG00000102976	
Rnf44	1	ENSMUSG00000034928	
Rnf43	1	ENSMUSG00000034177	
Ik	1	ENSMUSG00000024474	
Eny2	1	ENSMUSG00000022338	
Cnp	1	ENSMUSG00000006782	
Gm18284	1	ENSMUSG00000092325	
Dmtf1	1	ENSMUSG00000042508	
Ube2v2	1	ENSMUSG00000022674	
Ube2v1	1	ENSMUSG00000078923	
Sdr39u1	1	ENSMUSG00000022223	
Fam32a	1	ENSMUSG00000003039	
Gm33887	1	ENSMUSG00000121042	
Crry-ps	1	ENSMUSG00000047657	
Tiparp	1	ENSMUSG00000034640	
Abl2	1	ENSMUSG00000026596	
Abl1	1	ENSMUSG00000026842	
Neat1	1	ENSMUSG00000092274	
1700019D03Rik	1	ENSMUSG00000043629	
Npas1	1	ENSMUSG00000001988	
4632404H12Rik	1	ENSMUSG00000042579	
Kcng2	1	ENSMUSG00000059852	
Kcng1	1	ENSMUSG00000074575	
Ntng2	1	ENSMUSG00000035513	
Supt4b	1	ENSMUSG00000110960	
P4ha1	1	ENSMUSG00000019916	
Supt4a	1	ENSMUSG00000020485	
Cpd	1	ENSMUSG00000020841	
Ireb2	1	ENSMUSG00000032293	
Gm45871	1	ENSMUSG00000110277	
4930579K19Rik	1	ENSMUSG00000051074	
Cpm	1	ENSMUSG00000020183	
Awat2	1	ENSMUSG00000031220	
Cr2	1	ENSMUSG00000026616	
Cpq	1	ENSMUSG00000039007	
Gm6722	1	ENSMUSG00000113431	
Drap1	1	ENSMUSG00000024914	
Gm6724	1	ENSMUSG00000118145	
Gm6728	1	ENSMUSG00000091408	
Bcat1	1	ENSMUSG00000030268	
Clasrp	1	ENSMUSG00000061028	
Bcat2	1	ENSMUSG00000030826	
Bcas3	1	ENSMUSG00000059439	
Cep83os	1	ENSMUSG00000097164	
Rnf14	1	ENSMUSG00000060450	
Rnf13	1	ENSMUSG00000036503	
Rnf11	1	ENSMUSG00000028557	
Rnf10	1	ENSMUSG00000041740	
Gm45855	1	ENSMUSG00000110686	
Ube2q2	1	ENSMUSG00000032307	
Ube2q1	1	ENSMUSG00000042572	
Gm6733	1	ENSMUSG00000084329	
Gm6736	1	ENSMUSG00000071414	
Pianp	1	ENSMUSG00000030329	
Kcnn4	1	ENSMUSG00000054342	
Bloc1s6os	1	ENSMUSG00000085633	
Kcnn1	1	ENSMUSG00000002908	
Crk	1	ENSMUSG00000017776	
Gstz1	1	ENSMUSG00000021033	
Gm20568	1	ENSMUSG00000105233	
Wbp2	1	ENSMUSG00000034341	
Puf60	1	ENSMUSG00000002524	
Ube2r2	1	ENSMUSG00000036241	
Wbp1	1	ENSMUSG00000030035	
Il21r	1	ENSMUSG00000030745	
Wbp4	1	ENSMUSG00000022023	
Spdl1	1	ENSMUSG00000069910	
Kcnj8	1	ENSMUSG00000030247	
Bcar1	1	ENSMUSG00000031955	
Gm33843	1	ENSMUSG00000112354	
Alas1	1	ENSMUSG00000032786	
Alas2	1	ENSMUSG00000025270	
Gm32515	1	ENSMUSG00000112097	
Rnf38	1	ENSMUSG00000035696	
Csk	1	ENSMUSG00000032312	
4930515G16Rik	1	ENSMUSG00000104819	
Rnf34	1	ENSMUSG00000029474	
Supt7l	1	ENSMUSG00000053134	
Csl	1	ENSMUSG00000046934	
Rnf31	1	ENSMUSG00000047098	
Rpl7a	1	ENSMUSG00000062647	
Ptar1	1	ENSMUSG00000074925	
Gm20556	1	ENSMUSG00000116396	
Dram1	1	ENSMUSG00000020057	
Gm20559	1	ENSMUSG00000106734	
Eef2-ps2	1	ENSMUSG00000082575	
Gm6712	1	ENSMUSG00000072761	
Dram2	1	ENSMUSG00000027900	
Gm19569	1	ENSMUSG00000099094	
Kcnk7	1	ENSMUSG00000024936	
Bcas1	1	ENSMUSG00000013523	
Kcnk6	1	ENSMUSG00000046410	
Rabgap1l	1	ENSMUSG00000026721	
Bcas2	1	ENSMUSG00000005687	
Kcnk5	1	ENSMUSG00000023243	
Bcar3	1	ENSMUSG00000028121	
H2-DMb2	1	ENSMUSG00000037548	
Gm32526	1	ENSMUSG00000113627	
Cth	1	ENSMUSG00000028179	
H2-DMb1	1	ENSMUSG00000079547	
Gpkow	1	ENSMUSG00000031148	
Rnf26	1	ENSMUSG00000053128	
Rnf25	1	ENSMUSG00000026171	
Chuk	1	ENSMUSG00000025199	
Rnf24	1	ENSMUSG00000048911	
Rpl6l	1	ENSMUSG00000091086	
Bet1	1	ENSMUSG00000032757	
Rnf20	1	ENSMUSG00000028309	
A130051J06Rik	1	ENSMUSG00000097643	
H4c8	1	ENSMUSG00000060981	
Rnf103	1	ENSMUSG00000052656	
Tmem69	1	ENSMUSG00000055900	
H4c9	1	ENSMUSG00000060639	
Tmem67	1	ENSMUSG00000049488	
Tmem68	1	ENSMUSG00000028232	
Tmem65	1	ENSMUSG00000062373	
Spdya	1	ENSMUSG00000052525	
4632415L05Rik	1	ENSMUSG00000048106	
Kcnq5	1	ENSMUSG00000028033	
Zbtb1	1	ENSMUSG00000033454	
AW554918	1	ENSMUSG00000033632	
Tmem70	1	ENSMUSG00000025940	
Zbtb4	1	ENSMUSG00000018750	
Tmem71	1	ENSMUSG00000036944	
Zbtb5	1	ENSMUSG00000049657	
Zbtb2	1	ENSMUSG00000075327	
Zbtb3	1	ENSMUSG00000071661	
Abt1	1	ENSMUSG00000036376	
4930597A21Rik	1	ENSMUSG00000086501	
Cfdp1	1	ENSMUSG00000031954	
Tmem79	1	ENSMUSG00000001420	
Vps13a	1	ENSMUSG00000046230	
Vps13b	1	ENSMUSG00000037646	
Vps13c	1	ENSMUSG00000035284	
Vps13d	1	ENSMUSG00000020220	
Mesd	1	ENSMUSG00000038503	
Guf1	1	ENSMUSG00000029208	
H4c1	1	ENSMUSG00000060093	
H4c4	1	ENSMUSG00000061482	
Tmem81	1	ENSMUSG00000048174	
H4c3	1	ENSMUSG00000060678	
Mest	1	ENSMUSG00000051855	
Tmem82	1	ENSMUSG00000043085	
A430018G15Rik	1	ENSMUSG00000085315	
Tmem80	1	ENSMUSG00000025505	
Bex4	1	ENSMUSG00000047844	
Rnf125	1	ENSMUSG00000033107	
Bex3	1	ENSMUSG00000046432	
Rnf126	1	ENSMUSG00000035890	
Mrnip	1	ENSMUSG00000020381	
Rnf123	1	ENSMUSG00000041528	
Gng10	1	ENSMUSG00000038607	
Ninj1	1	ENSMUSG00000037966	
Rnf128	1	ENSMUSG00000031438	
Tmem88	1	ENSMUSG00000045377	
Itm2c	1	ENSMUSG00000026223	
Itm2b	1	ENSMUSG00000022108	
Itm2a	1	ENSMUSG00000031239	
Rnf121	1	ENSMUSG00000070426	
Rnf122	1	ENSMUSG00000039328	
Oas1g	1	ENSMUSG00000066861	
Oas1c	1	ENSMUSG00000001166	
Trdv1	1	ENSMUSG00000076864	
Oas1b	1	ENSMUSG00000029605	
Oas1a	1	ENSMUSG00000052776	
Tcirg1	1	ENSMUSG00000001750	
Tmem97	1	ENSMUSG00000037278	
Adarb1	1	ENSMUSG00000020262	
Tmem94	1	ENSMUSG00000020747	
Tmem91	1	ENSMUSG00000061702	
Rnf114	1	ENSMUSG00000006418	
Rnf115	1	ENSMUSG00000028098	
Zbtb6	1	ENSMUSG00000066798	
Gpm6b	1	ENSMUSG00000031342	
Rnf111	1	ENSMUSG00000032217	
Tmem8b	1	ENSMUSG00000078716	
BC005537	1	ENSMUSG00000019132	
Gpm6a	1	ENSMUSG00000031517	
Rab10os	1	ENSMUSG00000079179	
Gng11	1	ENSMUSG00000032766	
Gng12	1	ENSMUSG00000036402	
Rnf145	1	ENSMUSG00000019189	
Tmem25	1	ENSMUSG00000002032	
Rnf146	1	ENSMUSG00000038876	
Tmem26	1	ENSMUSG00000060044	
Rnf149	1	ENSMUSG00000048234	
Ola1	1	ENSMUSG00000027108	
Rnf141	1	ENSMUSG00000030788	
Tmem29	1	ENSMUSG00000041353	
Fkbp2	1	ENSMUSG00000056629	
Tg	1	ENSMUSG00000053469	
Cym	1	ENSMUSG00000046213	
Guk1	1	ENSMUSG00000020444	
Ssna1	1	ENSMUSG00000026966	
Castor2	1	ENSMUSG00000015944	
Rnf135	1	ENSMUSG00000020707	
Tmem37	1	ENSMUSG00000050777	
Rnf138	1	ENSMUSG00000024317	
Soat2	1	ENSMUSG00000023045	
Rnf139	1	ENSMUSG00000037075	
Soat1	1	ENSMUSG00000026600	
Tmem33	1	ENSMUSG00000037720	
Fkbp7	1	ENSMUSG00000002732	
Fkbp8	1	ENSMUSG00000019428	
Fkbp3	1	ENSMUSG00000020949	
Fkbp4	1	ENSMUSG00000030357	
Fkbp5	1	ENSMUSG00000024222	
Rnf130	1	ENSMUSG00000020376	
Frg1	1	ENSMUSG00000031590	
Poc5	1	ENSMUSG00000021671	
Tmem42	1	ENSMUSG00000066233	
Mss51	1	ENSMUSG00000021815	
Ubxn2b	1	ENSMUSG00000028243	
Tmem40	1	ENSMUSG00000059900	
Ubxn2a	1	ENSMUSG00000020634	
Pakap	1	ENSMUSG00000038729	
Castor1	1	ENSMUSG00000020424	
Klhl8	1	ENSMUSG00000029312	
Rnf169	1	ENSMUSG00000058761	
Klhl7	1	ENSMUSG00000028986	
Klhl6	1	ENSMUSG00000043008	
Rnf167	1	ENSMUSG00000040746	
Klhl5	1	ENSMUSG00000054920	
Rnf168	1	ENSMUSG00000014074	
Tmem43	1	ENSMUSG00000030095	
Klhl9	1	ENSMUSG00000070923	
Pisd-ps1	1	ENSMUSG00000082286	
4933440N22Rik	1	ENSMUSG00000042087	
Pisd-ps2	1	ENSMUSG00000023795	
Rnf166	1	ENSMUSG00000014470	
Fkbpl	1	ENSMUSG00000033739	
Tmem52	1	ENSMUSG00000023153	
Entrep3	1	ENSMUSG00000032657	
Zc3h12d	1	ENSMUSG00000039981	
Kcns1	1	ENSMUSG00000040164	
Tmem51	1	ENSMUSG00000040616	
Zc3h12c	1	ENSMUSG00000035164	
Tfap4	1	ENSMUSG00000005718	
Zc3h12b	1	ENSMUSG00000035045	
Klhl3	1	ENSMUSG00000014164	
Zc3h12a	1	ENSMUSG00000042677	
Klhl2	1	ENSMUSG00000031605	
D630033A02Rik	1	ENSMUSG00000112237	
Rnf157	1	ENSMUSG00000052949	
Tmem59	1	ENSMUSG00000028618	
Rnf151	1	ENSMUSG00000008482	
Qrfp	1	ENSMUSG00000043102	
B230307C23Rik	1	ENSMUSG00000080717	
Mybpc2	1	ENSMUSG00000038670	
Mybpc3	1	ENSMUSG00000002100	
Tmem64	1	ENSMUSG00000043252	
Dlat	1	ENSMUSG00000000168	
Tmem62	1	ENSMUSG00000054484	
Tmem60	1	ENSMUSG00000045435	
Aldh1a2	1	ENSMUSG00000013584	
Aldh1a1	1	ENSMUSG00000053279	
Rnf181	1	ENSMUSG00000055850	
Brms1	1	ENSMUSG00000080268	
Rnf187	1	ENSMUSG00000020496	
Rnf185	1	ENSMUSG00000020448	
Gng5c	1	ENSMUSG00000117145	
Rpl14-ps1	1	ENSMUSG00000046721	
Xk	1	ENSMUSG00000015342	
Eogt	1	ENSMUSG00000035245	
Gpr31c	1	ENSMUSG00000117239	
Htra2	1	ENSMUSG00000068329	
Htra1	1	ENSMUSG00000006205	
Gpr31b	1	ENSMUSG00000071311	
Dhdds	1	ENSMUSG00000012117	
Gm4076	1	ENSMUSG00000096449	
Exoc3	1	ENSMUSG00000034152	
Exoc4	1	ENSMUSG00000029763	
Txndc5	1	ENSMUSG00000038991	
Exoc5	1	ENSMUSG00000061244	
Rnf170	1	ENSMUSG00000013878	
Exoc6	1	ENSMUSG00000053799	
Pibf1	1	ENSMUSG00000022064	
Exoc1	1	ENSMUSG00000036435	
Exoc2	1	ENSMUSG00000021357	
Exoc7	1	ENSMUSG00000020792	
Pam16	1	ENSMUSG00000014301	
Cib1	1	ENSMUSG00000030538	
Exoc8	1	ENSMUSG00000074030	
Txndc9	1	ENSMUSG00000058407	
Cib2	1	ENSMUSG00000037493	
Ube2d3	1	ENSMUSG00000078578	
5730405O15Rik	1	ENSMUSG00000087424	
Ube2d1	1	ENSMUSG00000019927	
Pofut1	1	ENSMUSG00000046020	
Pofut2	1	ENSMUSG00000020260	
Gm4045	1	ENSMUSG00000108231	
Rnf19a	1	ENSMUSG00000022280	
Stambp	1	ENSMUSG00000006906	
Nid2	1	ENSMUSG00000021806	
Nid1	1	ENSMUSG00000005397	
Lman2l	1	ENSMUSG00000001143	
Ube2e3	1	ENSMUSG00000027011	
Ube2e2	1	ENSMUSG00000058317	
Ube2e1	1	ENSMUSG00000021774	
Rnf19b	1	ENSMUSG00000028793	
Tmem17	1	ENSMUSG00000049904	
Armc10	1	ENSMUSG00000038525	
Pogk	1	ENSMUSG00000040596	
Tmem11	1	ENSMUSG00000043284	
Ccdc102a	1	ENSMUSG00000063605	
Tmem18	1	ENSMUSG00000043061	
Tmem19	1	ENSMUSG00000069520	
Dap	1	ENSMUSG00000039168	
Dlg1	1	ENSMUSG00000022770	
Dao	1	ENSMUSG00000042096	
Dlg3	1	ENSMUSG00000000881	
Pogz	1	ENSMUSG00000038902	
Dlg4	1	ENSMUSG00000020886	
Dlg5	1	ENSMUSG00000021782	
Slc6a20a	1	ENSMUSG00000036814	
Slc6a20b	1	ENSMUSG00000025243	
Gm5392	1	ENSMUSG00000080758	
Bspry	1	ENSMUSG00000028392	
Ighg2c	1	ENSMUSG00000076612	
H60b	1	ENSMUSG00000075297	
Ighg2b	1	ENSMUSG00000076613	
Gfod1	1	ENSMUSG00000051335	
Gfod2	1	ENSMUSG00000013150	
C230066G23Rik	1	ENSMUSG00000085771	
Cdk5rap2	1	ENSMUSG00000039298	
Cdk5rap3	1	ENSMUSG00000018669	
Bfar	2	ENSMUSG00000079737:ENSMUSG00000022684	
Dbi	1	ENSMUSG00000026385	
Cdk5rap1	1	ENSMUSG00000027487	
Dbp	1	ENSMUSG00000059824	
Dbt	1	ENSMUSG00000000340	
Dapp1	1	ENSMUSG00000028159	
D730044K07Rik	1	ENSMUSG00000115685	
Mybl2	1	ENSMUSG00000017861	
Dck	1	ENSMUSG00000029366	
Mybl1	1	ENSMUSG00000025912	
Piwil2	1	ENSMUSG00000033644	
Lman1l	1	ENSMUSG00000056271	
Scarna2	1	ENSMUSG00000088185	
Ddc	1	ENSMUSG00000020182	
Polq	1	ENSMUSG00000034206	
Pon3	1	ENSMUSG00000029759	
Nifk	1	ENSMUSG00000026377	
Pon2	1	ENSMUSG00000032667	
Polm	1	ENSMUSG00000020474	
Poln	1	ENSMUSG00000045102	
Dll1	1	ENSMUSG00000014773	
Ssx2ip	1	ENSMUSG00000036825	
Rgs18	1	ENSMUSG00000026357	
Rgs19	1	ENSMUSG00000002458	
Smim36	1	ENSMUSG00000110344	
Smim35	1	ENSMUSG00000091996	
Pomc	1	ENSMUSG00000020660	
Rgs13	1	ENSMUSG00000051079	
Ddt	1	ENSMUSG00000001666	
Rgs14	1	ENSMUSG00000052087	
Rgs16	1	ENSMUSG00000026475	
Golim4	1	ENSMUSG00000034109	
Pomk	1	ENSMUSG00000037251	
Aldh1b1	1	ENSMUSG00000035561	
Rgs10	1	ENSMUSG00000030844	
Rgs11	1	ENSMUSG00000024186	
Dek	1	ENSMUSG00000021377	
Rgs12	1	ENSMUSG00000029101	
Lca5	1	ENSMUSG00000032258	
Polb	1	ENSMUSG00000031536	
Polk	1	ENSMUSG00000021668	
Poll	1	ENSMUSG00000025218	
Poli	1	ENSMUSG00000038425	
Polg	1	ENSMUSG00000039176	
Polh	1	ENSMUSG00000023953	
Pole	1	ENSMUSG00000007080	
Gusb	1	ENSMUSG00000025534	
Pop7	1	ENSMUSG00000029715	
Snrnp200	1	ENSMUSG00000003660	
Gm20620	1	ENSMUSG00000093473	
Pop5	1	ENSMUSG00000060152	
Gm5312	1	ENSMUSG00000108107	
Pop4	1	ENSMUSG00000030423	
Gm20627	1	ENSMUSG00000093507	
Pop1	1	ENSMUSG00000022325	
H2-Aa	1	ENSMUSG00000036594	
Apool	1	ENSMUSG00000025525	
Gm19620	1	ENSMUSG00000105181	
Gm5321	1	ENSMUSG00000064231	
H2-Bl	1	ENSMUSG00000073406	
Gm5322	1	ENSMUSG00000108331	
Pomp	1	ENSMUSG00000029649	
Gm7984	1	ENSMUSG00000049891	
Hecw2	1	ENSMUSG00000042807	
Gm6658	1	ENSMUSG00000074171	
Frs2	1	ENSMUSG00000020170	
1700010I14Rik	1	ENSMUSG00000023873	
Accs	1	ENSMUSG00000040272	
Frs3	1	ENSMUSG00000023266	
Lcat	1	ENSMUSG00000035237	
Sgip1	1	ENSMUSG00000028524	
Trappc2l	1	ENSMUSG00000015013	
Tulp3	1	ENSMUSG00000001521	
Tulp4	1	ENSMUSG00000034377	
Tulp2	1	ENSMUSG00000023467	
Trappc2b	1	ENSMUSG00000007777	
Gm7990	1	ENSMUSG00000110595	
H2-D1	1	ENSMUSG00000073411	
Nipal4	1	ENSMUSG00000020411	
Rdh11	1	ENSMUSG00000066441	
Nipal3	1	ENSMUSG00000028803	
Rdh12	1	ENSMUSG00000021123	
Gm6623	1	ENSMUSG00000092374	
Nipal1	1	ENSMUSG00000067219	
Rdh10	1	ENSMUSG00000025921	
Gm18329	1	ENSMUSG00000111738	
Gm6627	1	ENSMUSG00000112550	
Rdh13	1	ENSMUSG00000008435	
Rdh14	1	ENSMUSG00000020621	
Trappc10	1	ENSMUSG00000000374	
Rab33b	1	ENSMUSG00000027739	
Alcam	1	ENSMUSG00000022636	
Gm7962	1	ENSMUSG00000114999	
Gm7964	1	ENSMUSG00000063902	
Gm7967	1	ENSMUSG00000100009	
Gm5305	1	ENSMUSG00000108266	
Gm6637	1	ENSMUSG00000108090	
Trappc12	1	ENSMUSG00000020628	
Trappc11	1	ENSMUSG00000038102	
Trappc14	1	ENSMUSG00000036948	
Oscp1	1	ENSMUSG00000042616	
Trappc13	1	ENSMUSG00000021711	
H2-Ea	1	ENSMUSG00000036322	
Gm6682	1	ENSMUSG00000091269	
Als2cl	1	ENSMUSG00000044037	
Gm6685	1	ENSMUSG00000032889	
Unc119b	1	ENSMUSG00000046562	
Apol8	1	ENSMUSG00000056656	
Atcayos	1	ENSMUSG00000085779	
Gm5356	1	ENSMUSG00000069962	
Plin3	1	ENSMUSG00000024197	
Ep400	1	ENSMUSG00000029505	
Heatr3	1	ENSMUSG00000031657	
Plin2	1	ENSMUSG00000028494	
Heatr6	1	ENSMUSG00000000976	
Heatr1	1	ENSMUSG00000050244	
Rab39b	1	ENSMUSG00000031202	
D630030B08Rik	1	ENSMUSG00000106837	
Ache	1	ENSMUSG00000023328	
Trappc6b	1	ENSMUSG00000020993	
5830444F18Rik	1	ENSMUSG00000102744	
Trappc6a	1	ENSMUSG00000002043	
Tars3	1	ENSMUSG00000030515	
Tars2	1	ENSMUSG00000028107	
Paip1	1	ENSMUSG00000025451	
Tars1	1	ENSMUSG00000022241	
Paip2	1	ENSMUSG00000037058	
Mocs3	1	ENSMUSG00000074576	
Mocs2	1	ENSMUSG00000015536	
Dld	1	ENSMUSG00000020664	
4833419F23Rik	1	ENSMUSG00000117401	
Gm5331	1	ENSMUSG00000109663	
Gm6663	1	ENSMUSG00000117929	
Gm7993	1	ENSMUSG00000107092	
Gm20605	1	ENSMUSG00000029720	
Gm20604	1	ENSMUSG00000041716	
Nip7	1	ENSMUSG00000031917	
Enpp1	1	ENSMUSG00000037370	
Enpp2	1	ENSMUSG00000022425	
Enpp4	1	ENSMUSG00000023961	
Enpp5	1	ENSMUSG00000023960	
Enpp6	1	ENSMUSG00000038173	
Mocs1	1	ENSMUSG00000064120	
Mfn1	1	ENSMUSG00000027668	
Cipc	1	ENSMUSG00000034157	
Mfn2	1	ENSMUSG00000029020	
Dmd	1	ENSMUSG00000045103	
Ston2	1	ENSMUSG00000020961	
Fryl	1	ENSMUSG00000070733	
Etaa1	1	ENSMUSG00000016984	
Gm5340	1	ENSMUSG00000108105	
F10	1	ENSMUSG00000031444	
Gm4013	1	ENSMUSG00000117662	
Cinp	1	ENSMUSG00000021276	
Gm4017	1	ENSMUSG00000101059	
Gm19605	1	ENSMUSG00000113585	
Gm21926	1	ENSMUSG00000116995	
Srebf2	1	ENSMUSG00000022463	
Mocos	1	ENSMUSG00000039616	
Akap17b	1	ENSMUSG00000059708	
Fastkd2	1	ENSMUSG00000025962	
Fastkd1	1	ENSMUSG00000027086	
Fastkd3	1	ENSMUSG00000021532	
Ninl	1	ENSMUSG00000068115	
Hipk1	1	ENSMUSG00000008730	
Hipk2	1	ENSMUSG00000061436	
Hipk3	1	ENSMUSG00000027177	
Rflnb	1	ENSMUSG00000020846	
Srebf1	1	ENSMUSG00000020538	
H2-K2	1	ENSMUSG00000067203	
H2-K1	1	ENSMUSG00000061232	
Kcmf1	1	ENSMUSG00000055239	
Pcyt1b	1	ENSMUSG00000035246	
Pcyt1a	1	ENSMUSG00000005615	
Chmp2a	1	ENSMUSG00000033916	
Mfng	1	ENSMUSG00000018169	
Chmp2b	1	ENSMUSG00000004843	
Lemd2	1	ENSMUSG00000044857	
Lemd3	1	ENSMUSG00000048661	
4930522L14Rik	1	ENSMUSG00000072762	
Cir1	1	ENSMUSG00000041777	
Gm7901	1	ENSMUSG00000101431	
Dlst	1	ENSMUSG00000004789	
Gm7908	1	ENSMUSG00000115602	
Snord35a	1	ENSMUSG00000065818	
Dr1	1	ENSMUSG00000029265	
Ubox5	1	ENSMUSG00000027300	
H2-M2	1	ENSMUSG00000016283	
F2r	1	ENSMUSG00000048376	
H2-M3	1	ENSMUSG00000016206	
Fam20a	1	ENSMUSG00000020614	
Gm31342	1	ENSMUSG00000116289	
4930404I05Rik	1	ENSMUSG00000087354	
Fam20b	1	ENSMUSG00000033557	
Fam20c	1	ENSMUSG00000025854	
Acly	1	ENSMUSG00000020917	
Snapin	1	ENSMUSG00000001018	
Gm32679	1	ENSMUSG00000116891	
Gm17082	1	ENSMUSG00000090674	
Itprip	1	ENSMUSG00000117975	
Rpl7l1	1	ENSMUSG00000063888	
Ubxn11	1	ENSMUSG00000012126	
Eid2b	1	ENSMUSG00000070705	
Gm32687	1	ENSMUSG00000112640	
Fam209	1	ENSMUSG00000027505	
Chmp1b	1	ENSMUSG00000109901	
Trp53bp1	1	ENSMUSG00000043909	
Chmp1a	1	ENSMUSG00000000743	
Aco2	1	ENSMUSG00000022477	
Aco1	1	ENSMUSG00000028405	
Cish	1	ENSMUSG00000032578	
Nit2	1	ENSMUSG00000022751	
Nit1	1	ENSMUSG00000013997	
Lcn2	1	ENSMUSG00000026822	
Trp53bp2	1	ENSMUSG00000026510	
Stox2	1	ENSMUSG00000038143	
Gm18342	1	ENSMUSG00000101279	
E330032C10Rik	1	ENSMUSG00000117292	
Gm7931	1	ENSMUSG00000067321	
Gm7935	1	ENSMUSG00000075609	
Dnase1	1	ENSMUSG00000005980	
Stox1	1	ENSMUSG00000036923	
Hdac3	1	ENSMUSG00000024454	
Gm32655	1	ENSMUSG00000120154	
Hdac2	1	ENSMUSG00000019777	
Hdac5	1	ENSMUSG00000008855	
Arhgef16	1	ENSMUSG00000029032	
Hdac4	1	ENSMUSG00000026313	
Arhgef11	1	ENSMUSG00000041977	
Arhgef10	1	ENSMUSG00000071176	
Gm33989	1	ENSMUSG00000108621	
Hdac1	1	ENSMUSG00000028800	
Acp6	1	ENSMUSG00000028093	
Arhgef12	1	ENSMUSG00000059495	
Dse	1	ENSMUSG00000039497	
Ggps1	1	ENSMUSG00000021302	
Acp5	1	ENSMUSG00000001348	
Apobr	1	ENSMUSG00000042759	
Acp3	1	ENSMUSG00000032561	
Acp2	1	ENSMUSG00000002103	
Acp1	1	ENSMUSG00000044573	
Gm43305	1	ENSMUSG00000105703	
Hdac7	1	ENSMUSG00000022475	
Arhgef18	1	ENSMUSG00000004568	
Hdac6	1	ENSMUSG00000031161	
Hdac9	1	ENSMUSG00000004698	
Lcor	1	ENSMUSG00000025019	
Gm21992	1	ENSMUSG00000096370	
Hdac8	1	ENSMUSG00000067567	
Dst	1	ENSMUSG00000026131	
E230001N04Rik	1	ENSMUSG00000066170	
Gm6610	1	ENSMUSG00000100880	
Gm6612	1	ENSMUSG00000058357	
Gm33994	1	ENSMUSG00000104509	
Primpol	1	ENSMUSG00000038225	
2810405F17Rik	1	ENSMUSG00000101493	
Syf2	1	ENSMUSG00000028821	
H2-Ob	1	ENSMUSG00000041538	
H2-Oa	1	ENSMUSG00000024334	
Lcp1	1	ENSMUSG00000021998	
Dtl	1	ENSMUSG00000037474	
Lcp2	1	ENSMUSG00000002699	
H2-Q6	1	ENSMUSG00000073409	
5730507C01Rik	1	ENSMUSG00000073197	
H2-Q7	1	ENSMUSG00000060550	
Taldo1	1	ENSMUSG00000025503	
Cebpg	1	ENSMUSG00000056216	
H2-Q4	1	ENSMUSG00000035929	
H2-Q5	1	ENSMUSG00000055413	
Cebpe	1	ENSMUSG00000052435	
H2-Q2	1	ENSMUSG00000091705	
Cebpd	1	ENSMUSG00000071637	
H2-Q3	1	ENSMUSG00000092253	
Obscn	1	ENSMUSG00000061462	
Cebpb	1	ENSMUSG00000056501	
H2-Q1	1	ENSMUSG00000079507	
Cebpa	1	ENSMUSG00000034957	
Arhgef37	1	ENSMUSG00000045094	
Gm32633	1	ENSMUSG00000108393	
Arhgef39	1	ENSMUSG00000051517	
Arhgef33	1	ENSMUSG00000054901	
2810454H06Rik	1	ENSMUSG00000100876	
Chmp4c	1	ENSMUSG00000027536	
Chmp4b	1	ENSMUSG00000038467	
Ciz1	1	ENSMUSG00000039205	
Asxl1	1	ENSMUSG00000042548	
Dut	1	ENSMUSG00000027203	
Gm17023	1	ENSMUSG00000091443	
Asxl2	1	ENSMUSG00000037486	
Arhgef40	1	ENSMUSG00000004562	
Gm17029	1	ENSMUSG00000086740	
Gm7926	1	ENSMUSG00000117345	
F8a	1	ENSMUSG00000078317	
Gm33973	1	ENSMUSG00000103451	
Frmpd1	1	ENSMUSG00000035615	
Mgme1	1	ENSMUSG00000027424	
Cebpz	1	ENSMUSG00000024081	
Rnf225	1	ENSMUSG00000033967	
Rnf223	1	ENSMUSG00000110404	
Vps26a	1	ENSMUSG00000020078	
Vps26b	1	ENSMUSG00000031988	
Vps26c	1	ENSMUSG00000022898	
Rnf227	1	ENSMUSG00000043419	
Il12b	1	ENSMUSG00000004296	
Pafah1b3	1	ENSMUSG00000005447	
Pafah1b2	1	ENSMUSG00000003131	
Il12a	1	ENSMUSG00000027776	
Pafah1b1	1	ENSMUSG00000020745	
Rnf220	1	ENSMUSG00000028677	
Twsg1	1	ENSMUSG00000024098	
Pex26	1	ENSMUSG00000067825	
Tm2d1	1	ENSMUSG00000028563	
Tm2d2	1	ENSMUSG00000031556	
Epc1	1	ENSMUSG00000024240	
Tm2d3	1	ENSMUSG00000078681	
Epc2	1	ENSMUSG00000069495	
Rnf213	1	ENSMUSG00000070327	
Rnf214	1	ENSMUSG00000042790	
Rnf212	1	ENSMUSG00000055385	
Evi2a	1	ENSMUSG00000078771	
Rnf217	1	ENSMUSG00000063760	
Rnf215	1	ENSMUSG00000003581	
Rnf216	1	ENSMUSG00000045078	
Zfp518b	1	ENSMUSG00000046572	
Alg10b	1	ENSMUSG00000075470	
Zfp518a	1	ENSMUSG00000049164	
H2-T3	1	ENSMUSG00000054128	
Actb	1	ENSMUSG00000029580	
Ppa1	1	ENSMUSG00000020089	
Ppa2	1	ENSMUSG00000028013	
Dxo	1	ENSMUSG00000040482	
Abcc10	1	ENSMUSG00000032842	
Idi1-ps1	1	ENSMUSG00000083287	
Treml2	1	ENSMUSG00000071068	
Snapc5	1	ENSMUSG00000032398	
Treml4	1	ENSMUSG00000051682	
Snapc3	1	ENSMUSG00000028483	
Tfb2m	1	ENSMUSG00000026492	
Snapc4	1	ENSMUSG00000036281	
Snapc1	1	ENSMUSG00000021113	
Snapc2	1	ENSMUSG00000011837	
Ppbp	1	ENSMUSG00000029372	
Oma1	1	ENSMUSG00000035069	
Cggbp1	1	ENSMUSG00000054604	
G2e3	1	ENSMUSG00000035293	
Dym	1	ENSMUSG00000035765	
Hmgxb4	1	ENSMUSG00000034518	
Vpreb1a	1	ENSMUSG00000059305	
1110004F10Rik	1	ENSMUSG00000030663	
Hmgxb3	1	ENSMUSG00000024622	
Ppan	1	ENSMUSG00000004100	
Hykk	1	ENSMUSG00000035878	
Ppat	1	ENSMUSG00000029246	
D3Ertd751e	1	ENSMUSG00000025766	
Retsat	1	ENSMUSG00000056666	
C030013C21Rik	1	ENSMUSG00000085078	
Acy1	1	ENSMUSG00000023262	
Susd3	1	ENSMUSG00000021384	
Susd6	1	ENSMUSG00000021133	
Evi5l	1	ENSMUSG00000011832	
Epg5	1	ENSMUSG00000039840	
Amer1	1	ENSMUSG00000050332	
Diaph2	1	ENSMUSG00000034480	
Diaph3	1	ENSMUSG00000022021	
Tbxas1	1	ENSMUSG00000029925	
Obsl1	1	ENSMUSG00000026211	
Diaph1	1	ENSMUSG00000024456	
Gm17089	1	ENSMUSG00000092134	
Gm42067	1	ENSMUSG00000110156	
Tfb1m	1	ENSMUSG00000036983	
C1qtnf1	1	ENSMUSG00000017446	
Gm17087	1	ENSMUSG00000099104	
C1qtnf4	1	ENSMUSG00000040794	
Syn3	1	ENSMUSG00000059602	
Syn1	1	ENSMUSG00000037217	
4930556H04Rik	1	ENSMUSG00000114190	
Garin5a	1	ENSMUSG00000051113	
Nsa2-ps1	1	ENSMUSG00000118353	
Gm30054	1	ENSMUSG00000114937	
Ppcs	1	ENSMUSG00000028636	
Fads2	1	ENSMUSG00000024665	
Sertad2	1	ENSMUSG00000049800	
Fads3	1	ENSMUSG00000024664	
Sertad1	1	ENSMUSG00000008384	
Gm42031	1	ENSMUSG00000110386	
Gsta4	1	ENSMUSG00000032348	
Sertad3	1	ENSMUSG00000055200	
Hypk	1	ENSMUSG00000027245	
Fads1	1	ENSMUSG00000010663	
Gm30082	1	ENSMUSG00000118245	
Mtss1	1	ENSMUSG00000022353	
Spcs3	1	ENSMUSG00000054408	
Gm42047	1	ENSMUSG00000110631	
Spcs1	1	ENSMUSG00000021917	
Spcs2	1	ENSMUSG00000035227	
Prune1	1	ENSMUSG00000015711	
Ppargc1a	1	ENSMUSG00000029167	
Sipa1	1	ENSMUSG00000056917	
Ppargc1b	1	ENSMUSG00000033871	
Megf8	1	ENSMUSG00000045039	
Nupl2	1	ENSMUSG00000048439	
Megf9	1	ENSMUSG00000039270	
Pex14	1	ENSMUSG00000028975	
Pex13	1	ENSMUSG00000020283	
Pex12	1	ENSMUSG00000018733	
Lrsam1	1	ENSMUSG00000026792	
Pex10	1	ENSMUSG00000029047	
Susd1	1	ENSMUSG00000038578	
Susd2	1	ENSMUSG00000006342	
Pex19	1	ENSMUSG00000003464	
Ripor1	1	ENSMUSG00000038604	
Pex16	1	ENSMUSG00000027222	
Ripor2	1	ENSMUSG00000036006	
Ndufaf7	1	ENSMUSG00000024082	
Ndufaf6	1	ENSMUSG00000050323	
Angptl6	1	ENSMUSG00000038742	
Gm5276	1	ENSMUSG00000105452	
Ndufaf5	1	ENSMUSG00000027384	
Angptl7	1	ENSMUSG00000028989	
Ndufaf4	1	ENSMUSG00000028261	
Sys1	1	ENSMUSG00000045503	
Gm5278	1	ENSMUSG00000057829	
Ndufaf8	1	ENSMUSG00000078572	
Sinhcaf	1	ENSMUSG00000039985	
Angptl1	1	ENSMUSG00000033544	
Tasp1	1	ENSMUSG00000039033	
Angptl4	1	ENSMUSG00000002289	
Ndufaf3	1	ENSMUSG00000070283	
Ndufaf2	1	ENSMUSG00000068184	
Angptl2	1	ENSMUSG00000004105	
Ndufaf1	1	ENSMUSG00000027305	
Angptl3	1	ENSMUSG00000028553	
E430024I08Rik	1	ENSMUSG00000112964	
Csgalnact1	1	ENSMUSG00000036356	
Ppig	1	ENSMUSG00000042133	
Rogdi	1	ENSMUSG00000022540	
Ppih	1	ENSMUSG00000060288	
Ppie	1	ENSMUSG00000028651	
Ppif	1	ENSMUSG00000021868	
Gm5281	1	ENSMUSG00000105244	
Ppic	1	ENSMUSG00000024538	
Ppid	1	ENSMUSG00000027804	
Ppia	1	ENSMUSG00000071866	
Csgalnact2	1	ENSMUSG00000042042	
Ppib	1	ENSMUSG00000032383	
Podnl1	1	ENSMUSG00000012889	
Tasor	1	ENSMUSG00000040651	
Myadm	1	ENSMUSG00000068566	
4930589O11Rik	1	ENSMUSG00000107195	
ENSMUSG00000079808	1	ENSMUSG00000079808	
Gm5292	1	ENSMUSG00000059565	
Mgam	1	ENSMUSG00000068587	
Gm5256	1	ENSMUSG00000100319	
Ntmt1	1	ENSMUSG00000026857	
1700001G17Rik	1	ENSMUSG00000103746	
Ebp	1	ENSMUSG00000031168	
Arfgef2	1	ENSMUSG00000074582	
D630008O14Rik	1	ENSMUSG00000054006	
Pnpt1	1	ENSMUSG00000020464	
Arfgef1	1	ENSMUSG00000067851	
Pxmp4	1	ENSMUSG00000000876	
Gstcd	1	ENSMUSG00000028018	
Pxmp2	1	ENSMUSG00000029499	
Igf2r	1	ENSMUSG00000023830	
Gm5263	1	ENSMUSG00000090323	
Gm6594	1	ENSMUSG00000073371	
Gm6598	1	ENSMUSG00000107143	
Ecd	1	ENSMUSG00000021810	
AA467197	1	ENSMUSG00000033213	
Sft2d3	1	ENSMUSG00000044982	
Cip2a	1	ENSMUSG00000033031	
Igf1r	1	ENSMUSG00000005533	
Ldb1	1	ENSMUSG00000025223	
2310039H08Rik	1	ENSMUSG00000062619	
Oxsr1	1	ENSMUSG00000036737	
Ldah	1	ENSMUSG00000037669	
Eed	1	ENSMUSG00000030619	
Tbx21	1	ENSMUSG00000001444	
Pdss2	1	ENSMUSG00000038240	
Nupr1	1	ENSMUSG00000030717	
Adar	1	ENSMUSG00000027951	
Nupr2	1	ENSMUSG00000095789	
Pdss1	1	ENSMUSG00000026784	
Epn2	1	ENSMUSG00000001036	
Epn1	1	ENSMUSG00000035203	
Adal	1	ENSMUSG00000027259	
Ldlrad4	1	ENSMUSG00000024544	
Ldlrad3	1	ENSMUSG00000048058	
C920021L13Rik	1	ENSMUSG00000080727	
Mphosph9	1	ENSMUSG00000038126	
Mphosph8	1	ENSMUSG00000079184	
Mphosph6	1	ENSMUSG00000031843	
Add3	1	ENSMUSG00000025026	
Epop	1	ENSMUSG00000043439	
Add2	1	ENSMUSG00000030000	
Add1	1	ENSMUSG00000029106	
Epor	1	ENSMUSG00000006235	
Sucla2	1	ENSMUSG00000022110	
Egf	1	ENSMUSG00000028017	
1110028F11Rik	1	ENSMUSG00000085972	
Zfp512b	1	ENSMUSG00000000823	
Cyp4b1-ps2	1	ENSMUSG00000083457	
Tnfaip8	1	ENSMUSG00000062210	
A630081D01Rik	1	ENSMUSG00000102721	
Tnfaip3	1	ENSMUSG00000019850	
Tnfaip2	1	ENSMUSG00000021281	
Tnfaip1	1	ENSMUSG00000017615	
BC031181	1	ENSMUSG00000036299	
Lactb	1	ENSMUSG00000032370	
Myl12a	1	ENSMUSG00000024048	
Gm16244	1	ENSMUSG00000090235	
Myl12b	1	ENSMUSG00000034868	
Ehf	1	ENSMUSG00000012350	
Gm6520	1	ENSMUSG00000104862	
Hsph1	1	ENSMUSG00000029657	
Gm7856	1	ENSMUSG00000084301	
Gm7859	1	ENSMUSG00000116089	
Phactr2	1	ENSMUSG00000062866	
Slco4c1	1	ENSMUSG00000040693	
Phactr4	1	ENSMUSG00000066043	
Eps8	1	ENSMUSG00000015766	
9430041J12Rik	1	ENSMUSG00000086155	
1700086O06Rik	1	ENSMUSG00000097080	
Gm7862	1	ENSMUSG00000046580	
Gm6533	1	ENSMUSG00000115193	
Pgrmc1	1	ENSMUSG00000006373	
Pgrmc2	1	ENSMUSG00000049940	
Rps13-ps4	1	ENSMUSG00000081378	
Gm5203	1	ENSMUSG00000114766	
Rps13-ps1	1	ENSMUSG00000066362	
Rps13-ps2	1	ENSMUSG00000069972	
Gm7868	1	ENSMUSG00000113600	
Gm16238	1	ENSMUSG00000089988	
Gm5207	1	ENSMUSG00000115243	
Gm18899	1	ENSMUSG00000111932	
Gm30531	1	ENSMUSG00000117013	
Ppox	1	ENSMUSG00000062729	
Wdcp	1	ENSMUSG00000051721	
Dmpk	1	ENSMUSG00000030409	
Nsmce1	1	ENSMUSG00000030750	
Gm6501	1	ENSMUSG00000099998	
Gm7832	1	ENSMUSG00000106917	
Nsmce3	1	ENSMUSG00000070520	
Nsmce2	1	ENSMUSG00000059586	
Gm7839	1	ENSMUSG00000109786	
Adh5	1	ENSMUSG00000028138	
Adh1	1	ENSMUSG00000074207	
Dnmt3a	1	ENSMUSG00000020661	
Gm17586	1	ENSMUSG00000120999	
Gm7846	1	ENSMUSG00000086240	
Dnmt3b	1	ENSMUSG00000027478	
Gm7848	1	ENSMUSG00000110149	
F11r	1	ENSMUSG00000038235	
Adi1	1	ENSMUSG00000020629	
Pin4-ps	1	ENSMUSG00000056836	
Ppt2	1	ENSMUSG00000015474	
Ppt1	1	ENSMUSG00000028657	
Gm16200	1	ENSMUSG00000081520	
Gm18860	1	ENSMUSG00000110569	
Gm7895	1	ENSMUSG00000100347	
Gm6563	1	ENSMUSG00000051255	
Nipbl	1	ENSMUSG00000022141	
Ell	1	ENSMUSG00000070002	
Gm6566	1	ENSMUSG00000113918	
Gm6565	1	ENSMUSG00000079224	
Gm5237	1	ENSMUSG00000118097	
Pick1	1	ENSMUSG00000068206	
Csf1r-ps	1	ENSMUSG00000118291	
Gm5239	1	ENSMUSG00000062742	
Gm16201	1	ENSMUSG00000086742	
Abraxas1	1	ENSMUSG00000035234	
Csf2ra	1	ENSMUSG00000059326	
Csf2rb	1	ENSMUSG00000071713	
Gm16209	1	ENSMUSG00000083734	
Serpina3f	1	ENSMUSG00000066363	
Ecsit	1	ENSMUSG00000066839	
Emb	1	ENSMUSG00000021728	
Emd	1	ENSMUSG00000001964	
Abraxas2	1	ENSMUSG00000030965	
Mgll	1	ENSMUSG00000033174	
Ankmy2	1	ENSMUSG00000036188	
Mgl2	1	ENSMUSG00000040950	
Gm6576	1	ENSMUSG00000090544	
Rplp2	1	ENSMUSG00000025508	
Dnajb11	1	ENSMUSG00000004460	
Ankmy1	1	ENSMUSG00000034212	
Ldhd	1	ENSMUSG00000031958	
Dnajb13	1	ENSMUSG00000030708	
Dnajb12	1	ENSMUSG00000020109	
Ldha	1	ENSMUSG00000063229	
Ldhb	1	ENSMUSG00000030246	
Rplp0	1	ENSMUSG00000067274	
Dnajb14	1	ENSMUSG00000074212	
Rplp1	1	ENSMUSG00000007892	
3830403N18Rik	1	ENSMUSG00000031125	
Eng	1	ENSMUSG00000026814	
Gm6581	1	ENSMUSG00000111446	
Gm17552	1	ENSMUSG00000097233	
Gm6540	1	ENSMUSG00000117049	
Ttll7	1	ENSMUSG00000036745	
Gm6542	1	ENSMUSG00000085172	
Ttll4	1	ENSMUSG00000033257	
Dmtn	1	ENSMUSG00000022099	
Ttll5	1	ENSMUSG00000012609	
Gm6543	1	ENSMUSG00000106135	
Mgmt	1	ENSMUSG00000054612	
Rpl18a	1	ENSMUSG00000045128	
Ttll3	1	ENSMUSG00000030276	
Gm6545	1	ENSMUSG00000111118	
Ttll1	1	ENSMUSG00000022442	
Gm5216	1	ENSMUSG00000116398	
Gm6548	1	ENSMUSG00000091549	
Rbck1	1	ENSMUSG00000027466	
Slco4a1	1	ENSMUSG00000038963	
Atp5pb	1	ENSMUSG00000000563	
Atp5pd	1	ENSMUSG00000034566	
Appl1	1	ENSMUSG00000040760	
Appl2	1	ENSMUSG00000020263	
Atp5pf	1	ENSMUSG00000022890	
Rpl19-ps1	1	ENSMUSG00000064281	
D530018E20Rik	1	ENSMUSG00000107610	
Hddc2	1	ENSMUSG00000000295	
Atp5po	1	ENSMUSG00000022956	
Nipa1	1	ENSMUSG00000047037	
Gm31828	1	ENSMUSG00000120651	
Nipa2	1	ENSMUSG00000030452	
Rpl19-ps7	1	ENSMUSG00000117405	
Rpl19-ps6	1	ENSMUSG00000116090	
Hddc3	1	ENSMUSG00000030532	
Gm17541	1	ENSMUSG00000091732	
Serpina3n	1	ENSMUSG00000021091	
Gm6553	1	ENSMUSG00000116702	
Gm6552	1	ENSMUSG00000117458	
Serpina3i	1	ENSMUSG00000079014	
Serpina3g	1	ENSMUSG00000041481	
Gm7887	1	ENSMUSG00000044211	
Serpina3h	1	ENSMUSG00000041449	
Gm7889	1	ENSMUSG00000099624	
Lrrcc1	1	ENSMUSG00000027550	
5430401H09Rik	1	ENSMUSG00000112071	
9930024M15Rik	1	ENSMUSG00000111131	
Gm16214	1	ENSMUSG00000086360	
Zfp322a	1	ENSMUSG00000046351	
Gm31834	1	ENSMUSG00000114638	
Atp5if1	1	ENSMUSG00000054428	
Gm6560	1	ENSMUSG00000104913	
Gm7890	1	ENSMUSG00000107990	
Rab42	1	ENSMUSG00000089687	
Socs1	1	ENSMUSG00000038037	
Rab44	1	ENSMUSG00000064147	
Socs3	1	ENSMUSG00000053113	
Rab43	1	ENSMUSG00000030055	
Socs2	1	ENSMUSG00000020027	
Rgs9bp	1	ENSMUSG00000056043	
Pmpcb	1	ENSMUSG00000029017	
Pmpca	1	ENSMUSG00000026926	
Socs5	1	ENSMUSG00000037104	
Socs4	1	ENSMUSG00000048379	
Socs7	1	ENSMUSG00000038485	
Pkhd1l1	1	ENSMUSG00000038725	
Socs6	1	ENSMUSG00000056153	
Rab2b	1	ENSMUSG00000022159	
Mix23	1	ENSMUSG00000075229	
Rab2a	1	ENSMUSG00000047187	
Dmwd	1	ENSMUSG00000030410	
Slx4ip	1	ENSMUSG00000027281	
Trav16n	1	ENSMUSG00000076822	
Rab31	1	ENSMUSG00000056515	
Rab30	1	ENSMUSG00000030643	
Rab32	1	ENSMUSG00000019832	
Rab35	1	ENSMUSG00000029518	
Hpgds	1	ENSMUSG00000029919	
Rab34	1	ENSMUSG00000002059	
Rab37	1	ENSMUSG00000020732	
Rab36	1	ENSMUSG00000020175	
Rab39	1	ENSMUSG00000055069	
Gm41291	1	ENSMUSG00000121114	
Rab38	1	ENSMUSG00000030559	
Zscan2	1	ENSMUSG00000038797	
Or10aa3	1	ENSMUSG00000047048	
Or10aa1	1	ENSMUSG00000045381	
Rab1a	1	ENSMUSG00000020149	
Rab1b	1	ENSMUSG00000024870	
Zc4h2	1	ENSMUSG00000035062	
Erf	1	ENSMUSG00000040857	
Erh	1	ENSMUSG00000021131	
Ldlr	1	ENSMUSG00000032193	
Tubb4b-ps1	1	ENSMUSG00000095159	
Tubb4b-ps2	1	ENSMUSG00000099997	
Oasl2	1	ENSMUSG00000029561	
Oasl1	1	ENSMUSG00000041827	
Rpl37-ps1	1	ENSMUSG00000117711	
Rab5a	1	ENSMUSG00000017831	
Rab4b	1	ENSMUSG00000053291	
Rab4a	1	ENSMUSG00000019478	
Gfpt1	1	ENSMUSG00000029992	
Esd	1	ENSMUSG00000021996	
Adnp	1	ENSMUSG00000051149	
Brpf3	1	ENSMUSG00000063952	
Brpf1	1	ENSMUSG00000001632	
Tfcp2	1	ENSMUSG00000009733	
A430057M04Rik	1	ENSMUSG00000090564	
Yju2	1	ENSMUSG00000003208	
5730488B01Rik	1	ENSMUSG00000103995	
4933426B08Rik	1	ENSMUSG00000116644	
Atp5mf	1	ENSMUSG00000038690	
Rab3a	1	ENSMUSG00000031840	
Atp5me	1	ENSMUSG00000050856	
Atp5mg	1	ENSMUSG00000038717	
Rab3b	1	ENSMUSG00000003411	
Atp5mj	1	ENSMUSG00000021290	
Rab3d	1	ENSMUSG00000019066	
Atp5mk	1	ENSMUSG00000071528	
Pcsk9	1	ENSMUSG00000044254	
9930017N22Rik	1	ENSMUSG00000115276	
Pcsk7	1	ENSMUSG00000035382	
Pcsk4	1	ENSMUSG00000020131	
Gm16287	1	ENSMUSG00000073739	
Gm16288	1	ENSMUSG00000085099	
2610206C17Rik	1	ENSMUSG00000085236	
Gm16283	1	ENSMUSG00000087020	
Wdr1	1	ENSMUSG00000005103	
Wdr4	1	ENSMUSG00000024037	
Wdr3	1	ENSMUSG00000033285	
Il2ra	1	ENSMUSG00000026770	
Aldh7a1	1	ENSMUSG00000053644	
Il2rb	1	ENSMUSG00000068227	
Rhbdl3	1	ENSMUSG00000017692	
Gm7816	1	ENSMUSG00000083261	
Snord8	1	ENSMUSG00000093044	
Wdr6	1	ENSMUSG00000066357	
Wdr5	1	ENSMUSG00000026917	
Wdr7	1	ENSMUSG00000040560	
Mrpl3	1	ENSMUSG00000032563	
Mrpl4	1	ENSMUSG00000003299	
Mrpl1	1	ENSMUSG00000029486	
Mrpl2	1	ENSMUSG00000002767	
Bpifb4	1	ENSMUSG00000074665	
Gm7823	1	ENSMUSG00000082905	
Mrpl9	1	ENSMUSG00000028140	
Gm16279	1	ENSMUSG00000084998	
Evc	1	ENSMUSG00000029122	
Ntpcr	1	ENSMUSG00000031851	
Evl	1	ENSMUSG00000021262	
Bpifa6	1	ENSMUSG00000078998	
Rab20	1	ENSMUSG00000031504	
Adsl	1	ENSMUSG00000022407	
Rab21	1	ENSMUSG00000020132	
Rab24	1	ENSMUSG00000034789	
Rab23	1	ENSMUSG00000004768	
Rab26	1	ENSMUSG00000079657	
Rab25	1	ENSMUSG00000008601	
Dgcr8	1	ENSMUSG00000022718	
Rab28	1	ENSMUSG00000029128	
Dgcr6	1	ENSMUSG00000003531	
Rab29	1	ENSMUSG00000026433	
Nsmaf	1	ENSMUSG00000028245	
Dgcr2	1	ENSMUSG00000003166	
Seh1l	1	ENSMUSG00000079614	
Vapa	1	ENSMUSG00000024091	
Vapb	1	ENSMUSG00000054455	
Sh3pxd2a	1	ENSMUSG00000053617	
Rab10	1	ENSMUSG00000020671	
Rab13	1	ENSMUSG00000027935	
5033406O09Rik	1	ENSMUSG00000113769	
Rab12	1	ENSMUSG00000023460	
Rab14	1	ENSMUSG00000026878	
Rab19	1	ENSMUSG00000029923	
Gm7803	1	ENSMUSG00000083754	
Rab18	1	ENSMUSG00000073639	
Mdga1	1	ENSMUSG00000043557	
Rnft1	1	ENSMUSG00000020521	
Gm7809	1	ENSMUSG00000099397	
Il2rg	1	ENSMUSG00000031304	
Rnft2	1	ENSMUSG00000032850	
Nedd1	1	ENSMUSG00000019988	
Cnep1r1	1	ENSMUSG00000036810	
Gpr160	1	ENSMUSG00000037661	
Nedd4	1	ENSMUSG00000032216	
Npdc1	1	ENSMUSG00000015094	
Kat5	1	ENSMUSG00000024926	
Fth1	1	ENSMUSG00000024661	
Timd2	1	ENSMUSG00000040413	
Irgm1	1	ENSMUSG00000046879	
Irgm2	1	ENSMUSG00000069874	
Kat8	1	ENSMUSG00000030801	
Timd4	1	ENSMUSG00000055546	
Kat7	1	ENSMUSG00000038909	
Zbtb8os	1	ENSMUSG00000057572	
Gpr176	1	ENSMUSG00000040133	
Gpr174	1	ENSMUSG00000073008	
Gpr171	1	ENSMUSG00000050075	
Phgdh-ps1	1	ENSMUSG00000109290	
Gpbp1l1	1	ENSMUSG00000034042	
Dna2	1	ENSMUSG00000036875	
Ezr	1	ENSMUSG00000052397	
Cecr2	1	ENSMUSG00000071226	
Vasp	1	ENSMUSG00000030403	
Osgep	1	ENSMUSG00000006289	
Adam6b	1	ENSMUSG00000051804	
Gpr182	1	ENSMUSG00000058396	
Gpr183	1	ENSMUSG00000051212	
Gpr180	1	ENSMUSG00000022131	
Panct2	1	ENSMUSG00000097814	
Mif-ps1	1	ENSMUSG00000104360	
Mif-ps3	1	ENSMUSG00000082826	
Vasn	1	ENSMUSG00000039646	
Mif-ps6	1	ENSMUSG00000059658	
Sec23ip	1	ENSMUSG00000055319	
Lppos	1	ENSMUSG00000119959	
Dnd1	1	ENSMUSG00000044595	
Mndal	1	ENSMUSG00000090272	
Lmbrd1	1	ENSMUSG00000073725	
Pidd1	1	ENSMUSG00000025507	
Vat1	1	ENSMUSG00000034993	
Lmbrd2	1	ENSMUSG00000039704	
Gngt2	1	ENSMUSG00000038811	
Sema7a	1	ENSMUSG00000038264	
Msl3l2	1	ENSMUSG00000047669	
Ggta1	1	ENSMUSG00000035778	
2410004P03Rik	1	ENSMUSG00000071398	
Mydgf	1	ENSMUSG00000019579	
Matcap1	1	ENSMUSG00000014837	
Camta2	1	ENSMUSG00000040712	
Adam15	1	ENSMUSG00000028041	
Camta1	1	ENSMUSG00000014592	
Adam17	1	ENSMUSG00000052593	
Parpbp	1	ENSMUSG00000035365	
Adam19	1	ENSMUSG00000011256	
Cyp39a1	1	ENSMUSG00000023963	
Rab7b	1	ENSMUSG00000052688	
Ftl1	1	ENSMUSG00000050708	
Adam10	1	ENSMUSG00000054693	
Vav3	1	ENSMUSG00000033721	
Arvcf	1	ENSMUSG00000118669	
Gpr132	1	ENSMUSG00000021298	
Adam23	1	ENSMUSG00000025964	
Gpr137	1	ENSMUSG00000024958	
Vav1	1	ENSMUSG00000034116	
Rab6a	1	ENSMUSG00000030704	
Vav2	1	ENSMUSG00000009621	
Rab5c	1	ENSMUSG00000019173	
Rab5b	1	ENSMUSG00000000711	
Fam13b	1	ENSMUSG00000036501	
Ptges3l	1	ENSMUSG00000097487	
Adam22	1	ENSMUSG00000040537	
Matcap2	1	ENSMUSG00000036411	
Hyal3	1	ENSMUSG00000036091	
Clybl	1	ENSMUSG00000025545	
Hyal2	1	ENSMUSG00000010047	
Hyal1	1	ENSMUSG00000010051	
4930563E22Rik	1	ENSMUSG00000053574	
Gpr141	1	ENSMUSG00000053101	
Mrps9	1	ENSMUSG00000060679	
Kiss1r	1	ENSMUSG00000035773	
Yipf6	1	ENSMUSG00000047694	
Gpr146	1	ENSMUSG00000044197	
Apbb1ip	1	ENSMUSG00000026786	
Zng1	1	ENSMUSG00000024878	
Mrps2	1	ENSMUSG00000035772	
Yipf5	1	ENSMUSG00000024487	
Yipf4	1	ENSMUSG00000024072	
Yipf3	1	ENSMUSG00000071074	
Cript	1	ENSMUSG00000024146	
Yipf2	1	ENSMUSG00000032182	
Mrps6	1	ENSMUSG00000039680	
Yipf1	1	ENSMUSG00000057375	
Mrps7	1	ENSMUSG00000046756	
Slc7a3	1	ENSMUSG00000031297	
Mrps5	1	ENSMUSG00000027374	
Slc7a1	1	ENSMUSG00000041313	
Slc7a6	1	ENSMUSG00000031904	
Slc7a7	1	ENSMUSG00000000958	
Slc7a4	1	ENSMUSG00000022756	
Slc7a5	1	ENSMUSG00000040010	
Slc7a8	1	ENSMUSG00000022180	
Nkap	1	ENSMUSG00000016409	
Uqcrc2	1	ENSMUSG00000030884	
Uqcrc1	1	ENSMUSG00000025651	
Fah	1	ENSMUSG00000030630	
Gpr157	1	ENSMUSG00000047875	
Rab8b	1	ENSMUSG00000036943	
Rab8a	1	ENSMUSG00000003037	
Gpr155	1	ENSMUSG00000041762	
Gpr156	1	ENSMUSG00000046961	
A630035G10Rik	1	ENSMUSG00000103083	
4930426L09Rik	1	ENSMUSG00000026736	
Rpl36a-ps2	1	ENSMUSG00000105388	
Rpl36a-ps3	1	ENSMUSG00000071141	
Rpl36a-ps1	1	ENSMUSG00000060377	
Nedd9	1	ENSMUSG00000021365	
Fas	1	ENSMUSG00000024778	
Fau	1	ENSMUSG00000038274	
Huwe1	1	ENSMUSG00000025261	
Nedd8	1	ENSMUSG00000010376	
Gm6485	1	ENSMUSG00000089999	
Hcar2	1	ENSMUSG00000045502	
Sh2d3c	1	ENSMUSG00000059013	
Fastkd5	1	ENSMUSG00000079043	
Ublcp1	1	ENSMUSG00000041231	
Gm18943	1	ENSMUSG00000109472	
Phaf1	1	ENSMUSG00000031889	
Fcer1a	1	ENSMUSG00000005339	
Fbl	1	ENSMUSG00000046865	
Crip3	1	ENSMUSG00000023968	
Bccip	1	ENSMUSG00000030983	
Crip2	1	ENSMUSG00000006356	
Gm5160	1	ENSMUSG00000055795	
Crip1	1	ENSMUSG00000006360	
Gm6493	1	ENSMUSG00000090021	
Gm5165	1	ENSMUSG00000116802	
Fbxo10	1	ENSMUSG00000048232	
Sh2d2a	1	ENSMUSG00000028071	
Szt2	1	ENSMUSG00000033253	
4930423D24Rik	1	ENSMUSG00000112753	
Fbxo11	1	ENSMUSG00000005371	
Fbxo17	1	ENSMUSG00000030598	
Fcer2a	1	ENSMUSG00000005540	
Fcer1g	1	ENSMUSG00000058715	
Timm9	1	ENSMUSG00000021079	
Gm5171	1	ENSMUSG00000110744	
Ppfibp2	1	ENSMUSG00000036528	
Mapk1ip1l	1	ENSMUSG00000021840	
Ppfibp1	1	ENSMUSG00000016487	
Fbxo21	1	ENSMUSG00000032898	
Fbxo22	1	ENSMUSG00000032309	
Gm5134	1	ENSMUSG00000033255	
H6pd	1	ENSMUSG00000028980	
Sh2d1a	1	ENSMUSG00000005696	
A730036I17Rik	1	ENSMUSG00000056738	
Fbxo25	1	ENSMUSG00000038365	
Gm7799	1	ENSMUSG00000087457	
Fbxo27	1	ENSMUSG00000037463	
Gm30603	1	ENSMUSG00000120373	
Fbxo28	1	ENSMUSG00000047539	
Gm17638	1	ENSMUSG00000097057	
Gpr107	1	ENSMUSG00000000194	
Gpr108	1	ENSMUSG00000005823	
Rad23a	1	ENSMUSG00000003813	
Rad23b	1	ENSMUSG00000028426	
Gm5141	1	ENSMUSG00000091183	
Fbxo30	1	ENSMUSG00000047648	
Gm6474	1	ENSMUSG00000114023	
Fbxo31	1	ENSMUSG00000052934	
Fbxo32	1	ENSMUSG00000022358	
Fbxo33	1	ENSMUSG00000035329	
Gm6475	1	ENSMUSG00000116838	
Fbxo34	1	ENSMUSG00000037536	
Gm6478	1	ENSMUSG00000074868	
Gm6477	1	ENSMUSG00000111877	
Fbxo36	1	ENSMUSG00000073633	
Gm5148	1	ENSMUSG00000058174	
Gm29609	1	ENSMUSG00000101678	
Fbxo38	1	ENSMUSG00000042211	
Nkg7	1	ENSMUSG00000004612	
Fer	1	ENSMUSG00000000127	
Fes	1	ENSMUSG00000053158	
Gm18959	1	ENSMUSG00000108823	
Slfn10-ps	1	ENSMUSG00000072621	
Crim1	1	ENSMUSG00000024074	
Gm5150	1	ENSMUSG00000078780	
Gm6483	1	ENSMUSG00000087153	
A530030E21Rik	1	ENSMUSG00000105160	
Fbxo42	1	ENSMUSG00000028920	
Mcf2l	1	ENSMUSG00000031442	
Fbxo44	1	ENSMUSG00000029001	
Fbxo45	1	ENSMUSG00000035764	
Fbxo46	1	ENSMUSG00000050428	
Fbxo47	1	ENSMUSG00000070336	
Fbxo48	1	ENSMUSG00000044966	
Fh1	1	ENSMUSG00000026526	
Sema6d	1	ENSMUSG00000027200	
Sema6b	1	ENSMUSG00000001227	
Gm18904	1	ENSMUSG00000112683	
Dnlz	1	ENSMUSG00000075467	
Cd244a	1	ENSMUSG00000004709	
Fbxo40	1	ENSMUSG00000047746	
Trgc1	1	ENSMUSG00000076749	
Ndufab1-ps	1	ENSMUSG00000091989	
Itpripl2	1	ENSMUSG00000095115	
Itpripl1	1	ENSMUSG00000074825	
Igfals	1	ENSMUSG00000046070	
Trgc2	1	ENSMUSG00000076752	
Dnm2	1	ENSMUSG00000033335	
Trgc4	1	ENSMUSG00000076757	
Dnm3	1	ENSMUSG00000040265	
Fgr	1	ENSMUSG00000028874	
1300014J16Rik	1	ENSMUSG00000112545	
Tspan2	1	ENSMUSG00000027858	
Tspan3	1	ENSMUSG00000032324	
Sema5a	1	ENSMUSG00000022231	
Tspan4	1	ENSMUSG00000025511	
Tspan5	1	ENSMUSG00000028152	
Dars2	1	ENSMUSG00000026709	
Rpl13a	1	ENSMUSG00000074129	
Tspan6	1	ENSMUSG00000067377	
Cwf19l1	1	ENSMUSG00000025200	
Tspan8	1	ENSMUSG00000034127	
Tspan9	1	ENSMUSG00000030352	
Cpped1	1	ENSMUSG00000065979	
Dars1	1	ENSMUSG00000026356	
Lef1	1	ENSMUSG00000027985	
Cwf19l2	1	ENSMUSG00000025898	
Sema4b	1	ENSMUSG00000030539	
Sema4c	1	ENSMUSG00000026121	
Sema4d	1	ENSMUSG00000021451	
Sema4a	1	ENSMUSG00000028064	
S1pr1	1	ENSMUSG00000045092	
S1pr3	1	ENSMUSG00000067586	
S1pr2	1	ENSMUSG00000043895	
Gm5182	1	ENSMUSG00000111942	
S1pr5	1	ENSMUSG00000045087	
Sema4f	1	ENSMUSG00000000627	
Rpl10a	1	ENSMUSG00000037805	
S1pr4	1	ENSMUSG00000044199	
Sema4g	1	ENSMUSG00000025207	
Sh2d4a	1	ENSMUSG00000053886	
Acin1	1	ENSMUSG00000022185	
Gm18913	1	ENSMUSG00000107596	
Pamr1	1	ENSMUSG00000027188	
Sema3b	1	ENSMUSG00000057969	
Fahd1	1	ENSMUSG00000045316	
Wee1	1	ENSMUSG00000031016	
Ogdhl	1	ENSMUSG00000021913	
Lrwd1	1	ENSMUSG00000029703	
Gm16364	1	ENSMUSG00000086915	
Gm7730	1	ENSMUSG00000110545	
Gm17690	1	ENSMUSG00000097204	
Gm6402	1	ENSMUSG00000117962	
A430005L14Rik	1	ENSMUSG00000047613	
Msrb1	1	ENSMUSG00000075705	
Slco3a1	1	ENSMUSG00000025790	
Gm6407	1	ENSMUSG00000093548	
Gm7739	1	ENSMUSG00000113549	
Msrb3	1	ENSMUSG00000051236	
Msrb2	1	ENSMUSG00000023094	
Entpd1	1	ENSMUSG00000048120	
Serpinb9b	1	ENSMUSG00000021403	
1810014B01Rik	1	ENSMUSG00000097412	
Entpd5	1	ENSMUSG00000021236	
Entpd6	1	ENSMUSG00000033068	
Entpd4	1	ENSMUSG00000095463	
Entpd7	1	ENSMUSG00000025192	
Gm41331	1	ENSMUSG00000120356	
Cklf	1	ENSMUSG00000054400	
Gm16350	1	ENSMUSG00000090024	
2310022A10Rik	1	ENSMUSG00000049643	
Gm6416	1	ENSMUSG00000114792	
Mrgpra2b	1	ENSMUSG00000096719	
Oser1	1	ENSMUSG00000035399	
Gm27003	1	ENSMUSG00000098024	
Gm29666	1	ENSMUSG00000100967	
Gm16386	1	ENSMUSG00000117333	
Gm16385	1	ENSMUSG00000116811	
Fn1	1	ENSMUSG00000026193	
Adnp2	1	ENSMUSG00000053950	
Ptbp1	1	ENSMUSG00000006498	
Gm16374	1	ENSMUSG00000115205	
Gm16372	1	ENSMUSG00000057160	
Rpl27a	1	ENSMUSG00000046364	
H13	1	ENSMUSG00000019188	
Cpeb2	1	ENSMUSG00000039782	
Gm7729	1	ENSMUSG00000046636	
Cpeb3	1	ENSMUSG00000039652	
Cpeb4	1	ENSMUSG00000020300	
Gm16378	1	ENSMUSG00000095762	
Gm30671	1	ENSMUSG00000111301	
Pcyox1l	1	ENSMUSG00000024579	
B230217O12Rik	1	ENSMUSG00000097785	
Gm6440	1	ENSMUSG00000116694	
Gm5112	1	ENSMUSG00000107868	
Gm5113	1	ENSMUSG00000066647	
Gm7776	1	ENSMUSG00000100018	
Gm6444	1	ENSMUSG00000080836	
Cks2	1	ENSMUSG00000062248	
Sestd1	1	ENSMUSG00000042272	
Dntt	1	ENSMUSG00000025014	
Gm17655	1	ENSMUSG00000090963	
Gcfc2	1	ENSMUSG00000035125	
Zscan29	1	ENSMUSG00000050619	
Zscan25	1	ENSMUSG00000070420	
Zscan26	1	ENSMUSG00000022228	
2010320M18Rik	1	ENSMUSG00000100691	
Zscan21	1	ENSMUSG00000037017	
Zscan22	1	ENSMUSG00000054715	
Zscan20	1	ENSMUSG00000061894	
Gm6450	1	ENSMUSG00000106930	
Gm7780	1	ENSMUSG00000111744	
Glipr1	1	ENSMUSG00000056888	
Gm6451	1	ENSMUSG00000084166	
Gm7785	1	ENSMUSG00000083064	
Golgb1	1	ENSMUSG00000034243	
4933407K13Rik	1	ENSMUSG00000087396	
Glipr2	1	ENSMUSG00000028480	
Gm5127	1	ENSMUSG00000073010	
Gm6457	1	ENSMUSG00000053740	
Gm5129	1	ENSMUSG00000053121	
Pira12	1	ENSMUSG00000074417	
Gm16315	1	ENSMUSG00000090230	
Pira13	1	ENSMUSG00000074419	
Fos	1	ENSMUSG00000021250	
Gm16316	1	ENSMUSG00000087129	
Ppp1r2-ps1	1	ENSMUSG00000094843	
Zscan30	1	ENSMUSG00000024274	
Ppp1r2-ps2	1	ENSMUSG00000099662	
Ppp1r2-ps4	1	ENSMUSG00000059237	
Ppp1r2-ps6	1	ENSMUSG00000095869	
Golga4	1	ENSMUSG00000038708	
Golga5	1	ENSMUSG00000021192	
Gm6421	1	ENSMUSG00000114540	
Golga2	1	ENSMUSG00000002546	
Aftph	1	ENSMUSG00000049659	
Gm16341	1	ENSMUSG00000087538	
Golga3	1	ENSMUSG00000029502	
Golga1	1	ENSMUSG00000026754	
Gm6425	1	ENSMUSG00000086174	
Gm6428	1	ENSMUSG00000089906	
Gm15013	1	ENSMUSG00000098559	
Golga7	1	ENSMUSG00000015341	
Gm31940	1	ENSMUSG00000120576	
Spef2	1	ENSMUSG00000072663	
Spef1	1	ENSMUSG00000027329	
Abitram	1	ENSMUSG00000038827	
Greb1l	1	ENSMUSG00000042942	
Ipcef1	1	ENSMUSG00000064065	
Pimreg	1	ENSMUSG00000020808	
Ykt6	1	ENSMUSG00000002741	
Leo1	1	ENSMUSG00000042487	
Gm6430	1	ENSMUSG00000044757	
Gm18990	1	ENSMUSG00000114622	
Gm5106	1	ENSMUSG00000097279	
Gm6439	1	ENSMUSG00000105779	
Zscan18	1	ENSMUSG00000070822	
Gm29642	1	ENSMUSG00000100002	
Nkrf	1	ENSMUSG00000044149	
Zscan12	1	ENSMUSG00000036721	
Zscan10	1	ENSMUSG00000023902	
Pip5k1c	1	ENSMUSG00000034902	
P4htm	1	ENSMUSG00000006675	
Pip5k1b	1	ENSMUSG00000024867	
Pip5k1a	1	ENSMUSG00000028126	
Serpinb6a	1	ENSMUSG00000060147	
Serpinb6b	1	ENSMUSG00000042842	
Fry	1	ENSMUSG00000056602	
Ppp1r12c	1	ENSMUSG00000019254	
Ppp1r12b	1	ENSMUSG00000073557	
Ppp1r12a	1	ENSMUSG00000019907	
Abhd4	1	ENSMUSG00000040997	
Abhd1	1	ENSMUSG00000006638	
Abhd2	1	ENSMUSG00000039202	
Serpinb1b	1	ENSMUSG00000051029	
Abhd8	1	ENSMUSG00000007950	
Serpinb1c	1	ENSMUSG00000079049	
Abhd5	1	ENSMUSG00000032540	
Abhd6	1	ENSMUSG00000025277	
Serpinb1a	1	ENSMUSG00000044734	
Psme3ip1	1	ENSMUSG00000031774	
Ppp1r13b	1	ENSMUSG00000021285	
Atf7ip	1	ENSMUSG00000030213	
Hjurp	1	ENSMUSG00000044783	
Nktr	1	ENSMUSG00000032525	
Fto	1	ENSMUSG00000055932	
Fv1	1	ENSMUSG00000070583	
Bdkrb1	1	ENSMUSG00000041347	
Ftx	1	ENSMUSG00000086370	
1700014B07Rik	1	ENSMUSG00000118578	
Iqcb1	1	ENSMUSG00000022837	
Ppp1r14b	1	ENSMUSG00000056612	
Palb2	1	ENSMUSG00000044702	
Tepsin	1	ENSMUSG00000025377	
Fus	1	ENSMUSG00000030795	
2310061I04Rik	1	ENSMUSG00000050705	
Fuz	1	ENSMUSG00000011658	
Myd88	1	ENSMUSG00000032508	
Ppp1r15b	1	ENSMUSG00000046062	
Ppp1r15a	1	ENSMUSG00000040435	
Zc3h4	1	ENSMUSG00000059273	
Hibadh	1	ENSMUSG00000029776	
Zc3h3	1	ENSMUSG00000075600	
Zc3h8	1	ENSMUSG00000027387	
Rapgefl1	1	ENSMUSG00000038020	
Zc3h6	1	ENSMUSG00000042851	
9930014A18Rik	1	ENSMUSG00000097493	
Lepr	1	ENSMUSG00000057722	
Cdc73	1	ENSMUSG00000026361	
Cdc5l	1	ENSMUSG00000023932	
Oard1	1	ENSMUSG00000040771	
Spg21	1	ENSMUSG00000032388	
Ppp1r16b	1	ENSMUSG00000037754	
Eif5b	1	ENSMUSG00000026083	
Eif5a	1	ENSMUSG00000078812	
Ppp1r16a	1	ENSMUSG00000033819	
Erc1	1	ENSMUSG00000030172	
Ptbp3	1	ENSMUSG00000028382	
1810059H22Rik	1	ENSMUSG00000108207	
Ptbp2	1	ENSMUSG00000028134	
9530085L11Rik	1	ENSMUSG00000107742	
A030001D20Rik	1	ENSMUSG00000110357	
Coasy	1	ENSMUSG00000001755	
Gpx4-ps2	1	ENSMUSG00000110841	
Vbp1	1	ENSMUSG00000031197	
Gm7701	1	ENSMUSG00000091363	
Eif4h	1	ENSMUSG00000040731	
Eif4b	1	ENSMUSG00000058655	
Gm30698	1	ENSMUSG00000111090	
Eif4e	1	ENSMUSG00000028156	
Gm16399	1	ENSMUSG00000097790	
Gm27042	1	ENSMUSG00000097792	
2810025M15Rik	1	ENSMUSG00000049881	
Sh3gl1	1	ENSMUSG00000003200	
Fxn	1	ENSMUSG00000059363	
Eif3m	1	ENSMUSG00000027170	
Gm41341	1	ENSMUSG00000069996	
Eif3i	1	ENSMUSG00000028798	
Eif3l	1	ENSMUSG00000033047	
Eif3k	1	ENSMUSG00000053565	
Eif3f	1	ENSMUSG00000031029	
Eif3e	1	ENSMUSG00000022336	
Eif3h	1	ENSMUSG00000022312	
Eif3g	1	ENSMUSG00000070319	
Ap3m1-ps	1	ENSMUSG00000094683	
Eif3b	1	ENSMUSG00000056076	
Eif3a	1	ENSMUSG00000024991	
Eif3d	1	ENSMUSG00000016554	
Rpl5-ps1	1	ENSMUSG00000082193	
Eif3c	1	ENSMUSG00000030738	
Rpl5-ps2	1	ENSMUSG00000082064	
Ahcyl2	1	ENSMUSG00000029772	
Ahcyl1	1	ENSMUSG00000027893	
Ppp1ccb	1	ENSMUSG00000100153	
Ifit3b	1	ENSMUSG00000062488	
Pnrc2	1	ENSMUSG00000028675	
Pnrc1	1	ENSMUSG00000040128	
Fyn	1	ENSMUSG00000019843	
Cdc45	1	ENSMUSG00000000028	
Cdc42	1	ENSMUSG00000006699	
Gm40020	1	ENSMUSG00000111834	
Mroh1	1	ENSMUSG00000022558	
9530082P21Rik	1	ENSMUSG00000097006	
Uap1l1	1	ENSMUSG00000026956	
Rbbp5	1	ENSMUSG00000026439	
Rbbp4	1	ENSMUSG00000057236	
Mroh8	1	ENSMUSG00000074627	
Rbbp7	1	ENSMUSG00000031353	
Eif2d	1	ENSMUSG00000026427	
Rbbp6	1	ENSMUSG00000030779	
Rbbp9	1	ENSMUSG00000027428	
Mroh7	1	ENSMUSG00000047502	
Rbbp8	1	ENSMUSG00000041238	
Eif2a	1	ENSMUSG00000027810	
Spg11	1	ENSMUSG00000033396	
Prc1	1	ENSMUSG00000038943	
Il1r2	1	ENSMUSG00000026073	
Trem3	1	ENSMUSG00000041754	
Il1r1	1	ENSMUSG00000026072	
Trem1	1	ENSMUSG00000042265	
Carhsp1	1	ENSMUSG00000008393	
Itln1	1	ENSMUSG00000038209	
Zfp862-ps	1	ENSMUSG00000107476	
Prf1	1	ENSMUSG00000037202	
Eif1b	1	ENSMUSG00000006941	
Eif1a	1	ENSMUSG00000057561	
Uqcrfs1	1	ENSMUSG00000038462	
Cdc27	1	ENSMUSG00000020687	
Cdc26	1	ENSMUSG00000066149	
Preb	1	ENSMUSG00000045302	
Cdc23	1	ENSMUSG00000024370	
Cdc20	1	ENSMUSG00000006398	
Cdc40	1	ENSMUSG00000038446	
Prcc	1	ENSMUSG00000004895	
Prcp	1	ENSMUSG00000061119	
Relch	1	ENSMUSG00000026319	
Mccc1	1	ENSMUSG00000027709	
A330069E16Rik	1	ENSMUSG00000120340	
Mccc2	1	ENSMUSG00000021646	
Cdc37	1	ENSMUSG00000019471	
Gmcl1	1	ENSMUSG00000001157	
Mturn	1	ENSMUSG00000038065	
Cdc34	1	ENSMUSG00000020307	
Il1rn	1	ENSMUSG00000026981	
Mst1r	1	ENSMUSG00000032584	
C230037L18Rik	1	ENSMUSG00000084915	
Gpalpp1	1	ENSMUSG00000022008	
Lacc1	1	ENSMUSG00000044350	
Gm5099	1	ENSMUSG00000102716	
Lratd2	1	ENSMUSG00000072568	
Aldh6a1	1	ENSMUSG00000021238	
Lmntd1	1	ENSMUSG00000054966	
Dhtkd1	1	ENSMUSG00000025815	
Lmntd2	1	ENSMUSG00000025500	
Gt(ROSA)26Sor	1	ENSMUSG00000086429	
Eri1	1	ENSMUSG00000031527	
Eri3	1	ENSMUSG00000033423	
Eri2	1	ENSMUSG00000030929	
Agtr1a	1	ENSMUSG00000049115	
Knop1	1	ENSMUSG00000030980	
Cdan1	1	ENSMUSG00000027284	
Mtus2	1	ENSMUSG00000029651	
Mtus1	1	ENSMUSG00000045636	
Prg4	1	ENSMUSG00000006014	
Prep	1	ENSMUSG00000019849	
Prg2	1	ENSMUSG00000027073	
Erfe	1	ENSMUSG00000047443	
Il36g	1	ENSMUSG00000044103	
Meig1	1	ENSMUSG00000026650	
Cdc16	1	ENSMUSG00000038416	
Grin2d	1	ENSMUSG00000002771	
1700008J07Rik	1	ENSMUSG00000101225	
Mdfic	1	ENSMUSG00000041390	
Mia2	1	ENSMUSG00000021000	
Mia3	1	ENSMUSG00000056050	
Shoc2	1	ENSMUSG00000024976	
Larp7-ps	1	ENSMUSG00000066107	
Akap7	1	ENSMUSG00000039166	
Akap8	1	ENSMUSG00000024045	
Akap5	1	ENSMUSG00000021057	
Pald1	1	ENSMUSG00000020092	
Akap1	1	ENSMUSG00000018428	
0610040B10Rik	1	ENSMUSG00000089889	
1110032F04Rik	1	ENSMUSG00000046999	
Akap9	1	ENSMUSG00000040407	
Gaa	1	ENSMUSG00000025579	
1700123O20Rik	1	ENSMUSG00000040822	
4930594C11Rik	1	ENSMUSG00000103948	
Gak	1	ENSMUSG00000062234	
Gan	1	ENSMUSG00000052557	
Tshz1	1	ENSMUSG00000046982	
Prpf4b	1	ENSMUSG00000021413	
1700030K09Rik	1	ENSMUSG00000052794	
Zcwpw1	1	ENSMUSG00000037108	
Strap	1	ENSMUSG00000030224	
Bmal2	1	ENSMUSG00000040187	
Aldoc	1	ENSMUSG00000017390	
Dohh	1	ENSMUSG00000078440	
Aldoa	1	ENSMUSG00000030695	
Bmal1	1	ENSMUSG00000055116	
Mycbp	1	ENSMUSG00000028647	
Strbp	1	ENSMUSG00000026915	
Fibcd1	1	ENSMUSG00000026841	
Rps4x-ps	1	ENSMUSG00000104699	
Il11ra1	1	ENSMUSG00000073889	
Gca	1	ENSMUSG00000026893	
Mib2	1	ENSMUSG00000029060	
Mib1	1	ENSMUSG00000024294	
Nle1	1	ENSMUSG00000020692	
Gm7695	1	ENSMUSG00000113340	
Gm7694	1	ENSMUSG00000102752	
Glb1l	1	ENSMUSG00000026200	
Gm29718	1	ENSMUSG00000103953	
Gm6368	1	ENSMUSG00000080775	
Gda	1	ENSMUSG00000058624	
Nrip1	1	ENSMUSG00000048490	
Nrip2	1	ENSMUSG00000001520	
Nrip3	1	ENSMUSG00000034825	
Prlr	1	ENSMUSG00000005268	
Gm16409	1	ENSMUSG00000075581	
Slc8a1	1	ENSMUSG00000054640	
Gm6375	1	ENSMUSG00000107950	
Sdcbp	1	ENSMUSG00000028249	
Gm6377	1	ENSMUSG00000048621	
Syncrip	1	ENSMUSG00000032423	
Prkx	1	ENSMUSG00000035725	
Stt3a	1	ENSMUSG00000032116	
Xiap	1	ENSMUSG00000025860	
Ilvbl	1	ENSMUSG00000032763	
Stt3b	1	ENSMUSG00000032437	
Fuom	1	ENSMUSG00000025466	
Mid1	1	ENSMUSG00000035299	
Gem	1	ENSMUSG00000028214	
Mid2	1	ENSMUSG00000000266	
Dok1	1	ENSMUSG00000068335	
Ern1	1	ENSMUSG00000020715	
Rxrb	1	ENSMUSG00000039656	
Dok2	1	ENSMUSG00000022102	
Nkapd1	1	ENSMUSG00000059820	
Rxra	1	ENSMUSG00000015846	
Dok3	1	ENSMUSG00000035711	
Dok4	1	ENSMUSG00000040631	
Sirt3	1	ENSMUSG00000025486	
Sirt2	1	ENSMUSG00000015149	
Sirt1	1	ENSMUSG00000020063	
Gm6382	1	ENSMUSG00000082675	
Sirt7	1	ENSMUSG00000025138	
Sirt6	1	ENSMUSG00000034748	
Sirt5	1	ENSMUSG00000054021	
Sirt4	1	ENSMUSG00000029524	
Slc8b1	1	ENSMUSG00000032754	
Gm6341	1	ENSMUSG00000083121	
4933412E12Rik	1	ENSMUSG00000112627	
Gm6344	1	ENSMUSG00000094446	
Prnp	1	ENSMUSG00000079037	
Anapc5	1	ENSMUSG00000029472	
Dolk	1	ENSMUSG00000075419	
Gapdhs	1	ENSMUSG00000061099	
Anapc4	1	ENSMUSG00000029176	
Anapc1	1	ENSMUSG00000014355	
Pals1	1	ENSMUSG00000021112	
Anapc2	1	ENSMUSG00000026965	
Fut1	1	ENSMUSG00000008461	
Grsf1	1	ENSMUSG00000044221	
Fut4	1	ENSMUSG00000049307	
Clk1	1	ENSMUSG00000026034	
Pals2	1	ENSMUSG00000038388	
Clk2	1	ENSMUSG00000068917	
Clk3	1	ENSMUSG00000032316	
Clk4	1	ENSMUSG00000020385	
Fut8	1	ENSMUSG00000021065	
Tgfb1	1	ENSMUSG00000002603	
Fut7	1	ENSMUSG00000036587	
Mamdc4	1	ENSMUSG00000026941	
Tgfb3	1	ENSMUSG00000021253	
Elmo3	1	ENSMUSG00000014791	
Hspb6	1	ENSMUSG00000036854	
Mamdc2	1	ENSMUSG00000033207	
Ptch1	1	ENSMUSG00000021466	
Anapc7	1	ENSMUSG00000029466	
Elmo2	1	ENSMUSG00000017670	
Elmo1	1	ENSMUSG00000041112	
Hspb1	1	ENSMUSG00000004951	
Gm6352	1	ENSMUSG00000107952	
Cox7c-ps1	1	ENSMUSG00000057580	
Midn	1	ENSMUSG00000035621	
Loxhd1	1	ENSMUSG00000032818	
4933431K14Rik	1	ENSMUSG00000103715	
Sccpdh	1	ENSMUSG00000038936	
Ggh	1	ENSMUSG00000073987	
Gm17745	1	ENSMUSG00000110647	
Tgfbi	1	ENSMUSG00000035493	
Gm16412	1	ENSMUSG00000084060	
Pgpep1	1	ENSMUSG00000056204	
Sirpa	1	ENSMUSG00000037902	
Hspa8	1	ENSMUSG00000015656	
Hspa9	1	ENSMUSG00000024359	
Sirpd	1	ENSMUSG00000078783	
Hspa4	1	ENSMUSG00000020361	
Hspa5	1	ENSMUSG00000026864	
Gm16418	1	ENSMUSG00000084093	
Gm29724	1	ENSMUSG00000111673	
Hspa2	1	ENSMUSG00000059970	
Gm7691	1	ENSMUSG00000115604	
Gm6361	1	ENSMUSG00000068964	
Prr7	1	ENSMUSG00000034686	
Prr5	1	ENSMUSG00000036106	
Prr3	1	ENSMUSG00000038500	
Aff4	1	ENSMUSG00000049470	
Aff3	1	ENSMUSG00000037138	
Aff1	1	ENSMUSG00000029313	
Afdn	1	ENSMUSG00000068036	
Mtarc2	1	ENSMUSG00000073481	
4930428O21Rik	1	ENSMUSG00000106333	
9930111J21Rik1	1	ENSMUSG00000069893	
9930111J21Rik2	1	ENSMUSG00000069892	
Hspd1	1	ENSMUSG00000025980	
Strn3	1	ENSMUSG00000020954	
Gm5086	1	ENSMUSG00000110235	
Strn4	1	ENSMUSG00000030374	
Palld	1	ENSMUSG00000058056	
Chmp3	1	ENSMUSG00000053119	
Proz	1	ENSMUSG00000031445	
Chmp5	1	ENSMUSG00000028419	
Igfbp7	1	ENSMUSG00000036256	
Chmp7	1	ENSMUSG00000034190	
Chmp6	1	ENSMUSG00000025371	
Gk5	1	ENSMUSG00000041440	
Palm3	1	ENSMUSG00000047986	
Ctps2	1	ENSMUSG00000031360	
Siah1b	1	ENSMUSG00000040749	
Siah1a	1	ENSMUSG00000036840	
Ctps1	1	ENSMUSG00000028633	
Gm5093	1	ENSMUSG00000091742	
Gm5055	1	ENSMUSG00000111515	
Aldh2	1	ENSMUSG00000029455	
Miip	1	ENSMUSG00000029022	
Rell2	1	ENSMUSG00000044024	
Rell1	1	ENSMUSG00000047881	
Ptcd2	1	ENSMUSG00000021650	
Ptcd1	1	ENSMUSG00000029624	
Fam171a1	1	ENSMUSG00000050530	
Igfbp4	1	ENSMUSG00000017493	
Ptcd3	1	ENSMUSG00000063884	
A630001G21Rik	1	ENSMUSG00000052760	
Gm6392	1	ENSMUSG00000115503	
Gm5064	1	ENSMUSG00000117416	
Gm6394	1	ENSMUSG00000104623	
Meis1	1	ENSMUSG00000020160	
Gm5069	1	ENSMUSG00000055676	
Cln3	1	ENSMUSG00000030720	
Cln5	1	ENSMUSG00000022125	
Cln6	1	ENSMUSG00000032245	
Gm17709	1	ENSMUSG00000091952	
Cln8	1	ENSMUSG00000026317	
Rpl23a	1	ENSMUSG00000058546	
Gla	1	ENSMUSG00000031266	
Hspe1	1	ENSMUSG00000073676	
Meis3	1	ENSMUSG00000041420	
Ttc39c	1	ENSMUSG00000024424	
Ttc39b	1	ENSMUSG00000038172	
Gm5075	1	ENSMUSG00000105944	
Ttc39a	1	ENSMUSG00000028555	
Gm16001	1	ENSMUSG00000085433	
Eif2ak1	1	ENSMUSG00000029613	
Gm8942	1	ENSMUSG00000111964	
Eif2ak2	1	ENSMUSG00000024079	
Eif2ak3	1	ENSMUSG00000031668	
Eif2ak4	1	ENSMUSG00000005102	
Gm16006	1	ENSMUSG00000090002	
Gm7618	1	ENSMUSG00000095288	
Gm18666	1	ENSMUSG00000101660	
Gls	1	ENSMUSG00000026103	
Trp53i13	1	ENSMUSG00000044328	
Trp53i11	1	ENSMUSG00000068735	
Gm31645	1	ENSMUSG00000117358	
Rpl35rt	1	ENSMUSG00000078193	
Dnaaf10	1	ENSMUSG00000078970	
Clpb	1	ENSMUSG00000001829	
Gm17322	1	ENSMUSG00000097604	
Gm7623	1	ENSMUSG00000118283	
Gml	1	ENSMUSG00000068349	
Tecpr1	1	ENSMUSG00000066621	
9530018F02Rik	1	ENSMUSG00000112150	
Gm8959	1	ENSMUSG00000110825	
Clp1	1	ENSMUSG00000027079	
Tecpr2	1	ENSMUSG00000021275	
Gm17324	1	ENSMUSG00000090317	
Vcf1	1	ENSMUSG00000041629	
Bin3	1	ENSMUSG00000022089	
Bin2	1	ENSMUSG00000098112	
Bin1	1	ENSMUSG00000024381	
Axin1	1	ENSMUSG00000024182	
Etfdh	1	ENSMUSG00000027809	
Gne	1	ENSMUSG00000028479	
4930455G09Rik	1	ENSMUSG00000085761	
Gm16023	1	ENSMUSG00000086682	
Gm16020	1	ENSMUSG00000072576	
Rad21	1	ENSMUSG00000022314	
Gm8925	1	ENSMUSG00000105854	
Gp2	1	ENSMUSG00000030954	
Gm16027	1	ENSMUSG00000090041	
Snord83b	1	ENSMUSG00000077734	
Gns	1	ENSMUSG00000034707	
Gp5	1	ENSMUSG00000047953	
Gp9	1	ENSMUSG00000030054	
Fuca2	1	ENSMUSG00000019810	
Ndufa11b	1	ENSMUSG00000068487	
Fuca1	1	ENSMUSG00000028673	
C920009B18Rik	1	ENSMUSG00000097352	
Pik3ap1	1	ENSMUSG00000025017	
Parp12	1	ENSMUSG00000038507	
Gm17344	1	ENSMUSG00000078143	
Parp14	1	ENSMUSG00000034422	
Gm7600	1	ENSMUSG00000109933	
Parp16	1	ENSMUSG00000032392	
Clpp	1	ENSMUSG00000002660	
Pik3c2b	1	ENSMUSG00000026447	
Gm8934	1	ENSMUSG00000117810	
Pik3c2a	1	ENSMUSG00000030660	
Rad17	1	ENSMUSG00000021635	
Cirop	1	ENSMUSG00000114865	
Rad18	1	ENSMUSG00000030254	
Gm16015	1	ENSMUSG00000087281	
Gm7609	1	ENSMUSG00000079457	
Clpx	1	ENSMUSG00000015357	
4930553P18Rik	1	ENSMUSG00000106791	
Parp10	1	ENSMUSG00000063268	
Parp11	1	ENSMUSG00000037997	
Tpbgl	1	ENSMUSG00000096606	
Gm8983	1	ENSMUSG00000114500	
Gm8982	1	ENSMUSG00000098987	
Mios	1	ENSMUSG00000042447	
Gm7658	1	ENSMUSG00000082935	
Gpt	1	ENSMUSG00000022546	
Srp68	1	ENSMUSG00000020780	
Gm32934	1	ENSMUSG00000120035	
Clta	1	ENSMUSG00000028478	
Cltb	1	ENSMUSG00000047547	
Cltc	1	ENSMUSG00000047126	
Gm8991	1	ENSMUSG00000059179	
Gm7664	1	ENSMUSG00000113428	
Gm6335	1	ENSMUSG00000083392	
Gm7666	1	ENSMUSG00000067547	
Gm7665	1	ENSMUSG00000063628	
Cdca8	1	ENSMUSG00000028873	
Mir155hg	1	ENSMUSG00000097418	
Cdca7	1	ENSMUSG00000055612	
Gm6336	1	ENSMUSG00000118400	
Gm7667	1	ENSMUSG00000116547	
Rplp1-ps1	1	ENSMUSG00000084185	
Cdca5	1	ENSMUSG00000024791	
Cdca4	1	ENSMUSG00000047832	
Gm20939	1	ENSMUSG00000095193	
Cdca3	1	ENSMUSG00000023505	
Srp72	1	ENSMUSG00000036323	
Cdca2	1	ENSMUSG00000048922	
Arglu1	1	ENSMUSG00000040459	
Rpl22l1	1	ENSMUSG00000039221	
9630028I04Rik	1	ENSMUSG00000117916	
Gm31616	1	ENSMUSG00000119997	
C1galt1	1	ENSMUSG00000042460	
Grn	1	ENSMUSG00000034708	
Gm8960	1	ENSMUSG00000112099	
Rabl2	1	ENSMUSG00000022621	
Gm18649	1	ENSMUSG00000117192	
Ypel1	1	ENSMUSG00000022773	
Gm18648	1	ENSMUSG00000117237	
Piezo1	1	ENSMUSG00000014444	
Rabl3	1	ENSMUSG00000022827	
Gm18646	1	ENSMUSG00000110446	
Rabl6	1	ENSMUSG00000015087	
Ypel4	1	ENSMUSG00000034059	
Gm17315	1	ENSMUSG00000118651	
Ypel5	1	ENSMUSG00000039770	
Ypel2	1	ENSMUSG00000018427	
Ypel3	1	ENSMUSG00000042675	
Rybp	1	ENSMUSG00000072872	
Golm1	1	ENSMUSG00000021556	
Golm2	1	ENSMUSG00000060227	
Gm32914	1	ENSMUSG00000108161	
Dazap1	1	ENSMUSG00000069565	
Hsd11b1	1	ENSMUSG00000016194	
Dazap2	1	ENSMUSG00000000346	
Gm8973	1	ENSMUSG00000064081	
Rabif	1	ENSMUSG00000042229	
Gm20953	1	ENSMUSG00000110964	
Gm6311	1	ENSMUSG00000061833	
Gm8971	1	ENSMUSG00000114321	
Gsn	1	ENSMUSG00000026879	
Gm7644	1	ENSMUSG00000114553	
Nudc-ps1	1	ENSMUSG00000110331	
Gss	1	ENSMUSG00000027610	
Gm6314	1	ENSMUSG00000109875	
Gm7645	1	ENSMUSG00000084033	
Gsr	1	ENSMUSG00000031584	
2810414N06Rik	1	ENSMUSG00000100594	
Gm19967	1	ENSMUSG00000093858	
Crlf2	1	ENSMUSG00000033467	
Elof1	1	ENSMUSG00000013822	
Crlf3	1	ENSMUSG00000017561	
Arfip1	1	ENSMUSG00000074513	
Arfip2	1	ENSMUSG00000030881	
Lfng	1	ENSMUSG00000029570	
Mapk8ip3	1	ENSMUSG00000024163	
Cluh	1	ENSMUSG00000020741	
Gm16089	1	ENSMUSG00000081228	
Prpf39	1	ENSMUSG00000035597	
Tceal9	1	ENSMUSG00000042712	
3300005D01Rik	1	ENSMUSG00000096965	
Gm16083	1	ENSMUSG00000085526	
Prpf31	1	ENSMUSG00000008373	
Tceal1	1	ENSMUSG00000049536	
Mitf	1	ENSMUSG00000035158	
Gm28071	1	ENSMUSG00000100397	
Atp5l2-ps	1	ENSMUSG00000084168	
Tceal8	1	ENSMUSG00000051579	
9430081H08Rik	1	ENSMUSG00000111088	
9130401M01Rik	1	ENSMUSG00000101892	
Mgrn1	1	ENSMUSG00000022517	
BC055308	1	ENSMUSG00000103973	
Xist	1	ENSMUSG00000086503	
Gyg1	1	ENSMUSG00000019528	
Hycc2	1	ENSMUSG00000038174	
Hycc1	1	ENSMUSG00000028995	
Tpd52	1	ENSMUSG00000027506	
Rxylt1	1	ENSMUSG00000034620	
Xlr4d-ps	1	ENSMUSG00000084066	
Prpf19	1	ENSMUSG00000024735	
Bivm	1	ENSMUSG00000041684	
Prpf18	1	ENSMUSG00000039449	
Mir142hg	1	ENSMUSG00000084796	
Rad9a	1	ENSMUSG00000024824	
Rad9b	1	ENSMUSG00000038569	
Esam	1	ENSMUSG00000001946	
Chordc1	1	ENSMUSG00000001774	
Wfs1	1	ENSMUSG00000039474	
Xntrpc	1	ENSMUSG00000070425	
Gripap1	1	ENSMUSG00000031153	
Il4ra	1	ENSMUSG00000030748	
Efcab14	1	ENSMUSG00000034210	
Efcab11	1	ENSMUSG00000021176	
Shank1	1	ENSMUSG00000038738	
Gon4l	1	ENSMUSG00000054199	
Dmxl2	1	ENSMUSG00000041268	
Dmxl1	1	ENSMUSG00000037416	
Opa1	1	ENSMUSG00000038084	
Psd3	1	ENSMUSG00000030465	
Psd4	1	ENSMUSG00000026979	
Opa3	1	ENSMUSG00000052214	
Ift122	1	ENSMUSG00000030323	
Spmap2	1	ENSMUSG00000020317	
Psap	1	ENSMUSG00000004207	
Esco1	1	ENSMUSG00000024293	
Mir8099-2	1	ENSMUSG00000098931	
Esco2	1	ENSMUSG00000022034	
Ctnnal1	1	ENSMUSG00000038816	
Gm17399	1	ENSMUSG00000097402	
Kansl3	1	ENSMUSG00000010453	
Gm16061	1	ENSMUSG00000080972	
Kansl1	1	ENSMUSG00000018412	
Gm16062	1	ENSMUSG00000087249	
Kansl2	1	ENSMUSG00000022992	
Tango2	1	ENSMUSG00000013539	
Tango6	1	ENSMUSG00000041949	
1700016P03Rik	1	ENSMUSG00000085609	
Mcfd2	1	ENSMUSG00000024150	
Acvr1b	1	ENSMUSG00000000532	
Cma1	1	ENSMUSG00000022225	
Gm43653	1	ENSMUSG00000105447	
Mapk12	1	ENSMUSG00000022610	
Rad51	1	ENSMUSG00000027323	
Mapk13	1	ENSMUSG00000004864	
Rad50	1	ENSMUSG00000020380	
Mapk14	1	ENSMUSG00000053436	
Rad52	1	ENSMUSG00000030166	
Stub1	1	ENSMUSG00000039615	
Ntrk3	1	ENSMUSG00000059146	
Acvr2a	1	ENSMUSG00000052155	
Esf1	1	ENSMUSG00000045624	
Plod3	1	ENSMUSG00000004846	
Plod1	1	ENSMUSG00000019055	
Plod2	1	ENSMUSG00000032374	
Ehbp1	1	ENSMUSG00000042302	
Rchy1	1	ENSMUSG00000029397	
Mapk11	1	ENSMUSG00000053137	
Pyurf	1	ENSMUSG00000043162	
Aldh5a1	1	ENSMUSG00000035936	
Trib3	1	ENSMUSG00000032715	
Trib2	1	ENSMUSG00000020601	
Zpbp	1	ENSMUSG00000020193	
Trib1	1	ENSMUSG00000032501	
Cmah	1	ENSMUSG00000016756	
Cmc1	1	ENSMUSG00000039163	
Dpf2	1	ENSMUSG00000024826	
Cmc2	1	ENSMUSG00000014633	
Dpf3	1	ENSMUSG00000021221	
Cirbp	1	ENSMUSG00000045193	
Cmc4	1	ENSMUSG00000090110	
Cmas	1	ENSMUSG00000030282	
Iffo1	1	ENSMUSG00000038271	
5930430L01Rik	1	ENSMUSG00000106951	
Dpcd	1	ENSMUSG00000041035	
Actl6a	1	ENSMUSG00000027671	
2810029C07Rik	1	ENSMUSG00000096995	
Kalrn	1	ENSMUSG00000061751	
Mid1ip1	1	ENSMUSG00000008035	
Nmd3	1	ENSMUSG00000027787	
6230400D17Rik	1	ENSMUSG00000097577	
Dph1	1	ENSMUSG00000078789	
Dph2	1	ENSMUSG00000028540	
Dph3	1	ENSMUSG00000021905	
Dph5	1	ENSMUSG00000033554	
Dph6	1	ENSMUSG00000057147	
Dph7	1	ENSMUSG00000026975	
Ctla2a	1	ENSMUSG00000044258	
Srfbp1	1	ENSMUSG00000024528	
Hal	1	ENSMUSG00000020017	
Cmbl	1	ENSMUSG00000022235	
Tmsb10b	1	ENSMUSG00000091955	
Ryr2	1	ENSMUSG00000021313	
Ryr1	1	ENSMUSG00000030592	
4930417O13Rik	1	ENSMUSG00000108129	
Ryr3	1	ENSMUSG00000057378	
Gm53066	1	ENSMUSG00000121048	
Pbrm1	1	ENSMUSG00000042323	
Suz12	1	ENSMUSG00000017548	
Gys1	1	ENSMUSG00000003865	
Lrrc18	1	ENSMUSG00000041673	
Lrrc14	1	ENSMUSG00000033728	
Tceanc	1	ENSMUSG00000051224	
Ammecr1	1	ENSMUSG00000042225	
4930568A12Rik	1	ENSMUSG00000101223	
Gypa	1	ENSMUSG00000051839	
Rps18-ps5	1	ENSMUSG00000113061	
Thoc2l	1	ENSMUSG00000097392	
Gypc	1	ENSMUSG00000090523	
Nme2	1	ENSMUSG00000020857	
Nme4	1	ENSMUSG00000024177	
Nfe2l1	1	ENSMUSG00000038615	
Nfe2l2	1	ENSMUSG00000015839	
Nme1	1	ENSMUSG00000037601	
Hck	1	ENSMUSG00000003283	
Nme7	1	ENSMUSG00000026575	
Nme6	1	ENSMUSG00000032478	
Lpcat1	1	ENSMUSG00000021608	
Cacna2d2	1	ENSMUSG00000010066	
Cacna2d4	1	ENSMUSG00000041460	
Hdc	1	ENSMUSG00000027360	
Lpcat3	1	ENSMUSG00000004270	
Lpcat2	1	ENSMUSG00000033192	
Lpcat4	1	ENSMUSG00000027134	
Lrrc39	1	ENSMUSG00000027961	
Lrrc32	1	ENSMUSG00000090958	
Mrpl48-ps	1	ENSMUSG00000078480	
Sepsecs	1	ENSMUSG00000029173	
Pcmtd2	1	ENSMUSG00000027589	
Gm41077	1	ENSMUSG00000114369	
Nfil3	1	ENSMUSG00000056749	
Pcmtd1	1	ENSMUSG00000051285	
Gm53056	1	ENSMUSG00000061852	
Gm53055	1	ENSMUSG00000057990	
Lrrc28	1	ENSMUSG00000030556	
Lrrc23	1	ENSMUSG00000030125	
Lrrc24	1	ENSMUSG00000033707	
Lrrc25	1	ENSMUSG00000049988	
Lrrc20	1	ENSMUSG00000037151	
Faap24	1	ENSMUSG00000030493	
Faap20	1	ENSMUSG00000073684	
Syce2	1	ENSMUSG00000003824	
Syce1	1	ENSMUSG00000025480	
Hfe	1	ENSMUSG00000006611	
Madcam1	1	ENSMUSG00000020310	
Atp8a1	1	ENSMUSG00000037685	
1110065P20Rik	1	ENSMUSG00000078570	
Ighd2-4	1	ENSMUSG00000095444	
Ighd2-3	1	ENSMUSG00000096568	
Cmip	1	ENSMUSG00000034390	
Lrrc56	1	ENSMUSG00000038637	
Lrrc57	1	ENSMUSG00000027286	
Lrrc58	1	ENSMUSG00000034158	
Rpl32l	1	ENSMUSG00000111356	
Lrrc59	1	ENSMUSG00000020869	
Cacybp	1	ENSMUSG00000014226	
Supv3l1	1	ENSMUSG00000020079	
Gm6252	1	ENSMUSG00000117804	
Gm7582	1	ENSMUSG00000118640	
Lrrc51	1	ENSMUSG00000064307	
Slc9c1	1	ENSMUSG00000033210	
Gm6254	1	ENSMUSG00000066538	
Gm7589	1	ENSMUSG00000066592	
Gm6257	1	ENSMUSG00000091866	
Hgf	1	ENSMUSG00000028864	
Atp8b2	1	ENSMUSG00000060671	
Atp8b4	1	ENSMUSG00000060131	
Tmsb15l	1	ENSMUSG00000072955	
Dpm1	1	ENSMUSG00000078919	
Lrrc49	1	ENSMUSG00000047766	
Dpm2	1	ENSMUSG00000026810	
Dpm3	1	ENSMUSG00000042737	
Ighd2-8	1	ENSMUSG00000095656	
Lrrc45	1	ENSMUSG00000025145	
Hgs	1	ENSMUSG00000025793	
Lrrc47	1	ENSMUSG00000029028	
Lrrc41	1	ENSMUSG00000028703	
Lrrc42	1	ENSMUSG00000028617	
Traf3ip3	1	ENSMUSG00000037318	
Dpy19l3	1	ENSMUSG00000043671	
Dpy19l4	1	ENSMUSG00000045205	
Dpy19l1	1	ENSMUSG00000043067	
Fahd2a	1	ENSMUSG00000027371	
Gm7592	1	ENSMUSG00000118607	
Gm7591	1	ENSMUSG00000114349	
Gm6263	1	ENSMUSG00000080966	
Traf3ip2	1	ENSMUSG00000019842	
Lrrc40	1	ENSMUSG00000063052	
Traf3ip1	1	ENSMUSG00000034292	
Gm8885	1	ENSMUSG00000101496	
Garin3	1	ENSMUSG00000020401	
Gm6222	1	ENSMUSG00000083019	
Gm6225	1	ENSMUSG00000097746	
Trav3-1	1	ENSMUSG00000076760	
Gm7558	1	ENSMUSG00000102908	
Trav3-4	1	ENSMUSG00000076858	
Pspn	1	ENSMUSG00000002664	
Trav3-3	1	ENSMUSG00000094828	
Gm18726	1	ENSMUSG00000112218	
Gm18724	1	ENSMUSG00000116274	
Ess2	1	ENSMUSG00000003527	
Myh10	1	ENSMUSG00000020900	
Dpp3	1	ENSMUSG00000063904	
Dpp4	1	ENSMUSG00000035000	
Dpp7	1	ENSMUSG00000026958	
Dpp8	1	ENSMUSG00000032393	
Dpp9	1	ENSMUSG00000001229	
Cyp11a1	1	ENSMUSG00000032323	
Alg13	1	ENSMUSG00000041718	
Alg14	1	ENSMUSG00000039887	
4930577N17Rik	1	ENSMUSG00000087440	
Alg11	1	ENSMUSG00000063362	
Alg12	1	ENSMUSG00000035845	
Lrrc70	1	ENSMUSG00000118423	
Slc9a1	1	ENSMUSG00000028854	
Ncoa4-ps	1	ENSMUSG00000021908	
Gm7560	1	ENSMUSG00000101610	
Slc9a5	1	ENSMUSG00000014786	
Gm8894	1	ENSMUSG00000060680	
Opn3	1	ENSMUSG00000026525	
Gm8899	1	ENSMUSG00000111847	
Slc9a8	1	ENSMUSG00000039463	
Slc9a9	1	ENSMUSG00000031129	
Slc9a6	1	ENSMUSG00000060681	
Slc9a7	1	ENSMUSG00000037341	
Ager	1	ENSMUSG00000015452	
Esr1	1	ENSMUSG00000019768	
Espn	1	ENSMUSG00000028943	
Hk2	1	ENSMUSG00000000628	
Hk1	1	ENSMUSG00000037012	
Hk3	1	ENSMUSG00000025877	
A630066F11Rik	1	ENSMUSG00000120335	
Cab39l	1	ENSMUSG00000021981	
Psph	1	ENSMUSG00000029446	
Slc9b2	1	ENSMUSG00000037994	
Fosl2	1	ENSMUSG00000029135	
Lrrc61	1	ENSMUSG00000073096	
Gm6288	1	ENSMUSG00000072660	
Tgif1	1	ENSMUSG00000047407	
Tgif2	1	ENSMUSG00000062175	
Fra10ac1	1	ENSMUSG00000054237	
Rasal1	1	ENSMUSG00000029602	
Anks3	1	ENSMUSG00000022515	
Rasal2	1	ENSMUSG00000070565	
Rpl36a	1	ENSMUSG00000079435	
Anks1	1	ENSMUSG00000024219	
Rasal3	1	ENSMUSG00000052142	
Gm6297	1	ENSMUSG00000120686	
Anks6	1	ENSMUSG00000066191	
Rpl37a	1	ENSMUSG00000046330	
Gtf3c2	1	ENSMUSG00000106864	
Ngly1	1	ENSMUSG00000021785	
Gtf3c1	1	ENSMUSG00000032777	
Mypopos	1	ENSMUSG00000086533	
Gtf3c4	1	ENSMUSG00000035666	
Gtf3c3	1	ENSMUSG00000041303	
Gtf3c6	1	ENSMUSG00000019837	
Gtf3c5	1	ENSMUSG00000026816	
Gm6264	1	ENSMUSG00000089716	
Hlx	1	ENSMUSG00000039377	
Kics2	1	ENSMUSG00000053684	
Spidr	1	ENSMUSG00000041974	
Gm6278	1	ENSMUSG00000116972	
Cttnbp2nl	1	ENSMUSG00000062127	
Kdf1	1	ENSMUSG00000037600	
Ackr3	1	ENSMUSG00000044337	
D830050J10Rik	1	ENSMUSG00000107994	
Ackr4	1	ENSMUSG00000079355	
Ackr1	1	ENSMUSG00000037872	
Ackr2	1	ENSMUSG00000044534	
Lrrc8a	1	ENSMUSG00000007476	
Lrrc8b	1	ENSMUSG00000070639	
Lrrc8c	1	ENSMUSG00000054720	
Lrrc8d	1	ENSMUSG00000046079	
Ssrp1	1	ENSMUSG00000027067	
Rpl35a	1	ENSMUSG00000060636	
Pstk	1	ENSMUSG00000063179	
Gm6285	1	ENSMUSG00000081703	
Zpr1	1	ENSMUSG00000032078	
Gm16120	1	ENSMUSG00000087248	
Gm18782	1	ENSMUSG00000109367	
Entr1	1	ENSMUSG00000026927	
Gm16124	1	ENSMUSG00000086914	
Gm31763	1	ENSMUSG00000112925	
Rmdn3	1	ENSMUSG00000070730	
Crmp1	1	ENSMUSG00000029121	
Rmdn1	1	ENSMUSG00000028229	
Rmdn2	1	ENSMUSG00000036368	
Optn	1	ENSMUSG00000026672	
Uaca	1	ENSMUSG00000034485	
Gm7504	1	ENSMUSG00000107026	
Gm8835	1	ENSMUSG00000092457	
Nutf2	1	ENSMUSG00000008450	
Begain	1	ENSMUSG00000040867	
Acmsd	1	ENSMUSG00000026348	
Adprh	1	ENSMUSG00000002844	
Rad51c	1	ENSMUSG00000007646	
Rad51d	1	ENSMUSG00000018841	
Rad51b	1	ENSMUSG00000059060	
Cspp1	1	ENSMUSG00000056763	
Hpn	1	ENSMUSG00000001249	
Adprm	1	ENSMUSG00000020910	
Gm16148	1	ENSMUSG00000082605	
Adprs	1	ENSMUSG00000042558	
Hnrnpa1l2-ps2	1	ENSMUSG00000021927	
Gm8806	1	ENSMUSG00000083367	
Tas1r3	1	ENSMUSG00000029072	
Grtp1	1	ENSMUSG00000038515	
Gm31749	1	ENSMUSG00000108617	
Lgmn	1	ENSMUSG00000021190	
Jag2	1	ENSMUSG00000002799	
Jag1	1	ENSMUSG00000027276	
Gm8810	1	ENSMUSG00000091373	
Gm8815	1	ENSMUSG00000092224	
Snai1	1	ENSMUSG00000042821	
Gm8817	1	ENSMUSG00000086008	
Gm8818	1	ENSMUSG00000079138	
Gm30431	1	ENSMUSG00000121039	
L3mbtl3	1	ENSMUSG00000039089	
L3mbtl2	1	ENSMUSG00000022394	
Ago4	1	ENSMUSG00000042500	
Gmeb2	1	ENSMUSG00000038705	
Ago3	1	ENSMUSG00000028842	
Gmeb1	1	ENSMUSG00000028901	
Snai3	1	ENSMUSG00000006587	
Ago2	1	ENSMUSG00000036698	
9130230N09Rik	1	ENSMUSG00000092626	
Ago1	1	ENSMUSG00000041530	
Nmt2	1	ENSMUSG00000026643	
H2ac5-ps	1	ENSMUSG00000080999	
Nmt1	1	ENSMUSG00000020936	
Akr1a1	1	ENSMUSG00000028692	
Gm6201	1	ENSMUSG00000115247	
Gm8860	1	ENSMUSG00000103011	
Scaf8	1	ENSMUSG00000046201	
Gm7536	1	ENSMUSG00000057036	
Gm6204	1	ENSMUSG00000105879	
Gm7535	1	ENSMUSG00000090957	
Gpbar1	1	ENSMUSG00000064272	
Kdm8	1	ENSMUSG00000030752	
Gm6206	1	ENSMUSG00000048949	
Ighd4-1	1	ENSMUSG00000094028	
Sgms1	1	ENSMUSG00000040451	
Gm31728	1	ENSMUSG00000102923	
Sgms2	1	ENSMUSG00000050931	
Akr1b1	1	ENSMUSG00000001642	
Jak3	1	ENSMUSG00000031805	
Jak2	1	ENSMUSG00000024789	
Jak1	1	ENSMUSG00000028530	
Gm6210	1	ENSMUSG00000107951	
Gm8873	1	ENSMUSG00000111968	
Hcfc1r1	1	ENSMUSG00000023904	
Noc4l	1	ENSMUSG00000033294	
Ano10	1	ENSMUSG00000037949	
Gm6218	1	ENSMUSG00000112145	
Gm18736	1	ENSMUSG00000117300	
Gm18734	1	ENSMUSG00000092438	
Gm18733	1	ENSMUSG00000092444	
Gchfr	1	ENSMUSG00000046814	
Slco5a1	1	ENSMUSG00000025938	
Agtrap	1	ENSMUSG00000029007	
Noc3l	1	ENSMUSG00000024999	
Gm7511	1	ENSMUSG00000113137	
Gpnmb	1	ENSMUSG00000029816	
Gm8848	1	ENSMUSG00000106031	
Htt	1	ENSMUSG00000029104	
Gm7517	1	ENSMUSG00000115700	
Gm17435	1	ENSMUSG00000097000	
Gm16103	1	ENSMUSG00000090243	
Ifi27l2a	1	ENSMUSG00000079017	
Shprh	1	ENSMUSG00000090112	
A830035O19Rik	1	ENSMUSG00000111329	
Agps	1	ENSMUSG00000042410	
9330175E14Rik	1	ENSMUSG00000097194	
Gm18752	1	ENSMUSG00000103105	
Cx3cl1	1	ENSMUSG00000031778	
AU020206	1	ENSMUSG00000097415	
Noc2l	1	ENSMUSG00000095567	
Gm8856	1	ENSMUSG00000101049	
Sgo2a	1	ENSMUSG00000026039	
Rad54l	1	ENSMUSG00000028702	
Timp2	1	ENSMUSG00000017466	
Ifitm1	1	ENSMUSG00000025491	
Ifitm2	1	ENSMUSG00000060591	
Ifitm3	1	ENSMUSG00000025492	
Ifitm6	1	ENSMUSG00000059108	
Tead2	1	ENSMUSG00000030796	
Akr1e1	1	ENSMUSG00000045410	
Lgr4	1	ENSMUSG00000050199	
Gm31718	1	ENSMUSG00000110697	
Lgr5	1	ENSMUSG00000020140	
Gzf1	1	ENSMUSG00000027439	
Rad54b	1	ENSMUSG00000078773	
Scaf1	1	ENSMUSG00000038406	
Scaf4	1	ENSMUSG00000022983	
Lbhd1	1	ENSMUSG00000096740	
Jaml	1	ENSMUSG00000048534	
Arfgap3	1	ENSMUSG00000054277	
Arfgap2	1	ENSMUSG00000027255	
Agrp	1	ENSMUSG00000005705	
Arfgap1	1	ENSMUSG00000027575	
Agrn	1	ENSMUSG00000041936	
Ighg1	1	ENSMUSG00000076614	
Ighg3	1	ENSMUSG00000076615	
Ermard	1	ENSMUSG00000036552	
Gm16196	1	ENSMUSG00000086154	
Ubtd1	1	ENSMUSG00000025171	
Ubtd2	1	ENSMUSG00000044949	
Ifi209	1	ENSMUSG00000043263	
Ifi208	1	ENSMUSG00000066677	
Ifi207	1	ENSMUSG00000073490	
Gm28178	1	ENSMUSG00000099878	
Ifi206	1	ENSMUSG00000037849	
Ifi205	1	ENSMUSG00000054203	
Ifi204	1	ENSMUSG00000073489	
Ifi203	1	ENSMUSG00000039997	
Impdh2-ps	1	ENSMUSG00000071041	
Htatsf1	1	ENSMUSG00000067873	
Ighj4	1	ENSMUSG00000076618	
Ighj1	1	ENSMUSG00000076621	
Uap1	1	ENSMUSG00000026670	
Ighj3	1	ENSMUSG00000076619	
Ighj2	1	ENSMUSG00000076620	
Aagab	1	ENSMUSG00000037257	
Il3ra	1	ENSMUSG00000068758	
Nanos1	1	ENSMUSG00000072437	
Syap1	1	ENSMUSG00000031357	
Hyi	1	ENSMUSG00000006395	
Rasgef1b	1	ENSMUSG00000089809	
Rasgef1a	1	ENSMUSG00000030134	
1500011B03Rik	1	ENSMUSG00000072694	
Cspg5	1	ENSMUSG00000032482	
Sppl2b	1	ENSMUSG00000035206	
Sppl2a	1	ENSMUSG00000027366	
Yjefn3	1	ENSMUSG00000048967	
Ndc80	1	ENSMUSG00000024056	
Gm17494	1	ENSMUSG00000057359	
Gm17491	1	ENSMUSG00000097042	
Uckl1os	1	ENSMUSG00000010492	
Gm16170	1	ENSMUSG00000086245	
Tfdp2	1	ENSMUSG00000032411	
Tfdp1	1	ENSMUSG00000038482	
Gm17484	1	ENSMUSG00000091514	
Gm16152	1	ENSMUSG00000087131	
9330160F10Rik	1	ENSMUSG00000072809	
Gm16150	1	ENSMUSG00000085391	
Gm30455	1	ENSMUSG00000121095	
Gm16158	1	ENSMUSG00000086410	
Cyb5a	1	ENSMUSG00000024646	
Cyb5b	1	ENSMUSG00000031924	
Chpf2	1	ENSMUSG00000038181	
Xndc1	1	ENSMUSG00000099481	
Nap1l4	1	ENSMUSG00000059119	
Etf1	1	ENSMUSG00000024360	
Kdsr	1	ENSMUSG00000009905	
Brsk2	1	ENSMUSG00000053046	
Nap1l1	1	ENSMUSG00000058799	
Nap1l3	1	ENSMUSG00000055733	
Apoo-ps	1	ENSMUSG00000049233	
Aopep	1	ENSMUSG00000021458	
Gm16185	1	ENSMUSG00000084911	
Gzma	1	ENSMUSG00000023132	
Psat1	1	ENSMUSG00000024640	
Gzmb	1	ENSMUSG00000015437	
Yju2b	1	ENSMUSG00000004994	
Fam204a	1	ENSMUSG00000057858	
Cnppd1	1	ENSMUSG00000033159	
Mbtps1	1	ENSMUSG00000031835	
Mbtps2	1	ENSMUSG00000046873	
Gzmm	1	ENSMUSG00000054206	
Gzmk	1	ENSMUSG00000042385	
5430431A17Rik	1	ENSMUSG00000108322	
Ifi214	1	ENSMUSG00000070501	
Ifi213	1	ENSMUSG00000073491	
Ifi211	1	ENSMUSG00000026536	
2310015A10Rik	1	ENSMUSG00000097729	
Msto1	1	ENSMUSG00000068922	
Gm16174	1	ENSMUSG00000087593	
Etfb	1	ENSMUSG00000004610	
Etfa	1	ENSMUSG00000032314	
Pten	1	ENSMUSG00000013663	
Gm31793	1	ENSMUSG00000112742	
Adpgk	1	ENSMUSG00000025236	
Pter	1	ENSMUSG00000026730	
Rngtt	1	ENSMUSG00000028274	
Fbxl22	1	ENSMUSG00000050503	
M6pr-ps	1	ENSMUSG00000080832	
Myef2	1	ENSMUSG00000027201	
Tktl1	1	ENSMUSG00000031397	
Synpo2	1	ENSMUSG00000050315	
Tinf2	1	ENSMUSG00000007589	
Fbxl20	1	ENSMUSG00000020883	
1700019J19Rik	1	ENSMUSG00000111489	
Fbxl21	1	ENSMUSG00000035509	
Rab11bos1	1	ENSMUSG00000090952	
Uba52-ps	1	ENSMUSG00000061390	
Mboat7	1	ENSMUSG00000035596	
Cnbp	1	ENSMUSG00000030057	
Mboat1	1	ENSMUSG00000038732	
Mboat2	1	ENSMUSG00000020646	
Zbed5-ps	1	ENSMUSG00000110424	
Fubp1	1	ENSMUSG00000028034	
Fubp3	1	ENSMUSG00000026843	
Lonp2	1	ENSMUSG00000047866	
Lonp1	1	ENSMUSG00000041168	
Ift140	1	ENSMUSG00000024169	
Id2	1	ENSMUSG00000020644	
Id1	1	ENSMUSG00000042745	
Zfas1	1	ENSMUSG00000074578	
Id3	1	ENSMUSG00000007872	
Cisd2	1	ENSMUSG00000028165	
Cisd1	1	ENSMUSG00000037710	
Gm6192	1	ENSMUSG00000118220	
Cisd3	1	ENSMUSG00000078695	
Knstrn	1	ENSMUSG00000027331	
Pip4p2	1	ENSMUSG00000028221	
Pip4p1	1	ENSMUSG00000035953	
Ptk2	1	ENSMUSG00000022607	
Or5p58	1	ENSMUSG00000059031	
Etl4	1	ENSMUSG00000036617	
Tincr	1	ENSMUSG00000110218	
9430060I03Rik	1	ENSMUSG00000100632	
Tmeff1	1	ENSMUSG00000028347	
Ide	1	ENSMUSG00000056999	
Scp2-ps2	1	ENSMUSG00000058492	
Dync1h1	1	ENSMUSG00000018707	
Gabpa	1	ENSMUSG00000008976	
Bcl2l11	1	ENSMUSG00000027381	
Bcl2l13	1	ENSMUSG00000009112	
Bcl2l12	1	ENSMUSG00000003190	
Ids	1	ENSMUSG00000035847	
Pi4k2a	1	ENSMUSG00000025178	
Bcl2l15	1	ENSMUSG00000044165	
Gfra2	1	ENSMUSG00000022103	
Bcl2l14	1	ENSMUSG00000030200	
Ptma	1	ENSMUSG00000026238	
Septin9	1	ENSMUSG00000059248	
Septin8	1	ENSMUSG00000018398	
Septin7	1	ENSMUSG00000001833	
Septin6	1	ENSMUSG00000050379	
Septin4	1	ENSMUSG00000020486	
Septin3	1	ENSMUSG00000022456	
Septin2	1	ENSMUSG00000026276	
Septin1	1	ENSMUSG00000000486	
Dync1i2	1	ENSMUSG00000027012	
Card10	1	ENSMUSG00000033170	
B130055M24Rik	1	ENSMUSG00000086502	
Card11	1	ENSMUSG00000036526	
Entpd4b	1	ENSMUSG00000022066	
Card19	1	ENSMUSG00000037960	
Renbp	1	ENSMUSG00000031387	
Aldh4a1	1	ENSMUSG00000028737	
C230096K16Rik	1	ENSMUSG00000106205	
Ahcy	1	ENSMUSG00000027597	
Rpsa-ps1	1	ENSMUSG00000102117	
Rpsa-ps2	1	ENSMUSG00000045055	
Ptms	1	ENSMUSG00000030122	
Pank3	1	ENSMUSG00000018846	
Ift172	1	ENSMUSG00000038564	
Pank2	1	ENSMUSG00000037514	
Rpsa-ps9	1	ENSMUSG00000082895	
Pank4	1	ENSMUSG00000029056	
Rpsa-ps4	1	ENSMUSG00000081076	
Clptm1l	1	ENSMUSG00000021610	
Pank1	1	ENSMUSG00000033610	
Rpsa-ps7	1	ENSMUSG00000117438	
Gm6123	1	ENSMUSG00000103922	
Gm7459	1	ENSMUSG00000115730	
Trav4-2	1	ENSMUSG00000076826	
Ets1	1	ENSMUSG00000032035	
Ets2	1	ENSMUSG00000022895	
Rpp38	1	ENSMUSG00000049950	
Tinagl1	1	ENSMUSG00000028776	
Rpp30	1	ENSMUSG00000024800	
Rpl21-ps10	1	ENSMUSG00000105359	
Gtf2f2	1	ENSMUSG00000067995	
Gtf2f1	1	ENSMUSG00000002658	
Rpl21-ps15	1	ENSMUSG00000083596	
Gm7461	1	ENSMUSG00000048484	
Gm8797	1	ENSMUSG00000103034	
Gm6134	1	ENSMUSG00000094189	
Gm6136	1	ENSMUSG00000084106	
Gm6139	1	ENSMUSG00000057244	
Rpp21	1	ENSMUSG00000024446	
mt-Atp6	1	ENSMUSG00000064357	
Rpp25	1	ENSMUSG00000062309	
Ptpa	1	ENSMUSG00000039515	
Cramp1	1	ENSMUSG00000038002	
Sphk2	1	ENSMUSG00000057342	
Gm31812	1	ENSMUSG00000109599	
Gm31814	1	ENSMUSG00000115869	
Sphk1	1	ENSMUSG00000061878	
B3galt6	1	ENSMUSG00000050796	
Maneal	1	ENSMUSG00000042763	
B3galt4	1	ENSMUSG00000067370	
Gtf2e1	1	ENSMUSG00000022828	
Gm6142	1	ENSMUSG00000084304	
Gtf2e2	1	ENSMUSG00000031585	
Gm6104	1	ENSMUSG00000062588	
Gm7435	1	ENSMUSG00000111662	
Gm8767	1	ENSMUSG00000111001	
Gm7434	1	ENSMUSG00000109241	
Uba5	1	ENSMUSG00000032557	
Large1	1	ENSMUSG00000004383	
Uba6	1	ENSMUSG00000035898	
Gm6109	1	ENSMUSG00000113237	
Large2	1	ENSMUSG00000040434	
Uba7	1	ENSMUSG00000032596	
Il2	1	ENSMUSG00000027720	
Il6	1	ENSMUSG00000025746	
mt-Atp8	1	ENSMUSG00000064356	
Gtf2h2	1	ENSMUSG00000021639	
Gtf2h1	1	ENSMUSG00000006599	
Gtf2h4	1	ENSMUSG00000001524	
Gtf2h3	1	ENSMUSG00000029387	
Gtf2h5	1	ENSMUSG00000034345	
Gm8774	1	ENSMUSG00000107733	
Gm8775	1	ENSMUSG00000091223	
Panx1	1	ENSMUSG00000031934	
Pi4k2b	1	ENSMUSG00000029186	
Zc3hc1	1	ENSMUSG00000039130	
Cnn2	1	ENSMUSG00000004665	
Ahi1	1	ENSMUSG00000019986	
Cnn3	1	ENSMUSG00000053931	
Srp14	1	ENSMUSG00000009549	
Uba1	1	ENSMUSG00000001924	
Rpp40	1	ENSMUSG00000021418	
Uba2	1	ENSMUSG00000052997	
Uba3	1	ENSMUSG00000030061	
Crls1	1	ENSMUSG00000027357	
Gm7451	1	ENSMUSG00000109489	
Srp19	1	ENSMUSG00000014504	
Gm6166	1	ENSMUSG00000074280	
Mkks	1	ENSMUSG00000027274	
mt-Co1	1	ENSMUSG00000064351	
4930578M01Rik	1	ENSMUSG00000097587	
Gm6170	1	ENSMUSG00000100078	
Prps1l3	1	ENSMUSG00000079104	
Cx3cr1	1	ENSMUSG00000052336	
Etv4	1	ENSMUSG00000017724	
Etv3	1	ENSMUSG00000003382	
Etv6	1	ENSMUSG00000030199	
Etv5	1	ENSMUSG00000013089	
Gtf2a1	1	ENSMUSG00000020962	
Gtf2a2	1	ENSMUSG00000033543	
Gm6180	1	ENSMUSG00000053038	
Gm6181	1	ENSMUSG00000074092	
Ptp4a3	1	ENSMUSG00000059895	
Mcm3ap	1	ENSMUSG00000001150	
Ptp4a1	1	ENSMUSG00000026064	
Sapcd2	1	ENSMUSG00000026955	
Gm7476	1	ENSMUSG00000112605	
Ptp4a2	1	ENSMUSG00000028788	
Sapcd1	1	ENSMUSG00000036185	
Ifnar1	1	ENSMUSG00000022967	
Rpp14	1	ENSMUSG00000023156	
Nostrin	1	ENSMUSG00000034738	
Ifnar2	1	ENSMUSG00000022971	
Gm6155	1	ENSMUSG00000068629	
Fbxl12	1	ENSMUSG00000066892	
Gm7488	1	ENSMUSG00000039617	
9130023H24Rik	1	ENSMUSG00000062944	
Fbxl14	1	ENSMUSG00000030019	
Fbxl15	1	ENSMUSG00000025226	
Gm6159	1	ENSMUSG00000099377	
Gm6158	1	ENSMUSG00000090381	
Fbxl17	1	ENSMUSG00000023965	
Fbxl18	1	ENSMUSG00000066640	
Fbxl19	1	ENSMUSG00000030811	
Cnr2	1	ENSMUSG00000062585	
Retnlg	1	ENSMUSG00000022651	
Phf5a	1	ENSMUSG00000061360	
Erbb2	1	ENSMUSG00000062312	
Wdr91	1	ENSMUSG00000058486	
Wdr90	1	ENSMUSG00000073434	
Dqx1	1	ENSMUSG00000009145	
3110083C13Rik	1	ENSMUSG00000097303	
Erbb3	1	ENSMUSG00000018166	
Ipp	1	ENSMUSG00000028696	
Tbkbp1	1	ENSMUSG00000038517	
Luc7l	1	ENSMUSG00000024188	
E130308A19Rik	1	ENSMUSG00000045071	
Cnst	1	ENSMUSG00000038949	
Dus3l	1	ENSMUSG00000007603	
A930029G22Rik	1	ENSMUSG00000096988	
Wdr83	1	ENSMUSG00000005150	
Wdr86	1	ENSMUSG00000055235	
Wdr89	1	ENSMUSG00000045690	
Mtres1	1	ENSMUSG00000019797	
Cnbd2	1	ENSMUSG00000038085	
Wdr82	1	ENSMUSG00000020257	
Wdr81	1	ENSMUSG00000045374	
Bpnt2	1	ENSMUSG00000066324	
Otud6b	1	ENSMUSG00000040550	
Gm8717	1	ENSMUSG00000117935	
Bpnt1	1	ENSMUSG00000026617	
Pm20d1	1	ENSMUSG00000042251	
Otud7b	1	ENSMUSG00000038495	
Hdhd5	1	ENSMUSG00000058979	
Mrtfa	1	ENSMUSG00000042292	
Wdr73	1	ENSMUSG00000025722	
Mrtfb	1	ENSMUSG00000009569	
Wdr75	1	ENSMUSG00000025995	
Wdr74	1	ENSMUSG00000042729	
Pip4k2b	1	ENSMUSG00000018547	
Wdr77	1	ENSMUSG00000000561	
Pip4k2c	1	ENSMUSG00000025417	
Wdr76	1	ENSMUSG00000027242	
Bri3bp	1	ENSMUSG00000037905	
Hdhd3	1	ENSMUSG00000038422	
Slc22a13b	1	ENSMUSG00000092212	
Hdhd2	1	ENSMUSG00000025421	
Pip4k2a	1	ENSMUSG00000026737	
Zfp1001	1	ENSMUSG00000095315	
Wdr70	1	ENSMUSG00000039828	
Dus1l	1	ENSMUSG00000025155	
Zfp1006	1	ENSMUSG00000071302	
Zfp1007	1	ENSMUSG00000072763	
Zfp1008	1	ENSMUSG00000072066	
Wdr5b	1	ENSMUSG00000034379	
C030005K06Rik	1	ENSMUSG00000086600	
Gm11814	1	ENSMUSG00000084215	
Cybc1	1	ENSMUSG00000039294	
Wdr62	1	ENSMUSG00000037020	
Ncapg	1	ENSMUSG00000015880	
Ncaph	1	ENSMUSG00000034906	
Tdg-ps2	1	ENSMUSG00000085666	
Wdr59	1	ENSMUSG00000031959	
Xkr8	1	ENSMUSG00000037752	
Stat5a	1	ENSMUSG00000004043	
Gm11805	1	ENSMUSG00000083186	
Stat5b	1	ENSMUSG00000020919	
Mks1	1	ENSMUSG00000034121	
mt-Co2	1	ENSMUSG00000064354	
mt-Co3	1	ENSMUSG00000064358	
Wdr53	1	ENSMUSG00000022787	
Wdr55	1	ENSMUSG00000042660	
Wdr54	1	ENSMUSG00000030032	
Xkr5	1	ENSMUSG00000039814	
Gm8741	1	ENSMUSG00000091655	
Igkj2	1	ENSMUSG00000076605	
Igkj1	1	ENSMUSG00000076604	
Itk	1	ENSMUSG00000020395	
Igkj4	1	ENSMUSG00000076607	
Igkj3	1	ENSMUSG00000076606	
Slc27a1	1	ENSMUSG00000031808	
Pgam5	1	ENSMUSG00000029500	
Igkj5	1	ENSMUSG00000076608	
Ubl7	1	ENSMUSG00000055720	
Wdr48	1	ENSMUSG00000032512	
Kank2	1	ENSMUSG00000032194	
Wdr47	1	ENSMUSG00000040389	
Zfp638	1	ENSMUSG00000030016	
Zfp637	1	ENSMUSG00000059689	
Phf20	1	ENSMUSG00000038116	
Smagp	1	ENSMUSG00000053559	
Phf23	1	ENSMUSG00000018572	
Nfkb2	1	ENSMUSG00000025225	
Pgam2	1	ENSMUSG00000020475	
Nfkb1	1	ENSMUSG00000028163	
Pgam1	1	ENSMUSG00000011752	
Ptgr3	1	ENSMUSG00000049090	
Wdr41	1	ENSMUSG00000042015	
Ubl3	1	ENSMUSG00000001687	
Wdr44	1	ENSMUSG00000036769	
Wdr43	1	ENSMUSG00000041057	
Zfp639	1	ENSMUSG00000027667	
Ptgr2	1	ENSMUSG00000072946	
Ubl5	1	ENSMUSG00000084786	
Wdr46	1	ENSMUSG00000024312	
Ptgr1	1	ENSMUSG00000028378	
Wdr45	1	ENSMUSG00000039382	
Vamp8	1	ENSMUSG00000050732	
Gm7424	1	ENSMUSG00000108609	
Vamp1	1	ENSMUSG00000030337	
Gm7429	1	ENSMUSG00000082260	
Vamp3	1	ENSMUSG00000028955	
Cdk5r1	1	ENSMUSG00000048895	
Vamp2	1	ENSMUSG00000020894	
Kank3	1	ENSMUSG00000042099	
Vamp5	1	ENSMUSG00000073002	
Vamp4	1	ENSMUSG00000026696	
Wdr37	1	ENSMUSG00000021147	
Xkrx	1	ENSMUSG00000031258	
Wdr36	1	ENSMUSG00000038299	
Wdr38	1	ENSMUSG00000035295	
Zfp626	1	ENSMUSG00000030604	
Ivd	1	ENSMUSG00000027332	
Zfp623	1	ENSMUSG00000050846	
Zfp622	1	ENSMUSG00000052253	
Lhpp	1	ENSMUSG00000030946	
2410003I16Rik	1	ENSMUSG00000116947	
Wdr31	1	ENSMUSG00000028391	
Ptgs1	1	ENSMUSG00000047250	
Wdr33	1	ENSMUSG00000024400	
Zfp629	1	ENSMUSG00000045639	
Zfp628	1	ENSMUSG00000074406	
Wdr35	1	ENSMUSG00000066643	
Ptgs2	1	ENSMUSG00000032487	
Letm1	1	ENSMUSG00000005299	
Il6st	1	ENSMUSG00000021756	
Whrn	1	ENSMUSG00000039137	
Gm8722	1	ENSMUSG00000081164	
Wdr26	1	ENSMUSG00000038733	
Wdr25	1	ENSMUSG00000040877	
Wdr27	1	ENSMUSG00000046991	
A930012O16Rik	1	ENSMUSG00000054181	
Sel1l	1	ENSMUSG00000020964	
Zfp612	1	ENSMUSG00000044676	
Plaat3	1	ENSMUSG00000060675	
Ubn1	1	ENSMUSG00000039473	
Ubn2	1	ENSMUSG00000038538	
Wdr20	1	ENSMUSG00000037957	
Zfp617	1	ENSMUSG00000066880	
Wdr24	1	ENSMUSG00000025737	
Zfp619	1	ENSMUSG00000068959	
Gm8730	1	ENSMUSG00000063696	
Gm8731	1	ENSMUSG00000080779	
Pgap6	1	ENSMUSG00000024180	
Gm8738	1	ENSMUSG00000092540	
Gm7407	1	ENSMUSG00000109255	
Olfml2b	1	ENSMUSG00000038463	
Zfp605	1	ENSMUSG00000023284	
Il6ra	1	ENSMUSG00000027947	
Wdr19	1	ENSMUSG00000037890	
Bhlhe41	1	ENSMUSG00000030256	
Wdr18	1	ENSMUSG00000035754	
Plekho2	1	ENSMUSG00000050721	
9530068E07Rik	1	ENSMUSG00000036275	
Plekho1	1	ENSMUSG00000015745	
Pgap3	1	ENSMUSG00000038208	
Pgap2	1	ENSMUSG00000030990	
Pgap1	1	ENSMUSG00000073678	
Wdr11	1	ENSMUSG00000042055	
Zfp606	1	ENSMUSG00000030386	
Letm2	1	ENSMUSG00000037363	
Wdr13	1	ENSMUSG00000031166	
Zfp609	1	ENSMUSG00000040524	
Olfml2a	1	ENSMUSG00000046618	
Wdr12	1	ENSMUSG00000026019	
Zfp608	1	ENSMUSG00000052713	
Ubp1	1	ENSMUSG00000009741	
Fam3a	1	ENSMUSG00000031399	
Fam3c	1	ENSMUSG00000029672	
A130014A01Rik	1	ENSMUSG00000097944	
Lsm14b	1	ENSMUSG00000039108	
Gm10540	1	ENSMUSG00000073569	
Lsm14a	1	ENSMUSG00000066568	
Plekhn1	1	ENSMUSG00000078485	
Gm10548	1	ENSMUSG00000073607	
Erbin	1	ENSMUSG00000021709	
4833420G17Rik	1	ENSMUSG00000062822	
Gm23849	1	ENSMUSG00000119776	
Slc14a1	1	ENSMUSG00000059336	
9830144P21Rik	1	ENSMUSG00000087528	
Gm35853	1	ENSMUSG00000116114	
Gm10531	1	ENSMUSG00000103325	
Gm11868	1	ENSMUSG00000050550	
Gm35857	1	ENSMUSG00000110532	
Plekhm3	1	ENSMUSG00000051344	
Plekhm2	1	ENSMUSG00000028917	
Plekhm1	1	ENSMUSG00000034247	
4833445I07Rik	1	ENSMUSG00000103103	
Nopchap1	1	ENSMUSG00000020255	
1810030O07Rik	1	ENSMUSG00000044148	
Ubr1	1	ENSMUSG00000027272	
Ubr2	1	ENSMUSG00000023977	
Mrto4	1	ENSMUSG00000028741	
Ubr3	1	ENSMUSG00000044308	
Ubr4	1	ENSMUSG00000066036	
Gm10561	1	ENSMUSG00000097649	
Gm11893	1	ENSMUSG00000081789	
1700055D18Rik	1	ENSMUSG00000070997	
Niban3	1	ENSMUSG00000043243	
Orc5	1	ENSMUSG00000029012	
Niban2	1	ENSMUSG00000026796	
Orc4	1	ENSMUSG00000026761	
Niban1	1	ENSMUSG00000026483	
Orc6	1	ENSMUSG00000031697	
Orc1	1	ENSMUSG00000028587	
Orc3	1	ENSMUSG00000040044	
Orc2	1	ENSMUSG00000026037	
Ubr5	1	ENSMUSG00000037487	
Ubr7	1	ENSMUSG00000041712	
Drd3	1	ENSMUSG00000022705	
Coa3	1	ENSMUSG00000017188	
Coa4	1	ENSMUSG00000044881	
Ppp3ca	1	ENSMUSG00000028161	
Akt1s1	1	ENSMUSG00000011096	
Ppp3cc	1	ENSMUSG00000022092	
Ppp3cb	1	ENSMUSG00000021816	
B020010K11Rik	1	ENSMUSG00000118057	
Htatip2	1	ENSMUSG00000039745	
Secisbp2	1	ENSMUSG00000035139	
Gm10552	1	ENSMUSG00000073628	
Gm10557	1	ENSMUSG00000073647	
Slc27a4	1	ENSMUSG00000059316	
Slc27a3	1	ENSMUSG00000027932	
Drc1	1	ENSMUSG00000073102	
Drc3	1	ENSMUSG00000056598	
Gm11830	1	ENSMUSG00000081490	
Mpv17l2	1	ENSMUSG00000035559	
Gm11836	1	ENSMUSG00000081239	
Plekhj1	1	ENSMUSG00000035278	
Ythdc2	1	ENSMUSG00000034653	
Nob1	1	ENSMUSG00000003848	
Gm10505	1	ENSMUSG00000073430	
Ythdc1	1	ENSMUSG00000035851	
Pigyl	1	ENSMUSG00000010607	
Gm10509	1	ENSMUSG00000073448	
Gm11839	1	ENSMUSG00000083246	
Coa5	1	ENSMUSG00000026112	
Coa6	1	ENSMUSG00000051671	
Csnk2b	1	ENSMUSG00000024387	
Coa7	1	ENSMUSG00000048351	
Coa8	1	ENSMUSG00000037787	
Zfp133-ps	1	ENSMUSG00000083674	
Gm11824	1	ENSMUSG00000082128	
Gm11826	1	ENSMUSG00000083328	
Gm11827	1	ENSMUSG00000086765	
Noa1	1	ENSMUSG00000036285	
Csnk1d	1	ENSMUSG00000025162	
Csnk1e	1	ENSMUSG00000022433	
Vezf1	1	ENSMUSG00000018377	
4833417C18Rik	1	ENSMUSG00000086015	
Atp1a1	1	ENSMUSG00000033161	
Atp1a3	1	ENSMUSG00000040907	
Nod2	1	ENSMUSG00000055994	
Nod1	1	ENSMUSG00000038058	
Gm10521	1	ENSMUSG00000073492	
Junos	1	ENSMUSG00000087366	
Plekhh3	1	ENSMUSG00000035172	
Smarca5-ps	1	ENSMUSG00000052912	
Plekhh1	1	ENSMUSG00000060716	
Coch	1	ENSMUSG00000020953	
Gm10524	1	ENSMUSG00000097141	
Gm10522	1	ENSMUSG00000104340	
6530402F18Rik	1	ENSMUSG00000079499	
Atp1b1	1	ENSMUSG00000026576	
Mcrip2	1	ENSMUSG00000025732	
Mcrip1	1	ENSMUSG00000061111	
Atp1b3	1	ENSMUSG00000032412	
Pced1a	1	ENSMUSG00000037773	
Atp1b2	1	ENSMUSG00000041329	
Pced1b	1	ENSMUSG00000044250	
Cd209e	1	ENSMUSG00000040197	
Cd209d	1	ENSMUSG00000031495	
Cd209a	1	ENSMUSG00000031494	
Plekhg5	1	ENSMUSG00000039713	
Slc4a11	1	ENSMUSG00000074796	
Smap1	1	ENSMUSG00000026155	
Plekhg3	1	ENSMUSG00000052609	
Smap2	1	ENSMUSG00000032870	
Plekhg2	1	ENSMUSG00000037552	
D6Ertd527e	1	ENSMUSG00000090891	
Ubtf	1	ENSMUSG00000020923	
Drg1	1	ENSMUSG00000020457	
Drg2	1	ENSMUSG00000020537	
Wdr97	1	ENSMUSG00000109179	
Smc1a	1	ENSMUSG00000041133	
Smc1b	1	ENSMUSG00000022432	
Rps14	1	ENSMUSG00000024608	
Rps15	1	ENSMUSG00000063457	
Rps16	1	ENSMUSG00000037563	
Rps17	1	ENSMUSG00000061787	
Rps18	1	ENSMUSG00000008668	
Rps19	1	ENSMUSG00000040952	
Pikfyve	1	ENSMUSG00000025949	
Hmga2-ps1	1	ENSMUSG00000121135	
Rps10	1	ENSMUSG00000052146	
Rps11	1	ENSMUSG00000003429	
Rps12	1	ENSMUSG00000061983	
Rps13	1	ENSMUSG00000090862	
Paqr7	1	ENSMUSG00000037348	
Cdc42bpa	1	ENSMUSG00000026490	
Paqr9	1	ENSMUSG00000064225	
Paqr8	1	ENSMUSG00000025931	
Paqr3	1	ENSMUSG00000055725	
Rpl23a-ps3	1	ENSMUSG00000078126	
Rpl23a-ps2	1	ENSMUSG00000081968	
Timeless	1	ENSMUSG00000039994	
Cdc42bpb	1	ENSMUSG00000021279	
Cog1	1	ENSMUSG00000018661	
Paqr5	1	ENSMUSG00000032278	
Cog2	1	ENSMUSG00000031979	
Paqr4	1	ENSMUSG00000023909	
Cog3	1	ENSMUSG00000034893	
Cog4	1	ENSMUSG00000031753	
Cog5	1	ENSMUSG00000035933	
Cdc42bpg	1	ENSMUSG00000024769	
Cog6	1	ENSMUSG00000027742	
Cog7	1	ENSMUSG00000034951	
Cog8	1	ENSMUSG00000031916	
Gigyf2	1	ENSMUSG00000048000	
Polr1b	1	ENSMUSG00000027395	
Polr1c	1	ENSMUSG00000067148	
Polr1a	1	ENSMUSG00000049553	
Rpl36-ps12	1	ENSMUSG00000091845	
Polr1f	1	ENSMUSG00000020561	
Polr1g	1	ENSMUSG00000047649	
Yod1	1	ENSMUSG00000046404	
Bend4	1	ENSMUSG00000092060	
Polr1d	1	ENSMUSG00000029642	
Bend3	1	ENSMUSG00000038214	
Polr1e	1	ENSMUSG00000028318	
Bend6	1	ENSMUSG00000042182	
D130020L05Rik	1	ENSMUSG00000097121	
Bend5	1	ENSMUSG00000028545	
Polr1h	1	ENSMUSG00000036315	
Pgbd1	1	ENSMUSG00000055313	
Lrpap1	1	ENSMUSG00000029103	
Npm3-ps1	1	ENSMUSG00000081669	
Noct	1	ENSMUSG00000023087	
Atp5f1e	1	ENSMUSG00000016252	
Atp5f1d	1	ENSMUSG00000003072	
Atp5f1c	1	ENSMUSG00000025781	
Hs3st3b1	1	ENSMUSG00000070407	
Fxr1	1	ENSMUSG00000027680	
Gm57204	1	ENSMUSG00000120140	
Fxr2	1	ENSMUSG00000018765	
Tprg1l	1	ENSMUSG00000029030	
Rps25	1	ENSMUSG00000009927	
Rps26	1	ENSMUSG00000025362	
Vezt	1	ENSMUSG00000036099	
Rps27	1	ENSMUSG00000090733	
Rps28	1	ENSMUSG00000067288	
Rps29	1	ENSMUSG00000034892	
Rps20	1	ENSMUSG00000028234	
Pum2	1	ENSMUSG00000020594	
Rps21	1	ENSMUSG00000039001	
6230426M11Rik	1	ENSMUSG00000120051	
Pum3	1	ENSMUSG00000041360	
Rps23	1	ENSMUSG00000049517	
Pum1	1	ENSMUSG00000028580	
Rps24	1	ENSMUSG00000025290	
Atp5f1b	1	ENSMUSG00000025393	
Atp5f1a	1	ENSMUSG00000025428	
Kantr	1	ENSMUSG00000087403	
Gm6085	1	ENSMUSG00000098104	
Ccar1	1	ENSMUSG00000020074	
Gm6087	1	ENSMUSG00000115684	
Ccar2	1	ENSMUSG00000033712	
Rps15a	1	ENSMUSG00000008683	
Arl2bp	1	ENSMUSG00000031776	
Coil	1	ENSMUSG00000033983	
Gm10584	1	ENSMUSG00000109270	
Rftn1	1	ENSMUSG00000039316	
Rftn2	1	ENSMUSG00000025978	
Plxdc2	1	ENSMUSG00000026748	
Plxdc1	1	ENSMUSG00000017417	
Shtn1	1	ENSMUSG00000041362	
Gm23887	1	ENSMUSG00000084632	
Lias	1	ENSMUSG00000029199	
Mlf1	1	ENSMUSG00000048416	
Ndel1	1	ENSMUSG00000018736	
Mlf2	1	ENSMUSG00000030120	
C1qbp	1	ENSMUSG00000018446	
Mlec	1	ENSMUSG00000048578	
Lynx1	1	ENSMUSG00000022594	
Gm46546	1	ENSMUSG00000116845	
Rpl10-ps2	1	ENSMUSG00000074108	
Nol8	1	ENSMUSG00000021392	
Nol7	1	ENSMUSG00000063200	
Nol9	1	ENSMUSG00000028948	
Aif1	1	ENSMUSG00000024397	
Nol6	1	ENSMUSG00000028430	
Drp2	1	ENSMUSG00000000223	
Tlnrd1	1	ENSMUSG00000070462	
Rpl10-ps3	1	ENSMUSG00000058443	
Aida	1	ENSMUSG00000042901	
Jhy	1	ENSMUSG00000032023	
Rpl10-ps5	1	ENSMUSG00000110679	
Rpl10-ps6	1	ENSMUSG00000080885	
Mlh1	1	ENSMUSG00000032498	
Rpl3-ps1	1	ENSMUSG00000084349	
Aig1	1	ENSMUSG00000019806	
Rpl3-ps2	1	ENSMUSG00000084131	
Mlh3	1	ENSMUSG00000021245	
Tsnax	1	ENSMUSG00000056820	
2310057M21Rik	1	ENSMUSG00000040177	
Gm22571	1	ENSMUSG00000064918	
Cacna1g	1	ENSMUSG00000020866	
Chaf1b	1	ENSMUSG00000022945	
Gm7332	1	ENSMUSG00000080875	
Cacna1h	1	ENSMUSG00000024112	
Chaf1a	1	ENSMUSG00000002835	
Gm7331	1	ENSMUSG00000059461	
5830487J09Rik	1	ENSMUSG00000104830	
Cacna1e	1	ENSMUSG00000004110	
Gm9993	1	ENSMUSG00000117505	
Gm8663	1	ENSMUSG00000117988	
Cacna1c	1	ENSMUSG00000051331	
Gm7336	1	ENSMUSG00000078636	
Cacna1d	1	ENSMUSG00000015968	
Dglucy	1	ENSMUSG00000021185	
Gm7335	1	ENSMUSG00000067189	
Cacna1a	1	ENSMUSG00000034656	
Zfp551	1	ENSMUSG00000034071	
Bhlhe40	1	ENSMUSG00000030103	
Zfp553	1	ENSMUSG00000045598	
Lifr	1	ENSMUSG00000054263	
Snord55	1	ENSMUSG00000092680	
Comp	1	ENSMUSG00000031849	
Zfp558	1	ENSMUSG00000074500	
Comt	1	ENSMUSG00000000326	
Abhd14b	1	ENSMUSG00000042073	
Abhd14a	1	ENSMUSG00000042210	
Cavin1	1	ENSMUSG00000004044	
A930002I21Rik	1	ENSMUSG00000050179	
Cacna1i	1	ENSMUSG00000022416	
Gm8670	1	ENSMUSG00000116640	
Jcad	1	ENSMUSG00000033960	
Gm6012	1	ENSMUSG00000109899	
Nom1	1	ENSMUSG00000001569	
Atxn1l	1	ENSMUSG00000069895	
Lig1	1	ENSMUSG00000056394	
Pus1	1	ENSMUSG00000029507	
Abhd16a	1	ENSMUSG00000007036	
Lig3	1	ENSMUSG00000020697	
Lig4	1	ENSMUSG00000049717	
Pus7	1	ENSMUSG00000057541	
Colq	1	ENSMUSG00000057606	
Fcrl2	1	ENSMUSG00000015852	
Pura	1	ENSMUSG00000043991	
Fcrl1	1	ENSMUSG00000059994	
Purb	1	ENSMUSG00000094483	
Fcrl5	1	ENSMUSG00000048031	
Erhrt-ps	1	ENSMUSG00000063412	
Psen1	1	ENSMUSG00000019969	
Psen2	1	ENSMUSG00000010609	
Gm8682	1	ENSMUSG00000082810	
Purg	1	ENSMUSG00000049184	
Mlkl	1	ENSMUSG00000012519	
Atxn2l	1	ENSMUSG00000032637	
Gm9975	1	ENSMUSG00000120594	
Nop2	1	ENSMUSG00000038279	
Pdcd5-ps	1	ENSMUSG00000102824	
Nono	1	ENSMUSG00000031311	
Abhd17b	1	ENSMUSG00000047368	
Gm7318	1	ENSMUSG00000116499	
Abhd17a	1	ENSMUSG00000003346	
Dimt1	1	ENSMUSG00000021692	
Snord72	1	ENSMUSG00000077737	
Coq2	1	ENSMUSG00000029319	
Coq3	1	ENSMUSG00000028247	
Coq4	1	ENSMUSG00000026798	
Nop9	1	ENSMUSG00000019297	
Coq5	1	ENSMUSG00000041733	
Epb41l2	1	ENSMUSG00000019978	
Coq6	1	ENSMUSG00000021235	
Epb41l3	1	ENSMUSG00000024044	
Coq7	1	ENSMUSG00000030652	
Epb41l1	1	ENSMUSG00000027624	
Coq9	1	ENSMUSG00000031782	
Zfp532	1	ENSMUSG00000042439	
Epb41l5	1	ENSMUSG00000026383	
Copa	1	ENSMUSG00000026553	
Coro2a	1	ENSMUSG00000028337	
Coro2b	1	ENSMUSG00000041729	
Fcrlb	1	ENSMUSG00000070524	
Fcrla	1	ENSMUSG00000038421	
Gm7324	1	ENSMUSG00000049235	
Gm9989	1	ENSMUSG00000056023	
Gm7327	1	ENSMUSG00000050900	
Gm8655	1	ENSMUSG00000113617	
Isoc1	1	ENSMUSG00000024601	
4930557K07Rik	1	ENSMUSG00000108034	
Cop1	1	ENSMUSG00000040782	
Zfp526	1	ENSMUSG00000046541	
Nphp4	1	ENSMUSG00000039577	
Nphp3	1	ENSMUSG00000032558	
Zfp524	1	ENSMUSG00000051184	
Abhd17c	1	ENSMUSG00000038459	
Jmy	1	ENSMUSG00000021690	
Zfp523	1	ENSMUSG00000024220	
Nphp1	1	ENSMUSG00000027378	
Coro1b	1	ENSMUSG00000024835	
Coro1c	1	ENSMUSG00000004530	
Coro1a	1	ENSMUSG00000030707	
Gm6044	1	ENSMUSG00000083100	
Snord13	1	ENSMUSG00000088252	
Deaf1	1	ENSMUSG00000058886	
Snord17	1	ENSMUSG00000077714	
Zfp595	1	ENSMUSG00000057842	
Zfp597	1	ENSMUSG00000039789	
Zfp593	1	ENSMUSG00000028840	
Zfp592	1	ENSMUSG00000005621	
Pom121	1	ENSMUSG00000053293	
Tmem106a	1	ENSMUSG00000034947	
Cimap3	1	ENSMUSG00000010136	
Zfp599	1	ENSMUSG00000062794	
Zfp598	1	ENSMUSG00000041130	
Tmem106b	1	ENSMUSG00000029571	
Tmem106c	1	ENSMUSG00000052369	
Blmh	1	ENSMUSG00000020840	
Nos1	1	ENSMUSG00000029361	
Gm6054	1	ENSMUSG00000057157	
Gm7384	1	ENSMUSG00000107462	
Cope	1	ENSMUSG00000055681	
Gm6055	1	ENSMUSG00000062081	
Gm7389	1	ENSMUSG00000097657	
Iglc2	1	ENSMUSG00000076937	
Iglc1	1	ENSMUSG00000105906	
Zfp583	1	ENSMUSG00000030443	
Iglc4	1	ENSMUSG00000106039	
Nup210l	1	ENSMUSG00000027939	
Txnl4a	1	ENSMUSG00000057130	
Iglc3	1	ENSMUSG00000105547	
Zfp580	1	ENSMUSG00000055633	
Zfp582	1	ENSMUSG00000109398	
Aim2	1	ENSMUSG00000037860	
Kcnk12	1	ENSMUSG00000050138	
Klra17	1	ENSMUSG00000014543	
Kcnk13	1	ENSMUSG00000045404	
Txnl4b	1	ENSMUSG00000031723	
Kcnk10	1	ENSMUSG00000033854	
Blnk	1	ENSMUSG00000061132	
Gm7390	1	ENSMUSG00000110644	
Nadsyn1	1	ENSMUSG00000031090	
Gm7392	1	ENSMUSG00000112908	
Gm6063	1	ENSMUSG00000108772	
Gm6065	1	ENSMUSG00000063830	
Gm7353	1	ENSMUSG00000055452	
Snord37	1	ENSMUSG00000064441	
Polr2c	1	ENSMUSG00000031783	
Gm33280	1	ENSMUSG00000102202	
Polr2d	1	ENSMUSG00000024258	
Polr2a	1	ENSMUSG00000005198	
Csprs	1	ENSMUSG00000062783	
Gm6028	1	ENSMUSG00000101875	
Polr2b	1	ENSMUSG00000029250	
Poldip3	1	ENSMUSG00000041815	
Polr2g	1	ENSMUSG00000071662	
Ube2d-ps	1	ENSMUSG00000083844	
Ncbp3	1	ENSMUSG00000020783	
Poldip2	1	ENSMUSG00000001100	
Polr2h	1	ENSMUSG00000021018	
Polr2e	1	ENSMUSG00000004667	
Zfp575	1	ENSMUSG00000066721	
Polr2f	1	ENSMUSG00000033020	
Zfp574	1	ENSMUSG00000045252	
Lin9	1	ENSMUSG00000058729	
Polr2k	1	ENSMUSG00000045996	
Polr2l	1	ENSMUSG00000038489	
Polr2i	1	ENSMUSG00000019738	
Polr2j	1	ENSMUSG00000039771	
Ms4a3	1	ENSMUSG00000024681	
Sned1	1	ENSMUSG00000047793	
Jpx	1	ENSMUSG00000097571	
Ms4a7	1	ENSMUSG00000024672	
Ncbp2	1	ENSMUSG00000022774	
Zfp579	1	ENSMUSG00000051550	
Gm46593	1	ENSMUSG00000116860	
Ncbp1	1	ENSMUSG00000028330	
Harbi1	1	ENSMUSG00000027243	
Rpl36-ps10	1	ENSMUSG00000084186	
Gm46597	1	ENSMUSG00000121244	
Gm6030	1	ENSMUSG00000062284	
Gm7363	1	ENSMUSG00000083344	
Gigyf1	1	ENSMUSG00000029714	
Gm8692	1	ENSMUSG00000082755	
Polr3a	1	ENSMUSG00000025280	
Rps4x	1	ENSMUSG00000031320	
Gm7367	1	ENSMUSG00000047370	
Gm6035	1	ENSMUSG00000114551	
Ercc2	1	ENSMUSG00000030400	
Nos3	1	ENSMUSG00000028978	
Polr3d	1	ENSMUSG00000000776	
Ercc1	1	ENSMUSG00000003549	
Polr3e	1	ENSMUSG00000030880	
Ercc4	1	ENSMUSG00000022545	
Polr3b	1	ENSMUSG00000034453	
Ercc3	1	ENSMUSG00000024382	
Polr3c	1	ENSMUSG00000028099	
Ercc6	1	ENSMUSG00000054051	
Polr3h	1	ENSMUSG00000022476	
Chpt1	1	ENSMUSG00000060002	
Ercc5	1	ENSMUSG00000026048	
Ercc8	1	ENSMUSG00000021694	
Polr3f	1	ENSMUSG00000027427	
Polr3g	1	ENSMUSG00000035834	
Zfp563	1	ENSMUSG00000067424	
Ms4a1	1	ENSMUSG00000024673	
Atxn10	1	ENSMUSG00000016541	
Ms4a2	1	ENSMUSG00000024680	
Cort	1	ENSMUSG00000028971	
Zfp560	1	ENSMUSG00000045519	
Polr3k	1	ENSMUSG00000038628	
Polr2m	1	ENSMUSG00000032199	
Zfp566	1	ENSMUSG00000078768	
Rps4l	1	ENSMUSG00000063171	
Zfp568	1	ENSMUSG00000074221	
Timm8a1	1	ENSMUSG00000048007	
Prickle3	1	ENSMUSG00000031145	
Gm6043	1	ENSMUSG00000075245	
Prickle1	1	ENSMUSG00000036158	
Jrk	1	ENSMUSG00000046380	
Gm9917	1	ENSMUSG00000097099	
Gramd2a	1	ENSMUSG00000074259	
Gramd2b	1	ENSMUSG00000001700	
Gm11914	1	ENSMUSG00000082674	
Gask1a	1	ENSMUSG00000038233	
Neurl2	1	ENSMUSG00000039873	
Neurl3	1	ENSMUSG00000047180	
Neurl4	1	ENSMUSG00000047284	
Nisch	1	ENSMUSG00000021910	
Acox1	1	ENSMUSG00000020777	
Gm9922	1	ENSMUSG00000053821	
Nckap1l	1	ENSMUSG00000022488	
Acox3	1	ENSMUSG00000029098	
Bnip2	1	ENSMUSG00000011958	
Bnip1	1	ENSMUSG00000024191	
Ears2	1	ENSMUSG00000030871	
Gm9929	1	ENSMUSG00000053925	
Gramd1a	1	ENSMUSG00000001248	
Gramd1b	1	ENSMUSG00000040111	
Gramd1c	1	ENSMUSG00000036292	
Jtb	1	ENSMUSG00000027937	
Rxfp1	1	ENSMUSG00000034009	
S100a13	1	ENSMUSG00000042312	
S100a10	1	ENSMUSG00000041959	
S100a11	1	ENSMUSG00000027907	
Trip6	1	ENSMUSG00000023348	
Rpl13a-ps1	1	ENSMUSG00000062083	
Cibar1	1	ENSMUSG00000028218	
Gm10602	1	ENSMUSG00000073985	
Itpk1	1	ENSMUSG00000057963	
Tmem229b	1	ENSMUSG00000046157	
Myh7b	1	ENSMUSG00000074652	
Cuedc2	1	ENSMUSG00000036748	
Eif5al3-ps	1	ENSMUSG00000043618	
Gm10603	1	ENSMUSG00000099137	
Gm10608	1	ENSMUSG00000111197	
Trip4	1	ENSMUSG00000032386	
Nckap5l	1	ENSMUSG00000023009	
Elapor1	1	ENSMUSG00000040412	
Tacstd2	1	ENSMUSG00000051397	
Bach2	1	ENSMUSG00000040270	
Bach1	1	ENSMUSG00000025612	
Jun	1	ENSMUSG00000052684	
Fyb1	1	ENSMUSG00000022148	
Aire	1	ENSMUSG00000000731	
Jup	1	ENSMUSG00000001552	
Lipa	1	ENSMUSG00000024781	
2500002B13Rik	1	ENSMUSG00000096917	
Cuedc1	1	ENSMUSG00000018378	
Gm9903	1	ENSMUSG00000097271	
Etfbkmt	1	ENSMUSG00000039958	
Gpr19	1	ENSMUSG00000032641	
Gpr18	1	ENSMUSG00000050350	
Gpr15	1	ENSMUSG00000047293	
Lipg	1	ENSMUSG00000053846	
Liph	1	ENSMUSG00000044626	
Siva1	1	ENSMUSG00000064326	
Lipc	1	ENSMUSG00000032207	
Zfp354c	1	ENSMUSG00000044807	
Zfp354b	1	ENSMUSG00000020335	
Lipe	1	ENSMUSG00000003123	
Uck1	1	ENSMUSG00000002550	
Uck2	1	ENSMUSG00000026558	
Nox1	1	ENSMUSG00000031257	
Gm8624	1	ENSMUSG00000083705	
Tgfbr3l	1	ENSMUSG00000089736	
Gm8623	1	ENSMUSG00000062458	
Gm9958	1	ENSMUSG00000054945	
Slc39a9	1	ENSMUSG00000048833	
Zfp516	1	ENSMUSG00000058881	
Gpr22	1	ENSMUSG00000044067	
Zfp511	1	ENSMUSG00000025470	
Gpr21	1	ENSMUSG00000053164	
Zfp513	1	ENSMUSG00000043059	
Zfp512	1	ENSMUSG00000062761	
Slc39a4	1	ENSMUSG00000063354	
Slc39a3	1	ENSMUSG00000046822	
Slc39a1	1	ENSMUSG00000052310	
Slc39a8	1	ENSMUSG00000053897	
Slc39a7	1	ENSMUSG00000024327	
Slc39a6	1	ENSMUSG00000024270	
Bace1	1	ENSMUSG00000032086	
B3gntl1	1	ENSMUSG00000046605	
Itpka	1	ENSMUSG00000027296	
Ap1s3	1	ENSMUSG00000054702	
Gm9967	1	ENSMUSG00000055323	
Ap1s2	1	ENSMUSG00000031367	
Itpkc	1	ENSMUSG00000003752	
Ap1s1	1	ENSMUSG00000004849	
Itpkb	1	ENSMUSG00000038855	
Acot1	1	ENSMUSG00000072949	
Acot2	1	ENSMUSG00000021226	
Gm7308	1	ENSMUSG00000081113	
Rack1	1	ENSMUSG00000020372	
Lncbate6	1	ENSMUSG00000114665	
Acot6	1	ENSMUSG00000043487	
Acot9	1	ENSMUSG00000025287	
Acot7	1	ENSMUSG00000028937	
Acot8	1	ENSMUSG00000017307	
Gpr35	1	ENSMUSG00000026271	
Gpr34	1	ENSMUSG00000040229	
Gm9970	1	ENSMUSG00000055424	
Zfp507	1	ENSMUSG00000044452	
Csrp2	1	ENSMUSG00000020186	
Csrp3	1	ENSMUSG00000030470	
Csrp1	1	ENSMUSG00000026421	
Adamts13	1	ENSMUSG00000014852	
Adamts14	1	ENSMUSG00000059901	
Spin1	1	ENSMUSG00000021395	
ENSMUSG00000079190	1	ENSMUSG00000079190	
Adamts10	1	ENSMUSG00000024299	
Ucp2	1	ENSMUSG00000033685	
Trpc4ap	1	ENSMUSG00000038324	
Trim7	1	ENSMUSG00000040350	
Trim8	1	ENSMUSG00000025034	
Trim3	1	ENSMUSG00000036989	
Chrne	1	ENSMUSG00000014609	
Trim2	1	ENSMUSG00000027993	
Trim5	1	ENSMUSG00000060441	
Gm9949	1	ENSMUSG00000054589	
Gm8615	1	ENSMUSG00000024437	
Gpr55	1	ENSMUSG00000049608	
Gpr52	1	ENSMUSG00000118401	
Blcap	1	ENSMUSG00000067787	
Tmem186	1	ENSMUSG00000043140	
Gm11993	1	ENSMUSG00000101841	
Gm34632	1	ENSMUSG00000119992	
Dnajc19-ps	1	ENSMUSG00000083854	
Gpr65	1	ENSMUSG00000021886	
Gm11998	1	ENSMUSG00000087452	
Gpr68	1	ENSMUSG00000047415	
Gm11999	1	ENSMUSG00000085652	
Rtn4rl1	1	ENSMUSG00000045287	
Ankhd1	1	ENSMUSG00000024483	
Gm46610	1	ENSMUSG00000116614	
Cpa2	1	ENSMUSG00000071553	
Gm46611	1	ENSMUSG00000117504	
Cpa3	1	ENSMUSG00000001865	
Ppp2cb	1	ENSMUSG00000009630	
Ppp2ca	1	ENSMUSG00000020349	
Tmem198	1	ENSMUSG00000051703	
Tmem192	1	ENSMUSG00000025521	
Tmem191	1	ENSMUSG00000055692	
Gm23969	1	ENSMUSG00000065258	
Themis	1	ENSMUSG00000049109	
Rbm6-ps1	1	ENSMUSG00000101589	
1700009J07Rik	1	ENSMUSG00000096573	
Ttpal	1	ENSMUSG00000017679	
Gm33312	1	ENSMUSG00000113249	
1810037I17Rik	1	ENSMUSG00000054091	
Gm33318	1	ENSMUSG00000120046	
Gm10658	1	ENSMUSG00000074284	
Il5ra	1	ENSMUSG00000005364	
Slc26a6	1	ENSMUSG00000023259	
Gm46620	1	ENSMUSG00000118012	
Lage3	1	ENSMUSG00000015289	
Tmem199	1	ENSMUSG00000051232	
Slc26a8	1	ENSMUSG00000036196	
Tmem163	1	ENSMUSG00000026347	
Tmem165	1	ENSMUSG00000029234	
Tmem164	1	ENSMUSG00000047045	
Slc26a2	1	ENSMUSG00000034320	
Gm20008	1	ENSMUSG00000117183	
Slc26a1	1	ENSMUSG00000046959	
Tmem160	1	ENSMUSG00000019158	
Ppp4r3a	1	ENSMUSG00000041846	
Ppp4r3b	1	ENSMUSG00000020463	
2510039O18Rik	1	ENSMUSG00000044496	
Gm10689	1	ENSMUSG00000074412	
Gpr89	1	ENSMUSG00000028096	
Gpr83	1	ENSMUSG00000031932	
Evi2	1	ENSMUSG00000070354	
Evi5	1	ENSMUSG00000011831	
Tmem167	1	ENSMUSG00000012422	
Gpr82	1	ENSMUSG00000047678	
Tmem168	1	ENSMUSG00000029569	
Ap1m2	1	ENSMUSG00000003309	
Ap1m1	1	ENSMUSG00000003033	
Tmem175	1	ENSMUSG00000013495	
Tmem170	1	ENSMUSG00000031953	
Gm10676	1	ENSMUSG00000074355	
Tusc3	1	ENSMUSG00000118664	
Rpl22-ps1	1	ENSMUSG00000080877	
Tusc1	1	ENSMUSG00000054000	
Osbp	1	ENSMUSG00000024687	
Tusc2	1	ENSMUSG00000010054	
Eral1	1	ENSMUSG00000020832	
Itpr3	1	ENSMUSG00000042644	
Tmem177	1	ENSMUSG00000036975	
Itpr2	1	ENSMUSG00000030287	
1600020E01Rik	1	ENSMUSG00000097048	
Itpr1	1	ENSMUSG00000030102	
Gnl3l	1	ENSMUSG00000025266	
Il18rap	1	ENSMUSG00000026068	
Gm11951	1	ENSMUSG00000079889	
Gm11953	1	ENSMUSG00000082816	
Mgst3	1	ENSMUSG00000026688	
Gm11954	1	ENSMUSG00000084170	
Mgst2	1	ENSMUSG00000074604	
Mgst1	1	ENSMUSG00000008540	
Gm47918	1	ENSMUSG00000114654	
Itpa-ps1	1	ENSMUSG00000081476	
Npat	1	ENSMUSG00000033054	
Mrps18c	1	ENSMUSG00000016833	
Mrps18b	1	ENSMUSG00000024436	
Npc2	1	ENSMUSG00000021242	
Gm11942	1	ENSMUSG00000094344	
Mrps18a	1	ENSMUSG00000023967	
Npc1	1	ENSMUSG00000024413	
Dsel	1	ENSMUSG00000038702	
Gm11944	1	ENSMUSG00000084941	
Plpbp	1	ENSMUSG00000031485	
Mmaa	1	ENSMUSG00000037022	
Crocc	1	ENSMUSG00000040860	
Mmab	1	ENSMUSG00000029575	
Gm11970	1	ENSMUSG00000079988	
Gm11972	1	ENSMUSG00000084280	
Gm11973	1	ENSMUSG00000086839	
Gm10642	1	ENSMUSG00000074213	
Nherf2	1	ENSMUSG00000002504	
Nherf1	1	ENSMUSG00000020733	
Gm10644	1	ENSMUSG00000074219	
Gm10643	1	ENSMUSG00000074215	
Sycp1	1	ENSMUSG00000027855	
Nherf4	1	ENSMUSG00000032105	
A930006L05Rik	1	ENSMUSG00000102097	
Cflar	1	ENSMUSG00000026031	
Trit1	1	ENSMUSG00000028653	
Tpcn1	1	ENSMUSG00000032741	
Tpcn2	1	ENSMUSG00000048677	
Gm11960	1	ENSMUSG00000081974	
Adrm1	1	ENSMUSG00000039041	
Sh3tc1	1	ENSMUSG00000036553	
Sh3tc2	1	ENSMUSG00000045629	
Erap1	1	ENSMUSG00000021583	
Gm10638	1	ENSMUSG00000074178	
Gm11964	1	ENSMUSG00000081021	
E2f1	1	ENSMUSG00000027490	
E2f2	1	ENSMUSG00000018983	
Kcp	1	ENSMUSG00000059022	
E2f3	1	ENSMUSG00000016477	
E2f4	1	ENSMUSG00000014859	
E2f5	1	ENSMUSG00000027552	
Tsen54	1	ENSMUSG00000020781	
E2f6	1	ENSMUSG00000057469	
E2f7	1	ENSMUSG00000020185	
E2f8	1	ENSMUSG00000046179	
Ifi44l	1	ENSMUSG00000039146	
Plpp6	1	ENSMUSG00000040105	
Plpp7	1	ENSMUSG00000051373	
Plpp5	1	ENSMUSG00000031570	
Sgpl1	1	ENSMUSG00000020097	
Arhgap45	1	ENSMUSG00000035697	
Bola2	1	ENSMUSG00000047721	
Bola3	1	ENSMUSG00000045160	
Grwd1	1	ENSMUSG00000053801	
Npff	1	ENSMUSG00000023052	
Plpp2	1	ENSMUSG00000052151	
Plekhf2	1	ENSMUSG00000049969	
Plpp3	1	ENSMUSG00000028517	
Plekhf1	1	ENSMUSG00000074170	
Plpp1	1	ENSMUSG00000021759	
Tmem109	1	ENSMUSG00000034659	
Tmem108	1	ENSMUSG00000042757	
Kdr	1	ENSMUSG00000062960	
Bola1	1	ENSMUSG00000015943	
Tmem104	1	ENSMUSG00000045980	
Ifi35	1	ENSMUSG00000010358	
Tmem107	1	ENSMUSG00000020895	
Gm21399	1	ENSMUSG00000094530	
Tmem101	1	ENSMUSG00000020921	
Ifi30	1	ENSMUSG00000031838	
Gm20069	1	ENSMUSG00000095174	
Tmem102	1	ENSMUSG00000089876	
Ifi27	1	ENSMUSG00000064215	
Lcmt2	1	ENSMUSG00000074890	
Wdpcp	1	ENSMUSG00000020319	
Ap1g2	1	ENSMUSG00000040701	
Ap1g1	1	ENSMUSG00000031731	
Llgl2	1	ENSMUSG00000020782	
Llgl1	1	ENSMUSG00000020536	
Lcmt1	1	ENSMUSG00000030763	
Tipin	1	ENSMUSG00000032397	
Llph-ps2	1	ENSMUSG00000083364	
Kel	1	ENSMUSG00000029866	
Tmem116	1	ENSMUSG00000029452	
Tmem115	1	ENSMUSG00000010045	
Gm20056	1	ENSMUSG00000103847	
Vangl2	1	ENSMUSG00000026556	
Vangl1	1	ENSMUSG00000027860	
Gkap1	1	ENSMUSG00000021552	
Zmym6	1	ENSMUSG00000042408	
Gm32031	1	ENSMUSG00000109118	
Zmym5	1	ENSMUSG00000040123	
6430548M08Rik	1	ENSMUSG00000031824	
Zmym4	1	ENSMUSG00000042446	
Il31ra	1	ENSMUSG00000050377	
Zmym3	1	ENSMUSG00000031310	
Zmym2	1	ENSMUSG00000021945	
Zmym1	1	ENSMUSG00000043872	
Gm32036	1	ENSMUSG00000113313	
Phospho2	1	ENSMUSG00000027088	
Zfp493	1	ENSMUSG00000090659	
Dsn1	1	ENSMUSG00000027635	
Gm20082	1	ENSMUSG00000116102	
Gm7285	1	ENSMUSG00000105408	
Gm7289	1	ENSMUSG00000092056	
Gm33370	1	ENSMUSG00000105283	
Apobec2	1	ENSMUSG00000040694	
Apobec3	1	ENSMUSG00000009585	
Gm32046	1	ENSMUSG00000120756	
Apobec1	1	ENSMUSG00000040613	
Gm33378	1	ENSMUSG00000112790	
Stx1a	1	ENSMUSG00000007207	
Srpk1	1	ENSMUSG00000004865	
Stard4	1	ENSMUSG00000024378	
Stard5	1	ENSMUSG00000046027	
Stard3	1	ENSMUSG00000018167	
Stard8	1	ENSMUSG00000031216	
Stard9	1	ENSMUSG00000033705	
Stard6	1	ENSMUSG00000079608	
Stard7	1	ENSMUSG00000027367	
Gm7291	1	ENSMUSG00000105901	
Ifi44	1	ENSMUSG00000028037	
Gm7290	1	ENSMUSG00000078192	
Gm7292	1	ENSMUSG00000104222	
Hnf1b	1	ENSMUSG00000020679	
Ifi47	1	ENSMUSG00000078920	
Memo1	1	ENSMUSG00000058704	
Srpk3	1	ENSMUSG00000002007	
Srpk2	1	ENSMUSG00000062604	
Tmem141	1	ENSMUSG00000026939	
Tmem140	1	ENSMUSG00000057137	
Tmem143	1	ENSMUSG00000002781	
Plekhb2	1	ENSMUSG00000026123	
Rps27a	1	ENSMUSG00000020460	
Bmi1	1	ENSMUSG00000026739	
4930481B07Rik	1	ENSMUSG00000085956	
Khk	1	ENSMUSG00000029162	
Ankib1	1	ENSMUSG00000040351	
Tsg101	1	ENSMUSG00000014402	
Ap1b1	1	ENSMUSG00000009090	
Styxl1	1	ENSMUSG00000019178	
Gm19040	1	ENSMUSG00000107411	
Kif14	1	ENSMUSG00000041498	
Kif11	1	ENSMUSG00000012443	
Kif17	1	ENSMUSG00000028758	
Tmem144	1	ENSMUSG00000027956	
Kif15	1	ENSMUSG00000036768	
Rps27l	1	ENSMUSG00000036781	
Tmem147	1	ENSMUSG00000006315	
1700023H06Rik	1	ENSMUSG00000089827	
Plekha8	1	ENSMUSG00000005225	
Tmem154	1	ENSMUSG00000056498	
Plekha7	1	ENSMUSG00000045659	
Fignl1	1	ENSMUSG00000035455	
Plekha6	1	ENSMUSG00000041757	
Plekha5	1	ENSMUSG00000030231	
Plekha4	1	ENSMUSG00000040428	
Plekha3	1	ENSMUSG00000002733	
Bcl2l1	1	ENSMUSG00000007659	
Gm10693	1	ENSMUSG00000074420	
Kif1c	1	ENSMUSG00000020821	
Plekha2	1	ENSMUSG00000031557	
Bcl2l2	1	ENSMUSG00000089682	
Plekha1	1	ENSMUSG00000040268	
Kif1b	1	ENSMUSG00000063077	
Mrpl23-ps1	1	ENSMUSG00000075279	
Stx12	1	ENSMUSG00000028879	
Tmem14a	1	ENSMUSG00000025933	
Kin	1	ENSMUSG00000037262	
Tmem14c	1	ENSMUSG00000021361	
Ap1ar	1	ENSMUSG00000074238	
Stx16	1	ENSMUSG00000027522	
Stx17	1	ENSMUSG00000061455	
Stx18	1	ENSMUSG00000029125	
Kit	1	ENSMUSG00000005672	
Acod1	1	ENSMUSG00000022126	
Kif24	1	ENSMUSG00000028438	
Kif22	1	ENSMUSG00000030677	
Kif23	1	ENSMUSG00000032254	
Tmem156	1	ENSMUSG00000037913	
Kiz	1	ENSMUSG00000074749	
Tmem158	1	ENSMUSG00000054871	
Stx11	1	ENSMUSG00000039232	
Tmem121	1	ENSMUSG00000049036	
Pvt1	1	ENSMUSG00000097039	
Fam114a1	1	ENSMUSG00000029185	
Fam114a2	1	ENSMUSG00000020523	
Gm34655	1	ENSMUSG00000110863	
1700120C14Rik	1	ENSMUSG00000100599	
Papln	1	ENSMUSG00000021223	
Tmem127	1	ENSMUSG00000034850	
Lrrc75a	1	ENSMUSG00000046417	
Tmem129	1	ENSMUSG00000019295	
Lrrc75b	1	ENSMUSG00000046807	
Tmem128	1	ENSMUSG00000067365	
Gm20045	1	ENSMUSG00000103983	
Tmem123	1	ENSMUSG00000050912	
Ppp1cc	1	ENSMUSG00000004455	
Ppp1cb	1	ENSMUSG00000014956	
Npm1	1	ENSMUSG00000057113	
Tmem131	1	ENSMUSG00000026116	
0610010K14Rik	1	ENSMUSG00000020831	
Trav15-1-dv6-1	1	ENSMUSG00000094016	
Npm3	1	ENSMUSG00000056209	
Cpn1	1	ENSMUSG00000025196	
Gm32006	1	ENSMUSG00000120233	
Tmem138	1	ENSMUSG00000024666	
Tmem134	1	ENSMUSG00000024845	
Gm20033	1	ENSMUSG00000097640	
Gm20036	1	ENSMUSG00000093579	
Tmem135	1	ENSMUSG00000039428	
Gm8543	1	ENSMUSG00000111684	
Kctd7	1	ENSMUSG00000034110	
Kctd6	1	ENSMUSG00000021752	
Extl1	1	ENSMUSG00000028838	
Gm7213	1	ENSMUSG00000111606	
Kctd5	1	ENSMUSG00000016946	
Extl2	1	ENSMUSG00000027963	
Kctd3	1	ENSMUSG00000026608	
Kctd2	1	ENSMUSG00000016940	
Kctd1	1	ENSMUSG00000036225	
Srprb	1	ENSMUSG00000032553	
Gm8546	1	ENSMUSG00000094463	
Aurkaip1	1	ENSMUSG00000065990	
Cr1l	1	ENSMUSG00000016481	
Extl3	1	ENSMUSG00000021978	
Zfp438	1	ENSMUSG00000050945	
Ticam2	1	ENSMUSG00000056130	
Zfp433	1	ENSMUSG00000096795	
Cpox	1	ENSMUSG00000022742	
Ticam1	1	ENSMUSG00000047123	
Adrb2	1	ENSMUSG00000045730	
Adrb1	1	ENSMUSG00000035283	
Kctd9	1	ENSMUSG00000034327	
Pdzd4	1	ENSMUSG00000002006	
Gm7224	1	ENSMUSG00000083623	
Pdzd2	1	ENSMUSG00000022197	
G630030J09Rik	1	ENSMUSG00000097149	
Gm9889	1	ENSMUSG00000052769	
Kif5c	1	ENSMUSG00000026764	
Tiprl	1	ENSMUSG00000040843	
Gm9887	1	ENSMUSG00000052673	
Kif5a	1	ENSMUSG00000074657	
Gm8557	1	ENSMUSG00000114103	
Gm9888	1	ENSMUSG00000052724	
Kif5b	1	ENSMUSG00000006740	
Trav8d-1	1	ENSMUSG00000076770	
Zfp420	1	ENSMUSG00000058402	
Kmo	1	ENSMUSG00000039783	
Pdzd8	1	ENSMUSG00000074746	
Trav8d-2	1	ENSMUSG00000076795	
Zfp426	1	ENSMUSG00000059475	
Zfp429	1	ENSMUSG00000078994	
F630042J09Rik	1	ENSMUSG00000114442	
Zfp428	1	ENSMUSG00000064264	
Zfp422	1	ENSMUSG00000059878	
Gm9892	1	ENSMUSG00000052825	
Ppp1r2	1	ENSMUSG00000047714	
Syde1	1	ENSMUSG00000032714	
Syde2	1	ENSMUSG00000036863	
Gm8520	1	ENSMUSG00000100922	
Gm9856	1	ENSMUSG00000110945	
Kif2a	1	ENSMUSG00000021693	
Ppp1r8	1	ENSMUSG00000028882	
Gm8524	1	ENSMUSG00000101209	
Npr2	1	ENSMUSG00000028469	
Ppp1r7	1	ENSMUSG00000026275	
Dstn	1	ENSMUSG00000015932	
Zfp410	1	ENSMUSG00000042472	
Kif2c	1	ENSMUSG00000028678	
Zfp418	1	ENSMUSG00000034538	
Colec12	1	ENSMUSG00000036103	
Ostc	1	ENSMUSG00000041084	
Zfp414	1	ENSMUSG00000073423	
Ssu72	1	ENSMUSG00000029038	
Tac2	1	ENSMUSG00000025400	
Ost4	1	ENSMUSG00000038803	
Gm7204	1	ENSMUSG00000048164	
Kif3a	1	ENSMUSG00000018395	
Kif3b	1	ENSMUSG00000027475	
Gm7206	1	ENSMUSG00000082475	
Phf13	1	ENSMUSG00000047777	
Phf14	1	ENSMUSG00000029629	
Kif3c	1	ENSMUSG00000020668	
Gm8539	1	ENSMUSG00000106294	
Kntc1	1	ENSMUSG00000029414	
Bmp6	1	ENSMUSG00000039004	
Phf19	1	ENSMUSG00000026873	
Smad1	1	ENSMUSG00000031681	
Gpatch8	1	ENSMUSG00000034621	
Smad2	1	ENSMUSG00000024563	
Ajm1	1	ENSMUSG00000029419	
Or2m12	1	ENSMUSG00000050742	
Smad3	1	ENSMUSG00000032402	
Zfp407	1	ENSMUSG00000048410	
Bmp1	1	ENSMUSG00000022098	
Smad4	1	ENSMUSG00000024515	
3000002C10Rik	1	ENSMUSG00000070282	
Gpatch3	1	ENSMUSG00000028850	
Gpatch4	1	ENSMUSG00000028069	
Phf10	1	ENSMUSG00000023883	
Gpatch1	1	ENSMUSG00000063808	
Phf11	1	ENSMUSG00000090881	
Gpatch2	1	ENSMUSG00000039210	
Phf12	1	ENSMUSG00000037791	
Tab3	1	ENSMUSG00000035476	
Tab2	1	ENSMUSG00000015755	
Tab1	1	ENSMUSG00000022414	
Gm9870	1	ENSMUSG00000052154	
Smad5	1	ENSMUSG00000021540	
Smad6	1	ENSMUSG00000036867	
Zfp408	1	ENSMUSG00000075040	
Smad7	1	ENSMUSG00000025880	
Gm8587	1	ENSMUSG00000071207	
Zfp473	1	ENSMUSG00000048012	
Zfp472	1	ENSMUSG00000053600	
Nudt16l1	1	ENSMUSG00000022516	
Rwdd3	1	ENSMUSG00000028133	
Rwdd1	1	ENSMUSG00000019782	
Gm7266	1	ENSMUSG00000100441	
Gm8599	1	ENSMUSG00000102666	
Arl6ip1	1	ENSMUSG00000030654	
Ethe1	1	ENSMUSG00000064254	
Plk-ps1	1	ENSMUSG00000083907	
Cpt2	1	ENSMUSG00000028607	
Mmp8	1	ENSMUSG00000005800	
Mmp9	1	ENSMUSG00000017737	
Tedc2	1	ENSMUSG00000024118	
Tedc1	1	ENSMUSG00000037466	
Ptgir	1	ENSMUSG00000043017	
Zfp467	1	ENSMUSG00000068551	
D17H6S53E	1	ENSMUSG00000043311	
Arl6ip5	1	ENSMUSG00000035199	
Arl6ip4	1	ENSMUSG00000029404	
Arl6ip6	1	ENSMUSG00000026960	
Gm7232	1	ENSMUSG00000115662	
Gm8566	1	ENSMUSG00000047905	
Gadd45g	1	ENSMUSG00000021453	
Gm9895	1	ENSMUSG00000118038	
6330549D23Rik	1	ENSMUSG00000045327	
Gadd45b	1	ENSMUSG00000015312	
Gadd45a	1	ENSMUSG00000036390	
Zfp451	1	ENSMUSG00000042197	
Stx4a	1	ENSMUSG00000030805	
Zfp459	1	ENSMUSG00000055560	
B3gat3	1	ENSMUSG00000071649	
Zfp456	1	ENSMUSG00000078995	
Zfp455	1	ENSMUSG00000051037	
Bms1	1	ENSMUSG00000030138	
Zfp458	1	ENSMUSG00000055480	
B3gat2	1	ENSMUSG00000026156	
Praf2	1	ENSMUSG00000031149	
Zfp457	1	ENSMUSG00000055341	
Ncald	1	ENSMUSG00000051359	
Fmnl1	1	ENSMUSG00000055805	
Fmnl3	1	ENSMUSG00000023008	
Gm44066	1	ENSMUSG00000107946	
Romo1	1	ENSMUSG00000067847	
Gm44064	1	ENSMUSG00000107798	
Reps1	1	ENSMUSG00000019854	
Cptp	1	ENSMUSG00000029073	
Ncam1	1	ENSMUSG00000039542	
Stx5a	1	ENSMUSG00000010110	
Zfp442	1	ENSMUSG00000068130	
Dus4l	1	ENSMUSG00000020648	
Fth1-ps	1	ENSMUSG00000084289	
Reps2	1	ENSMUSG00000040855	
Kcnj10	1	ENSMUSG00000044708	
Dip2c	1	ENSMUSG00000048264	
Dip2b	1	ENSMUSG00000023026	
Zfp445	1	ENSMUSG00000047036	
Dip2a	1	ENSMUSG00000020231	
Prag1	1	ENSMUSG00000050271	
Zfp444	1	ENSMUSG00000044876	
Bmt2	1	ENSMUSG00000042742	
Bnip3l-ps	1	ENSMUSG00000073198	
Zfp446	1	ENSMUSG00000033961	
Taf8	1	ENSMUSG00000023980	
Nptn	1	ENSMUSG00000032336	
Taf7	1	ENSMUSG00000051316	
Taf6	1	ENSMUSG00000036980	
Taf5	1	ENSMUSG00000025049	
Sgpp2	1	ENSMUSG00000032908	
Taf4	1	ENSMUSG00000039117	
Taf3	1	ENSMUSG00000025782	
Gm7253	1	ENSMUSG00000117060	
Taf2	1	ENSMUSG00000037343	
Sgpp1	1	ENSMUSG00000021054	
Taf1	1	ENSMUSG00000031314	
Chsy1	1	ENSMUSG00000032640	
D7Ertd128e	1	ENSMUSG00000100029	
Snora78	1	ENSMUSG00000089255	
Pde4dip	1	ENSMUSG00000038170	
Med12l	1	ENSMUSG00000056476	
Iah1	1	ENSMUSG00000062054	
4732496C06Rik	1	ENSMUSG00000108456	
Gm9800	1	ENSMUSG00000045799	
B630019K06Rik	1	ENSMUSG00000052364	
Smcr8	1	ENSMUSG00000049323	
Hemk1	1	ENSMUSG00000032579	
Itsn1	1	ENSMUSG00000022957	
Itsn2	1	ENSMUSG00000020640	
Fhad1	1	ENSMUSG00000051435	
Mppe1	1	ENSMUSG00000062526	
Smco4	1	ENSMUSG00000058173	
B130021K23Rik	1	ENSMUSG00000108042	
Bcl10	1	ENSMUSG00000028191	
Lnpep	1	ENSMUSG00000023845	
Gm12906	1	ENSMUSG00000084874	
Sft2d1rt	1	ENSMUSG00000069899	
Fzd1	1	ENSMUSG00000044674	
Fzd3	1	ENSMUSG00000007989	
Fzd5	1	ENSMUSG00000045005	
Garem1	1	ENSMUSG00000042680	
Fzd7	1	ENSMUSG00000041075	
Fzd6	1	ENSMUSG00000022297	
Fzd9	1	ENSMUSG00000049551	
Sptbn1	1	ENSMUSG00000020315	
Sptbn4	1	ENSMUSG00000011751	
Mepce	1	ENSMUSG00000029726	
Mmut	1	ENSMUSG00000023921	
Med13l	1	ENSMUSG00000018076	
Zfyve21	1	ENSMUSG00000021286	
Gm8508	1	ENSMUSG00000049477	
Gm9836	1	ENSMUSG00000081071	
Snora31	1	ENSMUSG00000065147	
Mroh2a	1	ENSMUSG00000079429	
Crppa	1	ENSMUSG00000043153	
Slc16a4	1	ENSMUSG00000027896	
Slc16a5	1	ENSMUSG00000045775	
Slc16a3	1	ENSMUSG00000025161	
Zfyve19	1	ENSMUSG00000068580	
Nhsl3	1	ENSMUSG00000050390	
Dedd2	1	ENSMUSG00000054499	
Slc16a6	1	ENSMUSG00000041920	
Zfyve16	1	ENSMUSG00000021706	
Slc16a7	1	ENSMUSG00000020102	
Kbtbd6	1	ENSMUSG00000075502	
Kbtbd3	1	ENSMUSG00000025893	
Kbtbd4	1	ENSMUSG00000005505	
Nhsl2	1	ENSMUSG00000079481	
Gm9845	1	ENSMUSG00000050533	
C730034F03Rik	1	ENSMUSG00000079242	
Gm8515	1	ENSMUSG00000103206	
Kbtbd2	1	ENSMUSG00000059486	
Slc16a1	1	ENSMUSG00000032902	
Gm9843	1	ENSMUSG00000050299	
Gm8518	1	ENSMUSG00000115312	
Khdc4	1	ENSMUSG00000028060	
Bmyc	1	ENSMUSG00000049086	
Chst1	1	ENSMUSG00000027221	
Chst3	1	ENSMUSG00000057337	
Chst2	1	ENSMUSG00000033350	
Kbtbd7	1	ENSMUSG00000043881	
Kbtbd8	1	ENSMUSG00000030031	
Chst7	1	ENSMUSG00000037347	
Tal1	1	ENSMUSG00000028717	
Zfyve28	1	ENSMUSG00000037224	
Zfyve27	1	ENSMUSG00000018820	
Jdp2	1	ENSMUSG00000034271	
Zfyve26	1	ENSMUSG00000066440	
Sms-ps	1	ENSMUSG00000081752	
Ccdc9	1	ENSMUSG00000041375	
Gm9816	1	ENSMUSG00000085783	
Ccdc6	1	ENSMUSG00000048701	
Snora57	1	ENSMUSG00000070167	
Dusp3	1	ENSMUSG00000003518	
Dusp2	1	ENSMUSG00000027368	
Dusp5	1	ENSMUSG00000034765	
Dusp4	1	ENSMUSG00000031530	
Dusp1	1	ENSMUSG00000024190	
Dusp7	1	ENSMUSG00000053716	
Dtd1	1	ENSMUSG00000027430	
Dusp6	1	ENSMUSG00000019960	
1700056N10Rik	1	ENSMUSG00000084792	
Dtd2	1	ENSMUSG00000020956	
Dusp8	1	ENSMUSG00000037887	
Tatdn1	1	ENSMUSG00000050891	
Gm9824	1	ENSMUSG00000095478	
Tatdn2	1	ENSMUSG00000056952	
Ap2s1	1	ENSMUSG00000008036	
Tatdn3	1	ENSMUSG00000026632	
Gm9828	1	ENSMUSG00000048603	
A3galt2	1	ENSMUSG00000028794	
Gm9826	1	ENSMUSG00000048538	
Snora41	1	ENSMUSG00000064602	
Borcs6	1	ENSMUSG00000045176	
Tsg101-ps	1	ENSMUSG00000106988	
Atad1	1	ENSMUSG00000013662	
Borcs5	1	ENSMUSG00000042992	
Borcs8	1	ENSMUSG00000002345	
Borcs7	1	ENSMUSG00000062376	
Atad5	1	ENSMUSG00000017550	
Atad2	1	ENSMUSG00000022360	
2610037D02Rik	1	ENSMUSG00000097536	
Slc29a3	1	ENSMUSG00000020100	
Slc29a2	1	ENSMUSG00000024891	
Slc29a1	1	ENSMUSG00000023942	
4732471J01Rik	1	ENSMUSG00000053714	
Slc29a4	1	ENSMUSG00000050822	
Pcyt2	1	ENSMUSG00000025137	
Gm10309	1	ENSMUSG00000071036	
Gm12966	1	ENSMUSG00000070729	
Plgrkt	1	ENSMUSG00000016495	
Ppp1ca	1	ENSMUSG00000040385	
Prss57	1	ENSMUSG00000020323	
Tap2	1	ENSMUSG00000024339	
Tap1	1	ENSMUSG00000037321	
D5Ertd579e	1	ENSMUSG00000029190	
Tank	1	ENSMUSG00000064289	
Tomm40l	1	ENSMUSG00000005674	
AI182371	1	ENSMUSG00000035875	
D930030I03Rik	1	ENSMUSG00000097576	
Rpgrip1	1	ENSMUSG00000057132	
Chchd6	1	ENSMUSG00000030086	
Chchd7	1	ENSMUSG00000042198	
Bfsp1	1	ENSMUSG00000027420	
Bfsp2	1	ENSMUSG00000032556	
Chchd2	1	ENSMUSG00000070493	
Uqcrq	1	ENSMUSG00000044894	
Chchd3	1	ENSMUSG00000053768	
Chchd4	1	ENSMUSG00000034203	
Setbp1	1	ENSMUSG00000024548	
Chchd5	1	ENSMUSG00000037938	
Gm11652	1	ENSMUSG00000083465	
Vipas39	1	ENSMUSG00000021038	
Chchd1	1	ENSMUSG00000063787	
Adamdec1	1	ENSMUSG00000022057	
Gm10320	1	ENSMUSG00000092116	
Gm36914	1	ENSMUSG00000120097	
Setd1b	1	ENSMUSG00000038384	
Setd1a	1	ENSMUSG00000042308	
Gm12988	1	ENSMUSG00000082743	
Gm12989	1	ENSMUSG00000083678	
Gabarapl1	1	ENSMUSG00000030161	
Gabarapl2	1	ENSMUSG00000031950	
A930004J17Rik	1	ENSMUSG00000102602	
Gm48909	1	ENSMUSG00000115194	
Pstpip2	1	ENSMUSG00000025429	
Adss2	1	ENSMUSG00000015961	
Adss1	1	ENSMUSG00000011148	
Pstpip1	1	ENSMUSG00000032322	
Cacul1	1	ENSMUSG00000033417	
Uqcrb	1	ENSMUSG00000021520	
Lat	1	ENSMUSG00000030742	
Uqcrh	1	ENSMUSG00000063882	
Tasl	1	ENSMUSG00000025058	
Ercc6l	1	ENSMUSG00000051220	
Lbh	1	ENSMUSG00000024063	
Pou2af2	1	ENSMUSG00000036027	
Pou2af1	1	ENSMUSG00000032053	
Gm12922	1	ENSMUSG00000081170	
Pou2af3	1	ENSMUSG00000079559	
Srsf1	1	ENSMUSG00000018379	
Lbr	1	ENSMUSG00000004880	
Ap2m1	1	ENSMUSG00000022841	
Srsf9	1	ENSMUSG00000029538	
Srsf7	1	ENSMUSG00000024097	
Srsf6	1	ENSMUSG00000016921	
Srsf5	1	ENSMUSG00000021134	
Srsf4	1	ENSMUSG00000028911	
Srsf3	1	ENSMUSG00000071172	
Srsf2	1	ENSMUSG00000034120	
Rpl30-ps10	1	ENSMUSG00000083411	
Sh2d6	1	ENSMUSG00000052631	
Cfap20	1	ENSMUSG00000031796	
Sh2d5	1	ENSMUSG00000045349	
Lck	1	ENSMUSG00000000409	
Gm12912	1	ENSMUSG00000081067	
Resf1	1	ENSMUSG00000032712	
Gm12918	1	ENSMUSG00000066315	
Gm12919	1	ENSMUSG00000083220	
Gm24924	1	ENSMUSG00000094306	
Gnptab	1	ENSMUSG00000035311	
E130215H24Rik	1	ENSMUSG00000087406	
P3h1	1	ENSMUSG00000028641	
Cfap36	1	ENSMUSG00000020462	
Fzr1	1	ENSMUSG00000020235	
Gm12943	1	ENSMUSG00000082220	
Gm11613	1	ENSMUSG00000085586	
Gm11619	1	ENSMUSG00000082478	
C530005A16Rik	1	ENSMUSG00000085408	
Fchsd2	1	ENSMUSG00000030691	
Fchsd1	1	ENSMUSG00000038524	
Dock10	1	ENSMUSG00000038608	
Dock11	1	ENSMUSG00000031093	
Mnd1	1	ENSMUSG00000033752	
Mthfd1	1	ENSMUSG00000021048	
Col6a4	1	ENSMUSG00000032572	
Mthfd2	1	ENSMUSG00000005667	
Cfap45	1	ENSMUSG00000026546	
Sh2b2	1	ENSMUSG00000005057	
Sh2b1	1	ENSMUSG00000030733	
Cfap43	1	ENSMUSG00000044948	
Sh2b3	1	ENSMUSG00000042594	
Gm11605	1	ENSMUSG00000081643	
Gm12933	1	ENSMUSG00000081210	
E330011M16Rik	1	ENSMUSG00000103030	
Zfp397	1	ENSMUSG00000024276	
Gm33023	1	ENSMUSG00000110652	
Gm10382	1	ENSMUSG00000072612	
Zfp398	1	ENSMUSG00000062519	
Pwp1	1	ENSMUSG00000001785	
Zfp395	1	ENSMUSG00000034522	
Pwp2	1	ENSMUSG00000032834	
Gm7180	1	ENSMUSG00000083774	
Wnt10a	1	ENSMUSG00000026167	
Wnt10b	1	ENSMUSG00000022996	
Zfp386	1	ENSMUSG00000042063	
Cfap68	1	ENSMUSG00000037971	
Gm10371	1	ENSMUSG00000072589	
Zfp382	1	ENSMUSG00000074220	
Zfp384	1	ENSMUSG00000038346	
Zfp383	1	ENSMUSG00000099689	
Ikzf5	1	ENSMUSG00000040167	
Ikzf4	1	ENSMUSG00000002578	
Ikzf3	1	ENSMUSG00000018168	
Ikzf2	1	ENSMUSG00000025997	
Ikzf1	1	ENSMUSG00000018654	
Atad3aos	1	ENSMUSG00000054514	
Gm7192	1	ENSMUSG00000110194	
Icam1	1	ENSMUSG00000037405	
Gm46344	1	ENSMUSG00000113059	
Icam5	1	ENSMUSG00000032174	
Gm7198	1	ENSMUSG00000112395	
Icam2	1	ENSMUSG00000001029	
Rpl35a-ps2	1	ENSMUSG00000081214	
Dtna	1	ENSMUSG00000024302	
Dtnb	1	ENSMUSG00000071454	
Rpl35a-ps6	1	ENSMUSG00000094664	
3222401L13Rik	1	ENSMUSG00000073590	
Rpl35a-ps5	1	ENSMUSG00000093885	
Gm34331	1	ENSMUSG00000120521	
Nfatc2ip	1	ENSMUSG00000030722	
Cfap77	1	ENSMUSG00000079502	
Exoc3l	1	ENSMUSG00000043251	
Cfap74	1	ENSMUSG00000078490	
Cfap70	1	ENSMUSG00000039543	
Usp6nl	1	ENSMUSG00000039046	
Gm7160	1	ENSMUSG00000099843	
Gm8494	1	ENSMUSG00000094090	
Gm10390	1	ENSMUSG00000097368	
Anpep	1	ENSMUSG00000039062	
Zfp366	1	ENSMUSG00000050919	
Zfp365	1	ENSMUSG00000037855	
Zfp362	1	ENSMUSG00000028799	
Ankle2	1	ENSMUSG00000029501	
Ankle1	1	ENSMUSG00000046295	
Zfp367	1	ENSMUSG00000044934	
Kti12	1	ENSMUSG00000073775	
Zfp369	1	ENSMUSG00000021514	
A330023F24Rik	1	ENSMUSG00000096929	
C130083A15Rik	1	ENSMUSG00000108812	
Gm11675	1	ENSMUSG00000082272	
Phgdh	1	ENSMUSG00000053398	
Decr1	1	ENSMUSG00000028223	
Cfap97	1	ENSMUSG00000031631	
Decr2	1	ENSMUSG00000036775	
Cfap96	1	ENSMUSG00000071103	
Fanci	1	ENSMUSG00000039187	
Fancl	1	ENSMUSG00000004018	
Fancm	1	ENSMUSG00000055884	
Fanca	1	ENSMUSG00000032815	
Fancb	1	ENSMUSG00000047757	
Fancc	1	ENSMUSG00000021461	
Fance	1	ENSMUSG00000007570	
Fancf	1	ENSMUSG00000092118	
Fancg	1	ENSMUSG00000028453	
Spout1	1	ENSMUSG00000039660	
Txndc16	1	ENSMUSG00000021830	
Txndc17	1	ENSMUSG00000020803	
Prss12	1	ENSMUSG00000027978	
Txndc15	1	ENSMUSG00000021497	
Clns1a	1	ENSMUSG00000025439	
Txndc12	1	ENSMUSG00000028567	
Prss16	1	ENSMUSG00000006179	
Txndc11	1	ENSMUSG00000022498	
Gm36981	1	ENSMUSG00000103261	
Gm12992	1	ENSMUSG00000085667	
2610318N02Rik	1	ENSMUSG00000049916	
Gm10335	1	ENSMUSG00000071532	
Gm11690	1	ENSMUSG00000085844	
Prss23	1	ENSMUSG00000039405	
Malat1	1	ENSMUSG00000092341	
Gm10362	1	ENSMUSG00000116174	
Gm11696	1	ENSMUSG00000056687	
Gm10366	1	ENSMUSG00000115767	
Odad1	1	ENSMUSG00000040189	
Gm10369	1	ENSMUSG00000072573	
Odad4	1	ENSMUSG00000006784	
Ap2b1	1	ENSMUSG00000035152	
Gm21011	1	ENSMUSG00000118495	
Rtraf-ps	1	ENSMUSG00000074479	
4833408A19Rik	1	ENSMUSG00000118132	
Gm22345	1	ENSMUSG00000084593	
Ptges3-ps	1	ENSMUSG00000040078	
Prss30	1	ENSMUSG00000024124	
Nqo1	1	ENSMUSG00000003849	
Nqo2	1	ENSMUSG00000046949	
Prss34	1	ENSMUSG00000056399	
Prss36	1	ENSMUSG00000070371	
Sgsm2	1	ENSMUSG00000038351	
Sgsm3	1	ENSMUSG00000042303	
Gm11687	1	ENSMUSG00000082480	
Gm10356	1	ENSMUSG00000072387	
Ube2d2a	1	ENSMUSG00000091896	
Gm10353	1	ENSMUSG00000114220	
Gm10359	1	ENSMUSG00000094708	
Gm35638	1	ENSMUSG00000113188	
Uimc1	1	ENSMUSG00000025878	
Prss41	1	ENSMUSG00000024114	
Gm9752	1	ENSMUSG00000025450	
Gm9755	1	ENSMUSG00000030735	
Zfp317	1	ENSMUSG00000057551	
Zfp316	1	ENSMUSG00000046658	
Proser1	1	ENSMUSG00000049504	
Zfp319	1	ENSMUSG00000046556	
Zfp318	1	ENSMUSG00000015597	
Gm9761	1	ENSMUSG00000034437	
Morrbid	1	ENSMUSG00000074813	
Efemp2	1	ENSMUSG00000024909	
AI504432	1	ENSMUSG00000056145	
Gm9762	1	ENSMUSG00000037096	
Gm7105	1	ENSMUSG00000118345	
Gm8437	1	ENSMUSG00000118295	
Gm7108	1	ENSMUSG00000083253	
Zfp300	1	ENSMUSG00000031079	
Proser3	1	ENSMUSG00000036864	
Ap2a2	1	ENSMUSG00000002957	
Ap2a1	1	ENSMUSG00000060279	
Rsph10b	1	ENSMUSG00000075569	
Cxcl11	1	ENSMUSG00000060183	
Gm8401	1	ENSMUSG00000082336	
Cxcl10	1	ENSMUSG00000034855	
Uvssa	1	ENSMUSG00000037355	
Osbpl3	1	ENSMUSG00000029822	
Tbcd	1	ENSMUSG00000039230	
Dtx1	1	ENSMUSG00000029603	
Lpl	1	ENSMUSG00000015568	
Osbpl2	1	ENSMUSG00000039050	
Tbcc	1	ENSMUSG00000036430	
Dtx2	1	ENSMUSG00000004947	
Osbpl5	1	ENSMUSG00000037606	
Tbcb	1	ENSMUSG00000006095	
Dtx3	1	ENSMUSG00000040415	
Tbca	1	ENSMUSG00000042043	
Dtx4	1	ENSMUSG00000039982	
Osbpl7	1	ENSMUSG00000038534	
Lpp	1	ENSMUSG00000033306	
Osbpl6	1	ENSMUSG00000042359	
Osbpl9	1	ENSMUSG00000028559	
Osbpl8	1	ENSMUSG00000020189	
Tbck	1	ENSMUSG00000028030	
Mmgt1	1	ENSMUSG00000061273	
Mmgt2	1	ENSMUSG00000048497	
Cdh24	1	ENSMUSG00000059674	
Cdh23	1	ENSMUSG00000012819	
Tbce	1	ENSMUSG00000039233	
Cdh22	1	ENSMUSG00000053166	
Hmbox1	1	ENSMUSG00000021972	
Akna	1	ENSMUSG00000039158	
Gm9744	1	ENSMUSG00000120244	
Cbfa2t2	1	ENSMUSG00000038533	
Cbfa2t3	1	ENSMUSG00000006362	
Myl6b	1	ENSMUSG00000039824	
Cxcl16	1	ENSMUSG00000018920	
Cxcl13	1	ENSMUSG00000023078	
Gm9797	1	ENSMUSG00000045455	
Gng5-ps	1	ENSMUSG00000082241	
Metap1	1	ENSMUSG00000005813	
Metap2	1	ENSMUSG00000036112	
D6Wsu163e	1	ENSMUSG00000030347	
Zfp358	1	ENSMUSG00000047264	
Exoc6b	1	ENSMUSG00000033769	
Gm7143	1	ENSMUSG00000114184	
Impact	1	ENSMUSG00000024423	
Rpl27-ps3	1	ENSMUSG00000073640	
Zfp341	1	ENSMUSG00000059842	
Lsr	1	ENSMUSG00000001247	
Rpl27-ps2	1	ENSMUSG00000082171	
Rpl27-ps1	1	ENSMUSG00000079137	
Lss	1	ENSMUSG00000033105	
Rbfaos	1	ENSMUSG00000118061	
Morf4l1-ps1	1	ENSMUSG00000116875	
Cdh17	1	ENSMUSG00000028217	
Or2l13	1	ENSMUSG00000056822	
Trp53inp2	1	ENSMUSG00000038375	
Cdh16	1	ENSMUSG00000031881	
Trp53inp1	1	ENSMUSG00000028211	
Cdh15	1	ENSMUSG00000031962	
Zfp346	1	ENSMUSG00000021481	
Cdh13	1	ENSMUSG00000031841	
Lta	1	ENSMUSG00000024402	
D130040H23Rik	1	ENSMUSG00000079038	
Zfp33b	1	ENSMUSG00000120166	
Ltb	1	ENSMUSG00000024399	
Mns1	1	ENSMUSG00000032221	
Gm8483	1	ENSMUSG00000114737	
Ltf	1	ENSMUSG00000032496	
Gm8444	1	ENSMUSG00000069439	
Liat1	1	ENSMUSG00000053783	
Gm9776	1	ENSMUSG00000042857	
Tspo2	1	ENSMUSG00000023995	
Ltk	1	ENSMUSG00000027297	
Zfp330	1	ENSMUSG00000031711	
Gm33044	1	ENSMUSG00000120987	
Gm33046	1	ENSMUSG00000120052	
Pilrb1	1	ENSMUSG00000066684	
Pilrb2	1	ENSMUSG00000066682	
Urgcp	1	ENSMUSG00000049680	
Zfp335	1	ENSMUSG00000039834	
Bnip3	1	ENSMUSG00000078566	
Smarcad1	1	ENSMUSG00000029920	
Gm21092	1	ENSMUSG00000095403	
Bnip5	1	ENSMUSG00000048905	
Gm8451	1	ENSMUSG00000099471	
Lmnb1	1	ENSMUSG00000024590	
Lmnb2	1	ENSMUSG00000062075	
Ltc4s	1	ENSMUSG00000020377	
Acoxl	1	ENSMUSG00000027380	
Mthfsl	1	ENSMUSG00000079427	
Fcgr2b	1	ENSMUSG00000026656	
Mkln1os	1	ENSMUSG00000086212	
Mthfsd	1	ENSMUSG00000031816	
Cdca7l	1	ENSMUSG00000021175	
Prdm9	1	ENSMUSG00000051977	
Zfp329	1	ENSMUSG00000057894	
Spo11	1	ENSMUSG00000005883	
Zfp324	1	ENSMUSG00000004500	
Prdm4	1	ENSMUSG00000035529	
Zfp326	1	ENSMUSG00000029290	
Gm47692	1	ENSMUSG00000109495	
Gm9790	1	ENSMUSG00000044330	
Prdm1	1	ENSMUSG00000038151	
Prdm2	1	ENSMUSG00000057637	
Gm9794	1	ENSMUSG00000107176	
Pard3	1	ENSMUSG00000025812	
Irf2bp1	1	ENSMUSG00000044030	
Irf2bp2	1	ENSMUSG00000051495	
Rpl17-ps10	1	ENSMUSG00000081895	
Fyttd1	1	ENSMUSG00000022800	
Tbk1	1	ENSMUSG00000020115	
Akt3	1	ENSMUSG00000019699	
Akt2	1	ENSMUSG00000004056	
Akt1	1	ENSMUSG00000001729	
Cystm1	1	ENSMUSG00000046727	
Mtrf1l	1	ENSMUSG00000019774	
Ly9	1	ENSMUSG00000004707	
A630089N07Rik	1	ENSMUSG00000116673	
Hcfc1	1	ENSMUSG00000031386	
Hcfc2	1	ENSMUSG00000020246	
Exd2	1	ENSMUSG00000032705	
Iglj1	1	ENSMUSG00000106668	
Exd1	1	ENSMUSG00000048647	
Lxn	1	ENSMUSG00000047557	
Lta4h	1	ENSMUSG00000015889	
Hdac11	1	ENSMUSG00000034245	
Hdac10	1	ENSMUSG00000062906	
Lyn	1	ENSMUSG00000042228	
2810013P06Rik	1	ENSMUSG00000099881	
Dis3l	1	ENSMUSG00000032396	
Tbl3	1	ENSMUSG00000040688	
Tbl2	1	ENSMUSG00000005374	
Atpsckmt	1	ENSMUSG00000039065	
Kifc1	1	ENSMUSG00000079553	
Kifc2	1	ENSMUSG00000004187	
Gm9712	1	ENSMUSG00000109673	
Il1rap	1	ENSMUSG00000022514	
Kifc3	1	ENSMUSG00000031788	
D130017N08Rik	1	ENSMUSG00000097287	
Hells	1	ENSMUSG00000025001	
Morc2a	1	ENSMUSG00000034543	
Setdb2	1	ENSMUSG00000071350	
Setdb1	1	ENSMUSG00000015697	
Ifih1	1	ENSMUSG00000026896	
Tnfsf13b	1	ENSMUSG00000031497	
Kifbp	1	ENSMUSG00000036955	
Gm9725	1	ENSMUSG00000037982	
Dnajc30	1	ENSMUSG00000061118	
Gm9726	1	ENSMUSG00000094935	
Gm9727	1	ENSMUSG00000089628	
Sptan1	1	ENSMUSG00000057738	
I830077J02Rik	1	ENSMUSG00000074342	
1700041G16Rik	1	ENSMUSG00000054822	
Slc28a2	1	ENSMUSG00000027219	
Crb3	1	ENSMUSG00000044279	
Dnajc21	1	ENSMUSG00000044224	
6530409C15Rik	1	ENSMUSG00000043340	
Utp14b	1	ENSMUSG00000079470	
Smarcal1	1	ENSMUSG00000039354	
Utp14a	1	ENSMUSG00000063785	
Dnajc27	1	ENSMUSG00000020657	
Dnajc28	1	ENSMUSG00000039763	
Dnajc25	1	ENSMUSG00000070972	
Dnajc24	1	ENSMUSG00000027166	
5330438D12Rik	1	ENSMUSG00000052291	
Dubr	1	ENSMUSG00000022639	
Gm9703	1	ENSMUSG00000082741	
Gm9701	1	ENSMUSG00000063001	
Dnajc10	1	ENSMUSG00000027006	
A930038B10Rik	1	ENSMUSG00000097310	
Dync2li1	1	ENSMUSG00000024253	
Dnajc16	1	ENSMUSG00000040697	
Rapgef6	1	ENSMUSG00000037533	
Dnajc15	1	ENSMUSG00000022013	
Rapgef5	1	ENSMUSG00000041992	
Dnajc18	1	ENSMUSG00000024350	
Rapgef4	1	ENSMUSG00000049044	
Dnajc17	1	ENSMUSG00000034278	
Rapgef3	1	ENSMUSG00000022469	
2810408I11Rik	1	ENSMUSG00000087213	
Dnajc12	1	ENSMUSG00000036764	
Mterf1a	1	ENSMUSG00000040429	
Rapgef2	1	ENSMUSG00000062232	
Dnajc11	1	ENSMUSG00000039768	
Mterf1b	1	ENSMUSG00000053178	
Rapgef1	1	ENSMUSG00000039844	
Dnajc14	1	ENSMUSG00000025354	
Dnajc13	1	ENSMUSG00000032560	
Dnajc19	1	ENSMUSG00000027679	
Spice1	1	ENSMUSG00000043065	
Crb2	1	ENSMUSG00000035403	
Mrpl54	1	ENSMUSG00000034932	
Mrpl55	1	ENSMUSG00000036860	
Mrpl57	1	ENSMUSG00000021967	
Mrpl58	1	ENSMUSG00000018858	
C330018D20Rik	1	ENSMUSG00000024592	
Cactin	1	ENSMUSG00000034889	
Gm10420	1	ENSMUSG00000072789	
Thoc1	1	ENSMUSG00000024287	
Thoc2	1	ENSMUSG00000037475	
Shisa8	1	ENSMUSG00000096883	
Thoc3	1	ENSMUSG00000025872	
Crcp	1	ENSMUSG00000025532	
Thoc5	1	ENSMUSG00000034274	
Shisa5	1	ENSMUSG00000025647	
Thoc6	1	ENSMUSG00000041319	
Thoc7	1	ENSMUSG00000053453	
Mrpl43	1	ENSMUSG00000025208	
Mrpl44	1	ENSMUSG00000026248	
Crat	1	ENSMUSG00000026853	
Mrpl45	1	ENSMUSG00000018882	
Mrpl46	1	ENSMUSG00000030612	
Ap3s2	1	ENSMUSG00000063801	
Mrpl47	1	ENSMUSG00000037531	
Ap3s1	1	ENSMUSG00000024480	
Hmces	1	ENSMUSG00000030060	
Mrpl48	1	ENSMUSG00000030706	
Mrpl49	1	ENSMUSG00000007338	
C530020B09Rik	1	ENSMUSG00000121018	
Kmt5a	1	ENSMUSG00000049327	
Kmt5b	1	ENSMUSG00000045098	
Klhdc9	1	ENSMUSG00000045259	
Nsrp1	1	ENSMUSG00000037958	
Klhdc4	1	ENSMUSG00000040263	
Parm1	1	ENSMUSG00000034981	
Rps19-ps5	1	ENSMUSG00000097679	
Rps19-ps6	1	ENSMUSG00000096942	
Klhdc2	1	ENSMUSG00000020978	
Mag	1	ENSMUSG00000036634	
Rps19-ps3	1	ENSMUSG00000080059	
Klhdc3	1	ENSMUSG00000063576	
Maf	1	ENSMUSG00000055435	
Nras	1	ENSMUSG00000027852	
Rps19-ps4	1	ENSMUSG00000096699	
Klhdc1	1	ENSMUSG00000051890	
Rps19-ps7	1	ENSMUSG00000080006	
Gm10416	1	ENSMUSG00000105044	
Crbn	1	ENSMUSG00000005362	
Mrpl50	1	ENSMUSG00000044018	
Mrpl51	1	ENSMUSG00000030335	
Mrpl52	1	ENSMUSG00000010406	
Mrpl32	1	ENSMUSG00000015672	
Mrpl33	1	ENSMUSG00000106918	
Igdcc4	1	ENSMUSG00000032816	
Mrpl34	1	ENSMUSG00000034880	
Mrpl35	1	ENSMUSG00000052962	
Mrpl36	1	ENSMUSG00000021607	
Max	1	ENSMUSG00000059436	
Mrpl37	1	ENSMUSG00000028622	
Mrpl38	1	ENSMUSG00000020775	
Nrdc	1	ENSMUSG00000053510	
Maz	1	ENSMUSG00000030678	
Mrpl39	1	ENSMUSG00000022889	
Nrf1	1	ENSMUSG00000058440	
Gm10443	1	ENSMUSG00000072940	
Chtop	1	ENSMUSG00000001017	
Ibtk	1	ENSMUSG00000035941	
Uvrag	1	ENSMUSG00000035354	
Yrdc	1	ENSMUSG00000028889	
Crem	1	ENSMUSG00000063889	
Mbp	1	ENSMUSG00000041607	
Slc15a3	1	ENSMUSG00000024737	
Slc15a4	1	ENSMUSG00000029416	
Mrpl40	1	ENSMUSG00000022706	
Mrpl41	1	ENSMUSG00000036850	
Mrpl42	1	ENSMUSG00000062981	
Mrpl21	1	ENSMUSG00000024829	
Mrpl22	1	ENSMUSG00000020514	
Mrpl23	1	ENSMUSG00000037772	
Mrpl24	1	ENSMUSG00000019710	
Bod1	1	ENSMUSG00000044502	
Slc15a2	1	ENSMUSG00000022899	
Mrpl27	1	ENSMUSG00000024414	
Mrpl28	1	ENSMUSG00000024181	
Fam120aos	1	ENSMUSG00000120113	
Gm10433	1	ENSMUSG00000072884	
Mcc	1	ENSMUSG00000071856	
Gm11769	1	ENSMUSG00000085636	
Kmt2d	1	ENSMUSG00000048154	
Mob4	1	ENSMUSG00000025979	
Kmt2e	1	ENSMUSG00000029004	
Kmt2a	1	ENSMUSG00000002028	
Gm11767	1	ENSMUSG00000085207	
Kmt2b	1	ENSMUSG00000006307	
Mob2	1	ENSMUSG00000025147	
Kmt2c	1	ENSMUSG00000038056	
E4f1	1	ENSMUSG00000024137	
Me2	1	ENSMUSG00000024556	
Mcu	1	ENSMUSG00000009647	
Mrpl30	1	ENSMUSG00000026087	
Mrpl10	1	ENSMUSG00000001445	
Mrpl11	1	ENSMUSG00000024902	
Mrpl12	1	ENSMUSG00000039640	
Mrpl13	1	ENSMUSG00000022370	
Atp2a1	1	ENSMUSG00000030730	
Mrpl14	1	ENSMUSG00000023939	
Mrpl15	1	ENSMUSG00000033845	
Atp2a3	1	ENSMUSG00000020788	
Dynlt1-ps1	1	ENSMUSG00000082691	
Mrpl16	1	ENSMUSG00000024683	
Atp2a2	1	ENSMUSG00000029467	
Mrpl17	1	ENSMUSG00000030879	
Mrpl18	1	ENSMUSG00000057388	
Mrpl19	1	ENSMUSG00000030045	
Macf1	1	ENSMUSG00000028649	
Exo1	1	ENSMUSG00000039748	
Qrich1	1	ENSMUSG00000006673	
Exo5	1	ENSMUSG00000028629	
Plrg1	1	ENSMUSG00000027998	
Rprd2	1	ENSMUSG00000028106	
Rbm3os	1	ENSMUSG00000055188	
Mrpl20	1	ENSMUSG00000029066	
Atp2b1	1	ENSMUSG00000019943	
Col7a1	1	ENSMUSG00000025650	
Atp2b4	1	ENSMUSG00000026463	
Nrep	1	ENSMUSG00000042834	
Nrg2	1	ENSMUSG00000060275	
Nrg1	1	ENSMUSG00000062991	
Paxbp1	1	ENSMUSG00000022974	
Lcorl	1	ENSMUSG00000015882	
Alad	1	ENSMUSG00000028393	
Il1rl2	1	ENSMUSG00000070942	
Il1rl1	1	ENSMUSG00000026069	
Smpdl3a	1	ENSMUSG00000019872	
Smpdl3b	1	ENSMUSG00000028885	
Nrg4	1	ENSMUSG00000032311	
Gm11702	1	ENSMUSG00000084277	
Met	1	ENSMUSG00000009376	
Tirap	1	ENSMUSG00000032041	
Atp2c1	1	ENSMUSG00000032570	
Atp2c2	1	ENSMUSG00000034112	
Exog	1	ENSMUSG00000042787	
Hmcn2	1	ENSMUSG00000055632	
Mff	1	ENSMUSG00000026150	
Rps19-ps1	1	ENSMUSG00000096681	
Rps19-ps2	1	ENSMUSG00000094974	
Kmt5c	1	ENSMUSG00000059851	
4930595D18Rik	1	ENSMUSG00000083193	
Hbb-bt	1	ENSMUSG00000073940	
Hbb-bs	1	ENSMUSG00000052305	
Pithd1	1	ENSMUSG00000028669	
Iglv1	1	ENSMUSG00000076934	
Iglv2	1	ENSMUSG00000076940	
Cdkn2aip	1	ENSMUSG00000038069	
Bckdk	1	ENSMUSG00000030802	
2310009B15Rik	1	ENSMUSG00000079283	
Mga	1	ENSMUSG00000033943	
Tbx6	1	ENSMUSG00000030699	
Adamtsl4	1	ENSMUSG00000015850	
Ap3m2	1	ENSMUSG00000031539	
Nrgn	1	ENSMUSG00000053310	
Ap3m1	1	ENSMUSG00000021824	
1810062G17Rik	1	ENSMUSG00000027713	
Agpat5	1	ENSMUSG00000031467	
Gm11723	1	ENSMUSG00000087486	
Park7	1	ENSMUSG00000028964	
P4hb	1	ENSMUSG00000025130	
Agpat3	1	ENSMUSG00000001211	
Agpat4	1	ENSMUSG00000023827	
Mrgpre	1	ENSMUSG00000048965	
Agpat1	1	ENSMUSG00000034254	
Agpat2	1	ENSMUSG00000026922	
Helz2	1	ENSMUSG00000027580	
Gm7059	1	ENSMUSG00000117468	
Scfd1	1	ENSMUSG00000020952	
Scfd2	1	ENSMUSG00000062110	
4833418N02Rik	1	ENSMUSG00000085287	
Gm33142	1	ENSMUSG00000104484	
Zfp276	1	ENSMUSG00000001065	
Zfp275	1	ENSMUSG00000031365	
Mogs	1	ENSMUSG00000030036	
Zfp277	1	ENSMUSG00000055917	
6820431F20Rik	1	ENSMUSG00000071796	
Tm9sf1	1	ENSMUSG00000002320	
Tm9sf2	1	ENSMUSG00000025544	
A730011C13Rik	1	ENSMUSG00000084846	
Zfp273	1	ENSMUSG00000030446	
5930420M18Rik	1	ENSMUSG00000107201	
Crkl	1	ENSMUSG00000006134	
Zw10	1	ENSMUSG00000032264	
H3f3a-ps1	1	ENSMUSG00000082284	
H3f3a-ps2	1	ENSMUSG00000081176	
Alg9	1	ENSMUSG00000032059	
Alg8	1	ENSMUSG00000035704	
Gm8399	1	ENSMUSG00000043889	
Alg6	1	ENSMUSG00000073792	
Alg5	1	ENSMUSG00000036632	
Alg3	1	ENSMUSG00000033809	
Alg2	1	ENSMUSG00000039740	
Alg1	1	ENSMUSG00000039427	
Il20rb	1	ENSMUSG00000044244	
Zfp267	1	ENSMUSG00000033883	
Mif	1	ENSMUSG00000033307	
Zfp266	1	ENSMUSG00000060510	
Gm10499	1	ENSMUSG00000073403	
Zfp260	1	ENSMUSG00000049421	
Zfp263	1	ENSMUSG00000022529	
Lair1	1	ENSMUSG00000055541	
Arpc1b	1	ENSMUSG00000029622	
Arpc1a	1	ENSMUSG00000029621	
Zfp268	1	ENSMUSG00000078502	
E330034L11Rik	1	ENSMUSG00000106383	
Rps25-ps1	1	ENSMUSG00000067344	
Gm7072	1	ENSMUSG00000117284	
Ifit1	1	ENSMUSG00000034459	
Ifit2	1	ENSMUSG00000045932	
Ifit3	1	ENSMUSG00000074896	
Neil3	1	ENSMUSG00000039396	
Gm8369	1	ENSMUSG00000058470	
Mon1b	1	ENSMUSG00000078908	
Mon1a	1	ENSMUSG00000032583	
Neil1	1	ENSMUSG00000032298	
Zfp251	1	ENSMUSG00000022526	
Ndfip2	1	ENSMUSG00000053253	
Ndfip1	1	ENSMUSG00000024425	
Metap1d	1	ENSMUSG00000041921	
Gm46430	1	ENSMUSG00000113204	
Gm46432	1	ENSMUSG00000114827	
6430562O15Rik	1	ENSMUSG00000097828	
Cbarp	1	ENSMUSG00000035640	
Gm21178	1	ENSMUSG00000115448	
Gm7043	1	ENSMUSG00000115039	
Gm7045	1	ENSMUSG00000113473	
Parvg	1	ENSMUSG00000022439	
Ext2	1	ENSMUSG00000027198	
Ext1	1	ENSMUSG00000061731	
AV099323	1	ENSMUSG00000087377	
Zup1	1	ENSMUSG00000039531	
Zfp248	1	ENSMUSG00000030145	
Parvb	1	ENSMUSG00000022438	
Hpcal1	1	ENSMUSG00000071379	
Doc2g	1	ENSMUSG00000024871	
Gm7054	1	ENSMUSG00000114217	
Chtf8	1	ENSMUSG00000046691	
Nrp1	1	ENSMUSG00000025810	
Nrp2	1	ENSMUSG00000025969	
Ica1	1	ENSMUSG00000062995	
Cstf1	1	ENSMUSG00000027498	
Gm33104	1	ENSMUSG00000110902	
Gm11793	1	ENSMUSG00000082510	
Parp4	1	ENSMUSG00000054509	
Parp3	1	ENSMUSG00000023249	
Parp6	1	ENSMUSG00000025237	
Crot	1	ENSMUSG00000003623	
Cstf2	1	ENSMUSG00000031256	
Parp2	1	ENSMUSG00000036023	
Ufd1	1	ENSMUSG00000005262	
Cstf3	1	ENSMUSG00000027176	
Parp1	1	ENSMUSG00000026496	
Mlx	1	ENSMUSG00000017801	
Parp8	1	ENSMUSG00000021725	
Gm46412	1	ENSMUSG00000120329	
Parp9	1	ENSMUSG00000022906	
Laptm4a	1	ENSMUSG00000020585	
Laptm4b	1	ENSMUSG00000022257	
Mmd	1	ENSMUSG00000003948	
Kif7	1	ENSMUSG00000050382	
Kif4	1	ENSMUSG00000034311	
Dus2	1	ENSMUSG00000031901	
Ino80e	1	ENSMUSG00000030689	
Srrm1	1	ENSMUSG00000028809	
Ino80d	1	ENSMUSG00000040865	
Boll	1	ENSMUSG00000025977	
Ino80c	1	ENSMUSG00000047989	
Kif9	1	ENSMUSG00000032489	
Bnip3l	1	ENSMUSG00000022051	
Gdpd5	1	ENSMUSG00000035314	
Ino80b	1	ENSMUSG00000030034	
Gm11787	1	ENSMUSG00000081660	
2310022B05Rik	1	ENSMUSG00000031983	
5830408C22Rik	1	ENSMUSG00000110148	
Gdpd1	1	ENSMUSG00000061666	
Ufc1	1	ENSMUSG00000062963	
Arpc5l	1	ENSMUSG00000026755	
Srrm2	1	ENSMUSG00000039218	
Gm7079	1	ENSMUSG00000068243	
Zfp292	1	ENSMUSG00000039967	
Zfp296	1	ENSMUSG00000011267	
Mnt	1	ENSMUSG00000000282	
Pla2g12a	1	ENSMUSG00000027999	
Ap3d1	1	ENSMUSG00000020198	
Gm7083	1	ENSMUSG00000093849	
Atat1	1	ENSMUSG00000024426	
Cstad	1	ENSMUSG00000047363	
Mon2	1	ENSMUSG00000034602	
Zfp281	1	ENSMUSG00000041483	
Acsbg1	1	ENSMUSG00000032281	
Mok	1	ENSMUSG00000056458	
Ubxn7	1	ENSMUSG00000053774	
Zfp287	1	ENSMUSG00000005267	
Ubxn8	1	ENSMUSG00000052906	
Zfp286	1	ENSMUSG00000047342	
Mplkip	1	ENSMUSG00000012429	
Ubxn4	1	ENSMUSG00000026353	
Zfp282	1	ENSMUSG00000025821	
Acsbg3	1	ENSMUSG00000024209	
Ubxn6	1	ENSMUSG00000019578	
Bop1	1	ENSMUSG00000022557	
Macir	1	ENSMUSG00000044768	
Tm9sf3	1	ENSMUSG00000025016	
Ubxn1	1	ENSMUSG00000071655	
Tm9sf4	1	ENSMUSG00000068040	
Pars2	1	ENSMUSG00000043572	
Gm7091	1	ENSMUSG00000082165	
Gm7099	1	ENSMUSG00000060647	
Ice1	1	ENSMUSG00000034525	
Ice2	1	ENSMUSG00000032235	
Mpg	1	ENSMUSG00000020287	
Rbmxl1	1	ENSMUSG00000037070	
A230083N12Rik	1	ENSMUSG00000085482	
Mpi	1	ENSMUSG00000032306	
Mpo	1	ENSMUSG00000009350	
Mr1	1	ENSMUSG00000026471	
Vmn2r84	1	ENSMUSG00000070601	
Nt5c	1	ENSMUSG00000020736	
Nt5e	1	ENSMUSG00000032420	
Ap3b1	1	ENSMUSG00000021686	
Capza1	1	ENSMUSG00000070372	
Capza2	1	ENSMUSG00000015733	
Nt5m	1	ENSMUSG00000032615	
Rps3a1	1	ENSMUSG00000028081	
Rps3a2	1	ENSMUSG00000062611	
Ociad2	1	ENSMUSG00000029153	
Ociad1	1	ENSMUSG00000029152	
Gm8319	1	ENSMUSG00000108528	
Sorbs2	1	ENSMUSG00000031626	
Sorbs1	1	ENSMUSG00000025006	
Rps3a3	1	ENSMUSG00000059751	
Sorbs3	1	ENSMUSG00000022091	
Brwd3	1	ENSMUSG00000063663	
D930048N14Rik	1	ENSMUSG00000052563	
Bora	1	ENSMUSG00000022070	
Brwd1	1	ENSMUSG00000022914	
Tcf7	1	ENSMUSG00000000782	
Gm9616	1	ENSMUSG00000114003	
Mt1	1	ENSMUSG00000031765	
Cndp2	1	ENSMUSG00000024644	
Gm9625	1	ENSMUSG00000097906	
Vmn2r57	1	ENSMUSG00000066537	
Msn	1	ENSMUSG00000031207	
Gpsm3	1	ENSMUSG00000034786	
Bcl9l	1	ENSMUSG00000063382	
Gpsm2	1	ENSMUSG00000027883	
Gpsm1	1	ENSMUSG00000026930	
Uqcc2	1	ENSMUSG00000024208	
Uqcc3	1	ENSMUSG00000071654	
Uqcc1	1	ENSMUSG00000005882	
Uqcc6	1	ENSMUSG00000063320	
Uqcc4	1	ENSMUSG00000067722	
Tcf4	1	ENSMUSG00000053477	
Maco1	1	ENSMUSG00000028826	
Nrtn	1	ENSMUSG00000039481	
Uqcc5	1	ENSMUSG00000058351	
Tcf3	1	ENSMUSG00000020167	
Dnajc5	1	ENSMUSG00000000826	
Dnajc4	1	ENSMUSG00000024963	
Tmbim1	1	ENSMUSG00000006301	
Dnajc7	1	ENSMUSG00000014195	
Tmbim4	1	ENSMUSG00000020225	
Dnajc1	1	ENSMUSG00000026740	
Gm8349	1	ENSMUSG00000098208	
Dnajc3	1	ENSMUSG00000022136	
Bcl6b	1	ENSMUSG00000000317	
Cry1	1	ENSMUSG00000020038	
Dnajc2	1	ENSMUSG00000029014	
Cry2	1	ENSMUSG00000068742	
Mtr	1	ENSMUSG00000021311	
Dnajc9	1	ENSMUSG00000021811	
Thop1	1	ENSMUSG00000004929	
Tmbim6	1	ENSMUSG00000023010	
Dnajc8	1	ENSMUSG00000054405	
Zfp239	1	ENSMUSG00000042097	
Zfp236	1	ENSMUSG00000041258	
Zfp235	1	ENSMUSG00000047603	
Alpl	1	ENSMUSG00000028766	
Cdk2ap1	1	ENSMUSG00000029394	
Cdk2ap2	1	ENSMUSG00000024856	
Ufl1	1	ENSMUSG00000040359	
Atxn7l3	1	ENSMUSG00000059995	
Atxn7l2	1	ENSMUSG00000048997	
Klrb1c	1	ENSMUSG00000030325	
Gm8355	1	ENSMUSG00000093798	
Klrb1a	1	ENSMUSG00000030361	
Ewsr1	1	ENSMUSG00000009079	
Klrb1f	1	ENSMUSG00000030154	
Bcl7a	1	ENSMUSG00000029438	
Gm7027	1	ENSMUSG00000067121	
Atxn7l1	1	ENSMUSG00000020564	
Bcl7b	1	ENSMUSG00000029681	
Ddah2	1	ENSMUSG00000007039	
Gm33195	1	ENSMUSG00000113780	
Zpbp2	1	ENSMUSG00000017195	
Bcl7c	1	ENSMUSG00000030814	
Tmem181b-ps	1	ENSMUSG00000096780	
Zfp229	1	ENSMUSG00000061544	
Als2	1	ENSMUSG00000026024	
Mvd	1	ENSMUSG00000006517	
Llph	1	ENSMUSG00000020224	
1110038B12Rik	1	ENSMUSG00000092203	
Dnaja3	1	ENSMUSG00000004069	
Dnaja2	1	ENSMUSG00000031701	
Mfsd6	1	ENSMUSG00000041439	
Mfsd9	1	ENSMUSG00000041945	
Dnaja4	1	ENSMUSG00000032285	
Mfsd8	1	ENSMUSG00000025759	
Mvk	1	ENSMUSG00000041939	
Mfsd3	1	ENSMUSG00000019080	
Dnaja1	1	ENSMUSG00000028410	
Gm8325	1	ENSMUSG00000027694	
Mfsd5	1	ENSMUSG00000045665	
Mvp	1	ENSMUSG00000030681	
Mx2	1	ENSMUSG00000023341	
Gm8326	1	ENSMUSG00000101262	
Mx1	1	ENSMUSG00000000386	
Mfsd1	1	ENSMUSG00000027775	
Zfp212	1	ENSMUSG00000052763	
Irf2bpl	1	ENSMUSG00000034168	
Cryz	1	ENSMUSG00000028199	
Zfp217	1	ENSMUSG00000052056	
Rph3al	1	ENSMUSG00000020847	
Zfp219	1	ENSMUSG00000049295	
Zfp213	1	ENSMUSG00000071256	
4930513N10Rik	1	ENSMUSG00000074136	
Dnajb4	1	ENSMUSG00000028035	
Gm7002	1	ENSMUSG00000114167	
Dnajb3	1	ENSMUSG00000081984	
Dnajb6	1	ENSMUSG00000029131	
Dnajb5	1	ENSMUSG00000036052	
Eya2	1	ENSMUSG00000017897	
Eya1	1	ENSMUSG00000025932	
Dnajb2	1	ENSMUSG00000026203	
Dnajb1	1	ENSMUSG00000005483	
Eya3	1	ENSMUSG00000028886	
Gm8337	1	ENSMUSG00000100033	
Ptk2b	1	ENSMUSG00000059456	
9330161L09Rik	1	ENSMUSG00000055271	
Dnajb7	1	ENSMUSG00000047108	
Vps9d1	1	ENSMUSG00000001062	
Dnajb9	1	ENSMUSG00000014905	
Tchp	1	ENSMUSG00000002486	
Zfp207	1	ENSMUSG00000017421	
Hemgn	1	ENSMUSG00000028332	
Zfp202	1	ENSMUSG00000025602	
Mplkipl1	1	ENSMUSG00000094649	
Apol9b	1	ENSMUSG00000068246	
Gm8341	1	ENSMUSG00000115516	
Ufm1	1	ENSMUSG00000027746	
Mprip	1	ENSMUSG00000005417	
Pabir2	1	ENSMUSG00000036022	
Paxip1	1	ENSMUSG00000002221	
Gm10941	1	ENSMUSG00000078444	
Hacd1	1	ENSMUSG00000063275	
Cdip1	1	ENSMUSG00000004071	
Inca1	1	ENSMUSG00000057054	
Myc	1	ENSMUSG00000022346	
Ift70b	1	ENSMUSG00000075273	
4930509E16Rik	1	ENSMUSG00000096986	
Cdk20	1	ENSMUSG00000021483	
Myb	1	ENSMUSG00000019982	
Slc18a2	1	ENSMUSG00000025094	
Gm34917	1	ENSMUSG00000120221	
Slc18a1	1	ENSMUSG00000036330	
Hacd2	1	ENSMUSG00000035376	
Hacd3	1	ENSMUSG00000033629	
Hacd4	1	ENSMUSG00000028497	
Naa80	1	ENSMUSG00000079334	
Crnkl1	1	ENSMUSG00000001767	
Pabir1	1	ENSMUSG00000074922	
Rps19bp1	1	ENSMUSG00000051518	
Fcnaos	1	ENSMUSG00000052403	
9330133O14Rik	1	ENSMUSG00000121107	
Kat14	1	ENSMUSG00000027425	
Nsun3	1	ENSMUSG00000050312	
Nsun2	1	ENSMUSG00000021595	
Nsun5	1	ENSMUSG00000000916	
Nsun4	1	ENSMUSG00000028706	
Zdhhc7	1	ENSMUSG00000031823	
Nsun6	1	ENSMUSG00000026707	
Zdhhc8	1	ENSMUSG00000060166	
Zdhhc5	1	ENSMUSG00000034075	
Zdhhc6	1	ENSMUSG00000024982	
Zdhhc3	1	ENSMUSG00000025786	
Gucd1	1	ENSMUSG00000033416	
Zdhhc4	1	ENSMUSG00000001844	
Zdhhc1	1	ENSMUSG00000039199	
Zdhhc2	1	ENSMUSG00000039470	
Icmt	1	ENSMUSG00000039662	
C130036L24Rik	1	ENSMUSG00000073627	
Flot2	1	ENSMUSG00000061981	
Flot1	1	ENSMUSG00000059714	
Naa60	1	ENSMUSG00000005982	
Cdin1	1	ENSMUSG00000040282	
Dynlt3	1	ENSMUSG00000031176	
Dynlt4	1	ENSMUSG00000047671	
Bhlha15	1	ENSMUSG00000052271	
Bbip1	1	ENSMUSG00000084957	
1600010M07Rik	1	ENSMUSG00000101585	
D430020J02Rik	1	ENSMUSG00000112980	
Dhcr24	1	ENSMUSG00000034926	
Cdk19	1	ENSMUSG00000038481	
Cdk17	1	ENSMUSG00000020015	
Cdk16	1	ENSMUSG00000031065	
Naa50	1	ENSMUSG00000022698	
Bcl11a	1	ENSMUSG00000000861	
Cdk14	1	ENSMUSG00000028926	
Hace1	1	ENSMUSG00000038822	
Bcl11b	1	ENSMUSG00000048251	
Cdk13	1	ENSMUSG00000041297	
Cdk12	1	ENSMUSG00000003119	
Tcn2	1	ENSMUSG00000020432	
Cdk10	1	ENSMUSG00000033862	
Pkd1l3	1	ENSMUSG00000048827	
Gm34908	1	ENSMUSG00000109137	
Tbc1d19	1	ENSMUSG00000039178	
Nelfa	1	ENSMUSG00000029111	
Frg2f1	1	ENSMUSG00000087385	
Nelfb	1	ENSMUSG00000013465	
Nelfe	1	ENSMUSG00000024369	
Csad	1	ENSMUSG00000023044	
Kars1	1	ENSMUSG00000031948	
Tbc1d12	1	ENSMUSG00000048720	
Tbc1d14	1	ENSMUSG00000029192	
Tbc1d13	1	ENSMUSG00000039678	
Tbc1d16	1	ENSMUSG00000039976	
Tbc1d15	1	ENSMUSG00000020130	
Tbc1d17	1	ENSMUSG00000038520	
2700097O09Rik	1	ENSMUSG00000062198	
Akip1	1	ENSMUSG00000031023	
Nsa2	1	ENSMUSG00000060739	
Rbm8a	1	ENSMUSG00000038374	
Tbc1d20	1	ENSMUSG00000027465	
Tcp1	1	ENSMUSG00000068039	
Tbc1d23	1	ENSMUSG00000022749	
Tbc1d25	1	ENSMUSG00000039201	
Tbc1d24	1	ENSMUSG00000036473	
Icos	1	ENSMUSG00000026009	
Krcc1	1	ENSMUSG00000053012	
St8sia6	1	ENSMUSG00000003418	
St8sia4	1	ENSMUSG00000040710	
Zdhhc9	1	ENSMUSG00000036985	
Nsd3	1	ENSMUSG00000054823	
Btn2a2	1	ENSMUSG00000053216	
Nsd2	1	ENSMUSG00000057406	
Nsd1	1	ENSMUSG00000021488	
Kat2b	1	ENSMUSG00000000708	
Prex1	1	ENSMUSG00000039621	
Pygb	1	ENSMUSG00000033059	
Kat2a	1	ENSMUSG00000020918	
Babam1	1	ENSMUSG00000031820	
Babam2	1	ENSMUSG00000052139	
Lyrm7	1	ENSMUSG00000020268	
Pygl	1	ENSMUSG00000021069	
Rapgef4os2	1	ENSMUSG00000085001	
Pygm	1	ENSMUSG00000032648	
Lyrm4	1	ENSMUSG00000046573	
4933406C10Rik	1	ENSMUSG00000097494	
Lyrm2	1	ENSMUSG00000045854	
Lyrm1	1	ENSMUSG00000030922	
Sfmbt2	1	ENSMUSG00000061186	
Lyrm9	1	ENSMUSG00000072640	
Sfmbt1	1	ENSMUSG00000006527	
Wbp1l	1	ENSMUSG00000047731	
Slc18b1	1	ENSMUSG00000037455	
Ldha-ps2	1	ENSMUSG00000083836	
St8sia1	1	ENSMUSG00000030283	
Gm18025	1	ENSMUSG00000113756	
Rap1gap	1	ENSMUSG00000041351	
Eef1a1	1	ENSMUSG00000037742	
Fscn1	1	ENSMUSG00000029581	
Hacl1	1	ENSMUSG00000021884	
Gm33667	1	ENSMUSG00000120458	
Mpc1	1	ENSMUSG00000023861	
Mpc2	1	ENSMUSG00000026568	
Nbn	1	ENSMUSG00000028224	
Tcta	1	ENSMUSG00000039461	
Gm20342	1	ENSMUSG00000101599	
Aicda	1	ENSMUSG00000040627	
Gm20337	1	ENSMUSG00000112880	
Macroh2a1	1	ENSMUSG00000015937	
Mylip	1	ENSMUSG00000038175	
Scarb2	1	ENSMUSG00000029426	
Ndufs6b	1	ENSMUSG00000083820	
Scarb1	1	ENSMUSG00000037936	
Ncl	1	ENSMUSG00000026234	
Glis2	1	ENSMUSG00000014303	
Csf1	1	ENSMUSG00000014599	
Mylk3	1	ENSMUSG00000031698	
Gm20369	1	ENSMUSG00000116041	
Tbc1d2b	1	ENSMUSG00000037410	
Gm32312	1	ENSMUSG00000116530	
A830005F24Rik	1	ENSMUSG00000053181	
Gvin-ps3	1	ENSMUSG00000095649	
Tbc1d30	1	ENSMUSG00000052302	
Gvin-ps2	1	ENSMUSG00000099241	
Troap	1	ENSMUSG00000032783	
Gvin-ps1	1	ENSMUSG00000086513	
Pdgfrb	1	ENSMUSG00000024620	
Tbc1d32	1	ENSMUSG00000038122	
Dvl1	1	ENSMUSG00000029071	
Tbc1d31	1	ENSMUSG00000022364	
Dvl2	1	ENSMUSG00000020888	
Gvin-ps7	1	ENSMUSG00000063286	
Nf1	1	ENSMUSG00000020716	
Dvl3	1	ENSMUSG00000003233	
Gvin-ps6	1	ENSMUSG00000053541	
Gvin-ps5	1	ENSMUSG00000095457	
Nf2	1	ENSMUSG00000009073	
Bet1l	1	ENSMUSG00000025484	
Gm45620	1	ENSMUSG00000110239	
Atcay	1	ENSMUSG00000034958	
Ap4s1	1	ENSMUSG00000020955	
Kat6b	1	ENSMUSG00000021767	
Col4a1	1	ENSMUSG00000031502	
Kat6a	1	ENSMUSG00000031540	
Col4a5	1	ENSMUSG00000031274	
Neb	1	ENSMUSG00000026950	
Pym1	1	ENSMUSG00000064030	
Gm34983	1	ENSMUSG00000112265	
Lonrf1	1	ENSMUSG00000039633	
Nsg2	1	ENSMUSG00000020297	
Gm46961	1	ENSMUSG00000119951	
Gm20302	1	ENSMUSG00000101219	
Tbc1d8b	1	ENSMUSG00000042473	
Amd2	1	ENSMUSG00000063953	
Gm20305	1	ENSMUSG00000103979	
Gm45606	1	ENSMUSG00000109715	
Amd1	1	ENSMUSG00000075232	
Cercam	1	ENSMUSG00000039787	
Gm45607	1	ENSMUSG00000110270	
Eef1e1	1	ENSMUSG00000001707	
Tmem150a	1	ENSMUSG00000055912	
4931414P19Rik	1	ENSMUSG00000022179	
4930579G24Rik	1	ENSMUSG00000027811	
Gm20300	1	ENSMUSG00000111080	
Tbc1d9b	1	ENSMUSG00000036644	
Tmem151b	1	ENSMUSG00000096847	
1810034E14Rik	1	ENSMUSG00000097101	
Scarf2	1	ENSMUSG00000012017	
Scarf1	1	ENSMUSG00000038188	
Carnmt1	1	ENSMUSG00000024726	
Gm34967	1	ENSMUSG00000116916	
Epb41	1	ENSMUSG00000028906	
Pvrig	1	ENSMUSG00000109713	
Epb42	1	ENSMUSG00000023216	
Lncpint	1	ENSMUSG00000044471	
Ngp	1	ENSMUSG00000032484	
AU019990	1	ENSMUSG00000074783	
Gm20324	1	ENSMUSG00000100199	
Lmf1	1	ENSMUSG00000002279	
Lmf2	1	ENSMUSG00000022614	
Bpgm	1	ENSMUSG00000038871	
2810429I04Rik	1	ENSMUSG00000097709	
Nsl1	1	ENSMUSG00000062510	
Polr3gl	1	ENSMUSG00000028104	
Idh3g	1	ENSMUSG00000002010	
Cox7a1	1	ENSMUSG00000074218	
Cox7a2	1	ENSMUSG00000032330	
Nhs	1	ENSMUSG00000059493	
Mertk	1	ENSMUSG00000014361	
Tma16	1	ENSMUSG00000025591	
Dhodh	1	ENSMUSG00000031730	
Rab40c	1	ENSMUSG00000025730	
Celf4	1	ENSMUSG00000024268	
Eef1b2	1	ENSMUSG00000025967	
Celf3	1	ENSMUSG00000028137	
Idh3a	1	ENSMUSG00000032279	
Celf2	1	ENSMUSG00000002107	
Celf1	1	ENSMUSG00000005506	
Bphl	1	ENSMUSG00000038286	
Gm19327	1	ENSMUSG00000113776	
Gm19326	1	ENSMUSG00000112789	
Idh3b	1	ENSMUSG00000027406	
Gpi-ps	1	ENSMUSG00000043192	
Nin	1	ENSMUSG00000021068	
Nrros	1	ENSMUSG00000052384	
6330537M06Rik	1	ENSMUSG00000110575	
Gm8268	1	ENSMUSG00000109580	
Amfr	1	ENSMUSG00000031751	
Zfp157	1	ENSMUSG00000036898	
Rcor2	1	ENSMUSG00000024968	
Ppp2r3a	1	ENSMUSG00000043154	
Rcor3	1	ENSMUSG00000037395	
Rcor1	1	ENSMUSG00000037896	
Ppp2r2d	1	ENSMUSG00000041769	
Homer1	1	ENSMUSG00000007617	
2810402E24Rik	1	ENSMUSG00000099966	
Ccdc134	1	ENSMUSG00000068114	
Ccdc137	1	ENSMUSG00000049957	
Ccdc138	1	ENSMUSG00000038010	
Nsmf	1	ENSMUSG00000006476	
Gm8276	1	ENSMUSG00000102550	
Actg-ps1	1	ENSMUSG00000074978	
Gm8274	1	ENSMUSG00000112196	
Gnpat	1	ENSMUSG00000031985	
C2cd2l	1	ENSMUSG00000032120	
Zfp143	1	ENSMUSG00000061079	
Zfp146	1	ENSMUSG00000037029	
Ctxn1	1	ENSMUSG00000048644	
Ap4m1	1	ENSMUSG00000019518	
Zfp142	1	ENSMUSG00000026135	
Zfp141	1	ENSMUSG00000092416	
Ccdc120	1	ENSMUSG00000031150	
Ccdc122	1	ENSMUSG00000034795	
Ppp2r3d	1	ENSMUSG00000093803	
Ppp2r3c	1	ENSMUSG00000021022	
Ccdc124	1	ENSMUSG00000007721	
Zfp148	1	ENSMUSG00000022811	
Ccdc125	1	ENSMUSG00000048924	
Ccdc126	1	ENSMUSG00000050786	
Ccdc127	1	ENSMUSG00000021578	
Ptrhd1	1	ENSMUSG00000096199	
Gm9575	1	ENSMUSG00000083692	
Cela1	1	ENSMUSG00000023031	
Gm32391	1	ENSMUSG00000104011	
Gm8249	1	ENSMUSG00000112061	
Hif1an	1	ENSMUSG00000036450	
Sdccag8	1	ENSMUSG00000026504	
Nlk	1	ENSMUSG00000017376	
Zfp131	1	ENSMUSG00000094870	
Lefty1	1	ENSMUSG00000038793	
Spon2	1	ENSMUSG00000037379	
Nln	1	ENSMUSG00000021710	
Ccdc112	1	ENSMUSG00000071855	
Spon1	1	ENSMUSG00000038156	
Ccdc115	1	ENSMUSG00000042111	
Ccdc116	1	ENSMUSG00000022768	
Ccdc117	1	ENSMUSG00000020482	
Gm8250	1	ENSMUSG00000080783	
Gm8253	1	ENSMUSG00000116861	
Hmga1b	1	ENSMUSG00000078249	
Nmb	1	ENSMUSG00000025723	
Kif19a	1	ENSMUSG00000010021	
Mylpf	1	ENSMUSG00000030672	
Nmi	1	ENSMUSG00000026946	
Homer3	1	ENSMUSG00000003573	
Ppp2r2a	1	ENSMUSG00000022052	
Zfp120	1	ENSMUSG00000068134	
Dnah14	1	ENSMUSG00000047369	
Dnah17	1	ENSMUSG00000033987	
Ppp2r1b	1	ENSMUSG00000032058	
Ppp2r1a	1	ENSMUSG00000007564	
Zfp125	1	ENSMUSG00000069755	
Zfp128	1	ENSMUSG00000060397	
Dnah12	1	ENSMUSG00000021879	
Ccdc107	1	ENSMUSG00000028461	
Pilra	1	ENSMUSG00000046245	
Psip1	1	ENSMUSG00000028484	
Gm8264	1	ENSMUSG00000112740	
Kif18a	1	ENSMUSG00000027115	
Calhm2	1	ENSMUSG00000033033	
Kif18b	1	ENSMUSG00000051378	
Ppp6r1	1	ENSMUSG00000052296	
Ppp6r3	1	ENSMUSG00000024908	
Ppp6r2	1	ENSMUSG00000036561	
Ropn1l	1	ENSMUSG00000022236	
Ftl1-ps2	1	ENSMUSG00000096755	
Ftl1-ps1	1	ENSMUSG00000062382	
Rlig1	1	ENSMUSG00000046567	
Xpo1	1	ENSMUSG00000020290	
Acot10	1	ENSMUSG00000047565	
Xpo4	1	ENSMUSG00000021952	
Acot11	1	ENSMUSG00000034853	
Nnt	1	ENSMUSG00000025453	
Rpl15-ps6	1	ENSMUSG00000057262	
Xpo6	1	ENSMUSG00000000131	
Xpo5	1	ENSMUSG00000067150	
Rpl15-ps5	1	ENSMUSG00000108442	
9330151L19Rik	1	ENSMUSG00000097061	
Rpl15-ps2	1	ENSMUSG00000098915	
Acot13	1	ENSMUSG00000006717	
Rpl15-ps3	1	ENSMUSG00000061167	
Camkmt	1	ENSMUSG00000071037	
Mpnd	1	ENSMUSG00000003199	
Rpl15-ps1	1	ENSMUSG00000082874	
Ugdh	1	ENSMUSG00000029201	
Zfp180	1	ENSMUSG00000057101	
Zfp182	1	ENSMUSG00000054737	
Zfp189	1	ENSMUSG00000039634	
Zfp184	1	ENSMUSG00000006720	
Rp1l1	1	ENSMUSG00000046049	
Rab3ip	1	ENSMUSG00000064181	
Calhm6	1	ENSMUSG00000046031	
Ugcg	1	ENSMUSG00000028381	
Kif16b	1	ENSMUSG00000038844	
Lmln	1	ENSMUSG00000022802	
Saa3	1	ENSMUSG00000040026	
Gm33682	1	ENSMUSG00000112971	
Npl	1	ENSMUSG00000042684	
Ppp2r5d	1	ENSMUSG00000059409	
Ppp2r5c	1	ENSMUSG00000017843	
Gm31024	1	ENSMUSG00000109015	
Ppp2r5b	1	ENSMUSG00000024777	
Ppp2r5a	1	ENSMUSG00000026626	
Zfp174	1	ENSMUSG00000054939	
Amd-ps4	1	ENSMUSG00000019836	
Amn1	1	ENSMUSG00000068250	
Xpot	1	ENSMUSG00000034667	
Zfp280b	1	ENSMUSG00000049764	
Zfp280c	1	ENSMUSG00000036916	
Cstb	1	ENSMUSG00000005054	
Gm46996	1	ENSMUSG00000113938	
Zfp280d	1	ENSMUSG00000038535	
Mpp1	1	ENSMUSG00000031402	
Mpp2	1	ENSMUSG00000017314	
Zfp160	1	ENSMUSG00000067942	
3110009E18Rik	1	ENSMUSG00000026388	
Xpo7	1	ENSMUSG00000022100	
Gm33694	1	ENSMUSG00000120476	
Mpp7	1	ENSMUSG00000057440	
Cst3	1	ENSMUSG00000027447	
Gm33699	1	ENSMUSG00000111147	
Cst7	1	ENSMUSG00000068129	
Ppp2r5e	1	ENSMUSG00000021051	
Zfp169	1	ENSMUSG00000050954	
Gm9512	1	ENSMUSG00000113389	
Prokr1	1	ENSMUSG00000049409	
Kash5	1	ENSMUSG00000038292	
Gm9514	1	ENSMUSG00000117252	
Nrm	1	ENSMUSG00000059791	
Engase	1	ENSMUSG00000033857	
Gm9517	1	ENSMUSG00000104103	
Btn1a1	1	ENSMUSG00000000706	
Plvap	1	ENSMUSG00000034845	
Cd40lg	1	ENSMUSG00000031132	
Wnt5b	1	ENSMUSG00000030170	
Larp1b	1	ENSMUSG00000025762	
Camkk1	1	ENSMUSG00000020785	
Camkk2	1	ENSMUSG00000029471	
Gm9522	1	ENSMUSG00000098021	
Lmo2	1	ENSMUSG00000032698	
Nsf	1	ENSMUSG00000034187	
4930403P22Rik	1	ENSMUSG00000102762	
Gm9523	1	ENSMUSG00000106181	
Slc2a4rg-ps	1	ENSMUSG00000085028	
Lmo4	1	ENSMUSG00000028266	
4931440P22Rik	1	ENSMUSG00000074580	
Haao	1	ENSMUSG00000000673	
Kif13a	1	ENSMUSG00000021375	
Kif13b	1	ENSMUSG00000060012	
Fgfr1op2	1	ENSMUSG00000040242	
Lmo7	1	ENSMUSG00000033060	
Amot	1	ENSMUSG00000041688	
Lmna	1	ENSMUSG00000028063	
Ap4e1	1	ENSMUSG00000001998	
Gm9530	1	ENSMUSG00000096950	
Xpr1	1	ENSMUSG00000026469	
Mpst	1	ENSMUSG00000071711	
Idi1	1	ENSMUSG00000058258	
Ccdc191	1	ENSMUSG00000022701	
Snip1	1	ENSMUSG00000050213	
Lrrc75aos2	1	ENSMUSG00000085762	
Pramel12	1	ENSMUSG00000046862	
Ap4b1	1	ENSMUSG00000032952	
Nt5c3b	1	ENSMUSG00000017176	
Nedd4l	1	ENSMUSG00000024589	
Hmgb1	1	ENSMUSG00000066551	
Stkld1	1	ENSMUSG00000049897	
2310001H17Rik	1	ENSMUSG00000097354	
Hmgb3	1	ENSMUSG00000015217	
Hmgb2	1	ENSMUSG00000054717	
Stra6l	1	ENSMUSG00000028327	
Dynll1	1	ENSMUSG00000009013	
Dynll2	1	ENSMUSG00000020483	
1700028I16Rik	1	ENSMUSG00000056821	
Idh1	1	ENSMUSG00000025950	
Idh2	1	ENSMUSG00000030541	
Gm9509	1	ENSMUSG00000115848	
Prdm16	1	ENSMUSG00000039410	
2810021J22Rik	1	ENSMUSG00000020491	
Ccdc181	1	ENSMUSG00000026578	
1700007L15Rik	1	ENSMUSG00000097318	
Ccdc186	1	ENSMUSG00000035173	
Homez	1	ENSMUSG00000057156	
Prdm11	1	ENSMUSG00000075028	
Zfhx2	1	ENSMUSG00000040721	
Prdm10	1	ENSMUSG00000042496	
Zfhx3	1	ENSMUSG00000038872	
Prdm15	1	ENSMUSG00000014039	
Ubald2	1	ENSMUSG00000050628	
Sacs	1	ENSMUSG00000048279	
Fhdc1	1	ENSMUSG00000041842	
Hmga1	1	ENSMUSG00000046711	
Ubald1	1	ENSMUSG00000039568	
Acrbp	1	ENSMUSG00000072770	
Sae1	1	ENSMUSG00000052833	
Bptf	1	ENSMUSG00000040481	
Hadh	1	ENSMUSG00000027984	
Ino80dos	1	ENSMUSG00000084799	
Gm8225	1	ENSMUSG00000068604	
Gm8228	1	ENSMUSG00000099779	
Nvl	1	ENSMUSG00000026516	
Zfp110	1	ENSMUSG00000058638	
Zfp113	1	ENSMUSG00000037007	
Zfp112	1	ENSMUSG00000052675	
Ccdc171	1	ENSMUSG00000052407	
Vars1	1	ENSMUSG00000007029	
Safb	1	ENSMUSG00000071054	
Ccdc174	1	ENSMUSG00000034083	
Vars2	1	ENSMUSG00000038838	
Ccdc175	1	ENSMUSG00000021086	
Pfkfb4	1	ENSMUSG00000025648	
Pfkfb3	1	ENSMUSG00000026773	
Pfkfb2	1	ENSMUSG00000026409	
Pfkfb1	1	ENSMUSG00000025271	
Ambra1	1	ENSMUSG00000040506	
Cdhr2	1	ENSMUSG00000034918	
Hagh	1	ENSMUSG00000024158	
Scimp	1	ENSMUSG00000057135	
Cracr2a	1	ENSMUSG00000061414	
Zfp101	1	ENSMUSG00000055240	
Tnfsf11	1	ENSMUSG00000022015	
Tnfsf10	1	ENSMUSG00000039304	
Ccdc162	1	ENSMUSG00000075225	
Ccdc163	1	ENSMUSG00000028689	
Zfp108	1	ENSMUSG00000030486	
Itga2b	1	ENSMUSG00000034664	
Ccdc166	1	ENSMUSG00000098176	
G730003C15Rik	1	ENSMUSG00000097573	
Ccdc167	1	ENSMUSG00000024018	
Zfp109	1	ENSMUSG00000074283	
Ccdc168	1	ENSMUSG00000091844	
Gosr1	1	ENSMUSG00000010392	
Zfp106	1	ENSMUSG00000027288	
Gosr2	1	ENSMUSG00000020946	
Zfp105	1	ENSMUSG00000057895	
Cebpzos	1	ENSMUSG00000062691	
Gm8242	1	ENSMUSG00000102827	
Larp4b	1	ENSMUSG00000033499	
Gm9531	1	ENSMUSG00000079225	
Nxn	1	ENSMUSG00000020844	
Tmem181c-ps	1	ENSMUSG00000093880	
Spopl	1	ENSMUSG00000026771	
Ccdc150	1	ENSMUSG00000025983	
Hspa12b	1	ENSMUSG00000074793	
Tnfsf15	1	ENSMUSG00000050395	
Hspa12a	1	ENSMUSG00000025092	
Tnfsf14	1	ENSMUSG00000005824	
Tnfsf13	1	ENSMUSG00000089669	
Ccdc157	1	ENSMUSG00000051427	
Lamb2	1	ENSMUSG00000052911	
Lamb3	1	ENSMUSG00000026639	
Tnfsf18	1	ENSMUSG00000066755	
Ugp2	1	ENSMUSG00000001891	
Gm8210	1	ENSMUSG00000094497	
Hmgcl	1	ENSMUSG00000028672	
Nyx	1	ENSMUSG00000051228	
Lyset	1	ENSMUSG00000046675	
Hmgcr	1	ENSMUSG00000021670	
Rsbn1l	1	ENSMUSG00000039968	
Lamc1	1	ENSMUSG00000026478	
Gm8221	1	ENSMUSG00000095704	
Nt5c2	1	ENSMUSG00000025041	
Nt5c3	1	ENSMUSG00000029780	
Tgoln1	1	ENSMUSG00000056429	
Cacng5	1	ENSMUSG00000040373	
Tdo2	1	ENSMUSG00000028011	
Gm33707	1	ENSMUSG00000102298	
Idnk	1	ENSMUSG00000050002	
Prdx2	1	ENSMUSG00000005161	
Acta2	1	ENSMUSG00000035783	
Prdx3	1	ENSMUSG00000024997	
Prdx4	1	ENSMUSG00000025289	
Prdx5	1	ENSMUSG00000024953	
Smdt1	1	ENSMUSG00000022452	
Prdx1	1	ENSMUSG00000028691	
4930532G15Rik	1	ENSMUSG00000097261	
Vti1a	1	ENSMUSG00000024983	
Uggt1	1	ENSMUSG00000037470	
Uggt2	1	ENSMUSG00000042104	
Vti1b	1	ENSMUSG00000021124	
Rasgrp3	1	ENSMUSG00000071042	
Rasgrp4	1	ENSMUSG00000030589	
Rasgrp1	1	ENSMUSG00000027347	
Rasgrp2	1	ENSMUSG00000032946	
Aif1l	1	ENSMUSG00000001864	
Ido1	1	ENSMUSG00000031551	
Dcaf1	1	ENSMUSG00000040325	
Kdelr2	1	ENSMUSG00000079111	
Kdelr3	1	ENSMUSG00000010830	
2210406H18Rik	1	ENSMUSG00000109036	
6720470G18Rik	1	ENSMUSG00000120018	
Dcaf8	1	ENSMUSG00000026554	
Tcam1	1	ENSMUSG00000020712	
Amz2	1	ENSMUSG00000020610	
Amz1	1	ENSMUSG00000050022	
Dcaf4	1	ENSMUSG00000021222	
Prdx6	1	ENSMUSG00000026701	
Dcaf5	1	ENSMUSG00000049106	
Dcaf6	1	ENSMUSG00000026571	
Ctc1	1	ENSMUSG00000020898	
Dcaf7	1	ENSMUSG00000049354	
Gm19409	1	ENSMUSG00000106229	
C030015A19Rik	1	ENSMUSG00000108181	
Kdelr1	1	ENSMUSG00000002778	
Tdp2	1	ENSMUSG00000035958	
Tdp1	1	ENSMUSG00000021177	
Tpgs1	1	ENSMUSG00000020308	
Ezh2	1	ENSMUSG00000029687	
Tpgs2	1	ENSMUSG00000024269	
Ezh1	1	ENSMUSG00000006920	
Rfwd3	1	ENSMUSG00000033596	
Ctbs	1	ENSMUSG00000028189	
Saal1	1	ENSMUSG00000006763	
Odaph	1	ENSMUSG00000096035	
Hbegf	1	ENSMUSG00000024486	
Asah2	1	ENSMUSG00000024887	
Asah1	1	ENSMUSG00000031591	
Ctcf	1	ENSMUSG00000005698	
Tcaim	1	ENSMUSG00000046603	
Gcnt7	1	ENSMUSG00000074569	
Gcnt3	1	ENSMUSG00000032226	
Gcnt2	1	ENSMUSG00000021360	
D030056L22Rik	1	ENSMUSG00000047044	
Oaf	1	ENSMUSG00000032014	
Gcnt1	1	ENSMUSG00000038843	
Hap1	1	ENSMUSG00000006930	
Krba1	1	ENSMUSG00000042810	
9530078K11Rik	1	ENSMUSG00000109268	
Oat	1	ENSMUSG00000030934	
Trmt6	1	ENSMUSG00000037376	
Trmt5	1	ENSMUSG00000034442	
Ntf5	1	ENSMUSG00000074121	
Slc17a9	1	ENSMUSG00000023393	
Wrnip1	1	ENSMUSG00000021400	
Trmt1	1	ENSMUSG00000001909	
Slc17a5	1	ENSMUSG00000049624	
Cacnb3	1	ENSMUSG00000003352	
Cacnb4	1	ENSMUSG00000017412	
8430422M14Rik	1	ENSMUSG00000105095	
Cacnb1	1	ENSMUSG00000020882	
Alms1	1	ENSMUSG00000063810	
Prr14l	1	ENSMUSG00000054280	
Tdrp	1	ENSMUSG00000050052	
Foxa3	1	ENSMUSG00000040891	
Or2n2-ps1	1	ENSMUSG00000110646	
Ap5z1	1	ENSMUSG00000039623	
Erg28	1	ENSMUSG00000021252	
Anxa2r1	1	ENSMUSG00000095609	
Gm33782	1	ENSMUSG00000112290	
Sat1	1	ENSMUSG00000025283	
Hsp90aa1	1	ENSMUSG00000021270	
Sc5d	1	ENSMUSG00000032018	
Snord118	1	ENSMUSG00000064899	
5430434F05Rik	1	ENSMUSG00000108780	
Slfn14	1	ENSMUSG00000082101	
Gm19466	1	ENSMUSG00000118362	
Stamos	1	ENSMUSG00000086657	
Col5a3	1	ENSMUSG00000004098	
Idua	1	ENSMUSG00000033540	
Col5a1	1	ENSMUSG00000026837	
Pierce2	1	ENSMUSG00000086158	
Hsp90ab1	1	ENSMUSG00000023944	
Gm33799	1	ENSMUSG00000120679	
Foxd2	1	ENSMUSG00000055210	
Hat1	1	ENSMUSG00000027018	
Disp1	1	ENSMUSG00000030768	
Gm19497	1	ENSMUSG00000120043	
Lzts1	1	ENSMUSG00000036306	
Lzts2	1	ENSMUSG00000035342	
Lzts3	1	ENSMUSG00000037703	
Sav1	1	ENSMUSG00000021067	
Gm31108	1	ENSMUSG00000108094	
1700113A16Rik	1	ENSMUSG00000096935	
G3bp1	1	ENSMUSG00000018583	
G3bp2	1	ENSMUSG00000029405	
Gm44419	1	ENSMUSG00000107968	
Celsr3	1	ENSMUSG00000023473	
Celsr1	1	ENSMUSG00000016028	
Celsr2	1	ENSMUSG00000068740	
Oga	1	ENSMUSG00000025220	
Wdtc1	1	ENSMUSG00000037622	
Lztr1	1	ENSMUSG00000022761	
Rasgrf1	1	ENSMUSG00000032356	
Rasgrf2	1	ENSMUSG00000021708	
Best1	1	ENSMUSG00000037418	
Ogt	1	ENSMUSG00000034160	
Nceh1	1	ENSMUSG00000027698	
Gm18101	1	ENSMUSG00000110726	
Tmem9b	1	ENSMUSG00000031021	
Acss1	1	ENSMUSG00000027452	
Necab3	1	ENSMUSG00000027489	
1700025G04Rik	1	ENSMUSG00000032666	
Acss2	1	ENSMUSG00000027605	
Bloc1s2-ps	1	ENSMUSG00000025201	
5031425E22Rik	1	ENSMUSG00000073147	
Patl1	1	ENSMUSG00000046139	
Gm45734	1	ENSMUSG00000110546	
Fsd1l	1	ENSMUSG00000054752	
Ap5s1	1	ENSMUSG00000068264	
Cables2	1	ENSMUSG00000038990	
Cables1	1	ENSMUSG00000040957	
4933439C10Rik	1	ENSMUSG00000072893	
Rps26-ps1	1	ENSMUSG00000059775	
Gm19427	1	ENSMUSG00000099310	
Hax1	1	ENSMUSG00000027944	
B3galnt1	1	ENSMUSG00000043300	
B3galnt2	1	ENSMUSG00000039242	
Anxa11os	1	ENSMUSG00000098609	
Osgepl1	1	ENSMUSG00000026096	
Mcm10	1	ENSMUSG00000026669	
A430072P03Rik	1	ENSMUSG00000090030	
Chaserr	1	ENSMUSG00000101970	
Habp4	1	ENSMUSG00000021476	
Ntn4	1	ENSMUSG00000020019	
Ntn3	1	ENSMUSG00000117406	
Arl14ep	1	ENSMUSG00000027122	
Prelid3b	1	ENSMUSG00000016257	
Prelid3a	1	ENSMUSG00000024530	
Carmil1	1	ENSMUSG00000021338	
Carmil3	1	ENSMUSG00000022211	
Carmil2	1	ENSMUSG00000050357	
Cyp4f41-ps	1	ENSMUSG00000024295	
Gm18113	1	ENSMUSG00000113318	
Gm18119	1	ENSMUSG00000112007	
Gm32401	1	ENSMUSG00000114585	
Foxj3	1	ENSMUSG00000032998	
Foxj2	1	ENSMUSG00000003154	
Gm21762	1	ENSMUSG00000094027	
Gm8146	1	ENSMUSG00000103260	
Zcchc10	1	ENSMUSG00000018239	
Gorab	1	ENSMUSG00000040124	
Foxk2	1	ENSMUSG00000039275	
Zcchc18	1	ENSMUSG00000031428	
Foxk1	1	ENSMUSG00000056493	
Zcchc14	1	ENSMUSG00000061410	
Gm9484	1	ENSMUSG00000105006	
Zcchc17	1	ENSMUSG00000028772	
Tmem131l	1	ENSMUSG00000033767	
Kcnmb3	1	ENSMUSG00000091091	
Ank2	1	ENSMUSG00000032826	
Kcnmb4	1	ENSMUSG00000054934	
Ank1	1	ENSMUSG00000031543	
Patz1	1	ENSMUSG00000020453	
Omp	1	ENSMUSG00000074006	
Zcchc24	1	ENSMUSG00000055538	
Ctns	1	ENSMUSG00000005949	
Gm9493	1	ENSMUSG00000044424	
Tysnd1	1	ENSMUSG00000020087	
6330408M09Rik	1	ENSMUSG00000116733	
Senp1	1	ENSMUSG00000033075	
Senp3	1	ENSMUSG00000005204	
Senp2	1	ENSMUSG00000022855	
Gm9456	1	ENSMUSG00000120406	
Gm8129	1	ENSMUSG00000059159	
Wnk4	1	ENSMUSG00000035112	
Rbm11	1	ENSMUSG00000032940	
Rbm10	1	ENSMUSG00000031060	
Rbm12	1	ENSMUSG00000089824	
Pik3ip1	1	ENSMUSG00000034614	
Ifngr2	1	ENSMUSG00000022965	
Ifngr1	1	ENSMUSG00000020009	
Foxm1	1	ENSMUSG00000001517	
Gm8130	1	ENSMUSG00000116637	
Gm8137	1	ENSMUSG00000112697	
Ap5m1	1	ENSMUSG00000036291	
Snhg1	1	ENSMUSG00000108414	
Wnk1	1	ENSMUSG00000045962	
Mis18bp1	1	ENSMUSG00000047534	
B430319F04Rik	1	ENSMUSG00000110062	
Ctr9	1	ENSMUSG00000005609	
Snhg7	1	ENSMUSG00000120369	
Snhg6	1	ENSMUSG00000098234	
Foxn3	1	ENSMUSG00000033713	
Snhg9	1	ENSMUSG00000090101	
Snhg8	1	ENSMUSG00000104960	
Foxn2	1	ENSMUSG00000034998	
Gm8141	1	ENSMUSG00000100025	
Snhg5	1	ENSMUSG00000097195	
Snhg4	1	ENSMUSG00000117869	
Ctsb	1	ENSMUSG00000021939	
Ctsc	1	ENSMUSG00000030560	
Rptor	1	ENSMUSG00000025583	
Ctsd	1	ENSMUSG00000007891	
Ctse	1	ENSMUSG00000004552	
Ctsf	1	ENSMUSG00000083282	
Ctsg	1	ENSMUSG00000040314	
Ctsh	1	ENSMUSG00000032359	
Tnfsf13os	1	ENSMUSG00000085890	
Ctsl	1	ENSMUSG00000021477	
Ctso	1	ENSMUSG00000028015	
Ctu1	1	ENSMUSG00000038888	
Gm31166	1	ENSMUSG00000109695	
Ctu2	1	ENSMUSG00000049482	
Anln	1	ENSMUSG00000036777	
Klra3	1	ENSMUSG00000067591	
Ctss	1	ENSMUSG00000038642	
Klra2	1	ENSMUSG00000030187	
4932442E05Rik	1	ENSMUSG00000104443	
Klra7	1	ENSMUSG00000067599	
Ctsw	1	ENSMUSG00000024910	
4930426D05Rik	1	ENSMUSG00000043168	
Ctsz	1	ENSMUSG00000016256	
Gm18194	1	ENSMUSG00000109724	
Ltbp3	1	ENSMUSG00000024940	
Foxo4	1	ENSMUSG00000042903	
Gp1ba	1	ENSMUSG00000050675	
Gramd4	1	ENSMUSG00000035900	
Ltbp4	1	ENSMUSG00000040488	
Dcbld1	1	ENSMUSG00000019891	
Dcbld2	1	ENSMUSG00000035107	
Foxo3	1	ENSMUSG00000048756	
Ltbp1	1	ENSMUSG00000001870	
Foxo1	1	ENSMUSG00000044167	
Ano8	1	ENSMUSG00000034863	
Ano7	1	ENSMUSG00000034107	
Ano6	1	ENSMUSG00000064210	
Ctrl	1	ENSMUSG00000031896	
Klrc1	1	ENSMUSG00000030167	
Aamdc	1	ENSMUSG00000035642	
Acsl1	1	ENSMUSG00000018796	
Os9	1	ENSMUSG00000040462	
Plppr2	1	ENSMUSG00000040563	
2810004N23Rik	1	ENSMUSG00000031984	
Plppr3	1	ENSMUSG00000035835	
Acsl5	1	ENSMUSG00000024981	
Gm20492	1	ENSMUSG00000092593	
Acsl3	1	ENSMUSG00000032883	
Smurf2	1	ENSMUSG00000018363	
Acsl4	1	ENSMUSG00000031278	
Gm18180	1	ENSMUSG00000099342	
Smurf1	1	ENSMUSG00000038780	
Foxp3	1	ENSMUSG00000039521	
Foxp4	1	ENSMUSG00000023991	
Foxp1	1	ENSMUSG00000030067	
Ctsa	1	ENSMUSG00000017760	
6330562C20Rik	1	ENSMUSG00000093424	
Gm43124	1	ENSMUSG00000107389	
Zc2hc1a	1	ENSMUSG00000043542	
Zc2hc1c	1	ENSMUSG00000045064	
Tmem132a	1	ENSMUSG00000024736	
Gm32474	1	ENSMUSG00000120171	
Flvcr1	1	ENSMUSG00000066595	
Flvcr2	1	ENSMUSG00000034258	
B230354K17Rik	1	ENSMUSG00000097119	
Cab39	1	ENSMUSG00000036707	
Gm8172	1	ENSMUSG00000082926	
Iba57	1	ENSMUSG00000049287	
Gm8170	1	ENSMUSG00000112381	
5830418P13Rik	1	ENSMUSG00000086236	
Tecr	1	ENSMUSG00000031708	
Osm	1	ENSMUSG00000058755	
Cttn	1	ENSMUSG00000031078	
Rev3l	1	ENSMUSG00000019841	
Disc1	1	ENSMUSG00000043051	
Rnaset2a	1	ENSMUSG00000095687	
Rnaset2b	1	ENSMUSG00000094724	
Gm8184	1	ENSMUSG00000117877	
Gm8181	1	ENSMUSG00000048188	
Gm8188	1	ENSMUSG00000112163	
Gm8185	1	ENSMUSG00000090119	
Gm8186	1	ENSMUSG00000049124	
Mrps30	1	ENSMUSG00000021731	
Cxcr2	1	ENSMUSG00000026180	
Mrps31	1	ENSMUSG00000031533	
Cxcr3	1	ENSMUSG00000050232	
Mrps33	1	ENSMUSG00000029918	
Mrps34	1	ENSMUSG00000038880	
Mrps35	1	ENSMUSG00000040112	
Mrps36	1	ENSMUSG00000061474	
Sqstm1	1	ENSMUSG00000015837	
Cxcr4	1	ENSMUSG00000045382	
Trnt1	1	ENSMUSG00000013736	
Cxcr5	1	ENSMUSG00000047880	
Sbds	1	ENSMUSG00000025337	
Cxcr6	1	ENSMUSG00000048521	
Sbf2	1	ENSMUSG00000038371	
Sbf1	1	ENSMUSG00000036529	
Prepl	1	ENSMUSG00000024127	
Cdc42ep2	1	ENSMUSG00000045664	
1700097N02Rik	1	ENSMUSG00000099474	
Gm9403	1	ENSMUSG00000106499	
A430093F15Rik	1	ENSMUSG00000067577	
Atp13a1	1	ENSMUSG00000031862	
Mrps21	1	ENSMUSG00000054312	
Klrg1	1	ENSMUSG00000030114	
Mrps22	1	ENSMUSG00000032459	
Mrps23	1	ENSMUSG00000023723	
Cdc42ep3	1	ENSMUSG00000036533	
Mrps24	1	ENSMUSG00000020477	
Cdc42ep4	1	ENSMUSG00000041598	
Mrps25	1	ENSMUSG00000014551	
Mrps26	1	ENSMUSG00000037740	
Mrps27	1	ENSMUSG00000041632	
Mrps28	1	ENSMUSG00000040269	
Fbrsl1	1	ENSMUSG00000043323	
Ampd3	1	ENSMUSG00000005686	
Ampd2	1	ENSMUSG00000027889	
Ampd1	1	ENSMUSG00000070385	
Atp13a2	1	ENSMUSG00000036622	
Bub1b	1	ENSMUSG00000040084	
Atp13a3	1	ENSMUSG00000022533	
Lnpk	1	ENSMUSG00000009207	
Rbm4b	1	ENSMUSG00000033760	
Hdlbp	1	ENSMUSG00000034088	
Trp73	1	ENSMUSG00000029026	
Wbp11	1	ENSMUSG00000030216	
Tefm	1	ENSMUSG00000046909	
Nos1ap	1	ENSMUSG00000038473	
Mrps10	1	ENSMUSG00000034729	
Mrps11	1	ENSMUSG00000030611	
Mrps12	1	ENSMUSG00000045948	
Creb3l1	1	ENSMUSG00000027230	
Creb3l2	1	ENSMUSG00000038648	
Mrps14	1	ENSMUSG00000058267	
Mrps15	1	ENSMUSG00000028861	
Klrd1	1	ENSMUSG00000030165	
Mrps16	1	ENSMUSG00000049960	
Mrps17	1	ENSMUSG00000034211	
Wnt6	1	ENSMUSG00000033227	
Klrc2	1	ENSMUSG00000052736	
Ccnd3-ps	1	ENSMUSG00000080708	
Abhd10	1	ENSMUSG00000033157	
Abhd11	1	ENSMUSG00000040532	
Abhd12	1	ENSMUSG00000032046	
Abhd13	1	ENSMUSG00000040396	
Wnt3	1	ENSMUSG00000000125	
Rfxap	1	ENSMUSG00000036615	
Abhd15	1	ENSMUSG00000000686	
Abhd18	1	ENSMUSG00000037818	
Trp53	1	ENSMUSG00000059552	
Utp20	1	ENSMUSG00000004356	
Klre1	1	ENSMUSG00000050241	
Utp25	1	ENSMUSG00000016181	
Utp23	1	ENSMUSG00000022313	
Acsf3	1	ENSMUSG00000015016	
Pqbp1	1	ENSMUSG00000031157	
Acsf2	1	ENSMUSG00000076435	
Snhg18	1	ENSMUSG00000096956	
Snhg17	1	ENSMUSG00000085385	
Gm9432	1	ENSMUSG00000083199	
Rbm33	1	ENSMUSG00000048271	
Rbm34	1	ENSMUSG00000033931	
Rbm26	1	ENSMUSG00000022119	
Rbm25	1	ENSMUSG00000010608	
Utp15	1	ENSMUSG00000041747	
Ap5b1	1	ENSMUSG00000049562	
Naa40	1	ENSMUSG00000024764	
Rbm28	1	ENSMUSG00000029701	
Rbm27	1	ENSMUSG00000024491	
Utp11	1	ENSMUSG00000028907	
Snhg20	1	ENSMUSG00000086859	
Utp18	1	ENSMUSG00000054079	
Cplx2	1	ENSMUSG00000025867	
Gm8115	1	ENSMUSG00000104560	
Gm9449	1	ENSMUSG00000108892	
Klrk1	1	ENSMUSG00000030149	
Gm8116	1	ENSMUSG00000059422	
3010003L21Rik	1	ENSMUSG00000085355	
Naa35	1	ENSMUSG00000021555	
Spns1	1	ENSMUSG00000030741	
Naa38	1	ENSMUSG00000059278	
Rbm22	1	ENSMUSG00000024604	
Rpl9-ps7	1	ENSMUSG00000047965	
Rpl9-ps6	1	ENSMUSG00000062456	
Dock5	1	ENSMUSG00000044447	
Rbm15	1	ENSMUSG00000048109	
Rpl9-ps4	1	ENSMUSG00000094989	
Rubcn	1	ENSMUSG00000035629	
Dock6	1	ENSMUSG00000032198	
Rbm14	1	ENSMUSG00000006456	
Rbm17	1	ENSMUSG00000037197	
Dock4	1	ENSMUSG00000035954	
Naa30	1	ENSMUSG00000036282	
Dock9	1	ENSMUSG00000025558	
Rbm19	1	ENSMUSG00000029594	
Rbm18	1	ENSMUSG00000026889	
Dock7	1	ENSMUSG00000028556	
Spns2	1	ENSMUSG00000040447	
Dock8	1	ENSMUSG00000052085	
Spns3	1	ENSMUSG00000020798	
Snhg10	1	ENSMUSG00000113722	
Snhg12	1	ENSMUSG00000086290	
Asb13	1	ENSMUSG00000033781	
Gm8121	1	ENSMUSG00000051116	
Snhg14	1	ENSMUSG00000100826	
Snhg16	1	ENSMUSG00000020812	
Snhg15	1	ENSMUSG00000085156	
Senp5	1	ENSMUSG00000022772	
Trbv12-2	1	ENSMUSG00000094525	
Senp7	1	ENSMUSG00000052917	
Senp6	1	ENSMUSG00000034252	
Gm9416	1	ENSMUSG00000117476	
Impdh2	1	ENSMUSG00000062867	
Senp8	1	ENSMUSG00000051705	
Impdh1	1	ENSMUSG00000003500	
Naa25	1	ENSMUSG00000042719	
Dock1	1	ENSMUSG00000058325	
Dock2	1	ENSMUSG00000020143	
Rbm48	1	ENSMUSG00000040302	
Rbm47	1	ENSMUSG00000070780	
Egfl6	1	ENSMUSG00000000402	
Cdipt	1	ENSMUSG00000030682	
Cxcl9	1	ENSMUSG00000029417	
Egfl7	1	ENSMUSG00000026921	
Naa20	1	ENSMUSG00000002728	
Rundc1	1	ENSMUSG00000035007	
Cxcl2	1	ENSMUSG00000058427	
St3gal6	1	ENSMUSG00000022747	
St3gal4	1	ENSMUSG00000032038	
St3gal5	1	ENSMUSG00000056091	
St3gal2	1	ENSMUSG00000031749	
St3gal3	1	ENSMUSG00000028538	
St3gal1	1	ENSMUSG00000013846	
Klri2	1	ENSMUSG00000043932	
Klri1	1	ENSMUSG00000067610	
Naa15	1	ENSMUSG00000063273	
Rbm42	1	ENSMUSG00000036733	
Tceanc2	1	ENSMUSG00000028619	
Naa16	1	ENSMUSG00000022020	
Rbm41	1	ENSMUSG00000031433	
Rbm43	1	ENSMUSG00000036249	
Rbm45	1	ENSMUSG00000042369	
Sbk2	1	ENSMUSG00000030433	
Rbm39	1	ENSMUSG00000027620	
Sbk1	1	ENSMUSG00000042978	
Rbm38	1	ENSMUSG00000027510	
Ten1	1	ENSMUSG00000020778	
Naa10	1	ENSMUSG00000031388	
Naa12	1	ENSMUSG00000024571	
Lnx2	1	ENSMUSG00000016520	
Gpr15lg	1	ENSMUSG00000096001	
Fkbp1b	1	ENSMUSG00000020635	
Fkbp1a	1	ENSMUSG00000032966	
Mpv17	1	ENSMUSG00000107283	
Tstd3	1	ENSMUSG00000028251	
Cep97	1	ENSMUSG00000022604	
Gbp2b	1	ENSMUSG00000040264	
Nub1	1	ENSMUSG00000028954	
Gm10705	1	ENSMUSG00000074506	
Cep95	1	ENSMUSG00000018372	
Tstd2	1	ENSMUSG00000035495	
Tstd1	1	ENSMUSG00000103711	
Phka1	1	ENSMUSG00000034055	
Phka2	1	ENSMUSG00000031295	
Rasip1	1	ENSMUSG00000044562	
Ier5	1	ENSMUSG00000056708	
Ier2	1	ENSMUSG00000053560	
Ier3	1	ENSMUSG00000003541	
Atg2a	1	ENSMUSG00000024773	
Atg2b	1	ENSMUSG00000041341	
C030037D09Rik	1	ENSMUSG00000087574	
Tep1	1	ENSMUSG00000006281	
Upf3b	1	ENSMUSG00000036572	
Upf3a	1	ENSMUSG00000038398	
Cep78	1	ENSMUSG00000041491	
Cep76	1	ENSMUSG00000073542	
Cep72	1	ENSMUSG00000021572	
Cep70	1	ENSMUSG00000056267	
Atg10	1	ENSMUSG00000021619	
Ermardl2	1	ENSMUSG00000116953	
Trerf1	1	ENSMUSG00000064043	
Atg13	1	ENSMUSG00000027244	
Atg14	1	ENSMUSG00000037526	
Atg12	1	ENSMUSG00000032905	
Cep89	1	ENSMUSG00000023072	
Cep85	1	ENSMUSG00000037443	
Cep83	1	ENSMUSG00000020024	
Zxdb	1	ENSMUSG00000073062	
Zxdc	1	ENSMUSG00000034430	
Hbp1	1	ENSMUSG00000002996	
Pam	1	ENSMUSG00000026335	
C030034I22Rik	1	ENSMUSG00000073374	
Brap	1	ENSMUSG00000029458	
Nudc	1	ENSMUSG00000028851	
Tesc	1	ENSMUSG00000029359	
Echdc3	1	ENSMUSG00000039063	
L2hgdh	1	ENSMUSG00000020988	
Braf	1	ENSMUSG00000002413	
Echdc1	1	ENSMUSG00000019883	
Cep57	1	ENSMUSG00000031922	
Amigo1	1	ENSMUSG00000050947	
Amigo2	1	ENSMUSG00000048218	
Cep55	1	ENSMUSG00000024989	
Amigo3	1	ENSMUSG00000032593	
Ceacam19	1	ENSMUSG00000049848	
Metrn	1	ENSMUSG00000002274	
Nuf2	1	ENSMUSG00000026683	
Mrc1	1	ENSMUSG00000026712	
Hba-a1	1	ENSMUSG00000069919	
Pbk	1	ENSMUSG00000022033	
Hba-a2	1	ENSMUSG00000069917	
Myef2l	1	ENSMUSG00000049230	
Ceacam16	1	ENSMUSG00000014686	
Brd3	1	ENSMUSG00000026918	
Slc2a13	1	ENSMUSG00000036298	
Brd2	1	ENSMUSG00000024335	
Brd1	1	ENSMUSG00000022387	
Slc2a10	1	ENSMUSG00000027661	
Ppard	1	ENSMUSG00000002250	
Skap2	1	ENSMUSG00000059182	
Tet2	1	ENSMUSG00000040943	
Skap1	1	ENSMUSG00000057058	
Tet1	1	ENSMUSG00000047146	
Pparg	1	ENSMUSG00000000440	
Cep68	1	ENSMUSG00000044066	
B230208H11Rik	1	ENSMUSG00000097378	
Cep63	1	ENSMUSG00000032534	
Tert	1	ENSMUSG00000021611	
Tet3	1	ENSMUSG00000034832	
Cenpb	1	ENSMUSG00000068267	
Cenpa	1	ENSMUSG00000029177	
Pcx	1	ENSMUSG00000024892	
Nudcd1	1	ENSMUSG00000038736	
Nudcd3	1	ENSMUSG00000053838	
Nudcd2	1	ENSMUSG00000020328	
Cdkn3	1	ENSMUSG00000037628	
Prpf38a	1	ENSMUSG00000063800	
Prpf38b	1	ENSMUSG00000027881	
Tcf19	1	ENSMUSG00000050410	
Arrdc4	1	ENSMUSG00000042659	
Fkbp15	1	ENSMUSG00000066151	
Lrriq3	1	ENSMUSG00000028182	
Pdf	1	ENSMUSG00000078931	
Arrdc2	1	ENSMUSG00000002910	
Stradb	1	ENSMUSG00000026027	
Arrdc3	1	ENSMUSG00000074794	
Fkbp11	1	ENSMUSG00000003355	
Tcf12	1	ENSMUSG00000032228	
Arrdc1	1	ENSMUSG00000026972	
Fkbp10	1	ENSMUSG00000001555	
Strada	1	ENSMUSG00000069631	
Brd9	1	ENSMUSG00000057649	
Brd8	1	ENSMUSG00000003778	
Brd7	1	ENSMUSG00000031660	
Brd4	1	ENSMUSG00000024002	
Pf4	1	ENSMUSG00000029373	
Aoc2	1	ENSMUSG00000078651	
Brf2	1	ENSMUSG00000031487	
Brf1	1	ENSMUSG00000011158	
Aoah	1	ENSMUSG00000021322	
Cenpx	1	ENSMUSG00000025144	
Cenpw	1	ENSMUSG00000075266	
Cenpv	1	ENSMUSG00000018509	
Cenpu	1	ENSMUSG00000031629	
Cenpt	1	ENSMUSG00000036672	
Cenps	1	ENSMUSG00000073705	
Cep44	1	ENSMUSG00000038215	
Cenpq	1	ENSMUSG00000023919	
Cep43	1	ENSMUSG00000069135	
Cenpp	1	ENSMUSG00000021391	
Cenpo	1	ENSMUSG00000020652	
Cep41	1	ENSMUSG00000029790	
Tcf25	1	ENSMUSG00000001472	
Cenpn	1	ENSMUSG00000031756	
Cenpm	1	ENSMUSG00000068101	
Cenpl	1	ENSMUSG00000026708	
Cenpk	1	ENSMUSG00000021714	
Cenpj	1	ENSMUSG00000064128	
Cenpi	1	ENSMUSG00000031262	
Cenph	1	ENSMUSG00000045273	
Tcf20	1	ENSMUSG00000041852	
Cenpf	1	ENSMUSG00000026605	
Cenpe	1	ENSMUSG00000045328	
Mreg	1	ENSMUSG00000039395	
Cep19	1	ENSMUSG00000035790	
Cdkl5	1	ENSMUSG00000031292	
Gm10785	1	ENSMUSG00000085169	
Cep15	1	ENSMUSG00000033111	
Cdkl4	1	ENSMUSG00000033966	
Cdkl3	1	ENSMUSG00000020389	
Cdkl2	1	ENSMUSG00000029403	
Cdkl1	1	ENSMUSG00000020990	
Gm34758	1	ENSMUSG00000119948	
Tgfbrap1	1	ENSMUSG00000070939	
Pus10	1	ENSMUSG00000020280	
D16Ertd472e	1	ENSMUSG00000022864	
Hnrnpa2b1	1	ENSMUSG00000004980	
Brdt	1	ENSMUSG00000029279	
Gm46733	1	ENSMUSG00000121265	
9930004E17Rik	1	ENSMUSG00000096052	
Pgd	1	ENSMUSG00000028961	
Tex2	1	ENSMUSG00000040548	
Trav4-4-dv10	1	ENSMUSG00000096096	
Gm10778	1	ENSMUSG00000096856	
Cep20	1	ENSMUSG00000022677	
Tex9	1	ENSMUSG00000090626	
Pgp	1	ENSMUSG00000043445	
Rb1cc1	1	ENSMUSG00000025907	
4732440D04Rik	1	ENSMUSG00000090031	
Bri3	1	ENSMUSG00000047843	
Rad54l2	1	ENSMUSG00000040661	
Tyrobp	1	ENSMUSG00000030579	
Mri1	1	ENSMUSG00000004996	
Clba1	1	ENSMUSG00000037594	
Klc1	1	ENSMUSG00000021288	
Ahctf1	1	ENSMUSG00000026491	
Klc4	1	ENSMUSG00000003546	
Klc3	1	ENSMUSG00000040714	
Mapre1	1	ENSMUSG00000027479	
Klc2	1	ENSMUSG00000024862	
Mapre2	1	ENSMUSG00000024277	
Mapre3	1	ENSMUSG00000029166	
Asnsd1	1	ENSMUSG00000026095	
Gm22781	1	ENSMUSG00000077271	
Gm8093	1	ENSMUSG00000087052	
Gm19121	1	ENSMUSG00000111241	
Gm10790	1	ENSMUSG00000113856	
Dcun1d5	1	ENSMUSG00000032002	
Dcun1d4	1	ENSMUSG00000051674	
Dcun1d3	1	ENSMUSG00000048787	
Cul1	1	ENSMUSG00000029686	
Cul2	1	ENSMUSG00000024231	
Pir	1	ENSMUSG00000031379	
Cul3	1	ENSMUSG00000004364	
Cul5	1	ENSMUSG00000032030	
Dcun1d2	1	ENSMUSG00000038506	
Cul7	1	ENSMUSG00000038545	
Dcun1d1	1	ENSMUSG00000027708	
Cul9	1	ENSMUSG00000040327	
Ndufs5-ps	1	ENSMUSG00000081824	
Fndc3a	1	ENSMUSG00000033487	
Fndc3b	1	ENSMUSG00000039286	
Ubap2l	1	ENSMUSG00000042520	
Brk1	1	ENSMUSG00000033940	
Eefsec	1	ENSMUSG00000033216	
Numb	1	ENSMUSG00000021224	
Ric8a	1	ENSMUSG00000025485	
Ric8b	1	ENSMUSG00000035620	
Phkg2	1	ENSMUSG00000030815	
H2-T-ps	1	ENSMUSG00000073405	
Gm10734	1	ENSMUSG00000114255	
E130102H24Rik	1	ENSMUSG00000086782	
Pkm	1	ENSMUSG00000032294	
Gm34727	1	ENSMUSG00000102984	
Gm10736	1	ENSMUSG00000096842	
Rmnd1	1	ENSMUSG00000019763	
Rpl38-ps1	1	ENSMUSG00000083326	
Rpl38-ps2	1	ENSMUSG00000080921	
Herc4	1	ENSMUSG00000020064	
Herc2	1	ENSMUSG00000030451	
Herc3	1	ENSMUSG00000029804	
Pink1	1	ENSMUSG00000028756	
Herc1	1	ENSMUSG00000038664	
Gm22748	1	ENSMUSG00000064427	
Whamm	1	ENSMUSG00000045795	
Mrm1	1	ENSMUSG00000018405	
Herc6	1	ENSMUSG00000029798	
Mrm2	1	ENSMUSG00000029557	
Mrm3	1	ENSMUSG00000038046	
Gm10766	1	ENSMUSG00000103957	
Pln	1	ENSMUSG00000038583	
Zfp385a	1	ENSMUSG00000000552	
1110013H19Rik	1	ENSMUSG00000116164	
Ubb-ps	1	ENSMUSG00000044285	
BC046401	1	ENSMUSG00000085274	
Topbp1	1	ENSMUSG00000032555	
Gm10752	1	ENSMUSG00000112301	
Klf4	1	ENSMUSG00000003032	
mt-Nd4l	1	ENSMUSG00000065947	
Pskh1	1	ENSMUSG00000048310	
Klf3	1	ENSMUSG00000029178	
Oxr1	1	ENSMUSG00000022307	
Klf2	1	ENSMUSG00000055148	
Pml	1	ENSMUSG00000036986	
Klf1	1	ENSMUSG00000054191	
Klf8	1	ENSMUSG00000041649	
Cracdl	1	ENSMUSG00000026090	
Klf7	1	ENSMUSG00000025959	
Klf6	1	ENSMUSG00000000078	
Klf5	1	ENSMUSG00000005148	
Sfswap	1	ENSMUSG00000029439	
Klf9	1	ENSMUSG00000033863	
Cdk11b	1	ENSMUSG00000029062	
Ppp4r1	1	ENSMUSG00000061950	
Ppp4r2	1	ENSMUSG00000052144	
Oxsm	1	ENSMUSG00000021786	
Gm19196	1	ENSMUSG00000109975	
8430429K09Rik	1	ENSMUSG00000034587	
Pnn	1	ENSMUSG00000020994	
Pnp	1	ENSMUSG00000115338	
Prpf40a	1	ENSMUSG00000061136	
Tfam	1	ENSMUSG00000003923	
Gm20186	1	ENSMUSG00000106874	
Prpf40b	1	ENSMUSG00000023007	
Gm8034	1	ENSMUSG00000094281	
Pus7l	1	ENSMUSG00000033356	
Actr2	1	ENSMUSG00000020152	
Actr3	1	ENSMUSG00000026341	
Por	1	ENSMUSG00000005514	
Tsen34	1	ENSMUSG00000035585	
Actr6	1	ENSMUSG00000019948	
Xrn1	1	ENSMUSG00000032410	
Actr5	1	ENSMUSG00000037761	
Xrn2	1	ENSMUSG00000027433	
Bahd1	1	ENSMUSG00000040007	
Actr8	1	ENSMUSG00000015971	
Fgfrl1	1	ENSMUSG00000008090	
Gm9333	1	ENSMUSG00000108702	
Klk1	1	ENSMUSG00000063903	
Brox	1	ENSMUSG00000046836	
Gnrh1	1	ENSMUSG00000015812	
Klk4	1	ENSMUSG00000006948	
Cpne2	1	ENSMUSG00000034361	
1110059G10Rik	1	ENSMUSG00000032551	
Cpne3	1	ENSMUSG00000028228	
Klk8	1	ENSMUSG00000064023	
Ppl	1	ENSMUSG00000039457	
Pknox1	1	ENSMUSG00000006705	
Rab5if	1	ENSMUSG00000027637	
Cpne8	1	ENSMUSG00000052560	
Cpne4	1	ENSMUSG00000032564	
Cpne5	1	ENSMUSG00000024008	
Cuta	1	ENSMUSG00000024194	
Gm8010	1	ENSMUSG00000102493	
Gm44148	1	ENSMUSG00000107736	
Nus1	1	ENSMUSG00000023068	
Gm9347	1	ENSMUSG00000110126	
Sdhaf1	1	ENSMUSG00000074211	
Gm8013	1	ENSMUSG00000106357	
Sdhaf2	1	ENSMUSG00000024668	
Sdhaf3	1	ENSMUSG00000042505	
Gm8019	1	ENSMUSG00000080718	
Gm9349	1	ENSMUSG00000117202	
Sdhaf4	1	ENSMUSG00000026154	
Cyfip2	1	ENSMUSG00000020340	
Pinx1	1	ENSMUSG00000021958	
Cyfip1	1	ENSMUSG00000030447	
Diablo	1	ENSMUSG00000029433	
Tsen15	1	ENSMUSG00000014980	
Gm9354	1	ENSMUSG00000109059	
Mrs2	1	ENSMUSG00000021339	
Thtpa	1	ENSMUSG00000045691	
Nabp1	1	ENSMUSG00000026107	
Tfeb	1	ENSMUSG00000023990	
Nabp2	1	ENSMUSG00000025374	
Tmem255a	1	ENSMUSG00000036502	
1700037C18Rik	1	ENSMUSG00000005983	
Noxred1	1	ENSMUSG00000072919	
Prx	1	ENSMUSG00000053198	
Scd3	1	ENSMUSG00000025202	
Scd2	1	ENSMUSG00000025203	
Scd1	1	ENSMUSG00000037071	
Guca2b	1	ENSMUSG00000032978	
Mrrf	1	ENSMUSG00000026887	
Polrmt	1	ENSMUSG00000020329	
Psd	1	ENSMUSG00000037126	
Cutc	1	ENSMUSG00000025193	
Tfe3	1	ENSMUSG00000000134	
Stk35os1	1	ENSMUSG00000121238	
Actn2	1	ENSMUSG00000052374	
Actn1	1	ENSMUSG00000015143	
Gm46781	1	ENSMUSG00000119943	
Scap	1	ENSMUSG00000032485	
Actn4	1	ENSMUSG00000054808	
Scai	1	ENSMUSG00000035236	
C1qb	1	ENSMUSG00000036905	
C1qa	1	ENSMUSG00000036887	
Il10rb	1	ENSMUSG00000022969	
Tmem120a	1	ENSMUSG00000039886	
Gm33440	1	ENSMUSG00000120674	
Il10ra	1	ENSMUSG00000032089	
Pts	1	ENSMUSG00000032067	
Tmem120b	1	ENSMUSG00000054434	
Gm20161	1	ENSMUSG00000117534	
Gm9387	1	ENSMUSG00000074236	
Gm8054	1	ENSMUSG00000069986	
Gm9385	1	ENSMUSG00000080848	
C1ra	1	ENSMUSG00000055172	
Tcea3	1	ENSMUSG00000001604	
Scd4	1	ENSMUSG00000050195	
2310043P16Rik	1	ENSMUSG00000108732	
Tcea1	1	ENSMUSG00000033813	
Hccs	1	ENSMUSG00000031352	
Tcea2	1	ENSMUSG00000059540	
Cux1	1	ENSMUSG00000029705	
Dlgap5	1	ENSMUSG00000037544	
Dlgap4	1	ENSMUSG00000061689	
Ribc1	1	ENSMUSG00000025257	
Farp1	1	ENSMUSG00000025555	
Gm32126	1	ENSMUSG00000116173	
Farp2	1	ENSMUSG00000034066	
AA386476	1	ENSMUSG00000074357	
Gm9392	1	ENSMUSG00000087298	
Gm8066	1	ENSMUSG00000106237	
C1qc	1	ENSMUSG00000036896	
Gm9396	1	ENSMUSG00000063328	
Mms22l	1	ENSMUSG00000045751	
Atp10a	1	ENSMUSG00000025324	
Arl13b	1	ENSMUSG00000022911	
AI662270	1	ENSMUSG00000087107	
Atp10d	1	ENSMUSG00000046808	
Qser1	1	ENSMUSG00000074994	
Pvr	1	ENSMUSG00000040511	
Tmem126b	1	ENSMUSG00000030614	
Tmem126a	1	ENSMUSG00000030615	
Trafd1	1	ENSMUSG00000042726	
Pomgnt1	1	ENSMUSG00000028700	
Pomgnt2	1	ENSMUSG00000066235	
Aknaos	1	ENSMUSG00000086953	
Atp11b	1	ENSMUSG00000037400	
Epcam	1	ENSMUSG00000045394	
Atp11a	1	ENSMUSG00000031441	
Atp11c	1	ENSMUSG00000062949	
Cwc22	1	ENSMUSG00000027014	
Scel	1	ENSMUSG00000022123	
Cwc27	1	ENSMUSG00000021715	
Cwc25	1	ENSMUSG00000018541	
Scg5	1	ENSMUSG00000023236	
Atp6ap2	1	ENSMUSG00000031007	
Atp6ap1	1	ENSMUSG00000019087	
Oxa1l	1	ENSMUSG00000000959	
Pxk	1	ENSMUSG00000033885	
C5ar2	1	ENSMUSG00000074361	
C5ar1	1	ENSMUSG00000049130	
Pxn	1	ENSMUSG00000029528	
Galk1	1	ENSMUSG00000020766	
Edaradd	1	ENSMUSG00000095105	
Galk2	1	ENSMUSG00000027207	
Crtc3	1	ENSMUSG00000030527	
Crtap	1	ENSMUSG00000032431	
Crtc2	1	ENSMUSG00000027936	
Morc3	1	ENSMUSG00000039456	
Crtam	1	ENSMUSG00000032021	
Cwc15	1	ENSMUSG00000004096	
Atf6b	1	ENSMUSG00000015461	
Crtc1	1	ENSMUSG00000003575	
mt-Rnr2	1	ENSMUSG00000064339	
mt-Rnr1	1	ENSMUSG00000064337	
Actg1	1	ENSMUSG00000062825	
Fars2	1	ENSMUSG00000021420	
Loxl4	1	ENSMUSG00000025185	
Loxl3	1	ENSMUSG00000000693	
Krtcap2	1	ENSMUSG00000042747	
Krtcap3	1	ENSMUSG00000029149	
Hook1	1	ENSMUSG00000028572	
Hook2	1	ENSMUSG00000052566	
Degs2	1	ENSMUSG00000021263	
Degs1	1	ENSMUSG00000038633	
Flt3l	1	ENSMUSG00000110206	
Cd55os	1	ENSMUSG00000087691	
Usp50	1	ENSMUSG00000027364	
Usp54	1	ENSMUSG00000034235	
Usp53	1	ENSMUSG00000039701	
Caap1	1	ENSMUSG00000028578	
Katnal1	1	ENSMUSG00000041298	
Hook3	1	ENSMUSG00000037234	
Trbv13-2	1	ENSMUSG00000076469	
Trbv13-1	1	ENSMUSG00000076467	
Trbv13-3	1	ENSMUSG00000076470	
Flrt1	1	ENSMUSG00000047787	
Gm9315	1	ENSMUSG00000113403	
Gm9316	1	ENSMUSG00000117262	
Dis3l2	1	ENSMUSG00000053333	
Dnal1	1	ENSMUSG00000042523	
Farsa	1	ENSMUSG00000003808	
Usp40	1	ENSMUSG00000005501	
Dnal4	1	ENSMUSG00000022420	
Farsb	1	ENSMUSG00000026245	
Otub1	1	ENSMUSG00000024767	
Usp45	1	ENSMUSG00000040455	
Usp44	1	ENSMUSG00000020020	
Usp42	1	ENSMUSG00000051306	
Ifng	1	ENSMUSG00000055170	
Usp49	1	ENSMUSG00000090115	
Aox4	1	ENSMUSG00000038242	
Usp48	1	ENSMUSG00000043411	
Usp47	1	ENSMUSG00000059263	
Dcakd	1	ENSMUSG00000020935	
Usp46	1	ENSMUSG00000054814	
Asap2	1	ENSMUSG00000052632	
Asap1	1	ENSMUSG00000022377	
Rundc3b	1	ENSMUSG00000040570	
Asap3	1	ENSMUSG00000036995	
Rundc3a	1	ENSMUSG00000006575	
Gm9320	1	ENSMUSG00000100865	
Spmip7	1	ENSMUSG00000020191	
Spring1	1	ENSMUSG00000032840	
Spmip4	1	ENSMUSG00000029828	
Nr1d2	1	ENSMUSG00000021775	
Nr1d1	1	ENSMUSG00000020889	
Usp30	1	ENSMUSG00000029592	
A630023P12Rik	1	ENSMUSG00000048215	
Otub2	1	ENSMUSG00000021203	
Usp34	1	ENSMUSG00000056342	
Usp33	1	ENSMUSG00000025437	
Eef1akmt4	1	ENSMUSG00000115219	
Usp32	1	ENSMUSG00000000804	
Usp31	1	ENSMUSG00000063317	
Usp38	1	ENSMUSG00000038250	
Usp37	1	ENSMUSG00000033364	
Usp36	1	ENSMUSG00000033909	
Usp35	1	ENSMUSG00000035713	
Usp39	1	ENSMUSG00000056305	
Eef1akmt2	1	ENSMUSG00000030960	
Gm8000	1	ENSMUSG00000101132	
Eef1akmt3	1	ENSMUSG00000080115	
Repin1	1	ENSMUSG00000052751	
Eef1akmt1	1	ENSMUSG00000021951	
Hcn3	1	ENSMUSG00000028051	
Tcea1-ps1	1	ENSMUSG00000067869	
Otud3	1	ENSMUSG00000041161	
Dnai2	1	ENSMUSG00000034706	
Usp22	1	ENSMUSG00000042506	
Otud1	1	ENSMUSG00000043415	
Usp21	1	ENSMUSG00000053483	
Dnai4	1	ENSMUSG00000035126	
Usp20	1	ENSMUSG00000026854	
Dnai7	1	ENSMUSG00000043541	
Usp25	1	ENSMUSG00000022867	
Usp24	1	ENSMUSG00000028514	
Scly	1	ENSMUSG00000026307	
Usp28	1	ENSMUSG00000032267	
Dalrd3	1	ENSMUSG00000019039	
Galns	1	ENSMUSG00000015027	
Itgb3bp	1	ENSMUSG00000028549	
Otud5	1	ENSMUSG00000031154	
Otud4	1	ENSMUSG00000036990	
Dnah2	1	ENSMUSG00000005237	
Usp12	1	ENSMUSG00000029640	
Dnah1	1	ENSMUSG00000019027	
Usp11	1	ENSMUSG00000031066	
Usp10	1	ENSMUSG00000031826	
Dnah6	1	ENSMUSG00000052861	
Usp16	1	ENSMUSG00000025616	
Usp15	1	ENSMUSG00000020124	
Dnah8	1	ENSMUSG00000033826	
Usp14	1	ENSMUSG00000047879	
Pebp1	1	ENSMUSG00000032959	
Usp19	1	ENSMUSG00000006676	
Usp18	1	ENSMUSG00000030107	
Hcn2	1	ENSMUSG00000020331	
Rbm15b	1	ENSMUSG00000074102	
Mrip-ps	1	ENSMUSG00000098404	
Gm22806	1	ENSMUSG00000064672	
Anp32a	1	ENSMUSG00000032249	
Tex264	1	ENSMUSG00000040813	
Scp2	1	ENSMUSG00000028603	
Gm10827	1	ENSMUSG00000096977	
Tex261	1	ENSMUSG00000014748	
Clcn2	1	ENSMUSG00000022843	
Clcn3	1	ENSMUSG00000004319	
Sh3rf1	1	ENSMUSG00000031642	
Tfpi	1	ENSMUSG00000027082	
Rubcnl	1	ENSMUSG00000034959	
Tssc4	1	ENSMUSG00000045752	
Tfpt	1	ENSMUSG00000006335	
Sco1	1	ENSMUSG00000069844	
Tfr2	1	ENSMUSG00000029716	
Gm10819	1	ENSMUSG00000075268	
Pa2g4	1	ENSMUSG00000025364	
Thsd1	1	ENSMUSG00000031480	
Thsd4	1	ENSMUSG00000032289	
4931415C17Rik	1	ENSMUSG00000054910	
Gm10847	1	ENSMUSG00000115002	
Slc19a1	1	ENSMUSG00000001436	
Slc19a2	1	ENSMUSG00000040918	
Gnptg	1	ENSMUSG00000035521	
Scoc	1	ENSMUSG00000063253	
Tfrc	1	ENSMUSG00000022797	
Anp32b	1	ENSMUSG00000028333	
Mcmbp	1	ENSMUSG00000048170	
Anp32e	1	ENSMUSG00000015749	
Gm10832	1	ENSMUSG00000115992	
Rnpc3	1	ENSMUSG00000027981	
N4bp2l1	1	ENSMUSG00000041132	
N4bp2l2	1	ENSMUSG00000029655	
Hadha	1	ENSMUSG00000025745	
Hadhb	1	ENSMUSG00000059447	
Alox8	1	ENSMUSG00000020891	
Alox5	1	ENSMUSG00000025701	
Trav9d-1	1	ENSMUSG00000096478	
2310058D17Rik	1	ENSMUSG00000085379	
Ascl3	1	ENSMUSG00000035951	
Ptger4	1	ENSMUSG00000039942	
5430437J10Rik	1	ENSMUSG00000110018	
Ptger2	1	ENSMUSG00000037759	
Ptger3	1	ENSMUSG00000040016	
Ptger1	1	ENSMUSG00000019464	
Hcst	1	ENSMUSG00000064109	
3110082I17Rik	1	ENSMUSG00000053553	
Apc2	1	ENSMUSG00000020135	
AI506816	1	ENSMUSG00000105987	
Ptges3	1	ENSMUSG00000071072	
Ptges2	1	ENSMUSG00000026820	
Spcs2-ps	1	ENSMUSG00000081888	
4930439D14Rik	1	ENSMUSG00000101905	
Hmgn5	1	ENSMUSG00000031245	
AU041133	1	ENSMUSG00000078435	
Aifm2	1	ENSMUSG00000020085	
Aifm1	1	ENSMUSG00000036932	
5430405H02Rik	1	ENSMUSG00000085741	
Pggt1b	1	ENSMUSG00000024477	
Tamm41	1	ENSMUSG00000030316	
Hmgn1	1	ENSMUSG00000040681	
Hmgn3	1	ENSMUSG00000066456	
Hmgn2	1	ENSMUSG00000003038	
Spryd3	1	ENSMUSG00000036966	
Spryd7	1	ENSMUSG00000021930	
Spryd4	1	ENSMUSG00000051346	
Rpl21-ps1	1	ENSMUSG00000102606	
Clcf1	1	ENSMUSG00000040663	
Gabrr2	1	ENSMUSG00000023267	
Or11a3-ps1	1	ENSMUSG00000092556	
Rpl21-ps3	1	ENSMUSG00000060566	
Dhrs4	1	ENSMUSG00000022210	
Dhrs3	1	ENSMUSG00000066026	
Dhrs1	1	ENSMUSG00000002332	
Tssk4	1	ENSMUSG00000007591	
Tssk6	1	ENSMUSG00000047654	
Msi2	1	ENSMUSG00000069769	
Vmac	1	ENSMUSG00000054723	
Cox6a1	1	ENSMUSG00000041697	
Cox6a2	1	ENSMUSG00000030785	
1700017B05Rik	1	ENSMUSG00000032300	
Dhrs9	1	ENSMUSG00000027068	
Dhrs7	1	ENSMUSG00000021094	
Gm19221	1	ENSMUSG00000113491	
Pdik1l	1	ENSMUSG00000050890	
Casp8ap2	1	ENSMUSG00000028282	
Cluap1	1	ENSMUSG00000014232	
Gm32220	1	ENSMUSG00000112063	
Apeh	1	ENSMUSG00000032590	
6430511E19Rik	1	ENSMUSG00000102555	
Msh6	1	ENSMUSG00000005370	
Magi1	1	ENSMUSG00000045095	
Msh2	1	ENSMUSG00000024151	
Msh3	1	ENSMUSG00000014850	
Magi3	1	ENSMUSG00000052539	
Msh5	1	ENSMUSG00000007035	
Vash2	1	ENSMUSG00000037568	
A930005H10Rik	1	ENSMUSG00000054426	
Clcc1	1	ENSMUSG00000027884	
Gm33524	1	ENSMUSG00000114446	
Cox6c2	1	ENSMUSG00000066491	
Gm34854	1	ENSMUSG00000121103	
H4c18	1	ENSMUSG00000069305	
N6amt1	1	ENSMUSG00000044442	
H4c16	1	ENSMUSG00000096010	
Oip5os1	1	ENSMUSG00000085438	
H4c14	1	ENSMUSG00000091405	
Gm19261	1	ENSMUSG00000100529	
Rab26os	1	ENSMUSG00000093565	
Gm19246	1	ENSMUSG00000092505	
Api5	1	ENSMUSG00000027193	
Cnih1	1	ENSMUSG00000015759	
Gm19243	1	ENSMUSG00000105914	
Lamp1	1	ENSMUSG00000031447	
Lamp2	1	ENSMUSG00000016534	
Lamp3	1	ENSMUSG00000041247	
Prkag2os1	1	ENSMUSG00000086446	
Cnih4	1	ENSMUSG00000062169	
Cnih2	1	ENSMUSG00000024873	
Gm32200	1	ENSMUSG00000103114	
Qki	1	ENSMUSG00000062078	
Cox6b1	1	ENSMUSG00000036751	
Cox6b2	1	ENSMUSG00000051811	
Gm20234	1	ENSMUSG00000111713	
Myo3b	1	ENSMUSG00000042064	
Ascc3	1	ENSMUSG00000038774	
Hivep3	1	ENSMUSG00000028634	
Rnpep	1	ENSMUSG00000041926	
4930431P19Rik	1	ENSMUSG00000109147	
Ascc2	1	ENSMUSG00000020412	
Hivep2	1	ENSMUSG00000015501	
Chi3l1	1	ENSMUSG00000064246	
Hivep1	1	ENSMUSG00000021366	
Jazf1	1	ENSMUSG00000063568	
Gm10863	1	ENSMUSG00000075555	
Epas1	1	ENSMUSG00000024140	
Trpc1	1	ENSMUSG00000032839	
Gm46828	1	ENSMUSG00000120266	
Msl2	1	ENSMUSG00000066415	
Apip	1	ENSMUSG00000010911	
Msl3	1	ENSMUSG00000031358	
Gm10851	1	ENSMUSG00000102329	
Msl1	1	ENSMUSG00000052915	
2010013B24Rik	1	ENSMUSG00000087277	
Samd9l	1	ENSMUSG00000047735	
Gm10858	1	ENSMUSG00000120797	
Myo1c	1	ENSMUSG00000017774	
Myo1b	1	ENSMUSG00000018417	
Myo1e	1	ENSMUSG00000032220	
Nemp2	1	ENSMUSG00000043015	
Myo1d	1	ENSMUSG00000035441	
Myo1g	1	ENSMUSG00000020437	
Myo1f	1	ENSMUSG00000024300	
Nemp1	1	ENSMUSG00000040195	
Myo1h	1	ENSMUSG00000066952	
Actb-ps1	1	ENSMUSG00000087569	
2810455O05Rik	1	ENSMUSG00000085030	
Fras1	1	ENSMUSG00000034687	
Dysf	1	ENSMUSG00000033788	
Trdmt1	1	ENSMUSG00000026723	
Gm19209	1	ENSMUSG00000117779	
Chmp1b2	1	ENSMUSG00000031242	
Ascc1	1	ENSMUSG00000044475	
Myo10	1	ENSMUSG00000022272	
Xylt1	1	ENSMUSG00000030657	
Xylt2	1	ENSMUSG00000020868	
Frat2	1	ENSMUSG00000047604	
Frat1	1	ENSMUSG00000067199	
Myo19	1	ENSMUSG00000020527	
Gm9234	1	ENSMUSG00000058050	
Rnps1	1	ENSMUSG00000034681	
Ivns1abp	1	ENSMUSG00000023150	
Clptm1	1	ENSMUSG00000002981	
Nectin1	1	ENSMUSG00000032012	
AW146154	1	ENSMUSG00000074166	
Nectin2	1	ENSMUSG00000062300	
Apln	1	ENSMUSG00000037010	
Nectin3	1	ENSMUSG00000022656	
Nectin4	1	ENSMUSG00000006411	
Frmd8os	1	ENSMUSG00000043488	
Aplf	1	ENSMUSG00000030051	
Myo7a	1	ENSMUSG00000030761	
Znf41-ps	1	ENSMUSG00000084350	
Abracl	1	ENSMUSG00000078453	
Uhmk1	1	ENSMUSG00000026667	
Gm9247	1	ENSMUSG00000115505	
Magoh	1	ENSMUSG00000028609	
Hs1bp3	1	ENSMUSG00000020605	
Zrsr2-ps1	1	ENSMUSG00000044068	
Gm9214	1	ENSMUSG00000117241	
Myo5c	1	ENSMUSG00000033590	
Samd14	1	ENSMUSG00000047181	
Myo5b	1	ENSMUSG00000025885	
Samd15	1	ENSMUSG00000090812	
Sdc4	1	ENSMUSG00000017009	
Tgds	1	ENSMUSG00000022130	
Sdc3	1	ENSMUSG00000025743	
Samd10	1	ENSMUSG00000038605	
Samd11	1	ENSMUSG00000096351	
Rbms1	1	ENSMUSG00000026970	
Cep57l1	1	ENSMUSG00000019813	
Rbms2	1	ENSMUSG00000040043	
Msra	1	ENSMUSG00000054733	
2010016I18Rik	1	ENSMUSG00000091575	
Nckap1	1	ENSMUSG00000027002	
Pttg1ip	1	ENSMUSG00000009291	
Myo5a	1	ENSMUSG00000034593	
Cabyr	1	ENSMUSG00000024430	
Msr1	1	ENSMUSG00000025044	
Gm44264	1	ENSMUSG00000107561	
Ankfy1	1	ENSMUSG00000020790	
Igf1	1	ENSMUSG00000020053	
Apoo	1	ENSMUSG00000079508	
Bst2	1	ENSMUSG00000046718	
Kirrel1	1	ENSMUSG00000041734	
Pdcd6ip	1	ENSMUSG00000032504	
Apon	1	ENSMUSG00000051716	
Bst1	1	ENSMUSG00000029082	
Apom	1	ENSMUSG00000024391	
Nol12	1	ENSMUSG00000033099	
Nol11	1	ENSMUSG00000018433	
C030010C08Rik	1	ENSMUSG00000121054	
Nol10	1	ENSMUSG00000061458	
Fndc10	1	ENSMUSG00000074738	
Fndc11	1	ENSMUSG00000047841	
Hspd1-ps3	1	ENSMUSG00000058809	
Sdc1	1	ENSMUSG00000020592	
Tmsb15b1	1	ENSMUSG00000089768	
Apof	1	ENSMUSG00000047631	
Apoe	1	ENSMUSG00000002985	
Hspd1-ps4	1	ENSMUSG00000081189	
Gm9231	1	ENSMUSG00000113132	
Rab9	1	ENSMUSG00000079316	
Rab7	1	ENSMUSG00000079477	
Gm32256	1	ENSMUSG00000114931	
Muc13	1	ENSMUSG00000022824	
Gabra4	1	ENSMUSG00000029211	
Insig1	1	ENSMUSG00000045294	
Insig2	1	ENSMUSG00000003721	
Igha	1	ENSMUSG00000095079	
Ighd	1	ENSMUSG00000104213	
Rac2	1	ENSMUSG00000033220	
Sdf4	1	ENSMUSG00000029076	
Ighe	1	ENSMUSG00000087642	
Rac3	1	ENSMUSG00000018012	
Sdf2	1	ENSMUSG00000002064	
Rac1	1	ENSMUSG00000001847	
Gm21596	1	ENSMUSG00000096006	
Zkscan8	1	ENSMUSG00000063894	
Gm20257	1	ENSMUSG00000102059	
Cd300a	1	ENSMUSG00000034652	
Trpm2	1	ENSMUSG00000009292	
Zkscan6	1	ENSMUSG00000018347	
Trpm1	1	ENSMUSG00000030523	
Zkscan7	1	ENSMUSG00000063488	
Gm19265	1	ENSMUSG00000107230	
Mst1	1	ENSMUSG00000032591	
Gab1	1	ENSMUSG00000031714	
Tgfa	1	ENSMUSG00000029999	
Trpm7	1	ENSMUSG00000027365	
Zkscan1	1	ENSMUSG00000029729	
Gab3	1	ENSMUSG00000032750	
Gab2	1	ENSMUSG00000004508	
Trpm4	1	ENSMUSG00000038260	
Zkscan4	1	ENSMUSG00000054931	
Zkscan5	1	ENSMUSG00000055991	
Trpm5	1	ENSMUSG00000009246	
Zkscan3	1	ENSMUSG00000021327	
2010204K13Rik	1	ENSMUSG00000063018	
Gm9294	1	ENSMUSG00000044609	
Pgghg	1	ENSMUSG00000062031	
Sde2	1	ENSMUSG00000038806	
Cd300e	1	ENSMUSG00000048498	
Igip	1	ENSMUSG00000110185	
F830112A20Rik	1	ENSMUSG00000103159	
Zfp36l2	1	ENSMUSG00000045817	
Zfp36l1	1	ENSMUSG00000021127	
Aprt	1	ENSMUSG00000006589	
Dab2ip	1	ENSMUSG00000026883	
Hdgf	1	ENSMUSG00000004897	
Myo9b	1	ENSMUSG00000004677	
Magt1	1	ENSMUSG00000031232	
Gm9260	1	ENSMUSG00000106239	
Nol4l	1	ENSMUSG00000061411	
Sppl3	1	ENSMUSG00000029550	
Rae1	1	ENSMUSG00000027509	
Myo9a	1	ENSMUSG00000039585	
Eef1a1-ps1	1	ENSMUSG00000117822	
Samd4b	1	ENSMUSG00000109336	
Ighm	1	ENSMUSG00000076617	
Gm9267	1	ENSMUSG00000114034	
Eif1-ps1	1	ENSMUSG00000074553	
Gad1	1	ENSMUSG00000070880	
Eif1-ps2	1	ENSMUSG00000114179	
Etnk1	1	ENSMUSG00000030275	
Ergic1	1	ENSMUSG00000001576	
Ergic3	1	ENSMUSG00000005881	
Pacsin1	1	ENSMUSG00000040276	
Ergic2	1	ENSMUSG00000030304	
Pacsin2	1	ENSMUSG00000016664	
Vmp1	1	ENSMUSG00000018171	
2810001A02Rik	1	ENSMUSG00000120224	
Gm20274	1	ENSMUSG00000108551	
Rad1	1	ENSMUSG00000022248	
Gm45552	1	ENSMUSG00000110279	
Gm9276	1	ENSMUSG00000118377	
Sdhd	1	ENSMUSG00000000171	
Sdhc	1	ENSMUSG00000058076	
Aptx	1	ENSMUSG00000028411	
Sdhb	1	ENSMUSG00000009863	
Sdha	1	ENSMUSG00000021577	
Tgm1	1	ENSMUSG00000022218	
Ckap2l	1	ENSMUSG00000048327	
Muc3a	1	ENSMUSG00000094840	
Tgm4	1	ENSMUSG00000025787	
Tgm3	1	ENSMUSG00000027401	
Tgm2	1	ENSMUSG00000037820	
Rbmx2	1	ENSMUSG00000031107	
Igkc	1	ENSMUSG00000076609	
Katnbl1	1	ENSMUSG00000027132	
Raf1	1	ENSMUSG00000000441	
Papolg	1	ENSMUSG00000020273	
4930414N06Rik	1	ENSMUSG00000118204	
Papola	1	ENSMUSG00000021111	
Zfp119a	1	ENSMUSG00000057835	
Zfp119b	1	ENSMUSG00000062101	
Rai1	1	ENSMUSG00000062115	
E430018J23Rik	1	ENSMUSG00000078580	
Trpv2	1	ENSMUSG00000018507	
Dlx1as	1	ENSMUSG00000084946	
Mblac1	1	ENSMUSG00000049285	
Mblac2	1	ENSMUSG00000051098	
Atg9a	1	ENSMUSG00000033124	
Pear1	1	ENSMUSG00000028073	
Znhit2	1	ENSMUSG00000075227	
Pfdn6	1	ENSMUSG00000024309	
Znhit1	1	ENSMUSG00000059518	
Pfdn5	1	ENSMUSG00000001289	
Pfdn4	1	ENSMUSG00000052033	
Peak1	1	ENSMUSG00000074305	
Znhit6	1	ENSMUSG00000074182	
Pfdn2	1	ENSMUSG00000006412	
Pfdn1	1	ENSMUSG00000024346	
Znhit3	1	ENSMUSG00000020526	
Bud23	1	ENSMUSG00000005378	
Nufip1	1	ENSMUSG00000022009	
Nufip2	1	ENSMUSG00000037857	
Trpt1	1	ENSMUSG00000047656	
Ccdc28a	1	ENSMUSG00000059554	
Nfatc1	1	ENSMUSG00000033016	
Ccdc28b	1	ENSMUSG00000028795	
Nfatc3	1	ENSMUSG00000031902	
Nfatc2	1	ENSMUSG00000027544	
Gbp10	1	ENSMUSG00000105096	
Gbp11	1	ENSMUSG00000092021	
Gm9207	1	ENSMUSG00000104642	
Kif21b	1	ENSMUSG00000041642	
Prelid1	1	ENSMUSG00000021486	
Prelid2	1	ENSMUSG00000056671	
Slc22a23	1	ENSMUSG00000038267	
Cabp4	1	ENSMUSG00000024842	
Usp27x	1	ENSMUSG00000046269	
Bud31	1	ENSMUSG00000038722	
4930413G21Rik	1	ENSMUSG00000108452	
Gm9210	1	ENSMUSG00000117244	
Slc22a21	1	ENSMUSG00000063652	
Lpxn	1	ENSMUSG00000024696	
Pcna-ps2	1	ENSMUSG00000067608	
Odf2l	1	ENSMUSG00000028256	
Ppp3r1	1	ENSMUSG00000033953	
Kif20a	1	ENSMUSG00000003779	
Kif20b	1	ENSMUSG00000024795	
Galc	1	ENSMUSG00000021003	
Slc22a15	1	ENSMUSG00000033147	
9930022D16Rik	1	ENSMUSG00000045065	
Gale	1	ENSMUSG00000028671	
Mta1	1	ENSMUSG00000021144	
Slc22a17	1	ENSMUSG00000022199	
Tgs1	1	ENSMUSG00000028233	
Galm	1	ENSMUSG00000035473	
Mta2	1	ENSMUSG00000071646	
5830462I19Rik	1	ENSMUSG00000091102	
Mta3	1	ENSMUSG00000055817	
Rb1	1	ENSMUSG00000022105	
1810009A15Rik	1	ENSMUSG00000071653	
Trps1	1	ENSMUSG00000038679	
Atg4b	1	ENSMUSG00000026280	
Atg4c	1	ENSMUSG00000028550	
Lancl2	1	ENSMUSG00000062190	
Atg4a	1	ENSMUSG00000079418	
Bud13	1	ENSMUSG00000032077	
Spats2l	1	ENSMUSG00000038305	
Atg4d	1	ENSMUSG00000002820	
Leprot	1	ENSMUSG00000035212	
Lancl1	1	ENSMUSG00000026000	
Ran	1	ENSMUSG00000029430	
Gamt	1	ENSMUSG00000020150	
Psme4	1	ENSMUSG00000040850	
Psme3	1	ENSMUSG00000078652	
Ccdc66	1	ENSMUSG00000046753	
Hesx1	1	ENSMUSG00000040726	
Psme2	1	ENSMUSG00000079197	
Psme1	1	ENSMUSG00000022216	
Ccdc61	1	ENSMUSG00000074358	
Ccdc62	1	ENSMUSG00000061882	
Ganc	1	ENSMUSG00000062646	
Ipo11	1	ENSMUSG00000042590	
Ramac	1	ENSMUSG00000038646	
Mtap	1	ENSMUSG00000062937	
A430033K04Rik	1	ENSMUSG00000056014	
Ipo13	1	ENSMUSG00000033365	
Ccdc59	1	ENSMUSG00000019897	
Ccdc57	1	ENSMUSG00000048445	
Agap1	1	ENSMUSG00000055013	
Igtp	1	ENSMUSG00000078853	
Agap2	1	ENSMUSG00000025422	
Agap3	1	ENSMUSG00000023353	
AW209491	1	ENSMUSG00000039182	
1110020A21Rik	1	ENSMUSG00000097047	
Mex3a	1	ENSMUSG00000074480	
Mosmo	1	ENSMUSG00000046096	
Rala	1	ENSMUSG00000008859	
Ube2n-ps1	1	ENSMUSG00000106831	
Galt	1	ENSMUSG00000036073	
Mex3b	1	ENSMUSG00000057706	
Ralb	1	ENSMUSG00000004451	
4930509H03Rik	1	ENSMUSG00000105659	
Cldn7	1	ENSMUSG00000018569	
Mir6973a	1	ENSMUSG00000098291	
Psmf1	1	ENSMUSG00000032869	
Ccdc50	1	ENSMUSG00000038127	
Ccdc51	1	ENSMUSG00000025645	
Pusl1	1	ENSMUSG00000051557	
Prkcsh	1	ENSMUSG00000003402	
Ccdc47	1	ENSMUSG00000078622	
Ehmt2	1	ENSMUSG00000013787	
Arap1	1	ENSMUSG00000032812	
Arap3	1	ENSMUSG00000024451	
Ehmt1	1	ENSMUSG00000036893	
Raly	1	ENSMUSG00000027593	
Arap2	1	ENSMUSG00000037999	
Mex3c	1	ENSMUSG00000037253	
Mex3d	1	ENSMUSG00000048696	
Ccdc43	1	ENSMUSG00000020925	
Psmg2	1	ENSMUSG00000024537	
Psmg1	1	ENSMUSG00000022913	
Psmg4	1	ENSMUSG00000071451	
Psmg3	1	ENSMUSG00000029551	
Ccdc40	1	ENSMUSG00000039963	
Cadm4	1	ENSMUSG00000054793	
Mfsd10	1	ENSMUSG00000001082	
Mfsd11	1	ENSMUSG00000020818	
Ccdc39	1	ENSMUSG00000027676	
Mfsd12	1	ENSMUSG00000034854	
Ccdc34	1	ENSMUSG00000027160	
Steep1	1	ENSMUSG00000006423	
Cadm1	1	ENSMUSG00000032076	
Gar1	1	ENSMUSG00000028010	
Cldn1	1	ENSMUSG00000022512	
Zranb1	1	ENSMUSG00000030967	
Cldn2	1	ENSMUSG00000047230	
Zranb2	1	ENSMUSG00000028180	
Zranb3	1	ENSMUSG00000036086	
Gapt	1	ENSMUSG00000046006	
Abtb1	1	ENSMUSG00000030083	
Btf3	1	ENSMUSG00000021660	
Abtb2	1	ENSMUSG00000032724	
Bloc1s1	1	ENSMUSG00000090247	
Bloc1s2	1	ENSMUSG00000057506	
Bloc1s3	1	ENSMUSG00000057667	
Bloc1s4	1	ENSMUSG00000060708	
Sec61g	1	ENSMUSG00000078974	
Bloc1s5	1	ENSMUSG00000038982	
Bloc1s6	1	ENSMUSG00000005804	
Abtb3	1	ENSMUSG00000020042	
Rdx	1	ENSMUSG00000032050	
BC049715	1	ENSMUSG00000047515	
Ccdc32	1	ENSMUSG00000039983	
Sec61b	1	ENSMUSG00000053317	
Ccdc30	1	ENSMUSG00000028637	
Asf1b	1	ENSMUSG00000005470	
Asf1a	1	ENSMUSG00000019857	
Pea15a	1	ENSMUSG00000013698	
Mtbp	1	ENSMUSG00000022369	
Ccdc25	1	ENSMUSG00000022035	
BC023105	1	ENSMUSG00000063388	
Rel	1	ENSMUSG00000020275	
Acadsb	1	ENSMUSG00000030861	
Psma4	1	ENSMUSG00000032301	
Ret	1	ENSMUSG00000030110	
Btg3	1	ENSMUSG00000022863	
Mfsd2a	1	ENSMUSG00000028655	
Psma3	1	ENSMUSG00000060073	
Btg2	1	ENSMUSG00000020423	
Mfsd2b	1	ENSMUSG00000037336	
Psma6	1	ENSMUSG00000021024	
Btg1	1	ENSMUSG00000036478	
Psma5	1	ENSMUSG00000068749	
4930507D05Rik	1	ENSMUSG00000097129	
Psma2	1	ENSMUSG00000015671	
Psma1	1	ENSMUSG00000030751	
Gm36298	1	ENSMUSG00000114172	
Fgf13	1	ENSMUSG00000031137	
Fam169a	1	ENSMUSG00000041817	
Fgf11	1	ENSMUSG00000042826	
Ccdc18	1	ENSMUSG00000056531	
Fam168b	1	ENSMUSG00000037503	
Fam168a	1	ENSMUSG00000029461	
Ccdc17	1	ENSMUSG00000034035	
Ccdc14	1	ENSMUSG00000022833	
Isoc2b	1	ENSMUSG00000052605	
Ccdc15	1	ENSMUSG00000034303	
Mtg1	1	ENSMUSG00000039018	
Ccdc12	1	ENSMUSG00000019659	
Mtg2	1	ENSMUSG00000039069	
Rfk	1	ENSMUSG00000024712	
Isoc2a	1	ENSMUSG00000086784	
Rara	1	ENSMUSG00000037992	
Frmd4a	1	ENSMUSG00000026657	
Frmd4b	1	ENSMUSG00000030064	
Gart	1	ENSMUSG00000022962	
Psmb5	1	ENSMUSG00000022193	
Psmb4	1	ENSMUSG00000005779	
Psmb7	1	ENSMUSG00000026750	
Psmb6	1	ENSMUSG00000018286	
Psmb1	1	ENSMUSG00000014769	
Psmb3	1	ENSMUSG00000069744	
Psmb2	1	ENSMUSG00000028837	
Otulinl	1	ENSMUSG00000056069	
Sdsl	1	ENSMUSG00000029596	
4933404O12Rik	1	ENSMUSG00000097908	
Mtdh	1	ENSMUSG00000022255	
Fam169b	1	ENSMUSG00000074071	
Zkscan16	1	ENSMUSG00000038630	
Ttyh3	1	ENSMUSG00000036565	
Zkscan14	1	ENSMUSG00000029627	
Ttyh2	1	ENSMUSG00000034714	
Mtf1	1	ENSMUSG00000028890	
Zkscan17	1	ENSMUSG00000020472	
Mtf2	1	ENSMUSG00000029267	
Epdr1	1	ENSMUSG00000002808	
Gas2	1	ENSMUSG00000030498	
Psma8	1	ENSMUSG00000036743	
Gas5	1	ENSMUSG00000053332	
Psma7	1	ENSMUSG00000027566	
Rcsd1	1	ENSMUSG00000040723	
Gas8	1	ENSMUSG00000040220	
Gas7	1	ENSMUSG00000033066	
Psmc6	1	ENSMUSG00000021832	
Psmc5	1	ENSMUSG00000020708	
Rufy1	1	ENSMUSG00000020375	
Tmco6	1	ENSMUSG00000006850	
D8Ertd738e	1	ENSMUSG00000019362	
Psmc2	1	ENSMUSG00000028932	
Rufy4	1	ENSMUSG00000061815	
Psmc1	1	ENSMUSG00000021178	
Psmc4	1	ENSMUSG00000030603	
Rufy2	1	ENSMUSG00000020070	
Psmc3	1	ENSMUSG00000002102	
Rufy3	1	ENSMUSG00000029291	
Gatc	1	ENSMUSG00000029536	
Gatb	1	ENSMUSG00000028085	
Gm36279	1	ENSMUSG00000117393	
Hsp90b1	1	ENSMUSG00000020048	
Mfsd4a	1	ENSMUSG00000059149	
Rhd	1	ENSMUSG00000028825	
Gatm	1	ENSMUSG00000027199	
Eipr1	1	ENSMUSG00000036613	
Psmb9	1	ENSMUSG00000096727	
Tmco3	1	ENSMUSG00000038497	
Psmb8	1	ENSMUSG00000024338	
Tmco4	1	ENSMUSG00000041143	
Tmco1	1	ENSMUSG00000052428	
Psmd7	1	ENSMUSG00000039067	
Spsb2	1	ENSMUSG00000038451	
Psmd6	1	ENSMUSG00000021737	
Spsb3	1	ENSMUSG00000024160	
Psmd9	1	ENSMUSG00000029440	
Rarg	1	ENSMUSG00000001288	
Psmd8	1	ENSMUSG00000030591	
Spsb1	1	ENSMUSG00000039911	
Psmd3	1	ENSMUSG00000017221	
Psmd2	1	ENSMUSG00000006998	
Psmd5	1	ENSMUSG00000026869	
Psmd4	1	ENSMUSG00000005625	
Psmd1	1	ENSMUSG00000026229	
Ccl24	1	ENSMUSG00000004814	
Ccl25	1	ENSMUSG00000023235	
Ccl22	1	ENSMUSG00000031779	
Dmac2	1	ENSMUSG00000057229	
Dmac1	1	ENSMUSG00000028398	
H3c11	1	ENSMUSG00000101972	
Tubb4b	1	ENSMUSG00000036752	
Tubb4a	1	ENSMUSG00000062591	
Rnpepl1	1	ENSMUSG00000026269	
Nepro	1	ENSMUSG00000036208	
Chrnb4	1	ENSMUSG00000035200	
Chrnb2	1	ENSMUSG00000027950	
Trp53rkb	1	ENSMUSG00000042854	
Chrnb1	1	ENSMUSG00000041189	
Trp53rka	1	ENSMUSG00000039725	
Popdc2	1	ENSMUSG00000022803	
Adamts1	1	ENSMUSG00000022893	
Btaf1	1	ENSMUSG00000040565	
Tubb2b	1	ENSMUSG00000045136	
Tubb2a	1	ENSMUSG00000058672	
Rab3gap2	1	ENSMUSG00000039318	
Adamts6	1	ENSMUSG00000046169	
Rab3gap1	1	ENSMUSG00000036104	
Gtf2i	1	ENSMUSG00000060261	
Nomo1	1	ENSMUSG00000030835	
Cept1	1	ENSMUSG00000040774	
Gtf2b	1	ENSMUSG00000028271	
Pipox	1	ENSMUSG00000017453	
Gm26901	1	ENSMUSG00000097797	
Sesn2	1	ENSMUSG00000028893	
Sesn1	1	ENSMUSG00000038332	
Rilpl2	1	ENSMUSG00000029401	
Scmh1	1	ENSMUSG00000000085	
Rilpl1	1	ENSMUSG00000029392	
Sesn3	1	ENSMUSG00000032009	
Ffar4	1	ENSMUSG00000054200	
Ffar1	1	ENSMUSG00000044453	
Ffar2	1	ENSMUSG00000051314	
Map4k5	1	ENSMUSG00000034761	
Rlf	1	ENSMUSG00000049878	
Map4k4	1	ENSMUSG00000026074	
Map4k3	1	ENSMUSG00000024242	
Mtm1	1	ENSMUSG00000031337	
Mcpt8	1	ENSMUSG00000022157	
Gtf3a	1	ENSMUSG00000016503	
I730030J21Rik	1	ENSMUSG00000116504	
Ptprc	1	ENSMUSG00000026395	
2900041M22Rik	1	ENSMUSG00000054418	
Ptpre	1	ENSMUSG00000041836	
Ptpra	1	ENSMUSG00000027303	
AI467606	1	ENSMUSG00000045165	
Map4k2	1	ENSMUSG00000024948	
Mypop	1	ENSMUSG00000048481	
Chrna2	1	ENSMUSG00000022041	
Map4k1	1	ENSMUSG00000037337	
Mideas	1	ENSMUSG00000042507	
Gimap1	1	ENSMUSG00000090019	
Rbpms	1	ENSMUSG00000031586	
Btla	1	ENSMUSG00000052013	
Gimap4	1	ENSMUSG00000054435	
Lztfl1	1	ENSMUSG00000025245	
Gimap5	1	ENSMUSG00000043505	
Chrna9	1	ENSMUSG00000029205	
Gimap3	1	ENSMUSG00000039264	
Gimap8	1	ENSMUSG00000064262	
Gimap9	1	ENSMUSG00000051124	
Gimap6	1	ENSMUSG00000047867	
Gimap7	1	ENSMUSG00000043931	
Picalm	1	ENSMUSG00000039361	
Sap30l	1	ENSMUSG00000020519	
Galnt1	1	ENSMUSG00000000420	
Tmem198b	1	ENSMUSG00000047090	
Galnt3	1	ENSMUSG00000026994	
Galnt2	1	ENSMUSG00000089704	
Galnt4	1	ENSMUSG00000090035	
Mto1	1	ENSMUSG00000032342	
Galnt7	1	ENSMUSG00000031608	
Prkcz2	1	ENSMUSG00000108314	
Galnt6	1	ENSMUSG00000037280	
Dtx3l	1	ENSMUSG00000049502	
Rp2	1	ENSMUSG00000060090	
Rp9	1	ENSMUSG00000032239	
Trav13-1	1	ENSMUSG00000076839	
Nadk2	1	ENSMUSG00000022253	
Psme2b	1	ENSMUSG00000078153	
Tha1	1	ENSMUSG00000017713	
9930012K11Rik	1	ENSMUSG00000044551	
Mtln	1	ENSMUSG00000051319	
Map1lc3a	1	ENSMUSG00000027602	
Map1lc3b	1	ENSMUSG00000031812	
Ctdnep1	1	ENSMUSG00000018559	
Ganab	1	ENSMUSG00000071650	
Rpe	1	ENSMUSG00000026005	
BC037704	1	ENSMUSG00000117698	
Ptpn7	1	ENSMUSG00000031506	
Ptpn6	1	ENSMUSG00000004266	
Ptpn9	1	ENSMUSG00000032290	
Ptpn2	1	ENSMUSG00000024539	
Mtor	1	ENSMUSG00000028991	
Ptpn4	1	ENSMUSG00000026384	
Acadvl	1	ENSMUSG00000018574	
Ptpn1	1	ENSMUSG00000027540	
Rbpjl	1	ENSMUSG00000017007	
Galnt9	1	ENSMUSG00000033316	
Thbd	1	ENSMUSG00000074743	
Rpl17-ps5	1	ENSMUSG00000081855	
Dicer1	1	ENSMUSG00000041415	
Rpl17-ps3	1	ENSMUSG00000113948	
Gm9115	1	ENSMUSG00000080845	
Mki67	1	ENSMUSG00000031004	
Serbp1	1	ENSMUSG00000036371	
Aqp9	1	ENSMUSG00000032204	
Gm9118	1	ENSMUSG00000112825	
Gba1	1	ENSMUSG00000028048	
Aqp3	1	ENSMUSG00000028435	
Gba2	1	ENSMUSG00000028467	
Aqp1	1	ENSMUSG00000004655	
Gm13651	1	ENSMUSG00000081611	
Cldnd1	1	ENSMUSG00000022744	
Sp140	1	ENSMUSG00000070031	
Mvb12a	1	ENSMUSG00000031813	
Heca	1	ENSMUSG00000039879	
Mvb12b	1	ENSMUSG00000038740	
Mtpn	1	ENSMUSG00000029840	
Sympk	1	ENSMUSG00000023118	
Gm12312	1	ENSMUSG00000082145	
Knl1	1	ENSMUSG00000027326	
1700109H08Rik	1	ENSMUSG00000008307	
Ahdc1	1	ENSMUSG00000037692	
Wrap73	1	ENSMUSG00000029029	
Cep85l	1	ENSMUSG00000038594	
Btrc	1	ENSMUSG00000025217	
Tfip11	1	ENSMUSG00000029345	
Gm9134	1	ENSMUSG00000104218	
Slc45a3	1	ENSMUSG00000026435	
Slc45a4	1	ENSMUSG00000079020	
Gm13675	1	ENSMUSG00000080979	
Gm12346	1	ENSMUSG00000083899	
Gm26980	1	ENSMUSG00000098043	
Rnase1	1	ENSMUSG00000035896	
Rnase4	1	ENSMUSG00000021876	
Gm13679	1	ENSMUSG00000083291	
Rnase6	1	ENSMUSG00000021880	
Rbak	1	ENSMUSG00000061898	
5031425F14Rik	1	ENSMUSG00000085129	
Gm26983	1	ENSMUSG00000098201	
Wrap53	1	ENSMUSG00000041346	
AW112010	1	ENSMUSG00000075010	
Mtrr	1	ENSMUSG00000034617	
Gm9108	1	ENSMUSG00000115819	
Gm13665	1	ENSMUSG00000082455	
Gm12335	1	ENSMUSG00000085738	
Zzz3	1	ENSMUSG00000039068	
Gm13669	1	ENSMUSG00000081833	
Gm12338	1	ENSMUSG00000081485	
Keap1	1	ENSMUSG00000003308	
Gbe1	1	ENSMUSG00000022707	
AA414768	1	ENSMUSG00000083307	
Gm13611	1	ENSMUSG00000066068	
Ptprv	1	ENSMUSG00000097993	
Ramp1	1	ENSMUSG00000034353	
Ptprs	1	ENSMUSG00000013236	
Sp100	1	ENSMUSG00000026222	
Ptpro	1	ENSMUSG00000030223	
Ptprj	1	ENSMUSG00000025314	
Ptprm	1	ENSMUSG00000033278	
Rnasel	1	ENSMUSG00000066800	
Ptprf	1	ENSMUSG00000033295	
Rnasek	1	ENSMUSG00000093989	
Gm9169	1	ENSMUSG00000098198	
Efcab2	1	ENSMUSG00000026495	
Heg1	1	ENSMUSG00000075254	
Mttp	1	ENSMUSG00000028158	
Gdpgp1	1	ENSMUSG00000050973	
Alpk2	1	ENSMUSG00000032845	
Alpk3	1	ENSMUSG00000038763	
Gm13600	1	ENSMUSG00000081973	
Alpk1	1	ENSMUSG00000028028	
Sp110	1	ENSMUSG00000070034	
Efcab5	1	ENSMUSG00000050944	
Gm26910	1	ENSMUSG00000097835	
Efcab9	1	ENSMUSG00000044056	
AI837181	1	ENSMUSG00000047423	
Efcab7	1	ENSMUSG00000073791	
Scml4	1	ENSMUSG00000044770	
Gm14963	1	ENSMUSG00000085196	
9130004C02Rik	1	ENSMUSG00000120169	
Ahcyl	1	ENSMUSG00000048087	
Zmpste24	1	ENSMUSG00000043207	
Rsad1	1	ENSMUSG00000039096	
Uspl1	1	ENSMUSG00000041264	
Gm14966	1	ENSMUSG00000079467	
Rsad2	1	ENSMUSG00000020641	
Gxylt2	1	ENSMUSG00000030074	
Gxylt1	1	ENSMUSG00000036197	
Mtx1	1	ENSMUSG00000064068	
Mtx2	1	ENSMUSG00000027099	
Ryk	1	ENSMUSG00000032547	
Mtx3	1	ENSMUSG00000021704	
Gbf1	1	ENSMUSG00000025224	
Gm13623	1	ENSMUSG00000083007	
Mad1l1	1	ENSMUSG00000029554	
Ranbp10	1	ENSMUSG00000037415	
Ramp3	1	ENSMUSG00000041046	
Ranbp17	1	ENSMUSG00000040594	
Rps15-ps2	1	ENSMUSG00000071419	
Spta1	1	ENSMUSG00000026532	
Gm36371	1	ENSMUSG00000109108	
Rps15-ps3	1	ENSMUSG00000118264	
Zgpat	1	ENSMUSG00000027582	
Dusp28	1	ENSMUSG00000047067	
Rbfa	1	ENSMUSG00000024570	
Gm12397	1	ENSMUSG00000081309	
1700022N22Rik	1	ENSMUSG00000097523	
Lmtk2	1	ENSMUSG00000038970	
Smchd1	1	ENSMUSG00000024054	
Dusp22	1	ENSMUSG00000069255	
Dusp23	1	ENSMUSG00000026544	
Helq	1	ENSMUSG00000035266	
Nr3c2	1	ENSMUSG00000031618	
Nr3c1	1	ENSMUSG00000024431	
4930544F09Rik	1	ENSMUSG00000115062	
Helz	1	ENSMUSG00000020721	
Sele	1	ENSMUSG00000026582	
Selp	1	ENSMUSG00000026580	
Sell	1	ENSMUSG00000026581	
Hspe1-rs1	1	ENSMUSG00000117621	
Bicral	1	ENSMUSG00000036568	
Inhca	1	ENSMUSG00000033688	
Rbis	1	ENSMUSG00000078784	
Nkapl	1	ENSMUSG00000059395	
Gm49668	1	ENSMUSG00000116718	
Gm35035	1	ENSMUSG00000112082	
Fam167a	1	ENSMUSG00000035095	
Helb	1	ENSMUSG00000020228	
Sem1	1	ENSMUSG00000042541	
Fam167b	1	ENSMUSG00000050493	
Kctd20	1	ENSMUSG00000005936	
Atg101	1	ENSMUSG00000037204	
Kctd21	1	ENSMUSG00000044952	
Gm12366	1	ENSMUSG00000082762	
Rbm3	1	ENSMUSG00000031167	
Rbm4	1	ENSMUSG00000094936	
Hmgcs1	1	ENSMUSG00000093930	
Rbm7	1	ENSMUSG00000042396	
Rbks	1	ENSMUSG00000029136	
Rbm5	1	ENSMUSG00000032580	
Rbm6	1	ENSMUSG00000032582	
Ppdpf	1	ENSMUSG00000016344	
Gm12350	1	ENSMUSG00000095588	
Gm13680	1	ENSMUSG00000081400	
Kctd10	1	ENSMUSG00000001098	
4931431C16Rik	1	ENSMUSG00000055061	
Gm35013	1	ENSMUSG00000105892	
Arb2a	1	ENSMUSG00000064138	
Kctd17	1	ENSMUSG00000033287	
Kctd18	1	ENSMUSG00000054770	
Kctd11	1	ENSMUSG00000046731	
Hmgcs2	1	ENSMUSG00000027875	
Kctd12	1	ENSMUSG00000098557	
Kctd13	1	ENSMUSG00000030685	
Kctd14	1	ENSMUSG00000051727	
Rbl2	1	ENSMUSG00000031666	
Rbl1	1	ENSMUSG00000027641	
Gm12359	1	ENSMUSG00000075576	
Fam161a	1	ENSMUSG00000049811	
Sag	1	ENSMUSG00000056055	
Fam161b	1	ENSMUSG00000021234	
Anp32b-ps1	1	ENSMUSG00000081792	
Dusp14	1	ENSMUSG00000018648	
Dusp16	1	ENSMUSG00000030203	
Dusp18	1	ENSMUSG00000047205	
Dusp19	1	ENSMUSG00000027001	
Eif3s6-ps2	1	ENSMUSG00000091697	
Eif3s6-ps1	1	ENSMUSG00000081629	
Trp53-ps	1	ENSMUSG00000090704	
Pmepa1	1	ENSMUSG00000038400	
Tmem86b	1	ENSMUSG00000045282	
Tmem86a	1	ENSMUSG00000010307	
Nxf1	1	ENSMUSG00000010097	
Muc1	1	ENSMUSG00000042784	
2210408I21Rik	1	ENSMUSG00000071252	
Gm38979	1	ENSMUSG00000109017	
Nxf2	1	ENSMUSG00000009941	
AA474408	1	ENSMUSG00000073867	
Fam162a	1	ENSMUSG00000003955	
Pdap1	1	ENSMUSG00000029623	
Hes1	1	ENSMUSG00000022528	
Bub3	1	ENSMUSG00000066979	
Peds1	1	ENSMUSG00000090213	
Gbp2	1	ENSMUSG00000028270	
Bub1	1	ENSMUSG00000027379	
Dusp10	1	ENSMUSG00000039384	
Hes5	1	ENSMUSG00000048001	
Rbmx	1	ENSMUSG00000031134	
Dusp11	1	ENSMUSG00000030002	
Gbp4	1	ENSMUSG00000079363	
Dusp12	1	ENSMUSG00000026659	
Gbp3	1	ENSMUSG00000028268	
Clcn6	1	ENSMUSG00000029016	
Clcn7	1	ENSMUSG00000036636	
Clcn4	1	ENSMUSG00000000605	
Clcn5	1	ENSMUSG00000004317	
Thra	1	ENSMUSG00000058756	
Tmem87a	1	ENSMUSG00000033808	
Poc1b	1	ENSMUSG00000019952	
Poc1a	1	ENSMUSG00000023345	
Tmem87b	1	ENSMUSG00000014353	
Ostf1	1	ENSMUSG00000024725	
Rnaseh2c	1	ENSMUSG00000024925	
Rnaseh2b	1	ENSMUSG00000021932	
Rnaseh2a	1	ENSMUSG00000052926	
9530062K07Rik	1	ENSMUSG00000108030	
Morn1	1	ENSMUSG00000029049	
Tespa1	1	ENSMUSG00000034833	
Morn2	1	ENSMUSG00000045257	
Morn4	1	ENSMUSG00000049670	
Nfrkb	1	ENSMUSG00000042185	
Serf1	1	ENSMUSG00000021643	
L1cam	1	ENSMUSG00000031391	
Serf2	1	ENSMUSG00000074884	
Trrap	1	ENSMUSG00000045482	
Pnma8c	1	ENSMUSG00000108348	
Sf1	1	ENSMUSG00000024949	
Gbp6	1	ENSMUSG00000104713	
Gvin3	1	ENSMUSG00000073902	
Gbp5	1	ENSMUSG00000105504	
Gvin2	1	ENSMUSG00000078606	
Gbp8	1	ENSMUSG00000034438	
Gvin1	1	ENSMUSG00000045868	
Hes6	1	ENSMUSG00000067071	
Gbp7	1	ENSMUSG00000040253	
Trmt2a	1	ENSMUSG00000022721	
Gbp9	1	ENSMUSG00000029298	
Trmt2b	1	ENSMUSG00000067369	
Nr1h4	1	ENSMUSG00000047638	
Nr1h3	1	ENSMUSG00000002108	
Nr1h2	1	ENSMUSG00000060601	
Araf	1	ENSMUSG00000001127	
Hprt1	1	ENSMUSG00000025630	
Snrpb2	1	ENSMUSG00000008333	
Rhebl1	1	ENSMUSG00000023755	
Trmt1l	1	ENSMUSG00000053286	
B230317F23Rik	1	ENSMUSG00000045746	
Cabcoco1	1	ENSMUSG00000019945	
Lrba	1	ENSMUSG00000028080	
Set	1	ENSMUSG00000054766	
Thy1	1	ENSMUSG00000032011	
Snrpa1	1	ENSMUSG00000030512	
Setx	1	ENSMUSG00000043535	
Errfi1	1	ENSMUSG00000028967	
Rexo1	1	ENSMUSG00000047417	
A630052C17Rik	1	ENSMUSG00000086725	
Rexo5	1	ENSMUSG00000030924	
Rexo4	1	ENSMUSG00000052406	
Sfn	1	ENSMUSG00000047281	
Rexo2	1	ENSMUSG00000032026	
1810073O08Rik	1	ENSMUSG00000117442	
Trav14-1	1	ENSMUSG00000076840	
Nolc1	1	ENSMUSG00000015176	
Il27ra	1	ENSMUSG00000005465	
Rbpj	1	ENSMUSG00000039191	
Trmt11	1	ENSMUSG00000019792	
Trmt12	1	ENSMUSG00000037085	
Trmt13	1	ENSMUSG00000033439	
9830107B12Rik	1	ENSMUSG00000073386	
Arf4	1	ENSMUSG00000021877	
Arf3	1	ENSMUSG00000051853	
Arf2	1	ENSMUSG00000062421	
Arf1	1	ENSMUSG00000048076	
Dstyk	1	ENSMUSG00000042046	
Depdc7	1	ENSMUSG00000027173	
Mansc1	1	ENSMUSG00000032718	
Depdc5	1	ENSMUSG00000037426	
Shb	1	ENSMUSG00000044813	
Rbsn	1	ENSMUSG00000014550	
Smim10l1	1	ENSMUSG00000072704	
M1ap	1	ENSMUSG00000030041	
Shf	1	ENSMUSG00000033256	
Tnfrsf1b	1	ENSMUSG00000028599	
She	1	ENSMUSG00000046280	
Tnfrsf1a	1	ENSMUSG00000030341	
Hyls1	1	ENSMUSG00000050555	
Ifnlr1	1	ENSMUSG00000062157	
Bmp8a	1	ENSMUSG00000032726	
Arg2	1	ENSMUSG00000021125	
Arg1	1	ENSMUSG00000019987	
Hcls1	1	ENSMUSG00000022831	
Rpl7-ps9	1	ENSMUSG00000081281	
Calcrl	1	ENSMUSG00000059588	
Anapc11	1	ENSMUSG00000025135	
Lilra6	1	ENSMUSG00000030427	
Myom1	1	ENSMUSG00000024049	
Rpl7-ps7	1	ENSMUSG00000106926	
Usp9x	1	ENSMUSG00000031010	
Anapc10	1	ENSMUSG00000036977	
Rpl7-ps8	1	ENSMUSG00000025922	
Tuba4a	1	ENSMUSG00000026202	
Anapc16	1	ENSMUSG00000020107	
Anapc13	1	ENSMUSG00000035048	
Lilra5	1	ENSMUSG00000070873	
Anapc15	1	ENSMUSG00000030649	
Arf6	1	ENSMUSG00000044147	
Arf5	1	ENSMUSG00000020440	
Anxa9	1	ENSMUSG00000015702	
Tnfrsf17	1	ENSMUSG00000022496	
Anxa7	1	ENSMUSG00000021814	
Tnfrsf14	1	ENSMUSG00000042333	
Anxa6	1	ENSMUSG00000018340	
Ms4a6b	1	ENSMUSG00000024677	
Vkorc1l1	1	ENSMUSG00000066735	
Bcap29	1	ENSMUSG00000020650	
Tuba3a	1	ENSMUSG00000067702	
Tnfrsf23	1	ENSMUSG00000037613	
Agbl5	1	ENSMUSG00000029165	
Tnfrsf21	1	ENSMUSG00000023915	
Tnfrsf22	1	ENSMUSG00000010751	
Hexa	1	ENSMUSG00000025232	
Agbl1	1	ENSMUSG00000025754	
Col23a1	1	ENSMUSG00000063564	
Hexb	1	ENSMUSG00000021665	
Tnfrsf25	1	ENSMUSG00000024793	
Agbl3	1	ENSMUSG00000038836	
Tnfrsf26	1	ENSMUSG00000045362	
Hexd	1	ENSMUSG00000039307	
Bcap31	1	ENSMUSG00000002015	
Hs6st1	1	ENSMUSG00000045216	
Ski	1	ENSMUSG00000029050	
Ms4a6c	1	ENSMUSG00000079419	
Ms4a6d	1	ENSMUSG00000024679	
Asb17os	1	ENSMUSG00000086438	
Lrg1	1	ENSMUSG00000037095	
Tnfrsf18	1	ENSMUSG00000041954	
Tnfrsf19	1	ENSMUSG00000060548	
Tuba1b	1	ENSMUSG00000023004	
Tuba1a	1	ENSMUSG00000072235	
Tuba1c	1	ENSMUSG00000043091	
Sla	1	ENSMUSG00000022372	
Slk	1	ENSMUSG00000025060	
Hvcn1	1	ENSMUSG00000064267	
Gm9083	1	ENSMUSG00000083033	
Serpinf1	1	ENSMUSG00000000753	
Arid1a	1	ENSMUSG00000007880	
Arid1b	1	ENSMUSG00000069729	
Mad2l2	1	ENSMUSG00000029003	
1700030C10Rik	1	ENSMUSG00000099759	
Mul1	1	ENSMUSG00000041241	
Tmem183a	1	ENSMUSG00000042305	
Washc2	1	ENSMUSG00000024104	
Mad2l1	1	ENSMUSG00000029910	
Washc3	1	ENSMUSG00000020056	
Rbx1	1	ENSMUSG00000022400	
Tamalin	1	ENSMUSG00000000531	
Washc1	1	ENSMUSG00000024101	
Ms4a4c	1	ENSMUSG00000024675	
Ms4a4d	1	ENSMUSG00000024678	
Klhl18	1	ENSMUSG00000054792	
Ms4a4a	1	ENSMUSG00000101389	
Washc4	1	ENSMUSG00000034560	
Ms4a4b	1	ENSMUSG00000056290	
Washc5	1	ENSMUSG00000022350	
Smo	1	ENSMUSG00000001761	
Klhl17	1	ENSMUSG00002076083	
Klhl14	1	ENSMUSG00000042514	
Klhl15	1	ENSMUSG00000043929	
Anxa5	1	ENSMUSG00000027712	
Klhl12	1	ENSMUSG00000026455	
Sms	1	ENSMUSG00000071708	
Anxa4	1	ENSMUSG00000029994	
Hnrnpdl	1	ENSMUSG00000029328	
Serpine2	1	ENSMUSG00000026249	
Anxa3	1	ENSMUSG00000029484	
Klhl10	1	ENSMUSG00000001558	
Anxa2	1	ENSMUSG00000032231	
Klhl11	1	ENSMUSG00000048732	
Anxa1	1	ENSMUSG00000024659	
Rpp25l	1	ENSMUSG00000036114	
Eftud2	1	ENSMUSG00000020929	
Qars1	1	ENSMUSG00000032604	
Arl6	1	ENSMUSG00000022722	
Serpini1	1	ENSMUSG00000027834	
Arl3	1	ENSMUSG00000025035	
Arl2	1	ENSMUSG00000024944	
Arl1	1	ENSMUSG00000060904	
4921531C22Rik	1	ENSMUSG00000085704	
Appbp2	1	ENSMUSG00000018481	
Bmp2k	1	ENSMUSG00000034663	
Csrnp2	1	ENSMUSG00000044636	
Snn	1	ENSMUSG00000037972	
Csrnp1	1	ENSMUSG00000032515	
Sp2	1	ENSMUSG00000018678	
Klhl28	1	ENSMUSG00000020948	
Sp1	1	ENSMUSG00000001280	
Klhl25	1	ENSMUSG00000055652	
Sp4	1	ENSMUSG00000025323	
Klhl26	1	ENSMUSG00000055707	
Sp3	1	ENSMUSG00000027109	
Klhl23	1	ENSMUSG00000042155	
Klhl24	1	ENSMUSG00000062901	
Btbd6	1	ENSMUSG00000002803	
Klhl21	1	ENSMUSG00000073700	
Btbd7	1	ENSMUSG00000041702	
Klhl22	1	ENSMUSG00000022750	
Btbd8	1	ENSMUSG00000111375	
Gm9067	1	ENSMUSG00000117939	
Nmral1	1	ENSMUSG00000063445	
Btbd9	1	ENSMUSG00000062202	
Klhl20	1	ENSMUSG00000026705	
Tia1	1	ENSMUSG00000071337	
Tmem181a	1	ENSMUSG00000038141	
Nacc1	1	ENSMUSG00000001910	
Nacc2	1	ENSMUSG00000026932	
Nacad	1	ENSMUSG00000041073	
Apol10c-ps	1	ENSMUSG00000116383	
G6pc3	1	ENSMUSG00000034793	
Son	1	ENSMUSG00000022961	
Gcsam	1	ENSMUSG00000022659	
Klhl36	1	ENSMUSG00000031828	
Safb2	1	ENSMUSG00000042625	
Klhl35	1	ENSMUSG00000035298	
Klhl32	1	ENSMUSG00000040387	
Zzef1	1	ENSMUSG00000055670	
Hnrnpab	1	ENSMUSG00000020358	
Nxt1	1	ENSMUSG00000036992	
Serhl	1	ENSMUSG00000058586	
Nxt2	1	ENSMUSG00000042271	
1700001G11Rik	1	ENSMUSG00000085984	
Psmd12	1	ENSMUSG00000020720	
Serpinb8	1	ENSMUSG00000026315	
Spn	1	ENSMUSG00000051457	
Psmd11	1	ENSMUSG00000017428	
Serpinb7	1	ENSMUSG00000067001	
Psmd10	1	ENSMUSG00000031429	
Spr	1	ENSMUSG00000033735	
Psmd14	1	ENSMUSG00000026914	
Psmd13	1	ENSMUSG00000025487	
Serpinb9	1	ENSMUSG00000045827	
Arid5a	1	ENSMUSG00000037447	
Arid5b	1	ENSMUSG00000019947	
Klhl41	1	ENSMUSG00000075307	
Klhl42	1	ENSMUSG00000040102	
Btbd1	1	ENSMUSG00000025103	
Btbd2	1	ENSMUSG00000003344	
Btbd3	1	ENSMUSG00000062098	
Efhd2	1	ENSMUSG00000040659	
Hnrnpa3	1	ENSMUSG00000059005	
Vcpip1	1	ENSMUSG00000045210	
Mapkbp1	1	ENSMUSG00000033902	
Serpina9	1	ENSMUSG00000058260	
Arid4b	1	ENSMUSG00000039219	
Ces2g	1	ENSMUSG00000031877	
Arid4a	1	ENSMUSG00000048118	
Ces2c	1	ENSMUSG00000061825	
Foxred1	1	ENSMUSG00000039048	
Lrp1	1	ENSMUSG00000040249	
Src	1	ENSMUSG00000027646	
Srf	1	ENSMUSG00000015605	
Arnt	1	ENSMUSG00000015522	
Lrp6	1	ENSMUSG00000030201	
Efhc1	1	ENSMUSG00000041809	
Efhc2	1	ENSMUSG00000025038	
Lrp8	1	ENSMUSG00000028613	
Sri	1	ENSMUSG00000003161	
Srl	1	ENSMUSG00000022519	
Tmem184b	1	ENSMUSG00000009035	
Tmem184c	1	ENSMUSG00000031617	
Srm	1	ENSMUSG00000006442	
Tmem184a	1	ENSMUSG00000036687	
Hnrnpa1	1	ENSMUSG00000046434	
Hnrnpa0	1	ENSMUSG00000007836	
Srr	1	ENSMUSG00000001323	
Mphosph10	1	ENSMUSG00000030521	
G6pdx	1	ENSMUSG00000031400	
St7	1	ENSMUSG00000029534	
Arid3a	1	ENSMUSG00000019564	
Arid3b	1	ENSMUSG00000004661	
Serpind1	1	ENSMUSG00000022766	
Srxn1	1	ENSMUSG00000032802	
Maip1	1	ENSMUSG00000025971	
Bcs1l	1	ENSMUSG00000026172	
Foxred2	1	ENSMUSG00000016552	
Ssb	1	ENSMUSG00000068882	
4930523C07Rik	1	ENSMUSG00000090394	
Tmem185a	1	ENSMUSG00000073139	
Tmem185b	1	ENSMUSG00000098923	
Mak16	1	ENSMUSG00000031578	
Ddhd1	1	ENSMUSG00000037697	
Ddhd2	1	ENSMUSG00000061313	
2610021A01Rik	1	ENSMUSG00000091474	
Nif3l1	1	ENSMUSG00000026036	
Chst10	1	ENSMUSG00000026080	
Lrr1	1	ENSMUSG00000034883	
Chst11	1	ENSMUSG00000034612	
Chst12	1	ENSMUSG00000036599	
Slc44a1	1	ENSMUSG00000028412	
Slc44a2	1	ENSMUSG00000057193	
Ulk4	1	ENSMUSG00000040936	
Atp6v0a2	1	ENSMUSG00000038023	
Sprtn	1	ENSMUSG00000031986	
Gcc2	1	ENSMUSG00000038039	
Gcc1	1	ENSMUSG00000029708	
Gm13776	1	ENSMUSG00000082457	
Chst13	1	ENSMUSG00000056643	
Chst14	1	ENSMUSG00000074916	
Atp6v0a1	1	ENSMUSG00000019302	
Chst15	1	ENSMUSG00000030930	
Gcat	1	ENSMUSG00000006378	
Gm11110	1	ENSMUSG00000079414	
Gm13772	1	ENSMUSG00000080977	
Scn1b	1	ENSMUSG00000019194	
Mrpl27-ps	1	ENSMUSG00000071867	
Smim3	1	ENSMUSG00000038059	
Telo2	1	ENSMUSG00000024170	
Smim5	1	ENSMUSG00000048442	
Smim1	1	ENSMUSG00000078350	
Mcemp1	1	ENSMUSG00000013974	
Rcc1	1	ENSMUSG00000028896	
Sh3bp5l	1	ENSMUSG00000013646	
Ptov1	1	ENSMUSG00000038502	
Gm9001	1	ENSMUSG00000080824	
Smim6	1	ENSMUSG00000075420	
Smim7	1	ENSMUSG00000044600	
Smim8	1	ENSMUSG00000028295	
Katnip	1	ENSMUSG00000032743	
Gm9009	1	ENSMUSG00000080974	
Tmem179b	1	ENSMUSG00000118346	
Gm12435	1	ENSMUSG00000081953	
Vsig8	1	ENSMUSG00000049598	
Gm12430	1	ENSMUSG00000081152	
Scn2b	1	ENSMUSG00000070304	
Tbcel	1	ENSMUSG00000037287	
Gm1976	1	ENSMUSG00000066057	
Zfand2b	1	ENSMUSG00000026197	
Zfand2a	1	ENSMUSG00000053581	
Ulk1	1	ENSMUSG00000029512	
Ulk2	1	ENSMUSG00000004798	
Tifa	1	ENSMUSG00000046688	
Ulk3	1	ENSMUSG00000032308	
Asprv1	1	ENSMUSG00000033508	
Gm9013	1	ENSMUSG00000087286	
Arsa	1	ENSMUSG00000022620	
Gm12460	1	ENSMUSG00000084116	
Tmcc3	1	ENSMUSG00000020023	
Tmem176a	1	ENSMUSG00000023367	
Gm12466	1	ENSMUSG00000083539	
Tmem176b	1	ENSMUSG00000029810	
Tmcc1	1	ENSMUSG00000030126	
Tmcc2	1	ENSMUSG00000042066	
Art5	1	ENSMUSG00000070424	
Gm11131	1	ENSMUSG00000079505	
Gm12462	1	ENSMUSG00000086211	
Art4	1	ENSMUSG00000030217	
Gm12463	1	ENSMUSG00000080916	
Art3	1	ENSMUSG00000034842	
Ppp1r3e	1	ENSMUSG00000072494	
Ppp1r3d	1	ENSMUSG00000049999	
Ppp1r3b	1	ENSMUSG00000046794	
Rabgap1	1	ENSMUSG00000035437	
Ppp1r3f	1	ENSMUSG00000039556	
Rce1	1	ENSMUSG00000024889	
Slain2	1	ENSMUSG00000036087	
Slain1	1	ENSMUSG00000055717	
Rcc2	1	ENSMUSG00000040945	
Gm12454	1	ENSMUSG00000087142	
Fdxacb1	1	ENSMUSG00000037845	
Gm36401	1	ENSMUSG00000104342	
Zbtb7b	1	ENSMUSG00000028042	
Zbtb7a	1	ENSMUSG00000035011	
Igsf6	1	ENSMUSG00000035004	
Zbtb8a	1	ENSMUSG00000028807	
Igsf8	1	ENSMUSG00000038034	
Gabpb2	1	ENSMUSG00000038766	
Arsk	1	ENSMUSG00000021592	
Igsf3	1	ENSMUSG00000042035	
Arsi	1	ENSMUSG00000036412	
Arsg	1	ENSMUSG00000020604	
Gabpb1	1	ENSMUSG00000027361	
Igsf9	1	ENSMUSG00000037995	
Arsb	1	ENSMUSG00000042082	
Ear-ps2	1	ENSMUSG00000072599	
Sult6b1	1	ENSMUSG00000038045	
Arv1	1	ENSMUSG00000031982	
Artn	1	ENSMUSG00000028539	
Gm12403	1	ENSMUSG00000082186	
Gm13736	1	ENSMUSG00000082908	
Ppcdc	1	ENSMUSG00000063849	
2810039B14Rik	1	ENSMUSG00000099034	
Gcdh	1	ENSMUSG00000003809	
Slc31a2	1	ENSMUSG00000066152	
Slc31a1	1	ENSMUSG00000066150	
Syk	1	ENSMUSG00000021457	
Syp	1	ENSMUSG00000031144	
Zswim1	1	ENSMUSG00000017764	
Prim2	1	ENSMUSG00000026134	
Zswim3	1	ENSMUSG00000045822	
Zswim4	1	ENSMUSG00000035671	
Zswim6	1	ENSMUSG00000032846	
Zswim7	1	ENSMUSG00000014243	
Zswim8	1	ENSMUSG00000021819	
Prim1	1	ENSMUSG00000025395	
Zswim9	1	ENSMUSG00000070814	
Sfi1	1	ENSMUSG00000023764	
Gm9054	1	ENSMUSG00000119955	
Gm24407	1	ENSMUSG00000119132	
Serp1	1	ENSMUSG00000027808	
Serp2	1	ENSMUSG00000052584	
Slc7a11	1	ENSMUSG00000027737	
Gm12428	1	ENSMUSG00000082185	
Gm9027	1	ENSMUSG00000092029	
Tmsb4x	1	ENSMUSG00000049775	
Gm9028	1	ENSMUSG00000118294	
Teddm2	1	ENSMUSG00000045968	
Gch1	1	ENSMUSG00000037580	
Ifit1bl1	1	ENSMUSG00000079339	
Ifit1bl2	1	ENSMUSG00000067297	
Ppp1r9b	1	ENSMUSG00000038976	
Tardbp	1	ENSMUSG00000041459	
Gm12418	1	ENSMUSG00000083139	
4930453N24Rik	1	ENSMUSG00000059920	
Nr2c2	1	ENSMUSG00000005893	
Nr2c1	1	ENSMUSG00000005897	
Gm36496	1	ENSMUSG00000120697	
Kansl1l	1	ENSMUSG00000026004	
5830428M24Rik	1	ENSMUSG00000113035	
Fam177a	1	ENSMUSG00000095595	
D830035M03Rik	1	ENSMUSG00000111828	
BC035044	1	ENSMUSG00000090164	
Cntrob	1	ENSMUSG00000032782	
Tmsb10	1	ENSMUSG00000079523	
Gclc	1	ENSMUSG00000032350	
Zbtb26	1	ENSMUSG00000050714	
Zbtb25	1	ENSMUSG00000056459	
Zbtb24	1	ENSMUSG00000019826	
Zbtb22	1	ENSMUSG00000051390	
Zbtb21	1	ENSMUSG00000046962	
Zbtb20	1	ENSMUSG00000022708	
Gclm	1	ENSMUSG00000028124	
Gcn1	1	ENSMUSG00000041638	
Ifi203-ps	1	ENSMUSG00000090222	
A630072L19Rik	1	ENSMUSG00000097160	
Cyc1	1	ENSMUSG00000022551	
Eef2k	1	ENSMUSG00000035064	
Trmt112	1	ENSMUSG00000038812	
Gorasp1	1	ENSMUSG00000032513	
Gorasp2	1	ENSMUSG00000014959	
Fastk	1	ENSMUSG00000028959	
Scn8a	1	ENSMUSG00000023033	
Dmap1	1	ENSMUSG00000009640	
Gm35154	1	ENSMUSG00000111535	
Gm36486	1	ENSMUSG00000117575	
Rcl1	1	ENSMUSG00000024785	
Zbtb18	1	ENSMUSG00000063659	
Zbtb17	1	ENSMUSG00000006215	
Trmt10a	1	ENSMUSG00000004127	
Cyba	1	ENSMUSG00000006519	
Cybb	1	ENSMUSG00000015340	
Trmt10c	1	ENSMUSG00000044763	
Zbtb14	1	ENSMUSG00000049672	
Trmt10b	1	ENSMUSG00000035601	
Zbtb11	1	ENSMUSG00000022601	
4833413G10Rik	1	ENSMUSG00000104950	
Pitrm1	1	ENSMUSG00000021193	
Zbtb10	1	ENSMUSG00000069114	
Gtdc1	1	ENSMUSG00000036890	
Dcaf17	1	ENSMUSG00000041966	
Gmppa	1	ENSMUSG00000033021	
H2-T24	1	ENSMUSG00000053835	
mt-Nd4	1	ENSMUSG00000064363	
Ppp1r35	1	ENSMUSG00000029725	
H2-T23	1	ENSMUSG00000067212	
mt-Nd5	1	ENSMUSG00000064367	
Dcaf15	1	ENSMUSG00000037103	
Eef1d	1	ENSMUSG00000055762	
H2-T22	1	ENSMUSG00000056116	
mt-Nd6	1	ENSMUSG00000064368	
Gm12482	1	ENSMUSG00000081975	
H2-T27	1	ENSMUSG00000079492	
H2-T26	1	ENSMUSG00000073402	
Ppp1r37	1	ENSMUSG00000051403	
Eef1g	1	ENSMUSG00000071644	
H2-T25	1	ENSMUSG00000092243	
Gmppb	1	ENSMUSG00000070284	
Ppp1r36	1	ENSMUSG00000052221	
Dcaf10	1	ENSMUSG00000035572	
Wscd2	1	ENSMUSG00000063430	
Dcaf13	1	ENSMUSG00000022300	
Atp6v0e2	1	ENSMUSG00000039347	
mt-Nd1	1	ENSMUSG00000064341	
Dcaf11	1	ENSMUSG00000022214	
mt-Nd2	1	ENSMUSG00000064345	
Dcaf12	1	ENSMUSG00000028436	
Gm36457	1	ENSMUSG00000120193	
mt-Nd3	1	ENSMUSG00000064360	
Slfn5	1	ENSMUSG00000054404	
Txnrd1	1	ENSMUSG00000020250	
Txnrd3	1	ENSMUSG00000000811	
Sfpq	1	ENSMUSG00000028820	
Slfn8	1	ENSMUSG00000035208	
Txnrd2	1	ENSMUSG00000075704	
Gm49760	1	ENSMUSG00000116815	
Slfn1	1	ENSMUSG00000078763	
Zbtb49	1	ENSMUSG00000029127	
Sfr1	1	ENSMUSG00000025066	
Slfn2	1	ENSMUSG00000072620	
Zbtb48	1	ENSMUSG00000028952	
Slfn3	1	ENSMUSG00000018986	
Zbtb47	1	ENSMUSG00000013419	
Slfn4	1	ENSMUSG00000000204	
Zbtb46	1	ENSMUSG00000027583	
Cox4i1	1	ENSMUSG00000031818	
Zbtb45	1	ENSMUSG00000049600	
Zbtb44	1	ENSMUSG00000047412	
Zbtb43	1	ENSMUSG00000026788	
Zbtb42	1	ENSMUSG00000037638	
Slfn9	1	ENSMUSG00000069793	
Zbtb41	1	ENSMUSG00000033964	
Zbtb40	1	ENSMUSG00000060862	
Gm23136	1	ENSMUSG00000119765	
Dtwd1	1	ENSMUSG00000023330	
Dtwd2	1	ENSMUSG00000024505	
Nr2f6	1	ENSMUSG00000002393	
H2-T10	1	ENSMUSG00000079491	
Tbp	1	ENSMUSG00000014767	
Gm36462	1	ENSMUSG00000120038	
Cycs	1	ENSMUSG00000063694	
Mcph1	1	ENSMUSG00000039842	
Gm12474	1	ENSMUSG00000053957	
Rcn3	1	ENSMUSG00000019539	
Tm7sf2	1	ENSMUSG00000024799	
Gmpr2	1	ENSMUSG00000002326	
Unc45a	1	ENSMUSG00000030533	
Rcn1	1	ENSMUSG00000005973	
Rcn2	1	ENSMUSG00000032320	
Tm7sf3	1	ENSMUSG00000040234	
Zbtb39	1	ENSMUSG00000044617	
Zbtb38	1	ENSMUSG00000040433	
Zbtb37	1	ENSMUSG00000043467	
Zbtb34	1	ENSMUSG00000068966	
Ckap2	1	ENSMUSG00000037725	
Zbtb33	1	ENSMUSG00000048047	
Zbtb32	1	ENSMUSG00000006310	
Gm47113	1	ENSMUSG00000111465	
Ckap5	1	ENSMUSG00000040549	
Ckap4	1	ENSMUSG00000046841	
Ppp1r11	1	ENSMUSG00000036398	
Ppp1r10	1	ENSMUSG00000039220	
Ppp1r18	1	ENSMUSG00000034595	
Gm1965	1	ENSMUSG00000090254	
Fam174a	1	ENSMUSG00000051185	
Trmt44	1	ENSMUSG00000029097	
Fam174c	1	ENSMUSG00000035595	
Haghl	1	ENSMUSG00000061046	
Tdg	1	ENSMUSG00000034674	
Fam174b	1	ENSMUSG00000078670	
Rab11b-ps2	1	ENSMUSG00000095690	
Pycard	1	ENSMUSG00000030793	
Ppp1r21	1	ENSMUSG00000034709	
Ppp1r26	1	ENSMUSG00000035829	
Katna1	1	ENSMUSG00000019794	
Spry2	1	ENSMUSG00000022114	
Scn4a	1	ENSMUSG00000001027	
Spry1	1	ENSMUSG00000037211	
Atp6v0d1	1	ENSMUSG00000013160	
ENSMUSG00000095250	1	ENSMUSG00000095250	
Gm36445	1	ENSMUSG00000110393	
3300002I08Rik	1	ENSMUSG00000063364	
Gm12497	1	ENSMUSG00000049231	
Tec	1	ENSMUSG00000029217	
Tef	1	ENSMUSG00000022389	
Spry4	1	ENSMUSG00000024427	
Asb8	1	ENSMUSG00000048175	
Katnb1	1	ENSMUSG00000031787	
Asb7	1	ENSMUSG00000030509	
Asb6	1	ENSMUSG00000039483	
Sclt1	1	ENSMUSG00000059834	
Asb5	1	ENSMUSG00000031519	
Asb3	1	ENSMUSG00000020305	
Asb2	1	ENSMUSG00000021200	
Asb1	1	ENSMUSG00000026311	
Lars2	1	ENSMUSG00000035202	
Tes	1	ENSMUSG00000029552	
Lars1	1	ENSMUSG00000024493	
Rab3il1	1	ENSMUSG00000024663	
Mycbp2	1	ENSMUSG00000033004	
Tfg	1	ENSMUSG00000022757	
Hyou1	1	ENSMUSG00000032115	
Wsb1	1	ENSMUSG00000017677	
Ift88	1	ENSMUSG00000040040	
Ddit4	1	ENSMUSG00000020108	
Ift81	1	ENSMUSG00000029469	
Ddit3	1	ENSMUSG00000025408	
Wsb2	1	ENSMUSG00000029364	
Ankrd13a	1	ENSMUSG00000041870	
Uba52	1	ENSMUSG00000090137	
Ankrd13c	1	ENSMUSG00000039988	
Uhrf1	1	ENSMUSG00000001228	
Ankrd13b	1	ENSMUSG00000037907	
Uhrf2	1	ENSMUSG00000024817	
Aasdh	1	ENSMUSG00000055923	
Ankrd13d	1	ENSMUSG00000005986	
Ift80	1	ENSMUSG00000027778	
Topors	1	ENSMUSG00000036822	
Fxyd4	1	ENSMUSG00000004988	
Fxyd5	1	ENSMUSG00000009687	
Larp7	1	ENSMUSG00000027968	
Morf4l2	1	ENSMUSG00000031422	
Morf4l1	1	ENSMUSG00000062270	
Larp4	1	ENSMUSG00000023025	
Eif4enif1	1	ENSMUSG00000020454	
Nprl3	1	ENSMUSG00000020289	
Sfxn2	1	ENSMUSG00000025036	
Nprl2	1	ENSMUSG00000010057	
Sfxn1	1	ENSMUSG00000021474	
Sfxn4	1	ENSMUSG00000063698	
Sfxn3	1	ENSMUSG00000025212	
F730311O21Rik	1	ENSMUSG00000100658	
Sfxn5	1	ENSMUSG00000033720	
Fgfr1	1	ENSMUSG00000031565	
Pabpc1l	1	ENSMUSG00000054582	
Gcsh	1	ENSMUSG00000034424	
Eif4a3	1	ENSMUSG00000025580	
Eif4a2	1	ENSMUSG00000022884	
Eif4a1	1	ENSMUSG00000059796	
Tk2	1	ENSMUSG00000035824	
Tk1	1	ENSMUSG00000025574	
Dzip3	1	ENSMUSG00000064061	
Dzip1	1	ENSMUSG00000042156	
Ptrh2	1	ENSMUSG00000072582	
Ptrh1	1	ENSMUSG00000053746	
Cryab	1	ENSMUSG00000032060	
Gm25395	1	ENSMUSG00000087968	
Szrd1	1	ENSMUSG00000040842	
Timmdc1	1	ENSMUSG00000002846	
Jmjd1c	1	ENSMUSG00000037876	
Ash2l	1	ENSMUSG00000031575	
Spata1	1	ENSMUSG00000028188	
Spata2	1	ENSMUSG00000047030	
Spata7	1	ENSMUSG00000021007	
Spata6	1	ENSMUSG00000034401	
Coq8a	1	ENSMUSG00000026489	
Coq8b	1	ENSMUSG00000003762	
Cyld	1	ENSMUSG00000036712	
Lsg1	1	ENSMUSG00000022538	
Pik3r5	1	ENSMUSG00000020901	
Pik3r6	1	ENSMUSG00000046207	
Pik3r1	1	ENSMUSG00000041417	
Tkt	1	ENSMUSG00000021957	
Pik3r2	1	ENSMUSG00000031834	
Pik3r3	1	ENSMUSG00000028698	
Pik3r4	1	ENSMUSG00000032571	
Prkar1a	1	ENSMUSG00000020612	
Prkar1b	1	ENSMUSG00000025855	
Gm12097	1	ENSMUSG00000081887	
Bcdin3d	1	ENSMUSG00000037525	
Gm12090	1	ENSMUSG00000081575	
Gm36043	1	ENSMUSG00000117964	
Prkar2a	1	ENSMUSG00000032601	
Prkar2b	1	ENSMUSG00000002997	
Mcrs1	1	ENSMUSG00000037570	
Gm50340	1	ENSMUSG00000118100	
Ash1l	1	ENSMUSG00000028053	
Arcn1	1	ENSMUSG00000032096	
Zfp46	1	ENSMUSG00000051351	
Tmem170b	1	ENSMUSG00000087370	
Zfp40	1	ENSMUSG00000002617	
Zfp41	1	ENSMUSG00000047003	
Grb10	1	ENSMUSG00000020176	
Tnf	1	ENSMUSG00000024401	
Drosha	1	ENSMUSG00000022191	
Egln1	1	ENSMUSG00000031987	
Egln2	1	ENSMUSG00000058709	
Ncbp2as2	1	ENSMUSG00000107002	
Alyref2	1	ENSMUSG00000060244	
Egln3	1	ENSMUSG00000035105	
4930596I21Rik	1	ENSMUSG00000104900	
1700102P08Rik	1	ENSMUSG00000032611	
Malt1	1	ENSMUSG00000032688	
Zfp35	1	ENSMUSG00000063281	
Zfp36	1	ENSMUSG00000044786	
Zfp30	1	ENSMUSG00000047473	
Krit1	1	ENSMUSG00000000600	
Zfp39	1	ENSMUSG00000037001	
Cyp2d22	1	ENSMUSG00000061740	
Mtch2	1	ENSMUSG00000027282	
Mtch1	1	ENSMUSG00000024012	
Tox	1	ENSMUSG00000041272	
Zfp68	1	ENSMUSG00000058291	
Zfp69	1	ENSMUSG00000064141	
Zfp62	1	ENSMUSG00000046311	
Ccdc85b	1	ENSMUSG00000095098	
Zfp64	1	ENSMUSG00000027551	
Zfp65	1	ENSMUSG00000071281	
Tpm3-rs7	1	ENSMUSG00000058126	
Tpr	1	ENSMUSG00000006005	
Zfp72	1	ENSMUSG00000069184	
Man1a	1	ENSMUSG00000003746	
Lrch1	1	ENSMUSG00000068015	
Ndor1	1	ENSMUSG00000006471	
Zfp58	1	ENSMUSG00000071291	
Zfp51	1	ENSMUSG00000023892	
Zfp52	1	ENSMUSG00000051341	
Zfp53	1	ENSMUSG00000057409	
Zfp54	1	ENSMUSG00000023882	
Lsm2	1	ENSMUSG00000007050	
Lsm3	1	ENSMUSG00000034192	
Lsm4	1	ENSMUSG00000031848	
Lsm5	1	ENSMUSG00000091625	
Lrch3	1	ENSMUSG00000022801	
Zfp59	1	ENSMUSG00000078779	
Lrch4	1	ENSMUSG00000093445	
Ermap	1	ENSMUSG00000028644	
Lsm1	1	ENSMUSG00000037296	
Clca3a1	1	ENSMUSG00000056025	
BC025920	1	ENSMUSG00000074862	
Lsm6	1	ENSMUSG00000031683	
Lsm7	1	ENSMUSG00000035215	
Lsm8	1	ENSMUSG00000044155	
Cgrrf1	1	ENSMUSG00000055128	
Zfp60	1	ENSMUSG00000037640	
Zfp61	1	ENSMUSG00000050605	
Zfp84	1	ENSMUSG00000046185	
Zfp85	1	ENSMUSG00000058331	
Zfp87	1	ENSMUSG00000097333	
Asns	1	ENSMUSG00000029752	
Trf	1	ENSMUSG00000032554	
Cers6	1	ENSMUSG00000027035	
Il15ra	1	ENSMUSG00000023206	
Lsp1	1	ENSMUSG00000018819	
Cers5	1	ENSMUSG00000023021	
Cers4	1	ENSMUSG00000008206	
Cers2	1	ENSMUSG00000015714	
Cers1	1	ENSMUSG00000087408	
Zfp91	1	ENSMUSG00000024695	
Zfp93	1	ENSMUSG00000055305	
Zfp94	1	ENSMUSG00000074282	
Zfp90	1	ENSMUSG00000031907	
Zfp78	1	ENSMUSG00000055150	
Zfp74	1	ENSMUSG00000059975	
Trappc9	1	ENSMUSG00000047921	
Trappc8	1	ENSMUSG00000033382	
Trappc5	1	ENSMUSG00000040236	
Trappc4	1	ENSMUSG00000032112	
Gapdh	1	ENSMUSG00000057666	
Trappc3	1	ENSMUSG00000028847	
Trappc2	1	ENSMUSG00000079317	
Trappc1	1	ENSMUSG00000049299	
Tsn	1	ENSMUSG00000026374	
Mtcl2	1	ENSMUSG00000055485	
Cert1	1	ENSMUSG00000021669	
Nt5dc2	1	ENSMUSG00000071547	
Nt5dc3	1	ENSMUSG00000054027	
Tst	1	ENSMUSG00000044986	
Nt5dc1	1	ENSMUSG00000039480	
Zfp81	1	ENSMUSG00000003929	
Spred1	1	ENSMUSG00000027351	
Atad3a	1	ENSMUSG00000029036	
Spred2	1	ENSMUSG00000045671	
AU040320	1	ENSMUSG00000028830	
Pdcd4	1	ENSMUSG00000024975	
Pdcd1	1	ENSMUSG00000026285	
Ttk	1	ENSMUSG00000038379	
Ttl	1	ENSMUSG00000027394	
Camk2g	1	ENSMUSG00000021820	
Ttn	1	ENSMUSG00000051747	
Aspm	1	ENSMUSG00000033952	
Camk2d	1	ENSMUSG00000053819	
P2ry6	1	ENSMUSG00000048779	
Redrum	1	ENSMUSG00000096982	
Asph	1	ENSMUSG00000028207	
Camk2a	1	ENSMUSG00000024617	
P2ry2	1	ENSMUSG00000032860	
P2ry1	1	ENSMUSG00000027765	
Cdc37l1	1	ENSMUSG00000024780	
Atad2b	1	ENSMUSG00000052812	
Gpr137b	1	ENSMUSG00000021306	
Mllt6	1	ENSMUSG00000038437	
Gpr137c	1	ENSMUSG00000049092	
Mllt3	1	ENSMUSG00000028496	
Mllt1	1	ENSMUSG00000024212	
Zfp97	1	ENSMUSG00000095990	
Pdcd1lg2	1	ENSMUSG00000016498	
Ass1	1	ENSMUSG00000076441	
P2rx7	1	ENSMUSG00000029468	
Sgce	1	ENSMUSG00000004631	
Cpt1a	1	ENSMUSG00000024900	
P2rx4	1	ENSMUSG00000029470	
Pdcd7	1	ENSMUSG00000041837	
Sgcb	1	ENSMUSG00000029156	
P2rx1	1	ENSMUSG00000020787	
Pdcd5	1	ENSMUSG00000030417	
Pdcd6	1	ENSMUSG00000021576	
Bicd2	1	ENSMUSG00000037933	
Bicd1	1	ENSMUSG00000003452	
Sorl1	1	ENSMUSG00000049313	
Lst1	1	ENSMUSG00000073412	
Gm26725	1	ENSMUSG00000097092	
Gde1	1	ENSMUSG00000033917	
Slc6a21	1	ENSMUSG00000070568	
Gm13414	1	ENSMUSG00000087635	
Hgh1	1	ENSMUSG00000022554	
Aars2	1	ENSMUSG00000023938	
Wars2	1	ENSMUSG00000004233	
Aars1	1	ENSMUSG00000031960	
Wars1	1	ENSMUSG00000021266	
Gm1866	1	ENSMUSG00000082070	
Prkaa1	1	ENSMUSG00000050697	
1810041H14Rik	1	ENSMUSG00000102112	
Tax1bp1	1	ENSMUSG00000004535	
Tax1bp3	1	ENSMUSG00000040158	
Necap2	1	ENSMUSG00000028923	
Hnrnpll	1	ENSMUSG00000024095	
Necap1	1	ENSMUSG00000030327	
Pde12	1	ENSMUSG00000043702	
Espl1	1	ENSMUSG00000058290	
Slc6a13	1	ENSMUSG00000030108	
Slc6a12	1	ENSMUSG00000030109	
Tmem167b	1	ENSMUSG00000068732	
Camk1d	1	ENSMUSG00000039145	
Gm13408	1	ENSMUSG00000081992	
Smarce1	1	ENSMUSG00000037935	
Pradc1	1	ENSMUSG00000030008	
Txk	1	ENSMUSG00000054892	
Gm13436	1	ENSMUSG00000083716	
Gatd3a	1	ENSMUSG00000053329	
Gm14760	1	ENSMUSG00000081221	
Cerkl	1	ENSMUSG00000075256	
Mtcp1	1	ENSMUSG00000031200	
Cabin1	1	ENSMUSG00000020196	
Astl	1	ENSMUSG00000050468	
Ddias	1	ENSMUSG00000030641	
1810024B03Rik	1	ENSMUSG00000044145	
BC106179	1	ENSMUSG00000045231	
Vps8	1	ENSMUSG00000033653	
Rtn4ip1	1	ENSMUSG00000019864	
Ptpdc1	1	ENSMUSG00000038042	
Gm26740	1	ENSMUSG00000097705	
Slc34a1	1	ENSMUSG00000021490	
Faah	1	ENSMUSG00000034171	
Gm13423	1	ENSMUSG00000081648	
Gm13422	1	ENSMUSG00000084098	
Gm13421	1	ENSMUSG00000085929	
Gdf9	1	ENSMUSG00000018238	
Pde1b	1	ENSMUSG00000022489	
Pde1c	1	ENSMUSG00000004347	
Dele1	1	ENSMUSG00000024442	
Il10	1	ENSMUSG00000016529	
Gdi1	1	ENSMUSG00000015291	
Il15	1	ENSMUSG00000031712	
Faf2	1	ENSMUSG00000025873	
Faf1	1	ENSMUSG00000010517	
Gdi2	1	ENSMUSG00000021218	
Il18	1	ENSMUSG00000039217	
Tlcd4	1	ENSMUSG00000028132	
Il16	1	ENSMUSG00000001741	
Tlcd1	1	ENSMUSG00000019437	
Tlcd2	1	ENSMUSG00000038217	
Pik3c3	1	ENSMUSG00000033628	
Tlcd5	1	ENSMUSG00000048503	
Umps	1	ENSMUSG00000022814	
Kptn	1	ENSMUSG00000006021	
AF067061	1	ENSMUSG00000095071	
Aldh16a1	1	ENSMUSG00000007833	
Micu2	1	ENSMUSG00000021973	
Micu3	1	ENSMUSG00000039478	
Plagl2	1	ENSMUSG00000051413	
Eif3j2	1	ENSMUSG00000043424	
Eif3j1	1	ENSMUSG00000027236	
Micu1	1	ENSMUSG00000020111	
Rdh5	1	ENSMUSG00000025350	
Fadd	1	ENSMUSG00000031077	
Sgk3	1	ENSMUSG00000025915	
Sgk2	1	ENSMUSG00000017868	
Sgk1	1	ENSMUSG00000019970	
Pdcl3	1	ENSMUSG00000026078	
Il33	1	ENSMUSG00000024810	
Map2k7	1	ENSMUSG00000002948	
Map2k6	1	ENSMUSG00000020623	
Map2k5	1	ENSMUSG00000058444	
Il24	1	ENSMUSG00000026420	
Tacc2	1	ENSMUSG00000030852	
Tacc1	1	ENSMUSG00000065954	
Il27	1	ENSMUSG00000044701	
Gpr141b	1	ENSMUSG00000047462	
Tacc3	1	ENSMUSG00000037313	
Map2k4	1	ENSMUSG00000033352	
2610005L07Rik	1	ENSMUSG00000071793	
Map2k3	1	ENSMUSG00000018932	
Map2k2	1	ENSMUSG00000035027	
Gm14719	1	ENSMUSG00000082192	
Map2k1	1	ENSMUSG00000004936	
Hnrnph3	1	ENSMUSG00000020069	
Il1b	1	ENSMUSG00000027398	
Sort1	1	ENSMUSG00000068747	
Hnrnph2	1	ENSMUSG00000045427	
Hnrnph1	1	ENSMUSG00000007850	
Tjp3	1	ENSMUSG00000034917	
Tjp2	1	ENSMUSG00000024812	
Ermp1	1	ENSMUSG00000046324	
Gm13493	1	ENSMUSG00000087701	
Pspc1	1	ENSMUSG00000021938	
Gm12168	1	ENSMUSG00000082530	
Bbof1	1	ENSMUSG00000057265	
Pde7b	1	ENSMUSG00000019990	
Gm12164	1	ENSMUSG00000081251	
Gm13496	1	ENSMUSG00000085755	
Gm12165	1	ENSMUSG00000082870	
Pde7a	1	ENSMUSG00000069094	
Gm13498	1	ENSMUSG00000083270	
Gm50432	1	ENSMUSG00000118052	
Rdm1	1	ENSMUSG00000010362	
Tm6sf1	1	ENSMUSG00000038623	
Ero1b	1	ENSMUSG00000057069	
Ero1a	1	ENSMUSG00000021831	
Tm6sf2	1	ENSMUSG00000036151	
Sec61a2	1	ENSMUSG00000025816	
Sec61a1	1	ENSMUSG00000030082	
Thnsl1	1	ENSMUSG00000048550	
Thnsl2	1	ENSMUSG00000054474	
Faim	1	ENSMUSG00000032463	
Ncmap	1	ENSMUSG00000043924	
H2ac8	1	ENSMUSG00000069272	
H2ac6	1	ENSMUSG00000069270	
H2ac7	1	ENSMUSG00000071478	
H2ac4	1	ENSMUSG00000061615	
Gm12159	1	ENSMUSG00000084773	
Pde8a	1	ENSMUSG00000025584	
Pde8b	1	ENSMUSG00000021684	
Sgo1	1	ENSMUSG00000023940	
Zgrf1	1	ENSMUSG00000051278	
4921511C10Rik	1	ENSMUSG00000104585	
Olfml3	1	ENSMUSG00000027848	
Gm12183	1	ENSMUSG00000082454	
Gm12185	1	ENSMUSG00000048852	
Ubb	1	ENSMUSG00000019505	
Taco1	1	ENSMUSG00000001983	
Ubc	1	ENSMUSG00000008348	
Pik3cg	1	ENSMUSG00000020573	
Pik3cb	1	ENSMUSG00000032462	
2300009A05Rik	1	ENSMUSG00000032403	
Pik3cd	1	ENSMUSG00000039936	
Prkag1	1	ENSMUSG00000067713	
Prkag2	1	ENSMUSG00000028944	
Gm12174	1	ENSMUSG00000080776	
Pik3ca	1	ENSMUSG00000027665	
Gm36120	1	ENSMUSG00000111820	
Gm12176	1	ENSMUSG00000082792	
4833403J16Rik	1	ENSMUSG00000107481	
B230322F03Rik	1	ENSMUSG00000097509	
Gm13450	1	ENSMUSG00000083533	
Upk1a	1	ENSMUSG00000006313	
Gm13456	1	ENSMUSG00000082536	
Slit1	1	ENSMUSG00000025020	
Ggact	1	ENSMUSG00000041625	
Slit3	1	ENSMUSG00000056427	
Gm1826	1	ENSMUSG00000082028	
Gm13453	1	ENSMUSG00000083240	
Fam184b	1	ENSMUSG00000015879	
Fam184a	1	ENSMUSG00000019856	
Gm25436	1	ENSMUSG00000088900	
Ccnb2-ps	1	ENSMUSG00000083718	
Gm49405	1	ENSMUSG00000024869	
Gm25432	1	ENSMUSG00000117771	
Oxct1	1	ENSMUSG00000022186	
Pde4a	1	ENSMUSG00000032177	
Pde4b	1	ENSMUSG00000028525	
Gm12115	1	ENSMUSG00000099902	
Prkaca	1	ENSMUSG00000005469	
Gm1818	1	ENSMUSG00000091277	
Prkacb	1	ENSMUSG00000005034	
Fam185a	1	ENSMUSG00000047221	
Pde3b	1	ENSMUSG00000030671	
Il7r	1	ENSMUSG00000003882	
Mysm1	1	ENSMUSG00000062627	
Fan1	1	ENSMUSG00000033458	
Tnip3	1	ENSMUSG00000044162	
Tnip2	1	ENSMUSG00000059866	
Tnip1	1	ENSMUSG00000020400	
Sgtb	1	ENSMUSG00000042743	
Wtap	1	ENSMUSG00000060475	
Sgta	1	ENSMUSG00000004937	
Gm13477	1	ENSMUSG00000083849	
Pde5a	1	ENSMUSG00000053965	
Gm1848	1	ENSMUSG00000083892	
Mmachc	1	ENSMUSG00000028690	
Czib	1	ENSMUSG00000028608	
D230049E03Rik	1	ENSMUSG00000113196	
Gm26782	1	ENSMUSG00000097431	
Pde4c	1	ENSMUSG00000031842	
Pde4d	1	ENSMUSG00000021699	
Gm26787	1	ENSMUSG00000096993	
Ltbr	1	ENSMUSG00000030339	
Ate1	1	ENSMUSG00000030850	
Gm13461	1	ENSMUSG00000081999	
Gm24119	1	ENSMUSG00000077167	
Snrpd2	1	ENSMUSG00000040824	
Lasp1	1	ENSMUSG00000038366	
Snrpd1	1	ENSMUSG00000002477	
Pde6d	1	ENSMUSG00000026239	
Tmem63b	1	ENSMUSG00000036026	
Snrpd3	1	ENSMUSG00000020180	
Sgsh	1	ENSMUSG00000005043	
Tmem63a	1	ENSMUSG00000026519	
Prkab2	1	ENSMUSG00000038205	
Fam187b	1	ENSMUSG00000046826	
Prkab1	1	ENSMUSG00000029513	
Il9r	1	ENSMUSG00000020279	
Atf2	1	ENSMUSG00000027104	
Atf1	1	ENSMUSG00000023027	
Prkd3	1	ENSMUSG00000024070	
Unc50	1	ENSMUSG00000026111	
Las1l	1	ENSMUSG00000057421	
Slc38a10	1	ENSMUSG00000061306	
Mbnl3	1	ENSMUSG00000036109	
Prkd2	1	ENSMUSG00000041187	
Catsperg1	1	ENSMUSG00000049676	
2210408F21Rik	1	ENSMUSG00000087380	
Pex11a	1	ENSMUSG00000030545	
Pex11b	1	ENSMUSG00000028102	
C3ar1	1	ENSMUSG00000040552	
Psmb10	1	ENSMUSG00000031897	
Atg3	1	ENSMUSG00000022663	
1700006J14Rik	1	ENSMUSG00000034764	
Trav14d-3-dv8	1	ENSMUSG00000094619	
Daam1	1	ENSMUSG00000034574	
Prkcq	1	ENSMUSG00000026778	
Pex11g	1	ENSMUSG00000069633	
Zmynd8	1	ENSMUSG00000039671	
Eif5a2	1	ENSMUSG00000050192	
Prkcg	1	ENSMUSG00000078816	
Prkch	1	ENSMUSG00000021108	
Prkci	1	ENSMUSG00000037643	
Mbnl2	1	ENSMUSG00000022139	
Prkcb	1	ENSMUSG00000052889	
Mbnl1	1	ENSMUSG00000027763	
Prkcd	1	ENSMUSG00000021948	
Prkce	1	ENSMUSG00000045038	
Far2	1	ENSMUSG00000030303	
Pkd2l2	1	ENSMUSG00000014503	
Atf7	1	ENSMUSG00000099083	
Far1	1	ENSMUSG00000030759	
Prkca	1	ENSMUSG00000050965	
Atf6	1	ENSMUSG00000026663	
Atf5	1	ENSMUSG00000038539	
Atf4	1	ENSMUSG00000042406	
Atf3	1	ENSMUSG00000026628	
Cldn13	1	ENSMUSG00000008843	
Cldn12	1	ENSMUSG00000046798	
Cldn15	1	ENSMUSG00000001739	
Adgra2	1	ENSMUSG00000031486	
Gm36198	1	ENSMUSG00000110915	
Cldn10	1	ENSMUSG00000022132	
Pitpnb	1	ENSMUSG00000050017	
Pitpna	1	ENSMUSG00000017781	
Prkdc	1	ENSMUSG00000022672	
Fasl	1	ENSMUSG00000000817	
Fasn	1	ENSMUSG00000025153	
Atg7	1	ENSMUSG00000030314	
Prkcz	1	ENSMUSG00000029053	
Atg5	1	ENSMUSG00000038160	
Slc26a10	1	ENSMUSG00000040441	
Slc26a11	1	ENSMUSG00000039908	
Tbc1d1	1	ENSMUSG00000029174	
Adgrb2	1	ENSMUSG00000028782	
Mov10	1	ENSMUSG00000002227	
Tbc1d2	1	ENSMUSG00000039813	
Tbc1d5	1	ENSMUSG00000023923	
D930028M14Rik	1	ENSMUSG00000074274	
Tbc1d4	1	ENSMUSG00000033083	
Tbc1d7	1	ENSMUSG00000021368	
Izumo4	1	ENSMUSG00000055862	
Wdsub1	1	ENSMUSG00000026988	
Tbc1d9	1	ENSMUSG00000031709	
Tbc1d8	1	ENSMUSG00000003134	
Adgra3	1	ENSMUSG00000029090	
Mmp25	1	ENSMUSG00000023903	
Mical1	1	ENSMUSG00000019823	
Map2k3os	1	ENSMUSG00000042549	
Creld1	1	ENSMUSG00000030284	
Caprin2	1	ENSMUSG00000030309	
Caprin1	1	ENSMUSG00000027184	
Creld2	1	ENSMUSG00000023272	
6720464F23Rik	1	ENSMUSG00000103432	
Bach2os	1	ENSMUSG00000086150	
4933417C20Rik	1	ENSMUSG00000103006	
Trbv31	1	ENSMUSG00000076499	
Mmp11	1	ENSMUSG00000000901	
Mmp12	1	ENSMUSG00000049723	
Mmp14	1	ENSMUSG00000000957	
Mmp15	1	ENSMUSG00000031790	
5430402O13Rik	1	ENSMUSG00000085776	
Cyp2ab1	1	ENSMUSG00000022818	
Gm12191	1	ENSMUSG00000083061	
Mmp17	1	ENSMUSG00000029436	
Gm36189	1	ENSMUSG00000107432	
Atic	1	ENSMUSG00000026192	
Haspin	1	ENSMUSG00000050107	
Copz2	1	ENSMUSG00000018672	
Mical3	1	ENSMUSG00000051586	
Mical2	1	ENSMUSG00000038244	
Afap1	1	ENSMUSG00000029094	
Copz1	1	ENSMUSG00000060992	
Atl3	1	ENSMUSG00000024759	
Atl2	1	ENSMUSG00000059811	
Atl1	1	ENSMUSG00000021066	
Gm37486	1	ENSMUSG00000104126	
Ung	1	ENSMUSG00000029591	
Setd3	1	ENSMUSG00000056770	
Sf3a1	1	ENSMUSG00000002129	
Setd2	1	ENSMUSG00000044791	
Sf3a2	1	ENSMUSG00000020211	
Trbv19	1	ENSMUSG00000076475	
Setd5	1	ENSMUSG00000034269	
Sf3a3	1	ENSMUSG00000028902	
Oxct1as	1	ENSMUSG00000087221	
Setd4	1	ENSMUSG00000022948	
Trbv17	1	ENSMUSG00000076474	
Unk	1	ENSMUSG00000020770	
Setd7	1	ENSMUSG00000037111	
Setd6	1	ENSMUSG00000031671	
Tmprss13	1	ENSMUSG00000037129	
Ostm1	1	ENSMUSG00000038280	
Trbv16	1	ENSMUSG00000076473	
Trbv15	1	ENSMUSG00000076472	
Trbv14	1	ENSMUSG00000076471	
Gm36161	1	ENSMUSG00000114608	
Sf3b1	1	ENSMUSG00000025982	
Sf3b2	1	ENSMUSG00000024853	
Sf3b3	1	ENSMUSG00000033732	
Sf3b4	1	ENSMUSG00000068856	
Trbv29	1	ENSMUSG00000076480	
Sf3b5	1	ENSMUSG00000078348	
Sf3b6	1	ENSMUSG00000037361	
Trbv20	1	ENSMUSG00000076476	
Uox	1	ENSMUSG00000028186	
Adgrg5	1	ENSMUSG00000061577	
Rps6kl1	1	ENSMUSG00000019235	
Adgrg1	1	ENSMUSG00000031785	
Adgrg3	1	ENSMUSG00000060470	
Atn1	1	ENSMUSG00000004263	
Map3k9	1	ENSMUSG00000042724	
Ppef2	1	ENSMUSG00000029410	
Map3k8	1	ENSMUSG00000024235	
Map3k7	1	ENSMUSG00000028284	
Map3k6	1	ENSMUSG00000028862	
Map3k5	1	ENSMUSG00000071369	
Ltn1	1	ENSMUSG00000052299	
Map3k4	1	ENSMUSG00000014426	
Zcchc9	1	ENSMUSG00000021621	
Tgtp1	1	ENSMUSG00000078922	
Tgtp2	1	ENSMUSG00000078921	
Unc5cl	1	ENSMUSG00000043592	
Zcchc8	1	ENSMUSG00000029427	
Zcchc7	1	ENSMUSG00000035649	
Zfc3h1	1	ENSMUSG00000034163	
Scnm1	1	ENSMUSG00000092607	
Ccdc74a	1	ENSMUSG00000041617	
C130046K22Rik	1	ENSMUSG00000085154	
Zcchc2	1	ENSMUSG00000038866	
Amotl1	1	ENSMUSG00000013076	
Zcchc4	1	ENSMUSG00000029179	
Zcchc3	1	ENSMUSG00000074682	
2510002D24Rik	1	ENSMUSG00000071632	
Map3k3	1	ENSMUSG00000020700	
Map3k2	1	ENSMUSG00000024383	
Map3k1	1	ENSMUSG00000021754	
Coprs	1	ENSMUSG00000031458	
Shc4	1	ENSMUSG00000035109	
Shc1	1	ENSMUSG00000042626	
Cops3	1	ENSMUSG00000019373	
Fbxl8	1	ENSMUSG00000033313	
Pigbos1	1	ENSMUSG00000098332	
Cops4	1	ENSMUSG00000035297	
Fbxl9	1	ENSMUSG00000041679	
Cops5	1	ENSMUSG00000025917	
Cops6	1	ENSMUSG00000019494	
Synj1	1	ENSMUSG00000022973	
Cops2	1	ENSMUSG00000027206	
Fbxl2	1	ENSMUSG00000032507	
Fbxl3	1	ENSMUSG00000022124	
Nop16	1	ENSMUSG00000025869	
Fbxl4	1	ENSMUSG00000040410	
Cops8	1	ENSMUSG00000034432	
Fbxl5	1	ENSMUSG00000039753	
Nop14	1	ENSMUSG00000036693	
Cops9	1	ENSMUSG00000073616	
Fbxl6	1	ENSMUSG00000022559	
Ints13	1	ENSMUSG00000040250	
Hhat	1	ENSMUSG00000037375	
Ints14	1	ENSMUSG00000034263	
Nop10	1	ENSMUSG00000027133	
Ocel1	1	ENSMUSG00000002396	
Ints11	1	ENSMUSG00000029034	
Ints12	1	ENSMUSG00000028016	
Ints10	1	ENSMUSG00000031864	
Ust	1	ENSMUSG00000047712	
Synj2	1	ENSMUSG00000023805	
Ints15	1	ENSMUSG00000039244	
Slc46a1	1	ENSMUSG00000020829	
D9Wsu149	1	ENSMUSG00000111380	
Slc46a2	1	ENSMUSG00000028386	
Slc46a3	1	ENSMUSG00000029650	
4930500F04Rik	1	ENSMUSG00000107214	
4632428C04Rik	1	ENSMUSG00000097184	
Ccdc71l	1	ENSMUSG00000090946	
Smarcb1	1	ENSMUSG00000000902	
Frey1	1	ENSMUSG00000044916	
Adgrd1	1	ENSMUSG00000044017	
Nxpe1-ps	1	ENSMUSG00000109675	
Tkfc	1	ENSMUSG00000034371	
Fbxo2	1	ENSMUSG00000041556	
Smarca2	1	ENSMUSG00000024921	
Smarca4	1	ENSMUSG00000032187	
Smarca5	1	ENSMUSG00000031715	
Adgre4	1	ENSMUSG00000032915	
Glod4	1	ENSMUSG00000017286	
Adgre5	1	ENSMUSG00000002885	
Adgre1	1	ENSMUSG00000004730	
Atrx	1	ENSMUSG00000031229	
Catspere2	1	ENSMUSG00000091476	
Dnase1l2	1	ENSMUSG00000024136	
Fbxo3	1	ENSMUSG00000027180	
Dnase1l3	1	ENSMUSG00000025279	
Fbxo4	1	ENSMUSG00000022184	
Fbxo5	1	ENSMUSG00000019773	
Fth-ps2	1	ENSMUSG00000091313	
Dnase1l1	1	ENSMUSG00000019088	
Fbxo6	1	ENSMUSG00000055401	
Fth-ps3	1	ENSMUSG00000109706	
Fbxo7	1	ENSMUSG00000001786	
Fbxo8	1	ENSMUSG00000038206	
Fbxo9	1	ENSMUSG00000001366	
Atrn	1	ENSMUSG00000027312	
Megf10	1	ENSMUSG00000024593	
Megf11	1	ENSMUSG00000036466	
Smarcd1	1	ENSMUSG00000023018	
1810019N24Rik	1	ENSMUSG00000097115	
Ifrd1	1	ENSMUSG00000001627	
Smarcd3	1	ENSMUSG00000028949	
Ifrd2	1	ENSMUSG00000010048	
Smarcd2	1	ENSMUSG00000078619	
Cnrip1	1	ENSMUSG00000044629	
Shfl	1	ENSMUSG00000038884	
Syne3	1	ENSMUSG00000054150	
Reck	1	ENSMUSG00000028476	
Sel1l3	1	ENSMUSG00000029189	
Syne4	1	ENSMUSG00000019737	
Syne1	1	ENSMUSG00000096054	
Syne2	1	ENSMUSG00000063450	
Adgrf3	1	ENSMUSG00000067642	
Tmem161a	1	ENSMUSG00000002342	
Nop58	1	ENSMUSG00000026020	
Tmem161b	1	ENSMUSG00000035762	
Rec8	1	ENSMUSG00000002324	
Nop56	1	ENSMUSG00000027405	
Bmpr2	1	ENSMUSG00000067336	
Hhex	1	ENSMUSG00000024986	
Nop53	1	ENSMUSG00000041560	
Unkl	1	ENSMUSG00000015127	
Smarcc2	1	ENSMUSG00000025369	
Smarcc1	1	ENSMUSG00000032481	
Peg13	1	ENSMUSG00000106847	
Gm51802	1	ENSMUSG00000120321	
Peg12	1	ENSMUSG00000070526	
Ltv1	1	ENSMUSG00000019814	
Cage1	1	ENSMUSG00000044566	
Ptprjos1	1	ENSMUSG00000085471	
Uxt	1	ENSMUSG00000001134	
Dnaaf3	1	ENSMUSG00000055809	
Dnaaf2	1	ENSMUSG00000020973	
Synrg	1	ENSMUSG00000034940	
Dhx58	1	ENSMUSG00000017830	
Dnaaf9	1	ENSMUSG00000027309	
Dhx57	1	ENSMUSG00000035051	
Dnaaf8	1	ENSMUSG00000022543	
Dnaaf5	1	ENSMUSG00000025857	
Gm26839	1	ENSMUSG00000097917	
Slc33a1	1	ENSMUSG00000027822	
Spindoc	1	ENSMUSG00000024970	
Avpr2	1	ENSMUSG00000031390	
Gm13529	1	ENSMUSG00000081244	
Tent2	1	ENSMUSG00000042167	
Gm14859	1	ENSMUSG00000081263	
Fam193b	1	ENSMUSG00000021495	
Fam193a	1	ENSMUSG00000037210	
5430427G11Rik	1	ENSMUSG00000119988	
Dhx40	1	ENSMUSG00000018425	
Fbf1	1	ENSMUSG00000020776	
Themis2	1	ENSMUSG00000037731	
Epsti1	1	ENSMUSG00000022014	
Gm12226	1	ENSMUSG00000078151	
A930007I19Rik	1	ENSMUSG00000097855	
Gm12222	1	ENSMUSG00000060068	
Rps6kb1	1	ENSMUSG00000020516	
Dhx38	1	ENSMUSG00000037993	
Gm12229	1	ENSMUSG00000082503	
Rps6kb2	1	ENSMUSG00000024830	
Dhx37	1	ENSMUSG00000029480	
Dhx36	1	ENSMUSG00000027770	
Dhx35	1	ENSMUSG00000027655	
N4bp1	1	ENSMUSG00000031652	
Dhx34	1	ENSMUSG00000006019	
N4bp2	1	ENSMUSG00000037795	
Dhx33	1	ENSMUSG00000040620	
N4bp3	1	ENSMUSG00000001053	
Dhx32	1	ENSMUSG00000030986	
Dhx30	1	ENSMUSG00000032480	
Lilrb4b	1	ENSMUSG00000112023	
Lilrb4a	1	ENSMUSG00000112148	
BC060293	1	ENSMUSG00000108737	
Gm13543	1	ENSMUSG00000083745	
Gm13546	1	ENSMUSG00000086862	
Synpo	1	ENSMUSG00000043079	
Rtel1	1	ENSMUSG00000038685	
4930581F22Rik	1	ENSMUSG00000070315	
Dhx29	1	ENSMUSG00000042426	
Gm12216	1	ENSMUSG00000081769	
Rps6kc1	1	ENSMUSG00000089872	
2700062C07Rik	1	ENSMUSG00000024273	
Rap2b	1	ENSMUSG00000036894	
Rap2a	1	ENSMUSG00000051615	
Rap2c	1	ENSMUSG00000050029	
Fbh1	1	ENSMUSG00000058594	
Mexis	1	ENSMUSG00000086712	
9130002K18Rik	1	ENSMUSG00000115837	
Tmed8	1	ENSMUSG00000034111	
Tmed9	1	ENSMUSG00000058569	
Dhx16	1	ENSMUSG00000024422	
Dhx15	1	ENSMUSG00000029169	
Rap1a	1	ENSMUSG00000068798	
Recql5	1	ENSMUSG00000020752	
Recql4	1	ENSMUSG00000033762	
Rap1b	1	ENSMUSG00000052681	
4833407H14Rik	1	ENSMUSG00000097779	
Adgrl2	1	ENSMUSG00000028184	
Adgrl4	1	ENSMUSG00000039167	
Adgrl1	1	ENSMUSG00000013033	
Fbxw4	1	ENSMUSG00000040913	
Fbxw5	1	ENSMUSG00000015095	
Fbxw7	1	ENSMUSG00000028086	
Fbxw8	1	ENSMUSG00000032867	
Fbxw9	1	ENSMUSG00000008167	
Nr4a3	1	ENSMUSG00000028341	
Nr4a2	1	ENSMUSG00000026826	
Fbxw2	1	ENSMUSG00000035949	
Nr4a1	1	ENSMUSG00000023034	
Slc20a2	1	ENSMUSG00000037656	
Zfp24	1	ENSMUSG00000051469	
Slc20a1	1	ENSMUSG00000027397	
Stk11ip	1	ENSMUSG00000026213	
Rpl27a-ps4	1	ENSMUSG00000062461	
Mfap1a	1	ENSMUSG00000068479	
Mfap1b	1	ENSMUSG00000048222	
Zfp26	1	ENSMUSG00000063108	
Zfp27	1	ENSMUSG00000062040	
Zfp28	1	ENSMUSG00000062861	
Dtymk	1	ENSMUSG00000026281	
Mre11a	1	ENSMUSG00000031928	
Zc3hav1	1	ENSMUSG00000029826	
Zfp11	1	ENSMUSG00000051034	
Zfp12	1	ENSMUSG00000029587	
Zfp14	1	ENSMUSG00000053985	
Prkra	1	ENSMUSG00000002731	
Btf3-ps18	1	ENSMUSG00000110165	
Styx-ps	1	ENSMUSG00000071748	
Tmed2	1	ENSMUSG00000029390	
Gm14830	1	ENSMUSG00000081418	
Tmed3	1	ENSMUSG00000032353	
Copg1	1	ENSMUSG00000030058	
Copg2	1	ENSMUSG00000025607	
Tenm4	1	ENSMUSG00000048078	
Tmed1	1	ENSMUSG00000032180	
Tmed6	1	ENSMUSG00000031919	
Cd200r1	1	ENSMUSG00000022667	
Tmed7	1	ENSMUSG00000033184	
Cd200r4	1	ENSMUSG00000062082	
Tmed4	1	ENSMUSG00000004394	
Cd200r3	1	ENSMUSG00000036172	
Tmed5	1	ENSMUSG00000063406	
Polr1has	1	ENSMUSG00000036214	
Papss2	1	ENSMUSG00000024899	
Papss1	1	ENSMUSG00000028032	
Cdpf1	1	ENSMUSG00000064284	
Zmat5	1	ENSMUSG00000009076	
Zmat3	1	ENSMUSG00000027663	
Zmat2	1	ENSMUSG00000001383	
Zmat1	1	ENSMUSG00000052676	
Gm12286	1	ENSMUSG00000081600	
Shpk	1	ENSMUSG00000005951	
3830408C21Rik	1	ENSMUSG00000071181	
Gm24265	1	ENSMUSG00000119520	
Gen1	1	ENSMUSG00000051235	
Mfhas1	1	ENSMUSG00000070056	
Avpi1	1	ENSMUSG00000018821	
Gm12279	1	ENSMUSG00000087120	
Gm36266	1	ENSMUSG00000106617	
Rela	1	ENSMUSG00000024927	
Relb	1	ENSMUSG00000002983	
Shq1	1	ENSMUSG00000035378	
Trub2	1	ENSMUSG00000039826	
Reln	1	ENSMUSG00000042453	
Trub1	1	ENSMUSG00000025086	
Relt	1	ENSMUSG00000008318	
Vcl	1	ENSMUSG00000021823	
Vcp	1	ENSMUSG00000028452	
Ift20	1	ENSMUSG00000001105	
Ift22	1	ENSMUSG00000007987	
Ift27	1	ENSMUSG00000016637	
Cryl1	1	ENSMUSG00000021947	
Ift25	1	ENSMUSG00000063172	
Cpsf4	1	ENSMUSG00000029625	
Cpsf6	1	ENSMUSG00000055531	
Cpsf7	1	ENSMUSG00000034820	
Cpsf1	1	ENSMUSG00000034022	
0610009L18Rik	1	ENSMUSG00000043644	
Cpsf2	1	ENSMUSG00000041781	
Cpsf3	1	ENSMUSG00000054309	
Bambi	1	ENSMUSG00000024232	
Mxd1	1	ENSMUSG00000001156	
B430306N03Rik	1	ENSMUSG00000043740	
Fbn1	1	ENSMUSG00000027204	
Mxd3	1	ENSMUSG00000021485	
Mxd4	1	ENSMUSG00000037235	
Oplah	1	ENSMUSG00000022562	
Ift52	1	ENSMUSG00000017858	
4930558N01Rik	1	ENSMUSG00000120382	
Eif4e2	1	ENSMUSG00000026254	
Gm12247	1	ENSMUSG00000081223	
Tmem9	1	ENSMUSG00000026411	
Gm13578	1	ENSMUSG00000084104	
Mmadhc	1	ENSMUSG00000026766	
Ift56	1	ENSMUSG00000056832	
Gm12242	1	ENSMUSG00000082476	
Gm13572	1	ENSMUSG00000085975	
Ift57	1	ENSMUSG00000032965	
Copb2	1	ENSMUSG00000032458	
Gm26881	1	ENSMUSG00000096974	
Copb1	1	ENSMUSG00000030754	
Gm26887	1	ENSMUSG00000097120	
Get1	1	ENSMUSG00000023147	
Get3	1	ENSMUSG00000052456	
Get4	1	ENSMUSG00000025858	
Ccdc91	1	ENSMUSG00000030301	
Ift43	1	ENSMUSG00000007867	
Larp1	1	ENSMUSG00000037331	
Gm38882	1	ENSMUSG00000120675	
Gm36220	1	ENSMUSG00000120012	
1810055G02Rik	1	ENSMUSG00000035372	
Ccdc96	1	ENSMUSG00000050677	
Ccdc97	1	ENSMUSG00000002608	
Gm38883	1	ENSMUSG00000121125	
Gm13562	1	ENSMUSG00000086779	
Gm13561	1	ENSMUSG00000087518	
Ift46	1	ENSMUSG00000002031	
Ccdc92	1	ENSMUSG00000037979	
Ccdc93	1	ENSMUSG00000026339	
Rps6ka3	1	ENSMUSG00000031309	
Pira1	1	ENSMUSG00000081665	
Rps6ka4	1	ENSMUSG00000118668	
Pira2	1	ENSMUSG00000089942	
Rnf144a	1	ENSMUSG00000020642	
Rps6ka5	1	ENSMUSG00000021180	
Rnf144b	1	ENSMUSG00000038068	
Rer1	1	ENSMUSG00000029048	
Rps6ka1	1	ENSMUSG00000003644	
Ankrd33b	1	ENSMUSG00000022237	
Rps6ka2	1	ENSMUSG00000023809	
Micos10	1	ENSMUSG00000050608	
Acyp1	1	ENSMUSG00000008822	
Col20a1	1	ENSMUSG00000016356	
Acyp2	1	ENSMUSG00000060923	
Fbp1	1	ENSMUSG00000069805	
Gm26873	1	ENSMUSG00000097379	
Micos13	1	ENSMUSG00000049760	
Ift74	1	ENSMUSG00000028576	
A530064D06Rik	1	ENSMUSG00000043939	
Eif4g2	1	ENSMUSG00000005610	
Eif4g1	1	ENSMUSG00000045983	
Tmem74b	1	ENSMUSG00000044364	
Ccdc86	1	ENSMUSG00000024732	
Eif4g3	1	ENSMUSG00000028760	
Gm12263	1	ENSMUSG00000084145	
Fsip1	1	ENSMUSG00000027344	
Gm13594	1	ENSMUSG00000086881	
Ccdc82	1	ENSMUSG00000079084	
Dnase2a	1	ENSMUSG00000003812	
Rest	1	ENSMUSG00000029249	
Ccdc78	1	ENSMUSG00000071202	
E230032D23Rik	1	ENSMUSG00000109251	
Mxi1	1	ENSMUSG00000025025	
Bicra	1	ENSMUSG00000070808	
Kras	1	ENSMUSG00000030265	
Vhl	1	ENSMUSG00000033933	
Rsbn1	1	ENSMUSG00000044098	
Rere	1	ENSMUSG00000039852	
Gm12250	1	ENSMUSG00000082292	
Gm12251	1	ENSMUSG00000084384	
Napepld	1	ENSMUSG00000044968	
Fam199x	1	ENSMUSG00000042595	
Ccdc77	1	ENSMUSG00000030177	
Gm12258	1	ENSMUSG00000072915	
Ccdc73	1	ENSMUSG00000045106	
Gm12253	1	ENSMUSG00000058287	
Gm13586	1	ENSMUSG00000082931	
Ccdc71	1	ENSMUSG00000049305	
Ccdc69	1	ENSMUSG00000049588	
Adgrv1	1	ENSMUSG00000069170	
Eif4e3	1	ENSMUSG00000093661	
Vim	1	ENSMUSG00000026728	
Il17ra	1	ENSMUSG00000002897	
Il17rb	1	ENSMUSG00000015966	
1110038F14Rik	1	ENSMUSG00000063236	
Mief1	1	ENSMUSG00000022412	
Mief2	1	ENSMUSG00000018599	
Rev1	1	ENSMUSG00000026082	
Map10	1	ENSMUSG00000050930	
Fbrs	1	ENSMUSG00000042423	
Sap30bp	1	ENSMUSG00000020755	
Taf9b	1	ENSMUSG00000047242	
E030022I16Rik	1	ENSMUSG00000111264	
Pdcd11	1	ENSMUSG00000025047	
Pdcd10	1	ENSMUSG00000027835	
Mms19	1	ENSMUSG00000025159	
Rbm3-ps	1	ENSMUSG00000099875	
Ephx1	1	ENSMUSG00000038776	
Mcts2	1	ENSMUSG00000042814	
Ephx2	1	ENSMUSG00000022040	
Mcts1	1	ENSMUSG00000000355	
Rwdd2b	1	ENSMUSG00000041079	
C230062I16Rik	1	ENSMUSG00000063623	
Rwdd2a	1	ENSMUSG00000032417	
Antxr2	1	ENSMUSG00000029338	
Ikbkb	1	ENSMUSG00000031537	
Stk17b	1	ENSMUSG00000026094	
Stat6	1	ENSMUSG00000002147	
Stat4	1	ENSMUSG00000062939	
Man2c1	1	ENSMUSG00000032295	
Ikbkg	1	ENSMUSG00000004221	
Ikbke	1	ENSMUSG00000042349	
Kri1	1	ENSMUSG00000035047	
Edem2	1	ENSMUSG00000038312	
Edem1	1	ENSMUSG00000030104	
Sacm1l	1	ENSMUSG00000025240	
Edem3	1	ENSMUSG00000043019	
Stau2	1	ENSMUSG00000025920	
Stau1	1	ENSMUSG00000039536	
Pdcd2l	1	ENSMUSG00000002635	
Man2b2	1	ENSMUSG00000029119	
Man2b1	1	ENSMUSG00000005142	
Ikbip	1	ENSMUSG00000019975	
Gm34091	1	ENSMUSG00000106883	
Ceacam1	1	ENSMUSG00000074272	
Ceacam2	1	ENSMUSG00000054385	
Fhip1b	1	ENSMUSG00000044465	
Gm34095	1	ENSMUSG00000116409	
Man2a1	1	ENSMUSG00000024085	
Fhip1a	1	ENSMUSG00000051000	
Man2a2	1	ENSMUSG00000038886	
Ocstamp	1	ENSMUSG00000027670	
Ubap2	1	ENSMUSG00000028433	
Ubap1	1	ENSMUSG00000028437	
Epb41l4aos	1	ENSMUSG00000087590	
Phykpl	1	ENSMUSG00000020359	
Taf5l	1	ENSMUSG00000038697	
Taf6l	1	ENSMUSG00000003680	
Cenpc1	1	ENSMUSG00000029253	
Fhip2a	1	ENSMUSG00000033478	
Fhip2b	1	ENSMUSG00000022095	
Map1b	1	ENSMUSG00000052727	
Map1s	1	ENSMUSG00000019261	
Stat3	1	ENSMUSG00000004040	
Stat2	1	ENSMUSG00000040033	
Rc3h1	1	ENSMUSG00000040423	
Stat1	1	ENSMUSG00000026104	
Rc3h2	1	ENSMUSG00000075376	
Mien1	1	ENSMUSG00000002580	
Aup1	1	ENSMUSG00000068328	
Hid1	1	ENSMUSG00000034586	
Lurap1	1	ENSMUSG00000028701	
Gm12726	1	ENSMUSG00000082061	
Gm12727	1	ENSMUSG00000082768	
Gm12728	1	ENSMUSG00000083780	
Tle4	1	ENSMUSG00000024642	
Serinc5	1	ENSMUSG00000021703	
Tle3	1	ENSMUSG00000032280	
Tle2	1	ENSMUSG00000034771	
Serinc3	1	ENSMUSG00000017707	
Tle1	1	ENSMUSG00000008305	
Serinc1	1	ENSMUSG00000019877	
Vrk1	1	ENSMUSG00000021115	
Vrk2	1	ENSMUSG00000064090	
Vrk3	1	ENSMUSG00000002205	
Hic1	1	ENSMUSG00000043099	
Ilf2	1	ENSMUSG00000001016	
Tle6	1	ENSMUSG00000034758	
Tle5	1	ENSMUSG00000054452	
Gm12715	1	ENSMUSG00000059195	
Hic2	1	ENSMUSG00000050240	
Ilf3	1	ENSMUSG00000032178	
Khnyn	1	ENSMUSG00000047153	
Siae	1	ENSMUSG00000001942	
Slc49a4	1	ENSMUSG00000022848	
Gm11410	1	ENSMUSG00000083219	
Gm12743	1	ENSMUSG00000084968	
Gfap	1	ENSMUSG00000020932	
Alyref	1	ENSMUSG00000025134	
Gm12749	1	ENSMUSG00000083512	
Steap3	1	ENSMUSG00000026389	
Steap4	1	ENSMUSG00000012428	
Cyp51	1	ENSMUSG00000001467	
LTO1	1	ENSMUSG00000031072	
Gm11400	1	ENSMUSG00000081208	
Gm11401	1	ENSMUSG00000081153	
Gm11407	1	ENSMUSG00000082179	
Ccnt2	1	ENSMUSG00000026349	
Ccnt1	1	ENSMUSG00000011960	
Gm12734	1	ENSMUSG00000081451	
Gm11405	1	ENSMUSG00000083767	
Mybbp1a	1	ENSMUSG00000040463	
Sbno2	1	ENSMUSG00000035673	
Sbno1	1	ENSMUSG00000038095	
Sp3os	1	ENSMUSG00000063714	
Slc23a1	1	ENSMUSG00000024354	
Mier3	1	ENSMUSG00000032727	
Mier1	1	ENSMUSG00000028522	
Mier2	1	ENSMUSG00000042570	
Slc23a2	1	ENSMUSG00000027340	
Wdr83os	1	ENSMUSG00000059355	
5930411N13Rik	1	ENSMUSG00000104970	
2210414B05Rik	1	ENSMUSG00000085394	
Tlk2	1	ENSMUSG00000020694	
Tlk1	1	ENSMUSG00000041997	
Rfc5	1	ENSMUSG00000029363	
Rfc3	1	ENSMUSG00000033970	
Rfc4	1	ENSMUSG00000022881	
Rfc1	1	ENSMUSG00000029191	
Vwf	1	ENSMUSG00000001930	
Rfc2	1	ENSMUSG00000023104	
Pcbd2	1	ENSMUSG00000021496	
Pcbd1	1	ENSMUSG00000020098	
Arel1	1	ENSMUSG00000042350	
Pcolce	1	ENSMUSG00000029718	
Rhobtb2	1	ENSMUSG00000022075	
Samhd1	1	ENSMUSG00000027639	
Rhobtb1	1	ENSMUSG00000019944	
Rwdd4a	1	ENSMUSG00000031568	
Capn15	1	ENSMUSG00000037326	
Gatad1	1	ENSMUSG00000007415	
4930405A21Rik	1	ENSMUSG00000086638	
Gfer	1	ENSMUSG00000040888	
Rimoc1	1	ENSMUSG00000041935	
B4galnt4	1	ENSMUSG00000055629	
Ift70a1	1	ENSMUSG00000075271	
Hgsnat	1	ENSMUSG00000037260	
B4galnt1	1	ENSMUSG00000006731	
Rps27rt	1	ENSMUSG00000050621	
Furin	1	ENSMUSG00000030530	
Slc36a4	1	ENSMUSG00000043885	
Gm12708	1	ENSMUSG00000084918	
Lrrtm2	1	ENSMUSG00000071862	
Slc36a3	1	ENSMUSG00000049491	
Krr1	1	ENSMUSG00000063334	
Slc36a1	1	ENSMUSG00000020261	
5430416N02Rik	1	ENSMUSG00000097772	
2410002F23Rik	1	ENSMUSG00000045411	
Zwilch	1	ENSMUSG00000032400	
Capn10	1	ENSMUSG00000026270	
Capn12	1	ENSMUSG00000054083	
9230116N13Rik	1	ENSMUSG00000097403	
Nkiras1	1	ENSMUSG00000021772	
Nkiras2	1	ENSMUSG00000017837	
Gfi1	1	ENSMUSG00000029275	
4933433G15Rik	1	ENSMUSG00000097021	
Gm10143	1	ENSMUSG00000064032	
Cnnm4	1	ENSMUSG00000037408	
Fcf1	1	ENSMUSG00000021243	
Cnnm3	1	ENSMUSG00000001138	
Cnnm2	1	ENSMUSG00000064105	
Gm11478	1	ENSMUSG00000083992	
Smndc1	1	ENSMUSG00000025024	
Tesmin	1	ENSMUSG00000024905	
Zbed5	1	ENSMUSG00000034173	
Gm10146	1	ENSMUSG00000064317	
Zbed6	1	ENSMUSG00000094410	
Gm10145	1	ENSMUSG00000064208	
Zbed3	1	ENSMUSG00000041995	
Gm11474	1	ENSMUSG00000082687	
Zbed4	1	ENSMUSG00000034333	
Nubpl	1	ENSMUSG00000035142	
Sil1	1	ENSMUSG00000024357	
Tonsl	1	ENSMUSG00000059323	
Tnfsf4	1	ENSMUSG00000026700	
Gm47438	1	ENSMUSG00000111947	
Slc10a3	1	ENSMUSG00000032806	
Alox5ap	1	ENSMUSG00000060063	
Slc10a1	1	ENSMUSG00000021135	
Tnks2	1	ENSMUSG00000024811	
Esrp2	1	ENSMUSG00000084128	
Pcbp2	1	ENSMUSG00000056851	
Pcbp1	1	ENSMUSG00000051695	
Slc10a7	1	ENSMUSG00000031684	
Pcbp4	1	ENSMUSG00000023495	
Pcbp3	1	ENSMUSG00000001120	
Gm10132	1	ENSMUSG00000063556	
Gm34121	1	ENSMUSG00000108659	
Gm10136	1	ENSMUSG00000063754	
Gm12791	1	ENSMUSG00000081121	
Tnfsf8	1	ENSMUSG00000028362	
2900076A07Rik	1	ENSMUSG00000097277	
Tnfsf9	1	ENSMUSG00000035678	
Unc13b	1	ENSMUSG00000028456	
Gm10138	1	ENSMUSG00000100954	
Unc13a	1	ENSMUSG00000034799	
Gm12799	1	ENSMUSG00000082264	
Sik3	1	ENSMUSG00000034135	
Tcerg1l	1	ENSMUSG00000091002	
Dnhd1	1	ENSMUSG00000030882	
Sik2	1	ENSMUSG00000037112	
Sik1	1	ENSMUSG00000024042	
Tln2	1	ENSMUSG00000052698	
Rffl	1	ENSMUSG00000020696	
Tln1	1	ENSMUSG00000028465	
Unc13d	1	ENSMUSG00000057948	
Unc119	1	ENSMUSG00000002058	
Gm10163	1	ENSMUSG00000066443	
Mxra8	1	ENSMUSG00000029070	
Gm36756	1	ENSMUSG00000113634	
Gm10167	1	ENSMUSG00000066554	
Top3a	1	ENSMUSG00000002814	
4933421O10Rik	1	ENSMUSG00000085037	
Sec16b	1	ENSMUSG00000026589	
Fut11	1	ENSMUSG00000039357	
Sec16a	1	ENSMUSG00000026924	
Fut10	1	ENSMUSG00000046152	
Top3b	1	ENSMUSG00000022779	
Gm23472	1	ENSMUSG00000119668	
Prp2rt	1	ENSMUSG00000057762	
Gm22146	1	ENSMUSG00000117084	
Gm10154	1	ENSMUSG00000066116	
Trmt61a	1	ENSMUSG00000060950	
Ccnl2	1	ENSMUSG00000029068	
Particl	1	ENSMUSG00000108591	
Trmt61b	1	ENSMUSG00000085492	
Ccnl1	1	ENSMUSG00000027829	
Gm34102	1	ENSMUSG00000121189	
Gm10157	1	ENSMUSG00000066270	
Gm10156	1	ENSMUSG00000066245	
Gm2962	1	ENSMUSG00000089838	
Gapvd1	1	ENSMUSG00000026867	
Hip1	1	ENSMUSG00000039959	
Gfm1	1	ENSMUSG00000027774	
Gfm2	1	ENSMUSG00000021666	
C030013E06Rik	1	ENSMUSG00000120603	
Gm12764	1	ENSMUSG00000086184	
Aunip	1	ENSMUSG00000078521	
Gm10101	1	ENSMUSG00000061510	
Tes3-ps	1	ENSMUSG00000113255	
Clhc1	1	ENSMUSG00000020461	
Esrra	1	ENSMUSG00000024955	
Gm36738	1	ENSMUSG00000116097	
Gm2999	1	ENSMUSG00000115868	
Gm10109	1	ENSMUSG00000062073	
Bank1	1	ENSMUSG00000037922	
Gm2991	1	ENSMUSG00000092454	
Eef2kmt	1	ENSMUSG00000022544	
Esrrg	1	ENSMUSG00000026610	
A330040F15Rik	1	ENSMUSG00000086213	
Nfxl1	1	ENSMUSG00000072889	
Synj2bp	1	ENSMUSG00000090935	
Bbs10	1	ENSMUSG00000035759	
Bbs12	1	ENSMUSG00000051444	
Sting1	1	ENSMUSG00000024349	
Gm12751	1	ENSMUSG00000062554	
Gm11423	1	ENSMUSG00000085175	
Ints6l	1	ENSMUSG00000035967	
Gm35417	1	ENSMUSG00000120580	
Tlr1	1	ENSMUSG00000044827	
G430095P16Rik	1	ENSMUSG00000074203	
Cacfd1	1	ENSMUSG00000015488	
Gm2986	1	ENSMUSG00000083700	
Gm11425	1	ENSMUSG00000082419	
C330011M18Rik	1	ENSMUSG00000056753	
Top2b	1	ENSMUSG00000017485	
Gm11427	1	ENSMUSG00000083161	
Gm12758	1	ENSMUSG00000085105	
Top2a	1	ENSMUSG00000020914	
Tlr9	1	ENSMUSG00000045322	
Wac	1	ENSMUSG00000024283	
Gm2981	1	ENSMUSG00000111027	
Tlr8	1	ENSMUSG00000040522	
Altre	1	ENSMUSG00000086628	
Tlr7	1	ENSMUSG00000044583	
Tlr6	1	ENSMUSG00000051498	
Tlr4	1	ENSMUSG00000039005	
Tlr3	1	ENSMUSG00000031639	
Aspscr1	1	ENSMUSG00000025142	
Tlr2	1	ENSMUSG00000027995	
Gars1	1	ENSMUSG00000029777	
Gm22107	1	ENSMUSG00000084497	
Chchd10	1	ENSMUSG00000049422	
Ccng1	1	ENSMUSG00000020326	
Ccng2	1	ENSMUSG00000029385	
Was	1	ENSMUSG00000031165	
Gm10120	1	ENSMUSG00000112909	
Gm11454	1	ENSMUSG00000086152	
Ncoa7	1	ENSMUSG00000039697	
Stbd1	1	ENSMUSG00000047963	
Gm10123	1	ENSMUSG00000062933	
Ier3ip1	1	ENSMUSG00000090000	
Ncoa2	1	ENSMUSG00000005886	
Ncoa1	1	ENSMUSG00000020647	
Ncoa4	1	ENSMUSG00000056234	
Ncoa3	1	ENSMUSG00000027678	
Ncoa6	1	ENSMUSG00000038369	
Ncoa5	1	ENSMUSG00000039804	
Nubp2	1	ENSMUSG00000039183	
Nubp1	1	ENSMUSG00000022503	
Cetn4	1	ENSMUSG00000045031	
Cetn3	1	ENSMUSG00000021537	
Cetn2	1	ENSMUSG00000031347	
Gm12774	1	ENSMUSG00000082684	
Norad	1	ENSMUSG00000102869	
Gm12778	1	ENSMUSG00000081491	
Zfyve9	1	ENSMUSG00000034557	
Zfyve1	1	ENSMUSG00000042628	
Hbq1a	1	ENSMUSG00000020295	
Ccne1	1	ENSMUSG00000002068	
Ccne2	1	ENSMUSG00000028212	
Eif1ad	1	ENSMUSG00000024841	
Hbq1b	1	ENSMUSG00000073063	
Mycl	1	ENSMUSG00000028654	
Tpra1	1	ENSMUSG00000002871	
Sit1	1	ENSMUSG00000028460	
Gimap1os	1	ENSMUSG00000044867	
Terb1	1	ENSMUSG00000052616	
Procr	1	ENSMUSG00000027611	
Aldh18a1	1	ENSMUSG00000025007	
Rfng	1	ENSMUSG00000025158	
Sec11c	1	ENSMUSG00000024516	
Sec11a	1	ENSMUSG00000025724	
Hira	1	ENSMUSG00000022702	
Ifngas1	1	ENSMUSG00000112230	
Ruvbl2	1	ENSMUSG00000003868	
Ruvbl1	1	ENSMUSG00000030079	
Prodh	1	ENSMUSG00000003526	
Myg1	1	ENSMUSG00000001285	
Adissp	1	ENSMUSG00000027327	
2310047K21Rik	1	ENSMUSG00000120507	
Or5b21	1	ENSMUSG00000046272	
Ccnd2	1	ENSMUSG00000000184	
Ccnd3	1	ENSMUSG00000034165	
Fcmr	1	ENSMUSG00000042474	
Ccnd1	1	ENSMUSG00000070348	
Fcnb	1	ENSMUSG00000026835	
Fcna	1	ENSMUSG00000026938	
Ndrg3	1	ENSMUSG00000027634	
Eif1ax	1	ENSMUSG00000067194	
Ndrg4	1	ENSMUSG00000036564	
Banf1	1	ENSMUSG00000024844	
9930120I10Rik	1	ENSMUSG00000108120	
Ndrg1	1	ENSMUSG00000005125	
Ndrg2	1	ENSMUSG00000004558	
H2-Q10	1	ENSMUSG00000067235	
Sorcs2	1	ENSMUSG00000029093	
Psrc1	1	ENSMUSG00000068744	
Ccna2	1	ENSMUSG00000027715	
Ywhaq	1	ENSMUSG00000076432	
Arhgdib	1	ENSMUSG00000030220	
Arhgdia	1	ENSMUSG00000025132	
Ywhah	1	ENSMUSG00000018965	
Ywhag	1	ENSMUSG00000051391	
Glrx5	1	ENSMUSG00000021102	
Glrx3	1	ENSMUSG00000031068	
Ywhae	1	ENSMUSG00000020849	
Six5	1	ENSMUSG00000040841	
Ywhab	1	ENSMUSG00000018326	
Phf21a	1	ENSMUSG00000058318	
Mir6236	1	ENSMUSG00000098973	
Phf21b	1	ENSMUSG00000016624	
Glrx2	1	ENSMUSG00000018196	
Golph3l	1	ENSMUSG00000046519	
Ccnb2	1	ENSMUSG00000032218	
Aven	1	ENSMUSG00000003604	
Fcor	1	ENSMUSG00000089665	
Ccnb1	1	ENSMUSG00000041431	
Gm10171	1	ENSMUSG00000089803	
Tmem41b	1	ENSMUSG00000047554	
BC024063	1	ENSMUSG00000112160	
Tmem41a	1	ENSMUSG00000022856	
Gm10177	1	ENSMUSG00000090136	
Rft1	1	ENSMUSG00000052395	
Myh9	1	ENSMUSG00000022443	
Ywhaz	1	ENSMUSG00000022285	
Prob1	1	ENSMUSG00000073600	
Wiz	1	ENSMUSG00000024050	
1110002L01Rik	1	ENSMUSG00000071456	
Trav7d-4	1	ENSMUSG00000094023	
Fcsk	1	ENSMUSG00000033703	
Mcur1	1	ENSMUSG00000021371	
Rpl28-ps1	1	ENSMUSG00000058603	
Rpl28-ps3	1	ENSMUSG00000079942	
Gm10193	1	ENSMUSG00000101330	
R3hdm4	1	ENSMUSG00000035781	
R3hdm1	1	ENSMUSG00000056211	
R3hdm2	1	ENSMUSG00000025404	
4930473A02Rik	1	ENSMUSG00000060029	
Rrbp1	1	ENSMUSG00000027422	
1700001L05Rik	1	ENSMUSG00000075511	
Gfus	1	ENSMUSG00000022570	
Phrf1	1	ENSMUSG00000038611	
Kbtbd11	1	ENSMUSG00000055675	
Zfp954	1	ENSMUSG00000062116	
Zfp956	1	ENSMUSG00000045466	
Zfp951	1	ENSMUSG00000072774	
Tnfrsf11a	1	ENSMUSG00000026321	
Zfp950	1	ENSMUSG00000074733	
Zfp953	1	ENSMUSG00000098905	
Zfp952	1	ENSMUSG00000053390	
Cyb5d2	1	ENSMUSG00000057778	
Zfp959	1	ENSMUSG00000003198	
Cyb5d1	1	ENSMUSG00000044795	
Zfp958	1	ENSMUSG00000058748	
Wls	1	ENSMUSG00000028173	
Upb1	1	ENSMUSG00000033427	
Avil	1	ENSMUSG00000025432	
Rfx2	1	ENSMUSG00000024206	
Rfx3	1	ENSMUSG00000040929	
Maml3	1	ENSMUSG00000061143	
Rfx1	1	ENSMUSG00000031706	
Ccdc90b	1	ENSMUSG00000030613	
Adrm1b	1	ENSMUSG00000042165	
1700064N11Rik	1	ENSMUSG00000120053	
Myl4	1	ENSMUSG00000061086	
Zfp944	1	ENSMUSG00000033972	
Zfp943	1	ENSMUSG00000053347	
Myl6	1	ENSMUSG00000090841	
Zfp946	1	ENSMUSG00000071266	
Zfp945	1	ENSMUSG00000059142	
Zfp940	1	ENSMUSG00000050855	
Rfx7	1	ENSMUSG00000037674	
B230219D22Rik	1	ENSMUSG00000045767	
Zfp942	1	ENSMUSG00000071267	
Rfx5	1	ENSMUSG00000005774	
Tnfrsf10b	1	ENSMUSG00000022074	
Ier5l	1	ENSMUSG00000089762	
Raph1	1	ENSMUSG00000026014	
Rcbtb1	1	ENSMUSG00000035469	
Zfp948	1	ENSMUSG00000067931	
Rcbtb2	1	ENSMUSG00000022106	
Zfp949	1	ENSMUSG00000032425	
Zfp36l1-ps	1	ENSMUSG00000080942	
2010110K18Rik	1	ENSMUSG00000097755	
Zfp933	1	ENSMUSG00000059423	
Zfp932	1	ENSMUSG00000066613	
Zfp935	1	ENSMUSG00000113450	
Zfp934	1	ENSMUSG00000074865	
Maml1	1	ENSMUSG00000050567	
Maml2	1	ENSMUSG00000031925	
Zfp931	1	ENSMUSG00000078861	
Myo6	1	ENSMUSG00000033577	
Zfp930	1	ENSMUSG00000059897	
Phf11b	1	ENSMUSG00000091649	
Phf11c	1	ENSMUSG00000091144	
Phf11d	1	ENSMUSG00000068245	
Zfp937	1	ENSMUSG00000060336	
Phf11a	1	ENSMUSG00000044703	
Zfp938	1	ENSMUSG00000062931	
Ogfod1	1	ENSMUSG00000033009	
Ogfod2	1	ENSMUSG00000023707	
4732491K20Rik	1	ENSMUSG00000097350	
Tma7	1	ENSMUSG00000091537	
Fam91a1	1	ENSMUSG00000037119	
Gsdme	1	ENSMUSG00000029821	
Gsdmd	1	ENSMUSG00000022575	
Thyn1	1	ENSMUSG00000035443	
Ogfod3	1	ENSMUSG00000025169	
Avl9	1	ENSMUSG00000029787	
Kbtbd12	1	ENSMUSG00000033182	
Xylb	1	ENSMUSG00000035769	
Rps8-ps1	1	ENSMUSG00000071303	
D330050I16Rik	1	ENSMUSG00000117959	
Myof	1	ENSMUSG00000048612	
Zfp991	1	ENSMUSG00000067916	
Rps8-ps5	1	ENSMUSG00000082901	
Zfp993	1	ENSMUSG00000063245	
Zfp992	1	ENSMUSG00000070605	
Jph1	1	ENSMUSG00000042686	
Pou2f1	1	ENSMUSG00000026565	
Zfp995	1	ENSMUSG00000078546	
Zfp994	1	ENSMUSG00000096433	
Pou2f2	1	ENSMUSG00000008496	
Depdc1a	1	ENSMUSG00000028175	
H3f3c	1	ENSMUSG00000082029	
Depdc1b	1	ENSMUSG00000021697	
H3f3b	1	ENSMUSG00000016559	
H3f3a	1	ENSMUSG00000060743	
Mynn	1	ENSMUSG00000037730	
Tmc8	1	ENSMUSG00000050106	
Tmc7	1	ENSMUSG00000042246	
Tmc6	1	ENSMUSG00000025572	
Sec31b	1	ENSMUSG00000051984	
Sec31a	1	ENSMUSG00000035325	
Tmc4	1	ENSMUSG00000019734	
Ciapin1	1	ENSMUSG00000031781	
Upf1	1	ENSMUSG00000058301	
Upf2	1	ENSMUSG00000043241	
Il18r1	1	ENSMUSG00000026070	
Zfp984	1	ENSMUSG00000078495	
Zfp983	1	ENSMUSG00000035868	
Ccndbp1	1	ENSMUSG00000023572	
Tmf1	1	ENSMUSG00000030059	
Prpsap2	1	ENSMUSG00000020528	
Prpsap1	1	ENSMUSG00000015869	
Sipa1l1	1	ENSMUSG00000042700	
Zfp971	1	ENSMUSG00000074519	
Psenen-ps	1	ENSMUSG00000056412	
Gga2	1	ENSMUSG00000030872	
Zfp977	1	ENSMUSG00000092335	
Gga1	1	ENSMUSG00000033128	
Zfp976	1	ENSMUSG00000074158	
3110040N11Rik	1	ENSMUSG00000025102	
Wrn	1	ENSMUSG00000031583	
Gga3	1	ENSMUSG00000020740	
Zfp972	1	ENSMUSG00000074529	
Zfp975	1	ENSMUSG00000069727	
Zfp974	1	ENSMUSG00000070709	
Ercc6l2	1	ENSMUSG00000021470	
Sipa1l3	1	ENSMUSG00000030583	
Sipa1l2	1	ENSMUSG00000001995	
Cnksr3	1	ENSMUSG00000015202	
Grap2	1	ENSMUSG00000042351	
Zfp960	1	ENSMUSG00000096696	
1810044D09Rik	1	ENSMUSG00000100680	
Znfx1	1	ENSMUSG00000039501	
4930423K06Rik	1	ENSMUSG00000121083	
Vsir	1	ENSMUSG00000020101	
Zfp961	1	ENSMUSG00000052446	
Zfp964	1	ENSMUSG00000091764	
Zfp963	1	ENSMUSG00000092260	
D830036C21Rik	1	ENSMUSG00000108854	
Atxn7l3b	1	ENSMUSG00000074748	
Slc48a1	1	ENSMUSG00000081534	
Naglu	1	ENSMUSG00000001751	
Gm11510	1	ENSMUSG00000084411	
Phpt1	1	ENSMUSG00000036504	
Bscl2	1	ENSMUSG00000071657	
Bysl	1	ENSMUSG00000023988	
Gm11517	1	ENSMUSG00000081249	
Cstpp1	1	ENSMUSG00000040591	
Gm11518	1	ENSMUSG00000081604	
Gm12844	1	ENSMUSG00000084260	
Ybx1-ps2	1	ENSMUSG00000107035	
Clip2	1	ENSMUSG00000063146	
Clip1	1	ENSMUSG00000049550	
Ehhadh	1	ENSMUSG00000022853	
Mdm4-ps	1	ENSMUSG00000081739	
Acaa1b	1	ENSMUSG00000010651	
Acaa1a	1	ENSMUSG00000036138	
Gm11531	1	ENSMUSG00000075587	
Ggct	1	ENSMUSG00000002797	
Gm11539	1	ENSMUSG00000083337	
Tmie	1	ENSMUSG00000049555	
Rgcc	1	ENSMUSG00000022018	
Ggcx	1	ENSMUSG00000053460	
Nucks1	1	ENSMUSG00000026434	
Gm10209	1	ENSMUSG00000108080	
Cnot3	1	ENSMUSG00000035632	
Cnot2	1	ENSMUSG00000020166	
Cnot1	1	ENSMUSG00000036550	
Selenok-ps5	1	ENSMUSG00000113504	
Cnot7	1	ENSMUSG00000031601	
Tada3	1	ENSMUSG00000048930	
Cnot6	1	ENSMUSG00000020362	
Cnot4	1	ENSMUSG00000038784	
Gm11520	1	ENSMUSG00000085143	
Cnot9	1	ENSMUSG00000026174	
Tada1	1	ENSMUSG00000026563	
Cnot8	1	ENSMUSG00000020515	
Pxylp1	1	ENSMUSG00000043587	
Iftap	1	ENSMUSG00000027165	
Gm12854	1	ENSMUSG00000078238	
Sigmar1	1	ENSMUSG00000036078	
Ildr1	1	ENSMUSG00000022900	
A730063M14Rik	1	ENSMUSG00000112639	
Slc35b1	1	ENSMUSG00000020873	
Slc35b4	1	ENSMUSG00000018999	
Slc35b3	1	ENSMUSG00000021432	
Slc35b2	1	ENSMUSG00000037089	
5730455P16Rik	1	ENSMUSG00000057181	
Kctd12b	1	ENSMUSG00000041633	
5031434O11Rik	1	ENSMUSG00000097885	
Upp1	1	ENSMUSG00000020407	
Slc35a5	1	ENSMUSG00000022664	
Nagpa	1	ENSMUSG00000023143	
Ksr1	1	ENSMUSG00000018334	
Slc35a4	1	ENSMUSG00000033272	
Slc35a3	1	ENSMUSG00000027957	
Sypl1	1	ENSMUSG00000020570	
Slc35a2	1	ENSMUSG00000031156	
Slc35a1	1	ENSMUSG00000028293	
Epha1	1	ENSMUSG00000029859	
Epha2	1	ENSMUSG00000006445	
Epha4	1	ENSMUSG00000026235	
Epha7	1	ENSMUSG00000028289	
Dipk1b	1	ENSMUSG00000036186	
Dipk1a	1	ENSMUSG00000029270	
Triap1	1	ENSMUSG00000029535	
Dtnbp1	1	ENSMUSG00000057531	
Ly6a2	1	ENSMUSG00000102051	
2310034G01Rik	1	ENSMUSG00000099655	
Immt	1	ENSMUSG00000052337	
Dipk2a	1	ENSMUSG00000045414	
Ephb4	1	ENSMUSG00000029710	
Ephb6	1	ENSMUSG00000029869	
Eif2s2	1	ENSMUSG00000074656	
Eif2s1	1	ENSMUSG00000021116	
Shcbp1	1	ENSMUSG00000022322	
H2az1	1	ENSMUSG00000037894	
H2az2	1	ENSMUSG00000041126	
Wasf2	1	ENSMUSG00000028868	
Eeig1	1	ENSMUSG00000039157	
Rps2-ps13	1	ENSMUSG00000081684	
Rps2-ps10	1	ENSMUSG00000091957	
AF357399	1	ENSMUSG00000077711	
Eeig2	1	ENSMUSG00000040339	
Rps2-ps11	1	ENSMUSG00000104280	
Gm12816	1	ENSMUSG00000083011	
Mir150	1	ENSMUSG00000065495	
Mir692-1	1	ENSMUSG00000076218	
Gm12818	1	ENSMUSG00000082678	
Jpt1	1	ENSMUSG00000020737	
Slc35f5	1	ENSMUSG00000026342	
Gm46218	1	ENSMUSG00000110830	
Slc35f2	1	ENSMUSG00000042195	
Jpt2	1	ENSMUSG00000024165	
Slc35f6	1	ENSMUSG00000029175	
Cyb5rl	1	ENSMUSG00000028621	
Nhlrc1	1	ENSMUSG00000044231	
A630001O12Rik	1	ENSMUSG00000110498	
Gm10263	1	ENSMUSG00000066407	
Nhlrc2	1	ENSMUSG00000025078	
Gm11598	1	ENSMUSG00000082456	
Cbll1	1	ENSMUSG00000020659	
Gm11592	1	ENSMUSG00000086680	
Inka1	1	ENSMUSG00000042106	
A430073D23Rik	1	ENSMUSG00000105471	
Inka2	1	ENSMUSG00000048458	
Herpud1	1	ENSMUSG00000031770	
Gm10269	1	ENSMUSG00000091449	
Uprt	1	ENSMUSG00000073016	
Gm2830	1	ENSMUSG00000086567	
Hexim1	1	ENSMUSG00000048878	
Nhlrc3	1	ENSMUSG00000042997	
Hexim2	1	ENSMUSG00000043372	
Nhlrc4	1	ENSMUSG00000090113	
Hspa14	1	ENSMUSG00000109865	
Hspa13	1	ENSMUSG00000032932	
Herpud2	1	ENSMUSG00000008429	
Slc35e4	1	ENSMUSG00000048807	
Slc35e3	1	ENSMUSG00000060181	
Slc35e2	1	ENSMUSG00000042202	
Rraga	1	ENSMUSG00000070934	
Slc35e1	1	ENSMUSG00000019731	
Rragb	1	ENSMUSG00000041658	
Imp3	1	ENSMUSG00000032288	
Rragc	1	ENSMUSG00000028646	
Rragd	1	ENSMUSG00000028278	
Vdac2	1	ENSMUSG00000021771	
Vdac3	1	ENSMUSG00000008892	
Imp4	1	ENSMUSG00000026127	
Gm10250	1	ENSMUSG00000068706	
Vdac1	1	ENSMUSG00000020402	
Gm10257	1	ENSMUSG00000114759	
Zfpm1	1	ENSMUSG00000049577	
Gm10254	1	ENSMUSG00000069011	
Nr6a1	1	ENSMUSG00000063972	
Slc35d2	1	ENSMUSG00000033114	
Slc35d1	1	ENSMUSG00000028521	
Slc22a5	1	ENSMUSG00000018900	
Slc22a4	1	ENSMUSG00000020334	
Agfg1	1	ENSMUSG00000026159	
Gm10288	1	ENSMUSG00000070343	
Agfg2	1	ENSMUSG00000029722	
Gm35549	1	ENSMUSG00000107504	
Vipr1	1	ENSMUSG00000032528	
Umad1	1	ENSMUSG00000089862	
Ubac2	1	ENSMUSG00000041765	
Ubac1	1	ENSMUSG00000036352	
Pag1	1	ENSMUSG00000027508	
Elavl1	1	ENSMUSG00000040028	
Dguok	1	ENSMUSG00000014554	
Slc35c2	1	ENSMUSG00000017664	
Slc35c1	1	ENSMUSG00000049922	
Nipsnap1	1	ENSMUSG00000034285	
Gm46209	1	ENSMUSG00000112474	
Nipsnap2	1	ENSMUSG00000029432	
Comtd1	1	ENSMUSG00000021773	
Eaf1	1	ENSMUSG00000021890	
Eaf2	1	ENSMUSG00000022838	
Gm10275	1	ENSMUSG00000069682	
Gm34220	1	ENSMUSG00000114045	
Pitpnm2	1	ENSMUSG00000029406	
1700087I21Rik	1	ENSMUSG00000115099	
Coro7	1	ENSMUSG00000039637	
Pitpnm1	1	ENSMUSG00000024851	
Stag3	1	ENSMUSG00000036928	
Stag2	1	ENSMUSG00000025862	
Stag1	1	ENSMUSG00000037286	
Gm2848	1	ENSMUSG00000120488	
Gm34225	1	ENSMUSG00000108722	
Ly6c1	1	ENSMUSG00000079018	
Zrsr2	1	ENSMUSG00000031370	
5033430I15Rik	1	ENSMUSG00000038152	
Siah2	1	ENSMUSG00000036432	
Paf1	1	ENSMUSG00000003437	
Rgl1	1	ENSMUSG00000026482	
Rgl2	1	ENSMUSG00000041354	
Ly6c2	1	ENSMUSG00000022584	
Tmpo	1	ENSMUSG00000019961	
Nuak2	1	ENSMUSG00000009772	
Pla2g4c	1	ENSMUSG00000033847	
Pla2g4b	1	ENSMUSG00000098488	
Pla2g4a	1	ENSMUSG00000056220	
Gm10224	1	ENSMUSG00000080932	
Prmt9	1	ENSMUSG00000037134	
Rgmb	1	ENSMUSG00000048027	
Gm10222	1	ENSMUSG00000067736	
Gm10221	1	ENSMUSG00000067719	
Prmt5	1	ENSMUSG00000023110	
Retreg3	1	ENSMUSG00000017802	
Prmt6	1	ENSMUSG00000049300	
Prmt7	1	ENSMUSG00000060098	
Manba	1	ENSMUSG00000028164	
Prmt1	1	ENSMUSG00000109324	
Prmt2	1	ENSMUSG00000020230	
Prmt3	1	ENSMUSG00000030505	
1700019L13Rik	1	ENSMUSG00000111639	
Gm12870	1	ENSMUSG00000082279	
Retreg1	1	ENSMUSG00000022270	
Retreg2	1	ENSMUSG00000049339	
Mzb1	1	ENSMUSG00000024353	
Tma7-ps	1	ENSMUSG00000059058	
Tppp3	1	ENSMUSG00000014846	
Hspa1b	1	ENSMUSG00000090877	
Erp27	1	ENSMUSG00000030219	
Gm10241	1	ENSMUSG00000084838	
Hspa1a	1	ENSMUSG00000091971	
Tomm5	1	ENSMUSG00000078713	
Gm10240	1	ENSMUSG00000068397	
Erp29	1	ENSMUSG00000029616	
Clic1	1	ENSMUSG00000007041	
Gm10244	1	ENSMUSG00000068601	
Gm10243	1	ENSMUSG00000095526	
Tomm7	1	ENSMUSG00000028998	
Clic5	1	ENSMUSG00000023959	
Clic3	1	ENSMUSG00000015093	
Pak1	1	ENSMUSG00000030774	
Clic4	1	ENSMUSG00000037242	
Gm10247	1	ENSMUSG00000068674	
Atrnl1	1	ENSMUSG00000054843	
Gm36839	1	ENSMUSG00000113170	
Stab2	1	ENSMUSG00000035459	
Glud-ps	1	ENSMUSG00000108799	
Cep170b	1	ENSMUSG00000072825	
Pak2	1	ENSMUSG00000022781	
Xdh	1	ENSMUSG00000024066	
Pak4	1	ENSMUSG00000030602	
H2bc9	1	ENSMUSG00000114456	
Ccdc88a	1	ENSMUSG00000032740	
Il18bp	1	ENSMUSG00000070427	
Ccdc88b	1	ENSMUSG00000047810	
H2bc8	1	ENSMUSG00000058385	
Ccdc88c	1	ENSMUSG00000021182	
H2bc6	1	ENSMUSG00000047246	
H2bc3	1	ENSMUSG00000075031	
R3hcc1	1	ENSMUSG00000034194	
H2bc4	1	ENSMUSG00000018102	
Stac2	1	ENSMUSG00000017400	
D330041H03Rik	1	ENSMUSG00000073437	
Gm11560	1	ENSMUSG00000086688	
Mpzl1	1	ENSMUSG00000026566	
Slc35g1	1	ENSMUSG00000044026	
Corin	1	ENSMUSG00000005220	
Gm10232	1	ENSMUSG00000068141	
Mpzl3	1	ENSMUSG00000070305	
Rgp1	1	ENSMUSG00000028468	
Tgfb1i1	1	ENSMUSG00000030782	
Gm2885	1	ENSMUSG00000120277	
Erp44	1	ENSMUSG00000028343	
Stap1	1	ENSMUSG00000029254	
Wwc2	1	ENSMUSG00000031563	
Wwc1	1	ENSMUSG00000018849	
Suds3	1	ENSMUSG00000066900	
Asic1	1	ENSMUSG00000023017	
Sec22c	1	ENSMUSG00000061536	
Sec22b	1	ENSMUSG00000027879	
Sec22a	1	ENSMUSG00000034473	
Rgs4	1	ENSMUSG00000038530	
Pitpnc1	1	ENSMUSG00000040430	
Rgs2	1	ENSMUSG00000026360	
Rgs3	1	ENSMUSG00000059810	
Rgs1	1	ENSMUSG00000026358	
Ggt1	1	ENSMUSG00000006345	
Rgs9	1	ENSMUSG00000020599	
B930046K06Rik	1	ENSMUSG00000120844	
Taf4b	1	ENSMUSG00000054321	
Sec23b	1	ENSMUSG00000027429	
Sec23a	1	ENSMUSG00000020986	
Tmx4	1	ENSMUSG00000034723	
Pla2g15	1	ENSMUSG00000031903	
Tmx3	1	ENSMUSG00000024614	
Tmx2	1	ENSMUSG00000050043	
Tmx1	1	ENSMUSG00000021072	
Manea	1	ENSMUSG00000040520	
Mzf1	1	ENSMUSG00000030380	
6430550D23Rik	1	ENSMUSG00000074646	
Snora19	1	ENSMUSG00002075991	
Fdps	1	ENSMUSG00000059743	
Pla2g2d	1	ENSMUSG00000041202	
Taf1d	1	ENSMUSG00000031939	
Taf1a	1	ENSMUSG00000072258	
Taf1c	1	ENSMUSG00000031832	
Taf1b	1	ENSMUSG00000059669	
Qdpr	1	ENSMUSG00000015806	
Rras2	1	ENSMUSG00000055723	
Ggt5	1	ENSMUSG00000006344	
Ggt7	1	ENSMUSG00000027603	
Vta1	1	ENSMUSG00000019868	
Zfp882	1	ENSMUSG00000089857	
1700123M08Rik	1	ENSMUSG00000085614	
Pan2	1	ENSMUSG00000005682	
Pan3	1	ENSMUSG00000029647	
Palm	1	ENSMUSG00000035863	
Rfxank	1	ENSMUSG00000036120	
Epb41l4b	1	ENSMUSG00000028434	
Epb41l4a	1	ENSMUSG00000024376	
Lats1	1	ENSMUSG00000040021	
Mthfd1l	1	ENSMUSG00000040675	
Lats2	1	ENSMUSG00000021959	
4930412M03Rik	1	ENSMUSG00000051008	
Taf15	1	ENSMUSG00000020680	
Taf11	1	ENSMUSG00000024218	
Tbl1xr1	1	ENSMUSG00000027630	
Taf10	1	ENSMUSG00000043866	
Taf13	1	ENSMUSG00000048100	
Taf12	1	ENSMUSG00000028899	
Mtfr1l	1	ENSMUSG00000046671	
Neto2	1	ENSMUSG00000036902	
Ear1	1	ENSMUSG00000072601	
Eapp	1	ENSMUSG00000054302	
Ear2	1	ENSMUSG00000072596	
Paox	1	ENSMUSG00000025464	
Hibch	1	ENSMUSG00000041426	
Mthfd2l	1	ENSMUSG00000029376	
Stam2	1	ENSMUSG00000055371	
Gm10293	1	ENSMUSG00000070490	
Mctp2	1	ENSMUSG00000032776	
9030407P20Rik	1	ENSMUSG00000097343	
Scpep1	1	ENSMUSG00000000278	
6030442K20Rik	1	ENSMUSG00000097760	
BC051537	1	ENSMUSG00000098197	
Cyb5r4	1	ENSMUSG00000032872	
Cyb5r3	1	ENSMUSG00000018042	
Cyb5r2	1	ENSMUSG00000048065	
Specc1l	1	ENSMUSG00000033444	
Cyb5r1	1	ENSMUSG00000026456	
6720482G16Rik	1	ENSMUSG00000106553	
Tmem50a	1	ENSMUSG00000028822	
Tmem50b	1	ENSMUSG00000022964	
Zfpl1	1	ENSMUSG00000024792	
Phldb3	1	ENSMUSG00000074277	
Sec24d	1	ENSMUSG00000039234	
Sec24c	1	ENSMUSG00000039367	
Gm2814	1	ENSMUSG00000109291	
Sec24b	1	ENSMUSG00000001052	
Sec24a	1	ENSMUSG00000036391	
Eif2b3	1	ENSMUSG00000028683	
Mctp1	1	ENSMUSG00000021596	
Eif2b2	1	ENSMUSG00000004788	
Tnfrsf13c	1	ENSMUSG00000068105	
Eif2b5	1	ENSMUSG00000003235	
Eif2b4	1	ENSMUSG00000029145	
Tnfrsf13b	1	ENSMUSG00000010142	
Xlr	1	ENSMUSG00000054626	
Pttg1	1	ENSMUSG00000020415	
Eif2b1	1	ENSMUSG00000029388	
Gm2808	1	ENSMUSG00000116560	
Phlda3	1	ENSMUSG00000041801	
Gm2805	1	ENSMUSG00000116536	
Phlda1	1	ENSMUSG00000020205	
Phldb1	1	ENSMUSG00000048537	
1700028E10Rik	1	ENSMUSG00000097321	
Tnfrsf12a	1	ENSMUSG00000023905	
Strip2	1	ENSMUSG00000039629	
Strip1	1	ENSMUSG00000014601	
Emc10	1	ENSMUSG00000008140	
Cep192	1	ENSMUSG00000024542	
Pask	1	ENSMUSG00000026274	
Zfp830	1	ENSMUSG00000046010	
Selplg	1	ENSMUSG00000048163	
Zfp831	1	ENSMUSG00000050600	
Nicol1	1	ENSMUSG00000070858	
Endov	1	ENSMUSG00000039850	
Endou	1	ENSMUSG00000022468	
Zfp839	1	ENSMUSG00000021271	
Ndst1	1	ENSMUSG00000054008	
Ndst2	1	ENSMUSG00000039308	
Parg	1	ENSMUSG00000021911	
Atp6v0c-ps1	1	ENSMUSG00000108761	
Parn	1	ENSMUSG00000022685	
Atp6v0c-ps2	1	ENSMUSG00000080242	
Prr18	1	ENSMUSG00000055945	
Endog	1	ENSMUSG00000015337	
Prr11	1	ENSMUSG00000020493	
Prr12	1	ENSMUSG00000046574	
Parl	1	ENSMUSG00000033918	
Prr13	1	ENSMUSG00000023048	
Prr14	1	ENSMUSG00000030822	
Kpna2rt	1	ENSMUSG00000066878	
Ranbp3	1	ENSMUSG00000002372	
Ranbp2	1	ENSMUSG00000003226	
Zfp825	1	ENSMUSG00000069208	
Ranbp1	1	ENSMUSG00000005732	
Zftraf1	1	ENSMUSG00000053929	
5430414B12Rik	1	ENSMUSG00000121164	
Fdx1	1	ENSMUSG00000032051	
Zfp821	1	ENSMUSG00000031728	
Brat1	1	ENSMUSG00000000148	
Snu13	1	ENSMUSG00000063480	
Gata3	1	ENSMUSG00000015619	
Ranbp9	1	ENSMUSG00000038546	
Gata1	1	ENSMUSG00000031162	
Slc25a51	1	ENSMUSG00000045973	
Zfp827	1	ENSMUSG00000071064	
Gata2	1	ENSMUSG00000015053	
Ranbp6	1	ENSMUSG00000074909	
Slc25a53	1	ENSMUSG00000044348	
Xpa	1	ENSMUSG00000028329	
Xpc	1	ENSMUSG00000030094	
Prr22	1	ENSMUSG00000090273	
Acad12	1	ENSMUSG00000042647	
Ska3	1	ENSMUSG00000021965	
Acad11	1	ENSMUSG00000090150	
Ska2	1	ENSMUSG00000020492	
Acad10	1	ENSMUSG00000029456	
Ska1	1	ENSMUSG00000036223	
Hif1a	1	ENSMUSG00000021109	
Zfp810	1	ENSMUSG00000066829	
Slc25a44	1	ENSMUSG00000050144	
Sox12	1	ENSMUSG00000051817	
Pdgfb	1	ENSMUSG00000000489	
Slc25a45	1	ENSMUSG00000024818	
Slc25a46	1	ENSMUSG00000024259	
Slc25a47	1	ENSMUSG00000048856	
Sox13	1	ENSMUSG00000070643	
Slc25a40	1	ENSMUSG00000054099	
Slc25a42	1	ENSMUSG00000002346	
Slc25a43	1	ENSMUSG00000037636	
Bambi-ps1	1	ENSMUSG00000081219	
Sap130	1	ENSMUSG00000024260	
Patj	1	ENSMUSG00000061859	
Tesk2	1	ENSMUSG00000033985	
Tesk1	1	ENSMUSG00000028458	
Stk38l	1	ENSMUSG00000001630	
Prr33	1	ENSMUSG00000043795	
Zfp800	1	ENSMUSG00000039841	
Slc25a37	1	ENSMUSG00000034248	
Slc25a38	1	ENSMUSG00000032519	
Slc25a39	1	ENSMUSG00000018677	
Slc25a33	1	ENSMUSG00000028982	
Zfp809	1	ENSMUSG00000057982	
Fdxr	1	ENSMUSG00000018861	
Zfp808	1	ENSMUSG00000074867	
Ino80	1	ENSMUSG00000034154	
Slc25a35	1	ENSMUSG00000018740	
Slc25a36	1	ENSMUSG00000032449	
Slc25a30	1	ENSMUSG00000022003	
Slc25a32	1	ENSMUSG00000022299	
Pabpc1	1	ENSMUSG00000022283	
Slmap	1	ENSMUSG00000021870	
Zfp870	1	ENSMUSG00000095325	
Pawr	1	ENSMUSG00000035873	
Zfp871	1	ENSMUSG00000024298	
Ing1	1	ENSMUSG00000045969	
Ing4	1	ENSMUSG00000030330	
Gatd1	1	ENSMUSG00000051007	
Ing5	1	ENSMUSG00000026283	
Ing2	1	ENSMUSG00000063049	
Slc4a1ap	1	ENSMUSG00000029141	
Ing3	1	ENSMUSG00000029670	
Slc25a26	1	ENSMUSG00000045100	
Slc25a27	1	ENSMUSG00000023912	
Zfp873	1	ENSMUSG00000061371	
Slc25a28	1	ENSMUSG00000040414	
Slc25a29	1	ENSMUSG00000021265	
Pabpc4	1	ENSMUSG00000011257	
Slc25a22	1	ENSMUSG00000019082	
Slc25a23	1	ENSMUSG00000046329	
Slc25a24	1	ENSMUSG00000040322	
Slc25a25	1	ENSMUSG00000026819	
Ciao1	1	ENSMUSG00000003662	
Ciao3	1	ENSMUSG00000002280	
Slc25a20	1	ENSMUSG00000032602	
Slc25a21	1	ENSMUSG00000035472	
Pax5	1	ENSMUSG00000014030	
Ralgapb	1	ENSMUSG00000027652	
Slc25a19	1	ENSMUSG00000020744	
Zfp867	1	ENSMUSG00000054519	
Zfp866	1	ENSMUSG00000043090	
Zfp869	1	ENSMUSG00000054648	
Inf2	1	ENSMUSG00000037679	
Zfp868	1	ENSMUSG00000060427	
Slc25a15	1	ENSMUSG00000031482	
Slc25a16	1	ENSMUSG00000071253	
Slc25a17	1	ENSMUSG00000022404	
Zfp865	1	ENSMUSG00000074405	
Slc25a18	1	ENSMUSG00000004902	
Slc25a11	1	ENSMUSG00000014606	
Slc25a12	1	ENSMUSG00000027010	
Slc25a13	1	ENSMUSG00000015112	
Slc25a14	1	ENSMUSG00000031105	
Slc25a10	1	ENSMUSG00000025792	
Smpd2	1	ENSMUSG00000019822	
Wwox	1	ENSMUSG00000004637	
Smpd3	1	ENSMUSG00000031906	
Smpd4	1	ENSMUSG00000005899	
Smpd5	1	ENSMUSG00000071724	
Foxd2os	1	ENSMUSG00000085399	
Smpd1	1	ENSMUSG00000037049	
Pnpla6	1	ENSMUSG00000004565	
Zfp850	1	ENSMUSG00000096916	
Pnpla2	1	ENSMUSG00000025509	
Pnpla7	1	ENSMUSG00000036833	
Pnpla8	1	ENSMUSG00000036257	
Tpi-rs11	1	ENSMUSG00000106755	
4933434E20Rik	1	ENSMUSG00000027942	
Rhag	1	ENSMUSG00000023926	
Ube4b	1	ENSMUSG00000028960	
Ube4a	1	ENSMUSG00000059890	
Mis18a	1	ENSMUSG00000022978	
Fancd2	1	ENSMUSG00000034023	
Wwp1	1	ENSMUSG00000041058	
Wwp2	1	ENSMUSG00000031930	
Samd8	1	ENSMUSG00000021770	
Lims1	1	ENSMUSG00000019920	
Mzt1	1	ENSMUSG00000033186	
Ktn1	1	ENSMUSG00000021843	
Mzt2	1	ENSMUSG00000022671	
Samd4	1	ENSMUSG00000021838	
Samd3	1	ENSMUSG00000051354	
Samd1	1	ENSMUSG00000079003	
Zfp846	1	ENSMUSG00000058192	
Paxx	1	ENSMUSG00000047617	
Marveld2	1	ENSMUSG00000021636	
Tpst1	1	ENSMUSG00000034118	
Marveld1	1	ENSMUSG00000044345	
Tpst2	1	ENSMUSG00000029344	
Cnpy4	1	ENSMUSG00000036968	
Rpl10a-ps4	1	ENSMUSG00000080198	
Slc25a3	1	ENSMUSG00000061904	
Slc25a1	1	ENSMUSG00000003528	
Rictor	1	ENSMUSG00000050310	
Rpl10a-ps1	1	ENSMUSG00000084416	
Shcbp1l	1	ENSMUSG00000042708	
Gm13810	1	ENSMUSG00000095203	
Bzw2	1	ENSMUSG00000020547	
Ebag9	1	ENSMUSG00000022339	
Bzw1	1	ENSMUSG00000051223	
Inip	1	ENSMUSG00000038544	
Sh3bgrl3	1	ENSMUSG00000028843	
Sh3bgrl2	1	ENSMUSG00000032261	
Gm13812	1	ENSMUSG00000094873	
Sh3yl1	1	ENSMUSG00000020669	
Tor1a	1	ENSMUSG00000026849	
Cd180	1	ENSMUSG00000021624	
Tnik	1	ENSMUSG00000027692	
Tor1b	1	ENSMUSG00000026848	
4930550C14Rik	1	ENSMUSG00000005131	
Tnfaip8l2	1	ENSMUSG00000013707	
Tnfaip8l1	1	ENSMUSG00000044469	
Gm2788	1	ENSMUSG00000085995	
Tor2a	1	ENSMUSG00000009563	
Gm13803	1	ENSMUSG00000082820	
9230112E08Rik	1	ENSMUSG00000070461	
Cnpy3	1	ENSMUSG00000023973	
Cnpy2	1	ENSMUSG00000025381	
Ly6m	1	ENSMUSG00000063522	
Or2z9	1	ENSMUSG00000061561	
Ly6i	1	ENSMUSG00000022586	
Ly6k	1	ENSMUSG00000044678	
Gm13830	1	ENSMUSG00000086368	
Gm13832	1	ENSMUSG00000087292	
Dync1li2	1	ENSMUSG00000035770	
Dync1li1	1	ENSMUSG00000032435	
Ly86	1	ENSMUSG00000021423	
Cd164	1	ENSMUSG00000019818	
Cd163	1	ENSMUSG00000008845	
Cd160	1	ENSMUSG00000038304	
Rheb	1	ENSMUSG00000028945	
Gm13835	1	ENSMUSG00000086922	
Slc38a5	1	ENSMUSG00000031170	
Slc38a2	1	ENSMUSG00000022462	
Slc38a9	1	ENSMUSG00000047789	
5031439G07Rik	1	ENSMUSG00000036046	
Slc38a8	1	ENSMUSG00000034224	
Slc38a7	1	ENSMUSG00000036534	
Slc38a6	1	ENSMUSG00000044712	
Ghdc	1	ENSMUSG00000017747	
4833421G17Rik	1	ENSMUSG00000103996	
Slc38a1	1	ENSMUSG00000023169	
Tnk2	1	ENSMUSG00000022791	
M6pr	1	ENSMUSG00000007458	
Cd177	1	ENSMUSG00000052212	
Ly75	1	ENSMUSG00000026980	
Hspa4l	1	ENSMUSG00000025757	
Gm13822	1	ENSMUSG00000087477	
Hilpda	1	ENSMUSG00000043421	
Rab11fip1	1	ENSMUSG00000031488	
Ly6e	1	ENSMUSG00000022587	
Rab11fip2	1	ENSMUSG00000040022	
Rab11fip3	1	ENSMUSG00000037098	
Ly6g	1	ENSMUSG00000022582	
Rab11fip4	1	ENSMUSG00000017639	
Rab11fip5	1	ENSMUSG00000051343	
Ly6a	1	ENSMUSG00000075602	
Ly6d	1	ENSMUSG00000034634	
Ntan1	1	ENSMUSG00000022681	
Sigirr	1	ENSMUSG00000025494	
1700028N14Rik	1	ENSMUSG00000078635	
Mbtd1	1	ENSMUSG00000059474	
Sh3bgrl	1	ENSMUSG00000031246	
Slc12a8	1	ENSMUSG00000035506	
Mospd3	1	ENSMUSG00000037221	
Slc12a9	1	ENSMUSG00000037344	
Mospd2	1	ENSMUSG00000061778	
Slc12a6	1	ENSMUSG00000027130	
Mospd1	1	ENSMUSG00000023074	
Slc12a7	1	ENSMUSG00000017756	
Arhgap10	1	ENSMUSG00000037148	
Lpar2	1	ENSMUSG00000031861	
Sugct	1	ENSMUSG00000055137	
1700096K18Rik	1	ENSMUSG00000101856	
Arhgap15	1	ENSMUSG00000049744	
Arhgap12	1	ENSMUSG00000041225	
A930001M01Rik	1	ENSMUSG00000115918	
Arhgap19	1	ENSMUSG00000025154	
Slc12a4	1	ENSMUSG00000017765	
Arhgap18	1	ENSMUSG00000039031	
Fech	1	ENSMUSG00000024588	
Slc12a5	1	ENSMUSG00000017740	
Tnks	1	ENSMUSG00000031529	
Arhgap17	1	ENSMUSG00000030766	
Slc12a2	1	ENSMUSG00000024597	
Slc12a3	1	ENSMUSG00000031766	
Ly96	1	ENSMUSG00000025779	
Crisp3	1	ENSMUSG00000025433	
Prps1	1	ENSMUSG00000031432	
Prps2	1	ENSMUSG00000025742	
Cd151	1	ENSMUSG00000025510	
Crisp1	1	ENSMUSG00000025431	
Arhgap22	1	ENSMUSG00000063506	
Skil	1	ENSMUSG00000027660	
Arhgap21	1	ENSMUSG00000036591	
Arhgap20	1	ENSMUSG00000053199	
Arhgap26	1	ENSMUSG00000036452	
Arhgap25	1	ENSMUSG00000030047	
Arhgap24	1	ENSMUSG00000057315	
Arhgap23	1	ENSMUSG00000049807	
Arhgap29	1	ENSMUSG00000039831	
Rps10-ps2	1	ENSMUSG00000099764	
Rps10-ps1	1	ENSMUSG00000060438	
Arhgap27	1	ENSMUSG00000034255	
Or2v1	1	ENSMUSG00000040328	
Zfand6	1	ENSMUSG00000030629	
Zfand5	1	ENSMUSG00000024750	
Zfand4	1	ENSMUSG00000042213	
Zfand3	1	ENSMUSG00000044477	
Zfand1	1	ENSMUSG00000039795	
Wdr46-ps	1	ENSMUSG00000105893	
Arhgap33	1	ENSMUSG00000036882	
Arhgap31	1	ENSMUSG00000022799	
Arhgap30	1	ENSMUSG00000048865	
Tcerg1	1	ENSMUSG00000024498	
Arhgap35	1	ENSMUSG00000058230	
Tagap	1	ENSMUSG00000033450	
Arhgap39	1	ENSMUSG00000033697	
Pabpn1	1	ENSMUSG00000022194	
Mapkap1	1	ENSMUSG00000038696	
Capns1	1	ENSMUSG00000001794	
Slc25a5	1	ENSMUSG00000016319	
Prr5l	1	ENSMUSG00000032841	
Slc25a4	1	ENSMUSG00000031633	
5330432J10Rik	1	ENSMUSG00000111212	
Xlr4a	1	ENSMUSG00000079845	
Tmem220	1	ENSMUSG00000050270	
Mgat5	1	ENSMUSG00000036155	
Xlr4b	1	ENSMUSG00000067768	
Xlr4c	1	ENSMUSG00000031362	
Mgat2	1	ENSMUSG00000043998	
Gm12565	1	ENSMUSG00000081093	
Mgat1	1	ENSMUSG00000020346	
Gm35204	1	ENSMUSG00000121197	
AI854703	1	ENSMUSG00000053297	
Cd101	1	ENSMUSG00000086564	
Mir5107	1	ENSMUSG00000093327	
Gm12568	1	ENSMUSG00000081078	
Tmem222	1	ENSMUSG00000028857	
Tns4	1	ENSMUSG00000017607	
Skp2	1	ENSMUSG00000054115	
Tmem221	1	ENSMUSG00000043664	
Tns3	1	ENSMUSG00000020422	
4930518I15Rik	1	ENSMUSG00000074629	
Skp1	1	ENSMUSG00000036309	
Tns2	1	ENSMUSG00000037003	
Tmem223	1	ENSMUSG00000117924	
Tns1	1	ENSMUSG00000055322	
Tmem231	1	ENSMUSG00000031951	
AA413626	1	ENSMUSG00000084381	
Gm23205	1	ENSMUSG00000089296	
Tmem230	1	ENSMUSG00000027341	
Ebf1	1	ENSMUSG00000057098	
Gm11222	1	ENSMUSG00000085627	
Gm11223	1	ENSMUSG00000046341	
Gm11224	1	ENSMUSG00000084342	
Gm13886	1	ENSMUSG00000083856	
Gm11221	1	ENSMUSG00000082998	
Apaf1	1	ENSMUSG00000019979	
Tmem237	1	ENSMUSG00000038079	
Tmem238	1	ENSMUSG00000030431	
Tmem234	1	ENSMUSG00000028797	
Mettl25	1	ENSMUSG00000036009	
Insr	1	ENSMUSG00000005534	
Mettl22	1	ENSMUSG00000039345	
Ebi3	1	ENSMUSG00000003206	
Mettl23	1	ENSMUSG00000090266	
Tbl1x	1	ENSMUSG00000025246	
Kyat1	1	ENSMUSG00000039648	
Mettl26	1	ENSMUSG00000025731	
Rtl8a	1	ENSMUSG00000067925	
Kyat3	1	ENSMUSG00000040213	
Mettl27	1	ENSMUSG00000040557	
Rtl8c	1	ENSMUSG00000051851	
Gm12583	1	ENSMUSG00000082878	
Rtl8b	1	ENSMUSG00000067924	
Ccr10	1	ENSMUSG00000044052	
Tmem208	1	ENSMUSG00000014856	
Bsdc1	1	ENSMUSG00000040859	
Tmem209	1	ENSMUSG00000029782	
Tmem204	1	ENSMUSG00000024168	
Tmem203	1	ENSMUSG00000078201	
Tmem205	1	ENSMUSG00000040883	
Tmem202	1	ENSMUSG00000049526	
Tmem201	1	ENSMUSG00000044700	
Aimp2	1	ENSMUSG00000029610	
Lpar6	1	ENSMUSG00000033446	
Vaultrc5	1	ENSMUSG00002074846	
Aimp1	1	ENSMUSG00000028029	
Lpar5	1	ENSMUSG00000067714	
Mettl13	1	ENSMUSG00000026694	
Mettl14	1	ENSMUSG00000028114	
A130012E19Rik	1	ENSMUSG00000112822	
Mettl17	1	ENSMUSG00000004561	
Mettl18	1	ENSMUSG00000041396	
Mettl15	1	ENSMUSG00000057234	
Mettl16	1	ENSMUSG00000010554	
Gm12571	1	ENSMUSG00000060727	
Gm527	1	ENSMUSG00000047227	
Sugp1	1	ENSMUSG00000011306	
Sugp2	1	ENSMUSG00000036054	
Phtf2	1	ENSMUSG00000039987	
A430088P11Rik	1	ENSMUSG00000116220	
Tmem219	1	ENSMUSG00000060538	
Gm11249	1	ENSMUSG00000083087	
Tmem218	1	ENSMUSG00000032121	
Tmem214	1	ENSMUSG00000038828	
Tmem217	1	ENSMUSG00000079580	
Jakmip1	1	ENSMUSG00000063646	
Tmem216	1	ENSMUSG00000024667	
Phtf1	1	ENSMUSG00000058388	
Fen1	1	ENSMUSG00000024742	
Tmem263	1	ENSMUSG00000060935	
Gm25835	1	ENSMUSG00000089542	
Pcf11	1	ENSMUSG00000041328	
Tmem260	1	ENSMUSG00000036339	
Rhog	1	ENSMUSG00000073982	
Rhoh	1	ENSMUSG00000029204	
Rhof	1	ENSMUSG00000029449	
Rhoc	1	ENSMUSG00000002233	
Rhod	1	ENSMUSG00000041845	
Rhoa	1	ENSMUSG00000007815	
Rhob	1	ENSMUSG00000054364	
Hbs1l	1	ENSMUSG00000019977	
4833439L19Rik	1	ENSMUSG00000025871	
5830468F06Rik	1	ENSMUSG00000098322	
Rhov	1	ENSMUSG00000034226	
Rhoq	1	ENSMUSG00000024143	
Tmem268	1	ENSMUSG00000045917	
Tmem267	1	ENSMUSG00000074634	
Tmem273	1	ENSMUSG00000041707	
Intu	1	ENSMUSG00000060798	
BC085271	1	ENSMUSG00000102478	
Gm13841	1	ENSMUSG00000083833	
Gm13842	1	ENSMUSG00000084992	
Gm36501	1	ENSMUSG00000113690	
C630043F03Rik	1	ENSMUSG00000084910	
Tent2-ps1	1	ENSMUSG00000083902	
Tmem242	1	ENSMUSG00000004945	
Tmem241	1	ENSMUSG00000049411	
Gm12542	1	ENSMUSG00000073843	
Gm12543	1	ENSMUSG00000080772	
4921525O09Rik	1	ENSMUSG00000113211	
Atmin	1	ENSMUSG00000047388	
Mpv17l	1	ENSMUSG00000022679	
Tor3a	1	ENSMUSG00000060519	
Tmem248	1	ENSMUSG00000053094	
Vegfa	1	ENSMUSG00000023951	
Nudt2	1	ENSMUSG00000028443	
Ntaq1	1	ENSMUSG00000022359	
Nudt1	1	ENSMUSG00000036639	
Nudt4	1	ENSMUSG00000020029	
Nudt3	1	ENSMUSG00000024213	
Tmem243	1	ENSMUSG00000079659	
Nudt6	1	ENSMUSG00000050174	
Vegfc	1	ENSMUSG00000031520	
Nudt5	1	ENSMUSG00000025817	
Tmem245	1	ENSMUSG00000055296	
Vegfb	1	ENSMUSG00000024962	
Invs	1	ENSMUSG00000028344	
Nudt7	1	ENSMUSG00000031767	
Tmem250	1	ENSMUSG00000087679	
Nudt9	1	ENSMUSG00000029310	
Aggf1	1	ENSMUSG00000021681	
Gm568	1	ENSMUSG00000048824	
Epm2a	1	ENSMUSG00000055493	
Gm13868	1	ENSMUSG00000083306	
Tor4a	1	ENSMUSG00000059555	
Eif2s3x	1	ENSMUSG00000035150	
Tmem259	1	ENSMUSG00000013858	
Tmem258	1	ENSMUSG00000036372	
Tmem254	1	ENSMUSG00000072676	
Tmem256	1	ENSMUSG00000070394	
Sntg2	1	ENSMUSG00000020672	
Zfp790	1	ENSMUSG00000011427	
Ssc4d	1	ENSMUSG00000029699	
Zfp799	1	ENSMUSG00000095253	
2810001G20Rik	1	ENSMUSG00000087497	
Zfp781	1	ENSMUSG00000096718	
Cachd1	1	ENSMUSG00000028532	
Zfp783	1	ENSMUSG00000072653	
Zfp788	1	ENSMUSG00000074165	
Zfp787	1	ENSMUSG00000046792	
Camsap3	1	ENSMUSG00000044433	
Cdc25c	1	ENSMUSG00000044201	
Cdc25b	1	ENSMUSG00000027330	
Cdc25a	1	ENSMUSG00000032477	
Camsap2	1	ENSMUSG00000041570	
Camsap1	1	ENSMUSG00000026933	
Ccpg1	1	ENSMUSG00000034563	
Cep250	1	ENSMUSG00000038241	
Xpnpep2	1	ENSMUSG00000037005	
Zfp771	1	ENSMUSG00000054716	
Xpnpep1	1	ENSMUSG00000025027	
Zfp770	1	ENSMUSG00000040321	
Zfp773	1	ENSMUSG00000063535	
Xpnpep3	1	ENSMUSG00000022401	
Zfp772	1	ENSMUSG00000066838	
Pdha1	1	ENSMUSG00000031299	
Oxnad1	1	ENSMUSG00000021906	
Zfp775	1	ENSMUSG00000007216	
Zfp777	1	ENSMUSG00000071477	
Ebpl	1	ENSMUSG00000021928	
Tjap1	1	ENSMUSG00000012296	
Zfp760	1	ENSMUSG00000067928	
Zfp768	1	ENSMUSG00000047371	
2010008C14Rik	1	ENSMUSG00000107761	
Vcam1	1	ENSMUSG00000027962	
Zfp764	1	ENSMUSG00000045757	
Zfp763	1	ENSMUSG00000067430	
Calcoco1	1	ENSMUSG00000023055	
Ltb4r1	1	ENSMUSG00000046908	
Lypd6b	1	ENSMUSG00000026765	
Gm48551	1	ENSMUSG00000113262	
Cd99l2	1	ENSMUSG00000035776	
9330179D12Rik	1	ENSMUSG00000097166	
Gm12592	1	ENSMUSG00000053263	
Pbxip1	1	ENSMUSG00000042613	
Urb1	1	ENSMUSG00000039929	
Urb2	1	ENSMUSG00000031976	
Gm36587	1	ENSMUSG00000120333	
Sidt1	1	ENSMUSG00000022696	
Mindy1	1	ENSMUSG00000038712	
Mindy2	1	ENSMUSG00000042444	
Mindy3	1	ENSMUSG00000026767	
Gm11263	1	ENSMUSG00000083496	
Sidt2	1	ENSMUSG00000034908	
Gm12596	1	ENSMUSG00000086952	
Rpl39-ps	1	ENSMUSG00000036305	
Cep290	1	ENSMUSG00000019971	
Snta1	1	ENSMUSG00000027488	
Tob2	1	ENSMUSG00000048546	
Hoxa7	1	ENSMUSG00000038236	
Tob1	1	ENSMUSG00000037573	
Clstn1	1	ENSMUSG00000039953	
Hspe1-ps3	1	ENSMUSG00000092344	
Tor1aip2	1	ENSMUSG00000050565	
Tor1aip1	1	ENSMUSG00000026466	
4930444A19Rik	1	ENSMUSG00000101674	
Ablim1	1	ENSMUSG00000025085	
Ablim2	1	ENSMUSG00000029095	
Mapkapk3	1	ENSMUSG00000032577	
Mapkapk2	1	ENSMUSG00000016528	
Xlr3c	1	ENSMUSG00000058147	
Xlr3a	1	ENSMUSG00000057836	
Xlr3b	1	ENSMUSG00000073125	
Sugt1	1	ENSMUSG00000022024	
Sntb2	1	ENSMUSG00000041308	
Gm11285	1	ENSMUSG00000084072	
Sntb1	1	ENSMUSG00000060429	
Mapkapk5	1	ENSMUSG00000029454	
Cep295	1	ENSMUSG00000046111	
Mknk2	1	ENSMUSG00000020190	
Mknk1	1	ENSMUSG00000028708	
Mir5136	1	ENSMUSG00000093314	
Hmox1	1	ENSMUSG00000005413	
Hmox2	1	ENSMUSG00000004070	
Sla2	1	ENSMUSG00000027636	
AI480526	1	ENSMUSG00000090086	
Zfp712	1	ENSMUSG00000090641	
Zfp715	1	ENSMUSG00000012640	
Catsper2	1	ENSMUSG00000033486	
Zfp710	1	ENSMUSG00000048897	
Snrpert	1	ENSMUSG00000082044	
Mkln1	1	ENSMUSG00000025609	
Zfp719	1	ENSMUSG00000030469	
Skic3	1	ENSMUSG00000033991	
2410006H16Rik	1	ENSMUSG00000086841	
Skic2	1	ENSMUSG00000040356	
Skic8	1	ENSMUSG00000061559	
Dleu2	1	ENSMUSG00000097589	
Prom1	1	ENSMUSG00000029086	
Zfp704	1	ENSMUSG00000040209	
Zfp703	1	ENSMUSG00000085795	
Fez2	1	ENSMUSG00000056121	
Zfp709	1	ENSMUSG00000056019	
Zfp706	1	ENSMUSG00000062397	
Or1o4	1	ENSMUSG00000061972	
Zfp707	1	ENSMUSG00000034429	
Rsl1d1	1	ENSMUSG00000005846	
Man1c1	1	ENSMUSG00000037306	
Uri1	1	ENSMUSG00000030421	
Bard1	1	ENSMUSG00000026196	
1300002E11Rik	1	ENSMUSG00000097290	
Slc25a5-ps	1	ENSMUSG00000089785	
Scrib	1	ENSMUSG00000022568	
Toe1	1	ENSMUSG00000028688	
Man1b1	1	ENSMUSG00000036646	
Pbx3	1	ENSMUSG00000038718	
Pbx2	1	ENSMUSG00000034673	
Pbx4	1	ENSMUSG00000031860	
Pbx1	1	ENSMUSG00000052534	
Arhgef10l	1	ENSMUSG00000040964	
Naif1	1	ENSMUSG00000039164	
Terf2	1	ENSMUSG00000031921	
Terf1	1	ENSMUSG00000025925	
Samm50	1	ENSMUSG00000022437	
Man1a2	1	ENSMUSG00000008763	
Zfp759	1	ENSMUSG00000057396	
Zfp758	1	ENSMUSG00000044501	
Ctbp1	1	ENSMUSG00000037373	
Ctbp2	1	ENSMUSG00000030970	
Slbp	1	ENSMUSG00000004642	
9430069I07Rik	1	ENSMUSG00000094447	
Zfp740	1	ENSMUSG00000046897	
Lin52	1	ENSMUSG00000085793	
Lin54	1	ENSMUSG00000118665	
Zfp746	1	ENSMUSG00000057691	
Psenen	1	ENSMUSG00000036835	
Zfp748	1	ENSMUSG00000095432	
Zfp747	1	ENSMUSG00000054381	
Hlcs	1	ENSMUSG00000040820	
Osgin2	1	ENSMUSG00000041153	
Osgin1	1	ENSMUSG00000074063	
Rassf7	1	ENSMUSG00000038618	
Rassf8	1	ENSMUSG00000030259	
C1galt1c1	1	ENSMUSG00000048970	
Ncor1	1	ENSMUSG00000018501	
Rassf1	1	ENSMUSG00000010067	
Rassf2	1	ENSMUSG00000027339	
Ncor2	1	ENSMUSG00000029478	
Rassf5	1	ENSMUSG00000026430	
Rassf6	1	ENSMUSG00000029370	
Rassf3	1	ENSMUSG00000025795	
Rassf4	1	ENSMUSG00000042129	
Urm1	1	ENSMUSG00000069020	
5730471H19Rik	1	ENSMUSG00000087179	
9230114K14Rik	1	ENSMUSG00000097145	
Zfp738	1	ENSMUSG00000048280	
Ric3	1	ENSMUSG00000048330	
Slf2	1	ENSMUSG00000036097	
Pdzd11	1	ENSMUSG00000015668	
Ric1	1	ENSMUSG00000038658	
Slf1	1	ENSMUSG00000021597	
Map7d3	1	ENSMUSG00000067878	
Map7d1	1	ENSMUSG00000028849	
Smoc1	1	ENSMUSG00000021136	
Otulin	1	ENSMUSG00000046034	
Jrkl	1	ENSMUSG00000079083	
Nucb1	1	ENSMUSG00000030824	
Nucb2	1	ENSMUSG00000030659	
AI987944	1	ENSMUSG00000056383	
Zeb2os	1	ENSMUSG00000052248	
Itgb1bp1	1	ENSMUSG00000062352	
Yy1	1	ENSMUSG00000021264	
Gid4	1	ENSMUSG00000018415	
Lin37	1	ENSMUSG00000036845	
Tagap1	1	ENSMUSG00000052031	
Gid8	1	ENSMUSG00000027573	
Phyhip	1	ENSMUSG00000003469	
Rif1	1	ENSMUSG00000036202	
5730424H11Rik	1	ENSMUSG00000121082	
Mtfmt	1	ENSMUSG00000059183	
Gm2675	1	ENSMUSG00000115576	
Prorp	1	ENSMUSG00000021023	
Tom1	1	ENSMUSG00000042870	
Slc37a4	1	ENSMUSG00000032114	
Slc37a3	1	ENSMUSG00000029924	
Aebp1	1	ENSMUSG00000020473	
Aebp2	1	ENSMUSG00000030232	
Slc37a2	1	ENSMUSG00000032122	
Slc37a1	1	ENSMUSG00000024036	
Gm13920	1	ENSMUSG00000085110	
Rida	1	ENSMUSG00000022323	
Crybb1	1	ENSMUSG00000029343	
Btf3l4	1	ENSMUSG00000028568	
Sall2	1	ENSMUSG00000049532	
Virma	1	ENSMUSG00000040720	
Naip2	1	ENSMUSG00000078945	
Gm25939	1	ENSMUSG00000118790	
Naip5	1	ENSMUSG00000071203	
Naip6	1	ENSMUSG00000078942	
Gm24608	1	ENSMUSG00000077569	
S100a1	1	ENSMUSG00000044080	
Snrpf	1	ENSMUSG00000020018	
Snrpe	1	ENSMUSG00000090553	
Uros	1	ENSMUSG00000030979	
Snrpg	1	ENSMUSG00000057278	
Atp9b	1	ENSMUSG00000024566	
Snrpb	1	ENSMUSG00000027404	
Snrpa	1	ENSMUSG00000061479	
Atp9a	1	ENSMUSG00000027546	
Naip1	1	ENSMUSG00000021640	
Snrpc	1	ENSMUSG00000024217	
Rps27-ps1	1	ENSMUSG00000081429	
9530077C14Rik	1	ENSMUSG00000120262	
Tmem39b	1	ENSMUSG00000053730	
Tmem39a	1	ENSMUSG00000002845	
S100a6	1	ENSMUSG00000001025	
S100a4	1	ENSMUSG00000001020	
Lin7c	1	ENSMUSG00000027162	
S100a9	1	ENSMUSG00000056071	
Afg1l	1	ENSMUSG00000038302	
S100a8	1	ENSMUSG00000056054	
Rigi	1	ENSMUSG00000040296	
Lrfn1	1	ENSMUSG00000030600	
Rbm8a2	1	ENSMUSG00000078184	
Gm12610	1	ENSMUSG00000086035	
Dnm1l	1	ENSMUSG00000022789	
Afg2b	1	ENSMUSG00000118663	
Afg2a	1	ENSMUSG00000027722	
Urod	1	ENSMUSG00000028684	
Gm2682	1	ENSMUSG00000115681	
Vkorc1	1	ENSMUSG00000096145	
Atp7b	1	ENSMUSG00000006567	
Alox12	1	ENSMUSG00000000320	
Syt11	1	ENSMUSG00000068923	
Slc5a10	1	ENSMUSG00000042371	
Alox15	1	ENSMUSG00000018924	
Ece1	1	ENSMUSG00000057530	
Slc5a11	1	ENSMUSG00000030769	
Atp7a	1	ENSMUSG00000033792	
Pcca	1	ENSMUSG00000041650	
Ppihl	1	ENSMUSG00000033036	
Pccb	1	ENSMUSG00000032527	
Nynrin	1	ENSMUSG00000075592	
Tomt	1	ENSMUSG00000078630	
Sh3kbp1	1	ENSMUSG00000040990	
Cd276	1	ENSMUSG00000035914	
Cd274	1	ENSMUSG00000016496	
3110056K07Rik	1	ENSMUSG00000085622	
Slc24a5	1	ENSMUSG00000035183	
Top1	1	ENSMUSG00000070544	
Dop1b	1	ENSMUSG00000022946	
Scrn2	1	ENSMUSG00000020877	
Dop1a	1	ENSMUSG00000034973	
Scrn3	1	ENSMUSG00000008226	
Unc93b1	1	ENSMUSG00000036908	
AI429214	1	ENSMUSG00000074384	
Ppil6	1	ENSMUSG00000078451	
Gtf2ird1	1	ENSMUSG00000023079	
Cd247	1	ENSMUSG00000005763	
Ppil4	1	ENSMUSG00000015757	
Ppil3	1	ENSMUSG00000026035	
Mtfr2	1	ENSMUSG00000019992	
Mtfr1	1	ENSMUSG00000027601	
2200002J24Rik	1	ENSMUSG00000013083	
Rars1	1	ENSMUSG00000018848	
Rars2	1	ENSMUSG00000028292	
Ppil2	1	ENSMUSG00000022771	
Churc1	1	ENSMUSG00000090258	
Ppil1	1	ENSMUSG00000024007	
Gtf2ird2	1	ENSMUSG00000015942	
D17H6S56E-5	1	ENSMUSG00000120992	
Gm13919	1	ENSMUSG00000085417	
Sez6l2	1	ENSMUSG00000030683	
Trav12-1	1	ENSMUSG00000096825	
Trav12-3	1	ENSMUSG00000095958	
Cd24a	1	ENSMUSG00000047139	
Mtfp1	1	ENSMUSG00000004748	
Sh2d1b1	1	ENSMUSG00000102418	
Sh2d1b2	1	ENSMUSG00000073494	
Pros1	1	ENSMUSG00000022912	
Tprkb	1	ENSMUSG00000054226	
Lima1	1	ENSMUSG00000023022	
Tmem147os	1	ENSMUSG00000097320	
Eci1	1	ENSMUSG00000024132	
Eci2	1	ENSMUSG00000021417	
Cd226	1	ENSMUSG00000034028	
Rabac1	1	ENSMUSG00000003380	
Ywhaq-ps3	1	ENSMUSG00000080902	
Gm11353	1	ENSMUSG00000060198	
Gm10029	1	ENSMUSG00000068324	
Slpi	1	ENSMUSG00000017002	
C130051F05Rik	1	ENSMUSG00000114605	
Atp4a	1	ENSMUSG00000005553	
Fn3krp	1	ENSMUSG00000039253	
Gin1	1	ENSMUSG00000026333	
Ech1	1	ENSMUSG00000053898	
Gm3940	1	ENSMUSG00000078291	
Gm11346	1	ENSMUSG00000085603	
Gm34006	1	ENSMUSG00000111293	
Gm11342	1	ENSMUSG00000084788	
Ythdf1	1	ENSMUSG00000038848	
Ythdf2	1	ENSMUSG00000040025	
Gm12678	1	ENSMUSG00000084854	
Ythdf3	1	ENSMUSG00000047213	
Rin3	1	ENSMUSG00000044456	
Rin1	1	ENSMUSG00000024883	
Rilp	1	ENSMUSG00000038195	
Rin2	1	ENSMUSG00000001768	
Arhgef7	1	ENSMUSG00000031511	
Arhgef6	1	ENSMUSG00000031133	
Arhgef5	1	ENSMUSG00000033542	
Arhgef4	1	ENSMUSG00000037509	
Pycr3	1	ENSMUSG00000022571	
Rasa2	1	ENSMUSG00000032413	
Arhgef3	1	ENSMUSG00000021895	
Pycr2	1	ENSMUSG00000026520	
Rasa1	1	ENSMUSG00000021549	
Arhgef2	1	ENSMUSG00000028059	
Cd207	1	ENSMUSG00000034783	
Pycr1	1	ENSMUSG00000025140	
Rasa4	1	ENSMUSG00000004952	
Arhgef1	1	ENSMUSG00000040940	
Rasa3	1	ENSMUSG00000031453	
Gm10044	1	ENSMUSG00000072723	
Gm2619	1	ENSMUSG00000091199	
Tmem30a	1	ENSMUSG00000032328	
Arhgef9	1	ENSMUSG00000025656	
Cd200	1	ENSMUSG00000022661	
Crybg2	1	ENSMUSG00000012123	
Crybg1	1	ENSMUSG00000019866	
Gm2614	1	ENSMUSG00000113113	
5730409E04Rik	1	ENSMUSG00000073755	
Gm3919	1	ENSMUSG00000115911	
Mir6538	1	ENSMUSG00000098771	
Crybg3	1	ENSMUSG00000022723	
Dlec1	1	ENSMUSG00000038060	
Ehbp1l1	1	ENSMUSG00000024937	
Pck1	1	ENSMUSG00000027513	
Gm22027	1	ENSMUSG00000084686	
Pck2	1	ENSMUSG00000040618	
Slc11a1	1	ENSMUSG00000026177	
Slc11a2	1	ENSMUSG00000023030	
Tspoap1	1	ENSMUSG00000034156	
Gm10033	1	ENSMUSG00000110444	
Gm12696	1	ENSMUSG00000084159	
Tomm70a	1	ENSMUSG00000022752	
Gm10036	1	ENSMUSG00000058064	
Gm12693	1	ENSMUSG00000083179	
Gm35315	1	ENSMUSG00000109771	
Gm2606	1	ENSMUSG00000078300	
Gm10039	1	ENSMUSG00000091478	
Rinl	1	ENSMUSG00000051735	
Ugt8a	1	ENSMUSG00000032854	
Gtpbp8	1	ENSMUSG00000022668	
Gtpbp6	1	ENSMUSG00000033434	
Gtpbp4	1	ENSMUSG00000021149	
Gm23346	1	ENSMUSG00000065750	
Gtpbp3	1	ENSMUSG00000007610	
Gtpbp2	1	ENSMUSG00000023952	
Gtpbp1	1	ENSMUSG00000042535	
Ecm1	1	ENSMUSG00000028108	
Prxl2b	1	ENSMUSG00000029059	
Selenbp2	1	ENSMUSG00000068877	
Prxl2c	1	ENSMUSG00000021482	
Selenbp1	1	ENSMUSG00000068874	
Prxl2a	1	ENSMUSG00000021792	
Apbb1	1	ENSMUSG00000037032	
Gm12643	1	ENSMUSG00000079962	
Apbb2	1	ENSMUSG00000029207	
Apbb3	1	ENSMUSG00000117679	
Gm37943	1	ENSMUSG00000102960	
Leprotl1	1	ENSMUSG00000031513	
Cyb561	1	ENSMUSG00000019590	
Pcm1	1	ENSMUSG00000031592	
Sltm	1	ENSMUSG00000032212	
4933430I17Rik	1	ENSMUSG00000058046	
Prox1	1	ENSMUSG00000010175	
Prox2	1	ENSMUSG00000042320	
Git1	1	ENSMUSG00000011877	
Gm24616	1	ENSMUSG00000065208	
Zfr	1	ENSMUSG00000022201	
Zfx	1	ENSMUSG00000079509	
Vgll4	1	ENSMUSG00000030315	
Gm11307	1	ENSMUSG00000082178	
Tox4	1	ENSMUSG00000016831	
Tmem38b	1	ENSMUSG00000028420	
Tox2	1	ENSMUSG00000074607	
Enoph1	1	ENSMUSG00000029326	
Atp23	1	ENSMUSG00000025436	
Hltf	1	ENSMUSG00000002428	
Tmem38a	1	ENSMUSG00000031791	
Lyar	1	ENSMUSG00000067367	
Ramacl	1	ENSMUSG00000074826	
Lime1	1	ENSMUSG00000090077	
Slu7	1	ENSMUSG00000020409	
C330008A17Rik	1	ENSMUSG00000118347	
Tdg-ps	1	ENSMUSG00000047347	
Nckipsd	1	ENSMUSG00000032598	
Colgalt1	1	ENSMUSG00000034807	
Gm12663	1	ENSMUSG00000101316	
Hmgcll1	1	ENSMUSG00000007908	
Kcnq1ot1	1	ENSMUSG00000101609	
Slx4	1	ENSMUSG00000039738	
Tmem35b	1	ENSMUSG00000070737	
Gm12669	1	ENSMUSG00000100863	
Slx9	1	ENSMUSG00000032977	
Limd1	1	ENSMUSG00000025239	
Limd2	1	ENSMUSG00000040699	
Git2	1	ENSMUSG00000041890	
Apba1	1	ENSMUSG00000024897	
Gm12655	1	ENSMUSG00000087128	
Apba3	1	ENSMUSG00000004931	
Gm36602	1	ENSMUSG00000118040	
Gm13981	1	ENSMUSG00000074930	
Hmgb1-ps3	1	ENSMUSG00000081455	
Hmgb1-ps4	1	ENSMUSG00000084221	
Hmgb1-ps5	1	ENSMUSG00000083822	
Rit1	1	ENSMUSG00000028057	
Hmgb1-ps1	1	ENSMUSG00000084129	
Gm36608	1	ENSMUSG00000118249	
Hmgb1-ps2	1	ENSMUSG00000081738	
Cdkn1a	1	ENSMUSG00000023067	
Hmgb1-ps7	1	ENSMUSG00000092281	
Cdkn1b	1	ENSMUSG00000003031	
Hmgb1-ps8	1	ENSMUSG00000097295	
Cdkn1c	1	ENSMUSG00000037664	
Gm23301	1	ENSMUSG00000064647	
Mapk9	1	ENSMUSG00000020366	
Prpf4	1	ENSMUSG00000066148	
Ube2t	1	ENSMUSG00000026429	
Mapk7	1	ENSMUSG00000001034	
Prpf6	1	ENSMUSG00000002455	
Ube2s	1	ENSMUSG00000060860	
Mapk8	1	ENSMUSG00000021936	
Ube2w	1	ENSMUSG00000025939	
Prpf3	1	ENSMUSG00000015748	
Mapk1	1	ENSMUSG00000063358	
Ube2m	1	ENSMUSG00000005575	
Zfp672	1	ENSMUSG00000049755	
Ube2k	1	ENSMUSG00000029203	
Plxnb1	1	ENSMUSG00000053646	
Mapk6	1	ENSMUSG00000042688	
Mapk3	1	ENSMUSG00000063065	
Plxnb3	1	ENSMUSG00000031385	
Ube2o	1	ENSMUSG00000020802	
Plxnb2	1	ENSMUSG00000036606	
Ube2n	1	ENSMUSG00000074781	
Ube2c	1	ENSMUSG00000001403	
Ube2b	1	ENSMUSG00000020390	
Ube2i	1	ENSMUSG00000015120	
Ube2h	1	ENSMUSG00000039159	
Ube2f	1	ENSMUSG00000034343	
Zfp677	1	ENSMUSG00000062743	
Cdkn2b	1	ENSMUSG00000073802	
Tarbp2	1	ENSMUSG00000023051	
Ube2a	1	ENSMUSG00000016308	
Cdkn2c	1	ENSMUSG00000028551	
Tarbp1	1	ENSMUSG00000090290	
Cdkn2d	1	ENSMUSG00000096472	
Pcna	1	ENSMUSG00000027342	
Gm10095	1	ENSMUSG00000113555	
Nosip	1	ENSMUSG00000003421	
Zfp661	1	ENSMUSG00000034800	
Plxna3	1	ENSMUSG00000031398	
Sult4a1	1	ENSMUSG00000018865	
Plxna1	1	ENSMUSG00000030084	
Pcnp	1	ENSMUSG00000071533	
Zfp668	1	ENSMUSG00000049728	
Itprid2	1	ENSMUSG00000027007	
Miga2	1	ENSMUSG00000026858	
Pcp4	1	ENSMUSG00000090223	
Ube3d	1	ENSMUSG00000032415	
Ube3c	1	ENSMUSG00000039000	
Miga1	1	ENSMUSG00000054942	
Sap18b	1	ENSMUSG00000061104	
Zfp664	1	ENSMUSG00000079215	
Zfp667	1	ENSMUSG00000054893	
Cep350	1	ENSMUSG00000033671	
Pcnx	1	ENSMUSG00000021140	
Ube2z	1	ENSMUSG00000014349	
Pcnt	1	ENSMUSG00000001151	
Prpf8	1	ENSMUSG00000020850	
Ube3b	1	ENSMUSG00000029577	
Ube3a	1	ENSMUSG00000025326	
Cotl1	1	ENSMUSG00000031827	
Zfp652	1	ENSMUSG00000075595	
Zfp658	1	ENSMUSG00000056592	
Rps27a-ps2	1	ENSMUSG00000058838	
Zfp654	1	ENSMUSG00000047141	
Micall2	1	ENSMUSG00000036718	
Rps27a-ps1	1	ENSMUSG00000101501	
Zfp653	1	ENSMUSG00000038895	
Rps27a-ps3	1	ENSMUSG00000055093	
Zfp655	1	ENSMUSG00000007812	
Micall1	1	ENSMUSG00000033039	
Ect2	1	ENSMUSG00000027699	
Efnb1	1	ENSMUSG00000031217	
Efnb2	1	ENSMUSG00000001300	
Usb1	1	ENSMUSG00000031792	
Serac1	1	ENSMUSG00000015659	
Plxnc1	1	ENSMUSG00000074785	
Zfp647	1	ENSMUSG00000054967	
Zfp646	1	ENSMUSG00000049739	
Plxnd1	1	ENSMUSG00000030123	
Skida1	1	ENSMUSG00000054074	
Zfp644	1	ENSMUSG00000049606	
Ccnb1-ps	1	ENSMUSG00000048574	
Efna1	1	ENSMUSG00000027954	
Use1	1	ENSMUSG00000002395	
Gm10060	1	ENSMUSG00000110669	
Gm10069	1	ENSMUSG00000059659	
Lyl1	1	ENSMUSG00000034041	
Gm10051	1	ENSMUSG00000058905	
Gm10054	1	ENSMUSG00000113368	
Gm10053	1	ENSMUSG00000058927	
Gm10052	1	ENSMUSG00000058922	
Gm10059	1	ENSMUSG00000059064	
Bltp3a	1	ENSMUSG00000039512	
Bltp3b	1	ENSMUSG00000019951	
Gm10080	1	ENSMUSG00000060467	
Phyhd1	1	ENSMUSG00000079484	
Tpbg	1	ENSMUSG00000035274	
Gm10086	1	ENSMUSG00000060730	
Zfp692	1	ENSMUSG00000037243	
E430021H15Rik	1	ENSMUSG00000105519	
Zfp691	1	ENSMUSG00000045268	
Mcoln3	1	ENSMUSG00000036853	
Qpctl	1	ENSMUSG00000030407	
Aktip	1	ENSMUSG00000031667	
Lysmd4	1	ENSMUSG00000043831	
Lysmd3	1	ENSMUSG00000035840	
Lysmd2	1	ENSMUSG00000032184	
Mcoln1	1	ENSMUSG00000004567	
Lysmd1	1	ENSMUSG00000053769	
Mcoln2	1	ENSMUSG00000011008	
Gm47324	1	ENSMUSG00000111425	
Rasd1	1	ENSMUSG00000049892	
Usf1	1	ENSMUSG00000026641	
Usf2	1	ENSMUSG00000058239	
Usf3	1	ENSMUSG00000068284	
Gm10073	1	ENSMUSG00000060019	
Gm10076	1	ENSMUSG00000060143	
Gm10075	1	ENSMUSG00000100720	
Pctp	1	ENSMUSG00000020553	
Gm10074	1	ENSMUSG00000101932	
Gm36684	1	ENSMUSG00000117278	
Uba52rt	1	ENSMUSG00000068240	
Zfp687	1	ENSMUSG00000019338	
Limk1	1	ENSMUSG00000029674	
Zfp689	1	ENSMUSG00000048921	
Limk2	1	ENSMUSG00000020451	
Zfp688	1	ENSMUSG00000045251	
Rpl34-ps1	1	ENSMUSG00000068396	
Ciart	1	ENSMUSG00000038550	
Rn7s6	1	ENSMUSG00000092746	
Smc6	1	ENSMUSG00000020608	
Smc5	1	ENSMUSG00000024943	
Rn7s2	1	ENSMUSG00000118841	
Smc4	1	ENSMUSG00000034349	
Smc3	1	ENSMUSG00000024974	
Hdac1-ps	1	ENSMUSG00000061062	
Smc2	1	ENSMUSG00000028312	
Gja1	1	ENSMUSG00000050953	
Hmbs	1	ENSMUSG00000032126	
4921524J17Rik	1	ENSMUSG00000036934	
Ghitm	1	ENSMUSG00000041028	
Snupn	1	ENSMUSG00000055334	
Cd2ap	1	ENSMUSG00000061665	
4833438C02Rik	1	ENSMUSG00000118087	
Gm26049	1	ENSMUSG00000087938	
Gm15381	1	ENSMUSG00000081771	
Gm15382	1	ENSMUSG00000083083	
Gm14056	1	ENSMUSG00000082647	
Gm15387	1	ENSMUSG00000082585	
Fam210b	1	ENSMUSG00000027495	
Fam210a	1	ENSMUSG00000038121	
5830448L01Rik	1	ENSMUSG00000115007	
Rn7sk	1	ENSMUSG00002076161	
Prrt3	1	ENSMUSG00000045009	
Mettl2	1	ENSMUSG00000020691	
Cited4	1	ENSMUSG00000070803	
Mettl3	1	ENSMUSG00000022160	
Cited2	1	ENSMUSG00000039910	
Mettl1	1	ENSMUSG00000006732	
Higd1a	1	ENSMUSG00000038412	
Rnps1-ps	1	ENSMUSG00000096403	
Pelp1	1	ENSMUSG00000018921	
Tdrkh	1	ENSMUSG00000041912	
Gjb2	1	ENSMUSG00000046352	
Higd2a	1	ENSMUSG00000025868	
Gm14022	1	ENSMUSG00000087151	
Gm39321	1	ENSMUSG00000111167	
Smg1	1	ENSMUSG00000030655	
Tcof1	1	ENSMUSG00000024613	
Peli1	1	ENSMUSG00000020134	
Smg9	1	ENSMUSG00000002210	
Smg8	1	ENSMUSG00000020495	
Gm14023	1	ENSMUSG00000085498	
Smg7	1	ENSMUSG00000042772	
Gm14026	1	ENSMUSG00000082274	
Smg6	1	ENSMUSG00000038290	
Smg5	1	ENSMUSG00000001415	
Gpr137b-ps	1	ENSMUSG00000097715	
Gm15342	1	ENSMUSG00000085884	
Sdr42e1	1	ENSMUSG00000034308	
Tpi1	1	ENSMUSG00000023456	
Gm14017	1	ENSMUSG00000081967	
Mettl6	1	ENSMUSG00000021891	
Mettl4	1	ENSMUSG00000055660	
Gm14018	1	ENSMUSG00000084407	
Mettl5	1	ENSMUSG00000051730	
Mettl8	1	ENSMUSG00000041975	
Gm16675	1	ENSMUSG00000097534	
Mettl9	1	ENSMUSG00000030876	
Gucy2c	1	ENSMUSG00000042638	
Gm28651	1	ENSMUSG00000101086	
Peli2	1	ENSMUSG00000021846	
Peli3	1	ENSMUSG00000024901	
Gm41659	1	ENSMUSG00000120077	
Ccsap	1	ENSMUSG00000031971	
Ovca2	1	ENSMUSG00000038268	
Gm14044	1	ENSMUSG00000083483	
Vma21	1	ENSMUSG00000073131	
Uso1	1	ENSMUSG00000029407	
Ppfia4	1	ENSMUSG00000026458	
Gm39302	1	ENSMUSG00000111172	
Fgd2	1	ENSMUSG00000024013	
Ppfia1	1	ENSMUSG00000037519	
Fgd4	1	ENSMUSG00000022788	
Fgd3	1	ENSMUSG00000037946	
Fgd6	1	ENSMUSG00000020021	
Tm4sf1	1	ENSMUSG00000027800	
Tm4sf5	1	ENSMUSG00000018919	
Usp1	1	ENSMUSG00000028560	
Sh3bgr	1	ENSMUSG00000040666	
Gm15361	1	ENSMUSG00000083283	
Tpk1	1	ENSMUSG00000029735	
Cysltr2	1	ENSMUSG00000033470	
Cysltr1	1	ENSMUSG00000052821	
Eps15l1	1	ENSMUSG00000006276	
Lyst	1	ENSMUSG00000019726	
Gm53610	1	ENSMUSG00000119990	
Map3k15	1	ENSMUSG00000031303	
1700028J19Rik	1	ENSMUSG00000038782	
Gm40309	1	ENSMUSG00000107362	
Zyx	1	ENSMUSG00000029860	
Map3k10	1	ENSMUSG00000040390	
Map3k11	1	ENSMUSG00000004054	
Map3k12	1	ENSMUSG00000023050	
Map3k13	1	ENSMUSG00000033618	
Map3k14	1	ENSMUSG00000020941	
Ipmk	1	ENSMUSG00000060733	
Commd10	1	ENSMUSG00000042705	
Fgf2	1	ENSMUSG00000037225	
Fgf1	1	ENSMUSG00000036585	
Ipo7	1	ENSMUSG00000066232	
Ipo4	1	ENSMUSG00000002319	
Edc3	1	ENSMUSG00000038957	
Ipo5	1	ENSMUSG00000030662	
Edc4	1	ENSMUSG00000036270	
Ipo8	1	ENSMUSG00000040029	
Btf3-ps1	1	ENSMUSG00000089782	
Ipo9	1	ENSMUSG00000041879	
Nicn1	1	ENSMUSG00000032606	
Frmd8	1	ENSMUSG00000024816	
Frmd6	1	ENSMUSG00000048285	
Ftsj1	1	ENSMUSG00000031171	
Gpank1	1	ENSMUSG00000092417	
Ftsj3	1	ENSMUSG00000020706	
Akap10	1	ENSMUSG00000047804	
Tpm4	1	ENSMUSG00000031799	
Akap11	1	ENSMUSG00000022016	
Tpm3	1	ENSMUSG00000027940	
Akap12	1	ENSMUSG00000038587	
Tpm2	1	ENSMUSG00000028464	
Akap13	1	ENSMUSG00000066406	
Tpm1	1	ENSMUSG00000032366	
Fam219a	1	ENSMUSG00000028439	
Usp2	1	ENSMUSG00000032010	
Usp3	1	ENSMUSG00000032376	
Usp4	1	ENSMUSG00000032612	
Fam219b	1	ENSMUSG00000032305	
Txlnb	1	ENSMUSG00000039891	
Usp5	1	ENSMUSG00000038429	
Ankzf1	1	ENSMUSG00000026199	
Txlna	1	ENSMUSG00000053841	
Usp7	1	ENSMUSG00000022710	
Usp8	1	ENSMUSG00000027363	
AI463229	1	ENSMUSG00000114828	
1700066M21Rik	1	ENSMUSG00000038323	
Rps11-ps2	1	ENSMUSG00000081929	
Mageh1	1	ENSMUSG00000047238	
Rps11-ps1	1	ENSMUSG00000090516	
Rps11-ps4	1	ENSMUSG00000046620	
Carns1	1	ENSMUSG00000075289	
Rps11-ps3	1	ENSMUSG00000081715	
Rps11-ps5	1	ENSMUSG00000082780	
Lyz1	1	ENSMUSG00000069515	
Lyz2	1	ENSMUSG00000069516	
Fam177a2	1	ENSMUSG00000094103	
Qsox2	1	ENSMUSG00000036327	
Dab2	1	ENSMUSG00000022150	
Qsox1	1	ENSMUSG00000033684	
Exosc10	1	ENSMUSG00000017264	
Phf20l1	1	ENSMUSG00000072501	
Pdcl	1	ENSMUSG00000009030	
Gm2574	1	ENSMUSG00000078162	
Gm2573	1	ENSMUSG00000115017	
Smn1	1	ENSMUSG00000021645	
Dnajb6-ps	1	ENSMUSG00000091905	
Tpmt	1	ENSMUSG00000021376	
Hapln1	1	ENSMUSG00000021613	
Magef1	1	ENSMUSG00000116632	
Ndufv2	1	ENSMUSG00000024099	
2010109A12Rik	1	ENSMUSG00000029384	
Ndufv1	1	ENSMUSG00000037916	
Ndufv3	1	ENSMUSG00000024038	
Tpp2	1	ENSMUSG00000041763	
Tpp1	1	ENSMUSG00000030894	
4930580E04Rik	1	ENSMUSG00000106269	
Dad1	1	ENSMUSG00000022174	
Maged2	1	ENSMUSG00000025268	
Magee1	1	ENSMUSG00000031227	
Ndufs1	1	ENSMUSG00000025968	
Ndufs3	1	ENSMUSG00000005510	
Ndufs2	1	ENSMUSG00000013593	
Ndufs5	1	ENSMUSG00000028648	
Ndufs4	1	ENSMUSG00000021764	
Ndufs7	1	ENSMUSG00000020153	
Ndufs6	1	ENSMUSG00000021606	
Ddost	1	ENSMUSG00000028757	
Ndufs8	1	ENSMUSG00000059734	
2810403D21Rik	1	ENSMUSG00000086629	
Ippk	1	ENSMUSG00000021385	
Olfm2	1	ENSMUSG00000032172	
Olfm1	1	ENSMUSG00000026833	
Pdzk1ip1	1	ENSMUSG00000028716	
Qtrt2	1	ENSMUSG00000022704	
Qtrt1	1	ENSMUSG00000002825	
Hmmr	1	ENSMUSG00000020330	
Tbc1d10c	1	ENSMUSG00000040247	
Edf1	1	ENSMUSG00000015092	
Neurl1b	1	ENSMUSG00000034413	
Neurl1a	1	ENSMUSG00000006435	
Tbc1d10b	1	ENSMUSG00000042492	
Tbc1d10a	1	ENSMUSG00000034412	
Bckdhb	1	ENSMUSG00000032263	
Fggy	1	ENSMUSG00000028573	
Maged1	1	ENSMUSG00000025151	
Bckdha	1	ENSMUSG00000060376	
Olfm4	1	ENSMUSG00000022026	
Tppp	1	ENSMUSG00000021573	
Ubfd1	1	ENSMUSG00000030870	
Smox	1	ENSMUSG00000027333	
Fgl2	1	ENSMUSG00000039899	
Gm39383	1	ENSMUSG00000111839	
Fam216a	1	ENSMUSG00000029463	
Gm53681	1	ENSMUSG00000120384	
4930578M07Rik	1	ENSMUSG00000110586	
Slc3a1	1	ENSMUSG00000024131	
Slc3a2	1	ENSMUSG00000010095	
Gm39397	1	ENSMUSG00000110636	
Top1mt	1	ENSMUSG00000000934	
Yme1l1	1	ENSMUSG00000026775	
Luc7l3	1	ENSMUSG00000020863	
4931422A03Rik	1	ENSMUSG00000046085	
Fam217b	1	ENSMUSG00000070476	
Luc7l2	1	ENSMUSG00000029823	
Stard3nl	1	ENSMUSG00000003062	
Calr3	1	ENSMUSG00000019732	
Gm53692	1	ENSMUSG00000120024	
Tpt1	1	ENSMUSG00000060126	
Ark2n	1	ENSMUSG00000047466	
Atox1	1	ENSMUSG00000018585	
Tprn	1	ENSMUSG00000048707	
Atosa	1	ENSMUSG00000034858	
Cct6a	1	ENSMUSG00000029447	
Atosb	1	ENSMUSG00000036002	
Pdhx	1	ENSMUSG00000010914	
Gm3815	1	ENSMUSG00000118088	
Nup205	1	ENSMUSG00000038759	
Akap8l	1	ENSMUSG00000002625	
BC051226	1	ENSMUSG00000092564	
Pdk3	1	ENSMUSG00000035232	
Pdk2	1	ENSMUSG00000038967	
Pdk1	1	ENSMUSG00000006494	
A730061H03Rik	1	ENSMUSG00000053588	
4930558J18Rik	1	ENSMUSG00000097519	
Dag1	1	ENSMUSG00000039952	
Pdhb	1	ENSMUSG00000021748	
Gal3st2b	1	ENSMUSG00000093805	
Nxpe2	1	ENSMUSG00000032028	
B230369F24Rik	1	ENSMUSG00000086350	
Nxpe4	1	ENSMUSG00000044229	
Nxpe3	1	ENSMUSG00000075033	
Cct6b	1	ENSMUSG00000020698	
Col17a1	1	ENSMUSG00000025064	
Hsd17b7	1	ENSMUSG00000026675	
Hsd17b8	1	ENSMUSG00000073422	
Hsd17b4	1	ENSMUSG00000024507	
Calm3	1	ENSMUSG00000019370	
Calm2	1	ENSMUSG00000036438	
Cd320	1	ENSMUSG00000002308	
Calm1	1	ENSMUSG00000001175	
Smtn	1	ENSMUSG00000020439	
6720427I07Rik	1	ENSMUSG00000097375	
Hsd17b1	1	ENSMUSG00000019301	
Mettl21a	1	ENSMUSG00000025956	
4933439K11Rik	1	ENSMUSG00000085184	
Tspan31	1	ENSMUSG00000006736	
Tspan32	1	ENSMUSG00000000244	
Tspan33	1	ENSMUSG00000001763	
Tspan13	1	ENSMUSG00000020577	
Tspan14	1	ENSMUSG00000037824	
Tspan15	1	ENSMUSG00000037031	
Tspan17	1	ENSMUSG00000025875	
Smu1	1	ENSMUSG00000028409	
Tpx2	1	ENSMUSG00000027469	
Gm3807	1	ENSMUSG00000102881	
Nup214	1	ENSMUSG00000001855	
Gpaa1	1	ENSMUSG00000022561	
Nup210	1	ENSMUSG00000030091	
Dclk2	1	ENSMUSG00000028078	
C2cd2	1	ENSMUSG00000045975	
Cd302	1	ENSMUSG00000060703	
C2cd3	1	ENSMUSG00000047248	
C2cd5	1	ENSMUSG00000030279	
Tsnaxip1	1	ENSMUSG00000031893	
A930037H05Rik	1	ENSMUSG00000109408	
Mccc1os	1	ENSMUSG00000086392	
Vwa8	1	ENSMUSG00000058997	
Brcc3	1	ENSMUSG00000031201	
Vwa1	1	ENSMUSG00000042116	
Vwa7	1	ENSMUSG00000007030	
Arih1	1	ENSMUSG00000025234	
Arih2	1	ENSMUSG00000064145	
1810021B22Rik	1	ENSMUSG00000087331	
Dync2h1	1	ENSMUSG00000047193	
Gm2539	1	ENSMUSG00000097739	
Gm2534	1	ENSMUSG00000114295	
Txlng	1	ENSMUSG00000038344	
B9d1	1	ENSMUSG00000001039	
B9d2	1	ENSMUSG00000063439	
Mettl25b	1	ENSMUSG00000004896	
Dync2i1	1	ENSMUSG00000042050	
Dync2i2	1	ENSMUSG00000039715	
Pdp1	1	ENSMUSG00000049225	
Akr1b10	1	ENSMUSG00000061758	
Brca2	1	ENSMUSG00000041147	
Pdp2	1	ENSMUSG00000048371	
Brca1	1	ENSMUSG00000017146	
Inpp1	1	ENSMUSG00000026102	
F730043M19Rik	1	ENSMUSG00000052125	
A530088E08Rik	1	ENSMUSG00000117872	
F2rl1	1	ENSMUSG00000021678	
F2rl2	1	ENSMUSG00000021675	
F2rl3	1	ENSMUSG00000050147	
Dap3	1	ENSMUSG00000068921	
Khsrp	1	ENSMUSG00000007670	
Gm15433	1	ENSMUSG00000118590	
Gm15432	1	ENSMUSG00000086691	
Derl3	1	ENSMUSG00000009092	
Cenatac	1	ENSMUSG00000043923	
Derl2	1	ENSMUSG00000018442	
Map3k20	1	ENSMUSG00000004085	
Derl1	1	ENSMUSG00000022365	
Azi2	1	ENSMUSG00000039285	
Ralgps2	1	ENSMUSG00000026594	
Ralgps1	1	ENSMUSG00000038831	
Gm15427	1	ENSMUSG00000081051	
Masp2	1	ENSMUSG00000028979	
Gm16754	1	ENSMUSG00000097439	
Gm15421	1	ENSMUSG00000084235	
Hspbap1	1	ENSMUSG00000022849	
Pdpr	1	ENSMUSG00000033624	
Gm15428	1	ENSMUSG00000046057	
Gm15429	1	ENSMUSG00000040323	
Lipo3	1	ENSMUSG00000024766	
Gm15452	1	ENSMUSG00000084353	
Gm14121	1	ENSMUSG00000083325	
Gm14127	1	ENSMUSG00000082740	
Gm15459	1	ENSMUSG00000100801	
Gm15455	1	ENSMUSG00000081402	
Arid2	1	ENSMUSG00000033237	
Gm15454	1	ENSMUSG00000096712	
Rap1gds1	1	ENSMUSG00000028149	
Jade1	1	ENSMUSG00000025764	
Jade2	1	ENSMUSG00000020387	
Jade3	1	ENSMUSG00000037315	
Cyria	1	ENSMUSG00000020589	
Cyrib	1	ENSMUSG00000022378	
Gm15441	1	ENSMUSG00000074398	
Ccrl2	1	ENSMUSG00000043953	
Nelfcd	1	ENSMUSG00000016253	
Gm15446	1	ENSMUSG00000090015	
Gm14117	1	ENSMUSG00000042938	
Lzic	1	ENSMUSG00000028990	
Ralgds	1	ENSMUSG00000026821	
Xrcc6	1	ENSMUSG00000022471	
H1f10	1	ENSMUSG00000044927	
Xrcc3	1	ENSMUSG00000021287	
Xrcc2	1	ENSMUSG00000028933	
Xrcc5	1	ENSMUSG00000026187	
Xrcc4	1	ENSMUSG00000021615	
Xrcc1	1	ENSMUSG00000051768	
Ddrgk1	1	ENSMUSG00000068290	
Ndufc1	1	ENSMUSG00000037152	
Atoh8	1	ENSMUSG00000037621	
Gm28707	1	ENSMUSG00000100071	
Ndufc2	1	ENSMUSG00000030647	
E130311K13Rik	1	ENSMUSG00000048581	
Iqce	1	ENSMUSG00000036555	
Iqcc	1	ENSMUSG00000040795	
A4galt	1	ENSMUSG00000047878	
Iqcg	1	ENSMUSG00000035578	
Lipt1	1	ENSMUSG00000037216	
Iqcn	1	ENSMUSG00000110622	
Lipt2	1	ENSMUSG00000030725	
Iqck	1	ENSMUSG00000073856	
Rps12-ps19	1	ENSMUSG00000082481	
1700020L13Rik	1	ENSMUSG00000013928	
Cfap300	1	ENSMUSG00000053070	
Mm2pr	1	ENSMUSG00000097191	
Mastl	1	ENSMUSG00000026779	
Rpl13-ps3	1	ENSMUSG00000059835	
Utf1	1	ENSMUSG00000047751	
Rpl13-ps1	1	ENSMUSG00000082806	
Rpl13-ps6	1	ENSMUSG00000059776	
Slc36a3os	1	ENSMUSG00000085531	
Rps12-ps10	1	ENSMUSG00000070692	
Slc50a1	1	ENSMUSG00000027953	
Gm16712	1	ENSMUSG00000097077	
Cyren	1	ENSMUSG00000046806	
Kidins220	1	ENSMUSG00000036333	
Hsdl1	1	ENSMUSG00000034189	
Hsdl2	1	ENSMUSG00000028383	
Oas2	1	ENSMUSG00000032690	
Or5k1	1	ENSMUSG00000049362	
Mlst8	1	ENSMUSG00000024142	
Oas3	1	ENSMUSG00000032661	
Hspbp1	1	ENSMUSG00000063802	
Aurkc	1	ENSMUSG00000070837	
2310011J03Rik	1	ENSMUSG00000020133	
Aurka	1	ENSMUSG00000027496	
Aurkb	1	ENSMUSG00000020897	
AV356131	1	ENSMUSG00000108461	
Cd1d2	1	ENSMUSG00000041750	
Fcamr	1	ENSMUSG00000026415	
Cd1d1	1	ENSMUSG00000028076	
Nfyc-ps	1	ENSMUSG00000073233	
Ndufa1	1	ENSMUSG00000016427	
Ndufa3	1	ENSMUSG00000035674	
Trav5-4	1	ENSMUSG00000095607	
Ndufa2	1	ENSMUSG00000014294	
Ndufa5	1	ENSMUSG00000023089	
Cpxm1	1	ENSMUSG00000027408	
Ndufa4	1	ENSMUSG00000029632	
Gm15411	1	ENSMUSG00000085971	
Ndufa7	1	ENSMUSG00000041881	
Ndufa6	1	ENSMUSG00000022450	
Gm16740	1	ENSMUSG00000097167	
Ndufa9	1	ENSMUSG00000000399	
Ndufa8	1	ENSMUSG00000026895	
Mast3	1	ENSMUSG00000031833	
Mast4	1	ENSMUSG00000034751	
Gm15417	1	ENSMUSG00000074466	
Mast1	1	ENSMUSG00000053693	
Mast2	1	ENSMUSG00000003810	
Cdc42se1	1	ENSMUSG00000046722	
Cdc42se2	1	ENSMUSG00000052298	
Ppme1	1	ENSMUSG00000030718	
9530056E24Rik	1	ENSMUSG00000115955	
Ndufb2	1	ENSMUSG00000002416	
Ndufb1	1	ENSMUSG00000113902	
Ndufb4	1	ENSMUSG00000022820	
Ndufb3	1	ENSMUSG00000026032	
Ndufb6	1	ENSMUSG00000071014	
Ndufb5	1	ENSMUSG00000027673	
Ndufb8	1	ENSMUSG00000025204	
Ndufb7	1	ENSMUSG00000033938	
Tmed10-ps	1	ENSMUSG00000114251	
Ndufb9	1	ENSMUSG00000022354	
Gm15408	1	ENSMUSG00000086610	
Cemip2	1	ENSMUSG00000024754	
Etfrf1	1	ENSMUSG00000040370	
Cyth2	1	ENSMUSG00000003269	
Cyth3	1	ENSMUSG00000018001	
Cyth4	1	ENSMUSG00000018008	
Heatr5b	1	ENSMUSG00000039414	
Heatr5a	1	ENSMUSG00000035181	
Cyth1	1	ENSMUSG00000017132	
Fam221b	1	ENSMUSG00000043633	
Fam221a	1	ENSMUSG00000047115	
Vsig10l	1	ENSMUSG00000070604	
Cand1	1	ENSMUSG00000020114	
3300002P09Rik	1	ENSMUSG00000120873	
Pard6b	1	ENSMUSG00000044641	
Ss18l2	1	ENSMUSG00000032526	
Gm14173	1	ENSMUSG00000061272	
Lsm10	1	ENSMUSG00000050188	
Pard6a	1	ENSMUSG00000005699	
Ss18l1	1	ENSMUSG00000039086	
Gm14176	1	ENSMUSG00000062846	
Lsm11	1	ENSMUSG00000044847	
Pdxk	1	ENSMUSG00000032788	
Cand2	1	ENSMUSG00000030319	
Lsm12	1	ENSMUSG00000020922	
Pdxp	1	ENSMUSG00000116165	
Tnni2	1	ENSMUSG00000031097	
Lins1	1	ENSMUSG00000053091	
Snd1	1	ENSMUSG00000001424	
Fam222a	1	ENSMUSG00000041930	
Fam222b	1	ENSMUSG00000037750	
Zc3h7b	1	ENSMUSG00000022390	
Zc3h7a	1	ENSMUSG00000037965	
Pard6g	1	ENSMUSG00000056214	
Snca	1	ENSMUSG00000025889	
Glud1	1	ENSMUSG00000021794	
1700031C06Rik	1	ENSMUSG00000120820	
Trav7-1	1	ENSMUSG00000104620	
Trav7-4	1	ENSMUSG00000094766	
Trav7-3	1	ENSMUSG00000096908	
Oaz1	1	ENSMUSG00000035242	
Elane	1	ENSMUSG00000020125	
Gm39469	1	ENSMUSG00000110834	
Oaz2	1	ENSMUSG00000040652	
Snf8	1	ENSMUSG00000006058	
Rreb1	1	ENSMUSG00000039087	
Dmac2l	1	ENSMUSG00000054894	
Septin11	1	ENSMUSG00000058013	
Septin10	1	ENSMUSG00000019917	
Gm40466	1	ENSMUSG00000110649	
Daxx	1	ENSMUSG00000002307	
Mthfs	1	ENSMUSG00000066442	
Mthfr	1	ENSMUSG00000029009	
Ptchd1	1	ENSMUSG00000041552	
Nxnl2	1	ENSMUSG00000021396	
Nxnl1	1	ENSMUSG00000034829	
Gm15477	1	ENSMUSG00000087261	
Batf3	1	ENSMUSG00000026630	
Batf2	1	ENSMUSG00000039699	
Eea1	1	ENSMUSG00000036499	
Tomm40	1	ENSMUSG00000002984	
Gm16793	1	ENSMUSG00000097357	
Gm16794	1	ENSMUSG00000097777	
Gm14138	1	ENSMUSG00000081572	
Gm14137	1	ENSMUSG00000055926	
Gm15466	1	ENSMUSG00000081657	
Gm15464	1	ENSMUSG00000082609	
Spire2	1	ENSMUSG00000010154	
Sanbr	1	ENSMUSG00000042208	
Spire1	1	ENSMUSG00000024533	
Hsbp1	1	ENSMUSG00000031839	
Ahnak	1	ENSMUSG00000069833	
Cntd1	1	ENSMUSG00000078653	
Iglj3p	1	ENSMUSG00000106405	
Sytl1	1	ENSMUSG00000028860	
Tomm34	1	ENSMUSG00000018322	
Sytl4	1	ENSMUSG00000031255	
Sytl2	1	ENSMUSG00000030616	
Sytl3	1	ENSMUSG00000041831	
Gm14165	1	ENSMUSG00000081434	
Gm14161	1	ENSMUSG00000084935	
Marchf5	1	ENSMUSG00000023307	
Marchf6	1	ENSMUSG00000039100	
Cd300c2	1	ENSMUSG00000044811	
Marchf3	1	ENSMUSG00000032656	
Gm14167	1	ENSMUSG00000087433	
Marchf9	1	ENSMUSG00000040502	
Marchf7	1	ENSMUSG00000026977	
Gm14168	1	ENSMUSG00000055494	
Marchf8	1	ENSMUSG00000025702	
Tafazzin	1	ENSMUSG00000009995	
Fhod1	1	ENSMUSG00000014778	
Marchf1	1	ENSMUSG00000036469	
Marchf2	1	ENSMUSG00000079557	
Caskin2	1	ENSMUSG00000034471	
Gm40414	1	ENSMUSG00000106309	
Exosc9	1	ENSMUSG00000027714	
Gm15484	1	ENSMUSG00000081865	
Exosc8	1	ENSMUSG00000027752	
Gm14154	1	ENSMUSG00000087004	
Gm15483	1	ENSMUSG00000081431	
Exosc5	1	ENSMUSG00000061286	
Exosc4	1	ENSMUSG00000034259	
Exosc7	1	ENSMUSG00000025785	
Gm14150	1	ENSMUSG00000082809	
Exosc1	1	ENSMUSG00000034321	
Trip12	1	ENSMUSG00000026219	
R74862	1	ENSMUSG00000059277	
Trip13	1	ENSMUSG00000021569	
Exosc3	1	ENSMUSG00000028322	
Trip10	1	ENSMUSG00000019487	
Utp3	1	ENSMUSG00000070697	
Exosc2	1	ENSMUSG00000039356	
Trip11	1	ENSMUSG00000021188	
Utp4	1	ENSMUSG00000041438	
Gm15489	1	ENSMUSG00000086942	
Utp6	1	ENSMUSG00000035575	
Fam220a	1	ENSMUSG00000083012	
Adat1	1	ENSMUSG00000031949	
Adat2	1	ENSMUSG00000019808	
Gnpda1	1	ENSMUSG00000052102	
Adap2	1	ENSMUSG00000020709	
Ctnnbl1	1	ENSMUSG00000027649	
Gnpda2	1	ENSMUSG00000029209	
Ctdp1	1	ENSMUSG00000033323	
Utrn	1	ENSMUSG00000019820	
Sap30	1	ENSMUSG00000031609	
Zc3h10	1	ENSMUSG00000039810	
A430078I02Rik	1	ENSMUSG00000085589	
Gm3788	1	ENSMUSG00000094392	
Slc28a2b	1	ENSMUSG00000079071	
Gm2427	1	ENSMUSG00000101751	
Rtkn2	1	ENSMUSG00000037846	
Gm2423	1	ENSMUSG00000061724	
Tubd1	1	ENSMUSG00000020513	
Gm2420	1	ENSMUSG00000082305	
Plcxd1	1	ENSMUSG00000064247	
Plcxd2	1	ENSMUSG00000087141	
Pef1	1	ENSMUSG00000028779	
Gm3756	1	ENSMUSG00000091639	
Gm1123	1	ENSMUSG00000044860	
Zc3h18	1	ENSMUSG00000017478	
Gm2451	1	ENSMUSG00000106574	
Tomm22	1	ENSMUSG00000022427	
Zc3h15	1	ENSMUSG00000027091	
Zc3h14	1	ENSMUSG00000021012	
Tomm20	1	ENSMUSG00000093904	
Zc3h13	1	ENSMUSG00000022000	
Pecr	1	ENSMUSG00000026189	
Tubb5	1	ENSMUSG00000001525	
Tubb6	1	ENSMUSG00000001473	
Tubb3	1	ENSMUSG00000062380	
Nipsnap3b	1	ENSMUSG00000015247	
Tubb1	1	ENSMUSG00000016255	
Arl8b	1	ENSMUSG00000030105	
Eef2	1	ENSMUSG00000034994	
Vcp-rs	1	ENSMUSG00000083327	
Arl8a	1	ENSMUSG00000026426	
Hnmt	1	ENSMUSG00000026986	
Tcp11	1	ENSMUSG00000062859	
Dnmt1	1	ENSMUSG00000004099	
Gm2447	1	ENSMUSG00000102785	
Adap1	1	ENSMUSG00000056413	
Arl5c	1	ENSMUSG00000038352	
Arl5b	1	ENSMUSG00000017418	
Fhl3	1	ENSMUSG00000032643	
Fhl2	1	ENSMUSG00000008136	
Tasor2	1	ENSMUSG00000033799	
Daglb	1	ENSMUSG00000039206	
Fhl4	1	ENSMUSG00000050035	
Dbf4	1	ENSMUSG00000002297	
Arl5a	1	ENSMUSG00000036093	
Endod1	1	ENSMUSG00000037419	
0610040J01Rik	1	ENSMUSG00000060512	
Adam3	1	ENSMUSG00000031553	
Adam4	1	ENSMUSG00000072972	
Adam9	1	ENSMUSG00000031555	
Adam8	1	ENSMUSG00000025473	
Fhit	1	ENSMUSG00000060579	
Tbc1d22a	1	ENSMUSG00000051864	
Fam227a	1	ENSMUSG00000042564	
Tbc1d22b	1	ENSMUSG00000042203	
Tpd52l2	1	ENSMUSG00000000827	
Dagla	1	ENSMUSG00000035735	
Slc7a6os	1	ENSMUSG00000033106	
Gm3791	1	ENSMUSG00000113423	
Gm38171	1	ENSMUSG00000102196	
Ppm1b	1	ENSMUSG00000061130	
Ppm1a	1	ENSMUSG00000021096	
Fer1l5	1	ENSMUSG00000037432	
Fer1l4	1	ENSMUSG00000013338	
Snrk	1	ENSMUSG00000038145	
Gm2a	1	ENSMUSG00000000594	
Elac1	1	ENSMUSG00000036941	
Sap18	1	ENSMUSG00000021963	
Elac2	1	ENSMUSG00000020549	
Arl4a	1	ENSMUSG00000047446	
Arl4d	1	ENSMUSG00000034936	
Arl4c	1	ENSMUSG00000049866	
Efr3a	1	ENSMUSG00000015002	
Chadl	1	ENSMUSG00000063765	
Brms1l	1	ENSMUSG00000012076	
Tagln2	1	ENSMUSG00000026547	
Fam229b	1	ENSMUSG00000051736	
Slc16a13	1	ENSMUSG00000044367	
Agtpbp1	1	ENSMUSG00000021557	
Slc16a10	1	ENSMUSG00000019838	
Ppm1m	1	ENSMUSG00000020253	
Ppm1l	1	ENSMUSG00000027784	
Ppm1g	1	ENSMUSG00000029147	
Ppm1f	1	ENSMUSG00000026181	
Ppm1e	1	ENSMUSG00000046442	
Ppm1d	1	ENSMUSG00000020525	
Ppm1k	1	ENSMUSG00000037826	
Ppm1j	1	ENSMUSG00000002228	
Ppm1h	1	ENSMUSG00000034613	
Epm2aip1	1	ENSMUSG00000046785	
Col18a1	1	ENSMUSG00000001435	
Ptpmt1	1	ENSMUSG00000063235	
5830454E08Rik	1	ENSMUSG00000052658	
Mir17hg	1	ENSMUSG00000089726	
Cdiptos	1	ENSMUSG00000097075	
Slc4a2	1	ENSMUSG00000028962	
Slc4a1	1	ENSMUSG00000006574	
Slc4a3	1	ENSMUSG00000006576	
Slc4a5	1	ENSMUSG00000068323	
Slc4a8	1	ENSMUSG00000023032	
Slc4a7	1	ENSMUSG00000021733	
Prrc1	1	ENSMUSG00000024594	
Marf1	1	ENSMUSG00000060657	
A730081D07Rik	1	ENSMUSG00000086693	
Focad	1	ENSMUSG00000038368	
Akr1c13	1	ENSMUSG00000021213	
Obi1	1	ENSMUSG00000022120	
Gm28809	1	ENSMUSG00000101191	
5330406M23Rik	1	ENSMUSG00000104030	
Dhrs7b	1	ENSMUSG00000042569	
Chac1	1	ENSMUSG00000027313	
2700038G22Rik	1	ENSMUSG00000097180	
Chac2	1	ENSMUSG00000020309	
Pla1a	1	ENSMUSG00000002847	
4930520O04Rik	1	ENSMUSG00000074039	
Snx4	1	ENSMUSG00000022808	
Snx3	1	ENSMUSG00000019804	
Arl11	1	ENSMUSG00000043157	
Snx2	1	ENSMUSG00000034484	
Arl10	1	ENSMUSG00000025870	
Snx1	1	ENSMUSG00000032382	
Arl15	1	ENSMUSG00000042348	
Mapk1ip1	1	ENSMUSG00000041775	
Pemt	1	ENSMUSG00000000301	
Gm28802	1	ENSMUSG00000099719	
Snx9	1	ENSMUSG00000002365	
Snx8	1	ENSMUSG00000029560	
Triobp	1	ENSMUSG00000033088	
Snx7	1	ENSMUSG00000028007	
Snx6	1	ENSMUSG00000005656	
Snx5	1	ENSMUSG00000027423	
Firrm	1	ENSMUSG00000041406	
Arl16	1	ENSMUSG00000057594	
Firre	1	ENSMUSG00000085396	
Cox8a	1	ENSMUSG00000035885	
Snw1	1	ENSMUSG00000021039	
Ppip5k1	1	ENSMUSG00000033526	
Ppip5k2	1	ENSMUSG00000040648	
Pelo	1	ENSMUSG00000042275	
Tnnt3	1	ENSMUSG00000061723	
Dbn1	1	ENSMUSG00000034675	
Tnnt1	1	ENSMUSG00000064179	
Mark3	1	ENSMUSG00000007411	
Mark4	1	ENSMUSG00000030397	
Nudt22	1	ENSMUSG00000037349	
Mark2	1	ENSMUSG00000024969	
Nudt21	1	ENSMUSG00000031754	
Cox7b	1	ENSMUSG00000031231	
1700102H20Rik	1	ENSMUSG00000116852	
Hikeshi	1	ENSMUSG00000062797	
Tubg2	1	ENSMUSG00000045007	
Cox7c	1	ENSMUSG00000017778	
Tubg1	1	ENSMUSG00000035198	
Uchl3	1	ENSMUSG00000022111	
Trmt112-ps1	1	ENSMUSG00000107261	
Uchl4	1	ENSMUSG00000035337	
Trmt112-ps2	1	ENSMUSG00000070572	
Uchl5	1	ENSMUSG00000018189	
Nudt13	1	ENSMUSG00000021809	
Nudt12	1	ENSMUSG00000024228	
Serpinb1-ps1	1	ENSMUSG00000081433	
Nudt15	1	ENSMUSG00000033405	
Nudt14	1	ENSMUSG00000002804	
Nudt17	1	ENSMUSG00000028100	
Nudt16	1	ENSMUSG00000032565	
Nudt19	1	ENSMUSG00000034875	
Nudt18	1	ENSMUSG00000045211	
Rpl31-ps8	1	ENSMUSG00000067870	
Penk	1	ENSMUSG00000045573	
Kxd1	1	ENSMUSG00000055553	
Laptm5	1	ENSMUSG00000028581	
2610020C07Rik	1	ENSMUSG00000097537	
Cox6c	1	ENSMUSG00000014313	
Camk4	1	ENSMUSG00000038128	
Raver2	1	ENSMUSG00000035275	
Camk1	1	ENSMUSG00000030272	
Pes1	1	ENSMUSG00000020430	
Tube1	1	ENSMUSG00000019845	
Cox5a	1	ENSMUSG00000000088	
Runx3	1	ENSMUSG00000070691	
Cox5b	1	ENSMUSG00000061518	
E430014B02Rik	1	ENSMUSG00000102973	
Runx1	1	ENSMUSG00000022952	
Runx2	1	ENSMUSG00000039153	
Gm3724	1	ENSMUSG00000106133	
Pepd	1	ENSMUSG00000063931	
Per2	1	ENSMUSG00000055866	
Per1	1	ENSMUSG00000020893	
Cdc123	1	ENSMUSG00000039128	
Per3	1	ENSMUSG00000028957	
Dbnl	1	ENSMUSG00000020476	
Gm15559	1	ENSMUSG00000086401	
Lrig1	1	ENSMUSG00000030029	
Lrig2	1	ENSMUSG00000032913	
Gm14227	1	ENSMUSG00000082596	
Lrig3	1	ENSMUSG00000020105	
R3hcc1l	1	ENSMUSG00000025184	
Cep104	1	ENSMUSG00000039523	
Pdia2	1	ENSMUSG00000024184	
Pdia3	1	ENSMUSG00000027248	
6030458C11Rik	1	ENSMUSG00000022195	
Sh3d19	1	ENSMUSG00000028082	
Oprl1	1	ENSMUSG00000027584	
Pdia6	1	ENSMUSG00000020571	
Gm26202	1	ENSMUSG00000064844	
Pdia4	1	ENSMUSG00000025823	
Pdia5	1	ENSMUSG00000022844	
Zbp1	1	ENSMUSG00000027514	
Gm15545	1	ENSMUSG00000087138	
Lrif1	1	ENSMUSG00000056260	
Cmpk2	1	ENSMUSG00000020638	
Cmpk1	1	ENSMUSG00000028719	
Gm15542	1	ENSMUSG00000083396	
Dbr1	1	ENSMUSG00000032469	
Dhrs11	1	ENSMUSG00000034449	
Dhrs13	1	ENSMUSG00000020834	
Cchcr1	1	ENSMUSG00000040312	
Pi4kb	1	ENSMUSG00000038861	
Pi4ka	1	ENSMUSG00000041720	
Cox20	1	ENSMUSG00000026500	
Cep120	1	ENSMUSG00000048799	
Glt8d2	1	ENSMUSG00000020251	
Glt8d1	1	ENSMUSG00000021916	
Cdc14b	1	ENSMUSG00000033102	
Cep128	1	ENSMUSG00000061533	
Cdc14a	1	ENSMUSG00000033502	
B230217C12Rik	1	ENSMUSG00000050538	
Dnmbp	1	ENSMUSG00000025195	
Mustn1	1	ENSMUSG00000042485	
Trac	1	ENSMUSG00000076928	
Cox11	1	ENSMUSG00000020544	
Cox14	1	ENSMUSG00000023020	
Ulbp1	1	ENSMUSG00000079685	
Gm16894	1	ENSMUSG00000097899	
Cox10	1	ENSMUSG00000042148	
Gm15564	1	ENSMUSG00000086324	
Cox19	1	ENSMUSG00000045438	
Cep135	1	ENSMUSG00000036403	
Cox15	1	ENSMUSG00000040018	
Cox16	1	ENSMUSG00000091803	
Cep131	1	ENSMUSG00000039781	
Cox17	1	ENSMUSG00000046516	
Cox18	1	ENSMUSG00000035505	
Aldoart1	1	ENSMUSG00000059343	
Aldoart2	1	ENSMUSG00000063129	
Basp1	1	ENSMUSG00000045763	
Tdrd7	1	ENSMUSG00000035517	
Gm28874	1	ENSMUSG00000100813	
Tdrd3	1	ENSMUSG00000022019	
Cd300ld	1	ENSMUSG00000034641	
Cd300lb	1	ENSMUSG00000063193	
Cd300lg	1	ENSMUSG00000017309	
Cd300lf	1	ENSMUSG00000047798	
Gm16845	1	ENSMUSG00000096981	
Gm15519	1	ENSMUSG00000083443	
Naaladl1	1	ENSMUSG00000054999	
Pou6f1	1	ENSMUSG00000009739	
Prrg1	1	ENSMUSG00000047996	
Prrg2	1	ENSMUSG00000007837	
Cep162	1	ENSMUSG00000056919	
Gm15503	1	ENSMUSG00000084964	
Gm15501	1	ENSMUSG00000087412	
Pex2	1	ENSMUSG00000040374	
Pex1	1	ENSMUSG00000005907	
Gm15500	1	ENSMUSG00000086583	
Gsk3b	1	ENSMUSG00000022812	
Notch4	1	ENSMUSG00000015468	
Pex7	1	ENSMUSG00000020003	
Gm41818	1	ENSMUSG00000121016	
Gm41819	1	ENSMUSG00000118273	
Gsk3a	1	ENSMUSG00000057177	
Irf3	1	ENSMUSG00000003184	
Irf4	1	ENSMUSG00000021356	
Notch1	1	ENSMUSG00000026923	
Pex3	1	ENSMUSG00000019809	
Desi2	1	ENSMUSG00000026502	
Irf1	1	ENSMUSG00000018899	
Mars1	1	ENSMUSG00000040354	
Notch2	1	ENSMUSG00000027878	
Pex6	1	ENSMUSG00000002763	
Cep152	1	ENSMUSG00000068394	
Desi1	1	ENSMUSG00000022472	
Gm15506	1	ENSMUSG00000086477	
Irf2	1	ENSMUSG00000031627	
Mars2	1	ENSMUSG00000046994	
Pex5	1	ENSMUSG00000005069	
Irf7	1	ENSMUSG00000025498	
Irf8	1	ENSMUSG00000041515	
Irf5	1	ENSMUSG00000029771	
Trdc	1	ENSMUSG00000104876	
Irf6	1	ENSMUSG00000026638	
Icosl	1	ENSMUSG00000000732	
Irf9	1	ENSMUSG00000002325	
Mat2a	1	ENSMUSG00000053907	
Irgc	1	ENSMUSG00000062028	
2510009E07Rik	1	ENSMUSG00000043391	
Cdk2ap1rt	1	ENSMUSG00000078154	
Cep170	1	ENSMUSG00000057335	
Atp5l-ps2	1	ENSMUSG00000080823	
Atp5l-ps1	1	ENSMUSG00000072460	
Gm16861	1	ENSMUSG00000097397	
Gm15531	1	ENSMUSG00000083086	
Irgq	1	ENSMUSG00000041037	
Cep164	1	ENSMUSG00000043987	
Gm15539	1	ENSMUSG00000081809	
Mat2b	1	ENSMUSG00000042032	
Pard3b	1	ENSMUSG00000052062	
Ssbp4	1	ENSMUSG00000070003	
Ssbp3	1	ENSMUSG00000061887	
Ssbp2	1	ENSMUSG00000003992	
Mgat4a	1	ENSMUSG00000026110	
Ssbp1	1	ENSMUSG00000029911	
Mgat4b	1	ENSMUSG00000036620	
Sod2	1	ENSMUSG00000006818	
Sod1	1	ENSMUSG00000022982	
Sh3bp1	1	ENSMUSG00000022436	
Sh3d21	1	ENSMUSG00000073758	
Sh3bp2	1	ENSMUSG00000054520	
Stard10	1	ENSMUSG00000030688	
Cfap418	1	ENSMUSG00000059482	
Glb1	1	ENSMUSG00000045594	
A130048G24Rik	1	ENSMUSG00000102642	
Cfap410	1	ENSMUSG00000020284	
Mtif3	1	ENSMUSG00000016510	
Sh3bp4	1	ENSMUSG00000036206	
Mtif2	1	ENSMUSG00000020459	
Sh3bp5	1	ENSMUSG00000021892	
Pnldc1	1	ENSMUSG00000073460	
Gm41442	1	ENSMUSG00000116946	
H2ac20	1	ENSMUSG00000068855	
Eva1b	1	ENSMUSG00000050212	
2900060B14Rik	1	ENSMUSG00000107722	
H2ac25	1	ENSMUSG00000078851	
Igf2bp3	1	ENSMUSG00000029814	
H2ac24	1	ENSMUSG00000094777	
Glce	1	ENSMUSG00000032252	
H2ac23	1	ENSMUSG00000094248	
H2ac22	1	ENSMUSG00000069309	
Stambpl1	1	ENSMUSG00000024776	
Gpd1l	1	ENSMUSG00000050627	
Plbd1	1	ENSMUSG00000030214	
Airim	1	ENSMUSG00000044730	
Clock	1	ENSMUSG00000029238	
Dynlrb1	1	ENSMUSG00000047459	
Plbd2	1	ENSMUSG00000029598	
Bcorl1	1	ENSMUSG00000036959	
Gle1	1	ENSMUSG00000019715	
Gm29791	1	ENSMUSG00000109227	
Nbeal2	1	ENSMUSG00000056724	
Nbeal1	1	ENSMUSG00000073664	
Gm2395	1	ENSMUSG00000111904	
Txnip	1	ENSMUSG00000038393	
Rps2-ps9	1	ENSMUSG00000080731	
Rps2-ps7	1	ENSMUSG00000116825	
Rps2-ps8	1	ENSMUSG00000118161	
Atrip	1	ENSMUSG00000025646	
Rps2-ps5	1	ENSMUSG00000098713	
Rps2-ps6	1	ENSMUSG00000095427	
Zbtb11os1	1	ENSMUSG00000102101	
Gm16477	1	ENSMUSG00000062758	
Vstm4	1	ENSMUSG00000050666	
Fam234b	1	ENSMUSG00000030207	
Tlcd3a	1	ENSMUSG00000069808	
Fam234a	1	ENSMUSG00000024187	
Gm2387	1	ENSMUSG00000115457	
Mrps36-ps1	1	ENSMUSG00000021631	
Rex1bd	1	ENSMUSG00000058833	
Jund	1	ENSMUSG00000071076	
Glg1	1	ENSMUSG00000003316	
Fibp	1	ENSMUSG00000024911	
Eola1	1	ENSMUSG00000045237	
A530010L16Rik	1	ENSMUSG00000110682	
Gm42759	1	ENSMUSG00000106518	
H2ac10	1	ENSMUSG00000061991	
Trir	1	ENSMUSG00000041203	
Gm15163	1	ENSMUSG00000085711	
Trio	1	ENSMUSG00000022263	
Ppp4c	1	ENSMUSG00000030697	
H2ac13	1	ENSMUSG00000071516	
4921515G04Rik	1	ENSMUSG00000115829	
H2ac11	1	ENSMUSG00000069301	
Crebrf	1	ENSMUSG00000048249	
9030404E10Rik	1	ENSMUSG00000116660	
H2ac15	1	ENSMUSG00000063021	
Gatad2a	1	ENSMUSG00000036180	
Junb	1	ENSMUSG00000052837	
Gatad2b	1	ENSMUSG00000042390	
Ttc21b	1	ENSMUSG00000034848	
Tmed10	1	ENSMUSG00000021248	
Macrod2	1	ENSMUSG00000068205	
Pheta2	1	ENSMUSG00000049687	
Macrod1	1	ENSMUSG00000036278	
Ttc9c	1	ENSMUSG00000071660	
Pheta1	1	ENSMUSG00000044134	
Rbm12b1	1	ENSMUSG00000046667	
Rbm12b2	1	ENSMUSG00000052137	
Ficd	1	ENSMUSG00000053334	
Gm16436	1	ENSMUSG00000081373	
Gm16437	1	ENSMUSG00000024761	
Gm16433	1	ENSMUSG00000043024	
Rn18s-rs5	1	ENSMUSG00000119584	
Gm28417	1	ENSMUSG00000100280	
D030028A08Rik	1	ENSMUSG00000078700	
Rpl36-ps3	1	ENSMUSG00000066629	
Gm29770	1	ENSMUSG00000117248	
Prkrip1	1	ENSMUSG00000039737	
Rpl36-ps2	1	ENSMUSG00000024205	
Rlim	1	ENSMUSG00000056537	
Ttc7b	1	ENSMUSG00000033530	
Trmu	1	ENSMUSG00000022386	
Apex1	1	ENSMUSG00000035960	
Trmo	1	ENSMUSG00000028331	
Mfsd4b4	1	ENSMUSG00000096687	
Pfas	1	ENSMUSG00000020899	
Gm17786	1	ENSMUSG00000097987	
Tmed2b	1	ENSMUSG00000079884	
Fig4	1	ENSMUSG00000038417	
Echs1	1	ENSMUSG00000025465	
Apex2	1	ENSMUSG00000025269	
Uqcr10	1	ENSMUSG00000059534	
Uqcr11	1	ENSMUSG00000020163	
Chd1l	1	ENSMUSG00000028089	
Suv39h1	1	ENSMUSG00000039231	
Cobll1	1	ENSMUSG00000034903	
Gm3650	1	ENSMUSG00000097891	
Suv39h2	1	ENSMUSG00000026646	
Sptssa	1	ENSMUSG00000044408	
Gm4987	1	ENSMUSG00000063816	
Irs2	1	ENSMUSG00000038894	
Aldh9a1	1	ENSMUSG00000026687	
Yif1b	1	ENSMUSG00000030588	
Yif1a	1	ENSMUSG00000024875	
Rangap1	1	ENSMUSG00000022391	
Rpl32-ps	1	ENSMUSG00000068969	
Gm4997	1	ENSMUSG00000045694	
Rprd1a	1	ENSMUSG00000040446	
Gria3	1	ENSMUSG00000001986	
Rprd1b	1	ENSMUSG00000027651	
Gm52182	1	ENSMUSG00000121132	
5830417I10Rik	1	ENSMUSG00000078684	
Glo1	1	ENSMUSG00000024026	
Gm4961	1	ENSMUSG00000104667	
Glmn	1	ENSMUSG00000029276	
Gm4963	1	ENSMUSG00000063739	
Glmp	1	ENSMUSG00000001418	
Gm3636	1	ENSMUSG00000091754	
Hopx	1	ENSMUSG00000059325	
Crebzf	1	ENSMUSG00000051451	
Uckl1	1	ENSMUSG00000089917	
Gm4973	1	ENSMUSG00000108615	
Gm4977	1	ENSMUSG00000111613	
Rpl18-ps1	1	ENSMUSG00000081382	
Rpl18-ps2	1	ENSMUSG00000053173	
D130062J10Rik	1	ENSMUSG00000114598	
Rln3	1	ENSMUSG00000045232	
Gm15197	1	ENSMUSG00000081873	
Ppp5c	1	ENSMUSG00000003099	
Erich1	1	ENSMUSG00000051978	
Gm3699	1	ENSMUSG00000094955	
Sord	1	ENSMUSG00000027227	
Atp5pb-ps	1	ENSMUSG00000044751	
Rasl11b	1	ENSMUSG00000049907	
Rasl11a	1	ENSMUSG00000029641	
4930526A20Rik	1	ENSMUSG00000085521	
Golt1b	1	ENSMUSG00000030245	
Srbd1	1	ENSMUSG00000024135	
Stoml1	1	ENSMUSG00000032333	
Stoml2	1	ENSMUSG00000028455	
Ogfrl1	1	ENSMUSG00000026158	
Ppp6c	1	ENSMUSG00000026753	
1700058P15Rik	1	ENSMUSG00000089636	
Gm52147	1	ENSMUSG00000120912	
Gm15190	1	ENSMUSG00000082693	
Sos2	1	ENSMUSG00000034801	
Sos1	1	ENSMUSG00000024241	
Rint1	1	ENSMUSG00000028999	
Ubash3b	1	ENSMUSG00000032020	
Cd59a	1	ENSMUSG00000032679	
Hs3st1	1	ENSMUSG00000051022	
Cd59b	1	ENSMUSG00000068686	
Hs3st2	1	ENSMUSG00000046321	
Fam107b	1	ENSMUSG00000026655	
Ubash3a	1	ENSMUSG00000042345	
Pfkl	1	ENSMUSG00000020277	
Txnl1	1	ENSMUSG00000024583	
Gm1043	1	ENSMUSG00000117286	
Pfkm	1	ENSMUSG00000033065	
Pfkp	1	ENSMUSG00000021196	
Hnrnpul2	1	ENSMUSG00000071659	
Hnrnpul1	1	ENSMUSG00000040725	
Dcdc2b	1	ENSMUSG00000078552	
Efl1	1	ENSMUSG00000038563	
Rasl10a	1	ENSMUSG00000034209	
Gm4900	1	ENSMUSG00000113651	
Rfesd	1	ENSMUSG00000043190	
P2ry10b	1	ENSMUSG00000054293	
Sox6	1	ENSMUSG00000051910	
Sox5	1	ENSMUSG00000041540	
Sox4	1	ENSMUSG00000076431	
Mipol1	1	ENSMUSG00000047022	
Glrx	1	ENSMUSG00000021591	
Dcp1a	1	ENSMUSG00000021962	
Dcp1b	1	ENSMUSG00000041477	
Cant1	1	ENSMUSG00000025575	
Dynlt2b	1	ENSMUSG00000014075	
Ncaph2	1	ENSMUSG00000008690	
4632427E13Rik	1	ENSMUSG00000074024	
Pfn1	1	ENSMUSG00000018293	
Pfn2	1	ENSMUSG00000027805	
Pola2	1	ENSMUSG00000024833	
Pola1	1	ENSMUSG00000006678	
Dynlt1c	1	ENSMUSG00000000579	
Dynlt1b	1	ENSMUSG00000096255	
Dynlt1a	1	ENSMUSG00000092074	
Ocln	1	ENSMUSG00000021638	
Dynlt1f	1	ENSMUSG00000095677	
C87436	1	ENSMUSG00000046679	
Saraf	1	ENSMUSG00000031532	
Slc5a3	1	ENSMUSG00000089774	
Slc5a2	1	ENSMUSG00000030781	
Fis1	1	ENSMUSG00000019054	
Gltp	1	ENSMUSG00000011884	
Il12rb1	1	ENSMUSG00000000791	
Slc5a6	1	ENSMUSG00000006641	
1700027J07Rik	1	ENSMUSG00000111422	
Il12rb2	1	ENSMUSG00000018341	
Kremen2	1	ENSMUSG00000040680	
Kremen1	1	ENSMUSG00000020393	
Tollip	1	ENSMUSG00000025139	
Mllt11	1	ENSMUSG00000053192	
Mllt10	1	ENSMUSG00000026743	
Glo1-ps	1	ENSMUSG00000075391	
Hars1	1	ENSMUSG00000001380	
Rps16-ps2	1	ENSMUSG00000060419	
Grik5	1	ENSMUSG00000003378	
Hars2	1	ENSMUSG00000019143	
Glul	1	ENSMUSG00000026473	
Cd55b	1	ENSMUSG00000026401	
Dcp2	1	ENSMUSG00000024472	
5033417F24Rik	1	ENSMUSG00000097251	
Ube2srt	1	ENSMUSG00000118653	
Gm4948	1	ENSMUSG00000117257	
Dyrk1a	1	ENSMUSG00000022897	
Dyrk1b	1	ENSMUSG00000002409	
Mkrn2	1	ENSMUSG00000000439	
Prorsd1	1	ENSMUSG00000032673	
Mkrn1	1	ENSMUSG00000029922	
Cntrl	1	ENSMUSG00000057110	
Gm4950	1	ENSMUSG00000069379	
Incenp	1	ENSMUSG00000024660	
Nmrk1	1	ENSMUSG00000037847	
Ncapd2	1	ENSMUSG00000038252	
Ncapd3	1	ENSMUSG00000035024	
Gm3625	1	ENSMUSG00000118449	
Srsf11	1	ENSMUSG00000055436	
Srsf12	1	ENSMUSG00000054679	
Srsf10	1	ENSMUSG00000028676	
Cfap157	1	ENSMUSG00000038987	
Ttbk2	1	ENSMUSG00000090100	
Rasl2-9	1	ENSMUSG00000083649	
Ttbk1	1	ENSMUSG00000015599	
Plscr1	1	ENSMUSG00000032369	
Dcps	1	ENSMUSG00000032040	
Plscr4	1	ENSMUSG00000032377	
Plscr3	1	ENSMUSG00000019461	
5730521K06Rik	1	ENSMUSG00000116145	
Pira2-ps1	1	ENSMUSG00000080917	
Gm4924	1	ENSMUSG00000073427	
Pira2-ps2	1	ENSMUSG00000074418	
Zc3hav1l	1	ENSMUSG00000047749	
Gm4928	1	ENSMUSG00000112515	
Ncapg2	1	ENSMUSG00000042029	
Cfap126	1	ENSMUSG00000026649	
Dpysl2	1	ENSMUSG00000022048	
Krt18	1	ENSMUSG00000023043	
2700049A03Rik	1	ENSMUSG00000034601	
Cfap141	1	ENSMUSG00000118506	
Noxo1	1	ENSMUSG00000019320	
Pam16l	1	ENSMUSG00000045886	
4933416I08Rik	1	ENSMUSG00000079593	
Grina	1	ENSMUSG00000022564	
Gm3604	1	ENSMUSG00000094942	
Gm4939	1	ENSMUSG00000114529	
Krt10	1	ENSMUSG00000019761	
Lrpprc	1	ENSMUSG00000024120	
6030468B19Rik	1	ENSMUSG00000025573	
Polg2	1	ENSMUSG00000020718	
Srgap2	1	ENSMUSG00000026425	
Srgap3	1	ENSMUSG00000030257	
Ocrl	1	ENSMUSG00000001173	
Gm16523	1	ENSMUSG00000082315	
Pcid2	1	ENSMUSG00000038542	
Tmod1	1	ENSMUSG00000028328	
Tmod4	1	ENSMUSG00000005628	
S2bpcox16	1	ENSMUSG00000021139	
Tmod3	1	ENSMUSG00000058587	
Gm42814	1	ENSMUSG00000106568	
Grip2	1	ENSMUSG00000030098	
Iscu	1	ENSMUSG00000025825	
Pkmyt1	1	ENSMUSG00000023908	
BC147527	1	ENSMUSG00000094796	
Slc52a2	1	ENSMUSG00000022560	
Slc52a3	1	ENSMUSG00000027463	
Tsc2	1	ENSMUSG00000002496	
Tsc1	1	ENSMUSG00000026812	
Ccnyl1	1	ENSMUSG00000070871	
4931413K12Rik	1	ENSMUSG00000085088	
Fiz1	1	ENSMUSG00000061374	
Cfap119	1	ENSMUSG00000057176	
Pcif1	1	ENSMUSG00000039849	
Bltp2	1	ENSMUSG00000010277	
Atxn7l1os2	1	ENSMUSG00000085664	
Metrnl	1	ENSMUSG00000039208	
Pou5f2	1	ENSMUSG00000093668	
Bltp1	1	ENSMUSG00000037270	
Fyco1	1	ENSMUSG00000025241	
Cntln	1	ENSMUSG00000038070	
Gm15204	1	ENSMUSG00000082625	
Nme-ps1	1	ENSMUSG00000080002	
A230060F14Rik	1	ENSMUSG00000097692	
Cntn1	1	ENSMUSG00000055022	
Dctd	1	ENSMUSG00000031562	
Oxld1	1	ENSMUSG00000039670	
Tsfm	1	ENSMUSG00000040521	
Fdft1	1	ENSMUSG00000021273	
Hpf1	1	ENSMUSG00000038005	
Hpdl	1	ENSMUSG00000043155	
Gm17819	1	ENSMUSG00000118270	
Gadd45gip1	1	ENSMUSG00000033751	
Gm17816	1	ENSMUSG00000112297	
5430414B19Rik	1	ENSMUSG00000114419	
Pold2	1	ENSMUSG00000020471	
Pold1	1	ENSMUSG00000038644	
Pold4	1	ENSMUSG00000024854	
Pold3	1	ENSMUSG00000030726	
Gm17802	1	ENSMUSG00000118093	
Cytip	1	ENSMUSG00000026832	
F530104D19Rik	1	ENSMUSG00000114235	
Gm17809	1	ENSMUSG00000116919	
Apol11a	1	ENSMUSG00000091650	
Apol11b	1	ENSMUSG00000091694	
S100pbp	1	ENSMUSG00000040928	
Pole3	1	ENSMUSG00000028394	
Pole2	1	ENSMUSG00000020974	
Spen	1	ENSMUSG00000040761	
4930562F07Rik	1	ENSMUSG00000026729	
Etaa1os	1	ENSMUSG00000086468	
A730089K16Rik	1	ENSMUSG00000103529	
Pole4	1	ENSMUSG00000030042	
Gm16505	1	ENSMUSG00000096107	
Spg7	1	ENSMUSG00000000738	
Krt80	1	ENSMUSG00000037185	
Ptpn18	1	ENSMUSG00000026126	
Apol10b	1	ENSMUSG00000050014	
Apol10a	1	ENSMUSG00000050982	
E230016M11Rik	1	ENSMUSG00000087231	
Ptpn11	1	ENSMUSG00000043733	
Ptpn12	1	ENSMUSG00000028771	
Ptpn13	1	ENSMUSG00000034573	
Ptpn14	1	ENSMUSG00000026604	
Smug1	1	ENSMUSG00000036061	
Hsh2d	1	ENSMUSG00000062007	
Gm17825	1	ENSMUSG00000108681	
Gm17823	1	ENSMUSG00000112239	
Rmc1	1	ENSMUSG00000024410	
A430046D13Rik	1	ENSMUSG00000119994	
Kynu	1	ENSMUSG00000026866	
Gm17826	1	ENSMUSG00000099423	
Ptpn22	1	ENSMUSG00000027843	
Dcxr	1	ENSMUSG00000039450	
Ptpn23	1	ENSMUSG00000036057	
Phxr4	1	ENSMUSG00000031802	
Ptpn21	1	ENSMUSG00000021009	
Marcks	1	ENSMUSG00000069662	
Tshb	1	ENSMUSG00000027857	
Spi1	1	ENSMUSG00000002111	
Eepd1	1	ENSMUSG00000036611	
Nampt	1	ENSMUSG00000020572	
Gm27252	1	ENSMUSG00000098708	
Uqcrh-ps1	1	ENSMUSG00000037438	
Uqcrh-ps2	1	ENSMUSG00000081413	
Plac8	1	ENSMUSG00000029322	
Commd8	1	ENSMUSG00000029213	
Commd9	1	ENSMUSG00000027163	
Hpgd	1	ENSMUSG00000031613	
Tnrc18	1	ENSMUSG00000039477	
E130307A14Rik	1	ENSMUSG00000087177	
Arhgap6	1	ENSMUSG00000031355	
Arhgap5	1	ENSMUSG00000035133	
Lpgat1	1	ENSMUSG00000026623	
Wipf2	1	ENSMUSG00000038013	
Arhgap4	1	ENSMUSG00000031389	
Wipf1	1	ENSMUSG00000075284	
Gmds	1	ENSMUSG00000038372	
Arhgap1	1	ENSMUSG00000027247	
1700064H15Rik	1	ENSMUSG00000082766	
Tubgcp2	1	ENSMUSG00000025474	
Arhgap9	1	ENSMUSG00000040345	
Arhgap8	1	ENSMUSG00000078954	
Ncstn	1	ENSMUSG00000003458	
Rpl7a-ps7	1	ENSMUSG00000106258	
Ldaf1	1	ENSMUSG00000030917	
Rpl7a-ps5	1	ENSMUSG00000071052	
Man2c1os	1	ENSMUSG00000086728	
0610039K10Rik	1	ENSMUSG00000058812	
Gmfb	1	ENSMUSG00000062014	
Tex38	1	ENSMUSG00000044556	
Gm15283	1	ENSMUSG00000087700	
Gmfg	1	ENSMUSG00000060791	
Tex30	1	ENSMUSG00000026049	
Spic	1	ENSMUSG00000004359	
Spib	1	ENSMUSG00000008193	
1110002J07Rik	1	ENSMUSG00000097134	
Snx19	1	ENSMUSG00000031993	
Cdyl2	1	ENSMUSG00000031758	
Gm15232	1	ENSMUSG00000084806	
Snx18	1	ENSMUSG00000042364	
Snx15	1	ENSMUSG00000024787	
Snx14	1	ENSMUSG00000032422	
Snx17	1	ENSMUSG00000029146	
Jkamp	1	ENSMUSG00000005078	
Snx16	1	ENSMUSG00000027534	
Tnfrsf4	1	ENSMUSG00000029075	
Gmip	1	ENSMUSG00000036246	
Tnfrsf8	1	ENSMUSG00000028602	
Ddb1	1	ENSMUSG00000024740	
Smarce1-ps1	1	ENSMUSG00000094568	
Ddb2	1	ENSMUSG00000002109	
Clec4a1	1	ENSMUSG00000049037	
Fam241b	1	ENSMUSG00000020083	
Fam241a	1	ENSMUSG00000050549	
Clec4a3	1	ENSMUSG00000043832	
Clec4a2	1	ENSMUSG00000030148	
Adcy3	1	ENSMUSG00000020654	
Snx22	1	ENSMUSG00000039452	
Snx21	1	ENSMUSG00000050373	
Gm27219	1	ENSMUSG00000098985	
Adcy7	1	ENSMUSG00000031659	
Galnt6os	1	ENSMUSG00000090062	
Snx20	1	ENSMUSG00000031662	
Adcy6	1	ENSMUSG00000022994	
Snx29	1	ENSMUSG00000071669	
Adcy9	1	ENSMUSG00000005580	
Armc2	1	ENSMUSG00000071324	
Rmi2	1	ENSMUSG00000037991	
Armc1	1	ENSMUSG00000027599	
Gpat4	1	ENSMUSG00000031545	
Tex15	1	ENSMUSG00000009628	
Armc3	1	ENSMUSG00000037683	
Rmi1	1	ENSMUSG00000035367	
Snx25	1	ENSMUSG00000038291	
Tex14	1	ENSMUSG00000010342	
Armc6	1	ENSMUSG00000002343	
Armc5	1	ENSMUSG00000042178	
Snx27	1	ENSMUSG00000028136	
Gm15228	1	ENSMUSG00000087340	
Myzap	1	ENSMUSG00000041361	
Tex11	1	ENSMUSG00000009670	
Clec4a4	1	ENSMUSG00000059639	
Tex10	1	ENSMUSG00000028345	
Gpat2	1	ENSMUSG00000046338	
Pcgf1	1	ENSMUSG00000069678	
Gpat3	1	ENSMUSG00000029314	
Gm39213	1	ENSMUSG00000119989	
Nlrp1b	1	ENSMUSG00000070390	
Gm30881	1	ENSMUSG00000116927	
Pglyrp1	1	ENSMUSG00000030413	
Dda1	1	ENSMUSG00000074247	
Pglyrp2	1	ENSMUSG00000079563	
Gm28530	1	ENSMUSG00000101452	
Tnfrsf9	1	ENSMUSG00000028965	
Clec4b1	1	ENSMUSG00000030147	
Lhfpl5	1	ENSMUSG00000062252	
Lhfpl4	1	ENSMUSG00000042873	
Armc8	1	ENSMUSG00000032468	
Snx33	1	ENSMUSG00000032733	
Armc7	1	ENSMUSG00000057219	
Snx32	1	ENSMUSG00000056185	
Armc9	1	ENSMUSG00000062590	
Nuggc	1	ENSMUSG00000061356	
Gm29863	1	ENSMUSG00000117914	
Snx30	1	ENSMUSG00000028385	
Gm16580	1	ENSMUSG00000089764	
Odc1	1	ENSMUSG00000011179	
Tsr3	1	ENSMUSG00000015126	
Trav9-1	1	ENSMUSG00000096900	
Trav9-4	1	ENSMUSG00000096678	
Gm16589	1	ENSMUSG00000074482	
Pcgf6	1	ENSMUSG00000025050	
Fam110a	1	ENSMUSG00000027459	
Pcgf3	1	ENSMUSG00000033623	
Pbdc1	1	ENSMUSG00000031226	
Pcgf2	1	ENSMUSG00000018537	
Msgn1	1	ENSMUSG00000047002	
Pcgf5	1	ENSMUSG00000024805	
Ormdl1	1	ENSMUSG00000026097	
Commd4	1	ENSMUSG00000032299	
Commd5	1	ENSMUSG00000055041	
Spp1	1	ENSMUSG00000029304	
Commd6	1	ENSMUSG00000075486	
Commd7	1	ENSMUSG00000056941	
Commd1	1	ENSMUSG00000051355	
Commd2	1	ENSMUSG00000036513	
Commd3	1	ENSMUSG00000051154	
Gm16573	1	ENSMUSG00000090038	
1600014C10Rik	1	ENSMUSG00000054676	
Crispld2	1	ENSMUSG00000031825	
Ormdl2	1	ENSMUSG00000025353	
Ciao2a	1	ENSMUSG00000032381	
Ormdl3	1	ENSMUSG00000038150	
Prss2	1	ENSMUSG00000057163	
Sephs2	1	ENSMUSG00000049091	
AK157302	1	ENSMUSG00000078139	
Sephs1	1	ENSMUSG00000026662	
Ciao2b	1	ENSMUSG00000031879	
Gm16576	1	ENSMUSG00000087543	
P2ry10	1	ENSMUSG00000050921	
P2ry13	1	ENSMUSG00000036362	
Fam111a	1	ENSMUSG00000024691	
P2ry12	1	ENSMUSG00000036353	
P2ry14	1	ENSMUSG00000036381	
Pxdc1	1	ENSMUSG00000021411	
Snx11	1	ENSMUSG00000020876	
Tsr2	1	ENSMUSG00000025264	
Btnl10	1	ENSMUSG00000020490	
Snx10	1	ENSMUSG00000038301	
Syvn1	1	ENSMUSG00000024807	
Tspo	1	ENSMUSG00000041736	
Tsr1	1	ENSMUSG00000038335	
Nlrp10	1	ENSMUSG00000049709	
Snx13	1	ENSMUSG00000020590	
Snx12	1	ENSMUSG00000046032	
Nlrp12	1	ENSMUSG00000078817	
Nab1	1	ENSMUSG00000002881	
Nab2	1	ENSMUSG00000025402	
Gm4864	1	ENSMUSG00000112003	
Gm3534	1	ENSMUSG00000098192	
Gm4866	1	ENSMUSG00000106576	
Cse1l	1	ENSMUSG00000002718	
Naaa	1	ENSMUSG00000029413	
Rabggta	1	ENSMUSG00000040472	
Rabggtb	1	ENSMUSG00000038975	
Nup160	1	ENSMUSG00000051329	
Fitm2	1	ENSMUSG00000048486	
Pygo2	1	ENSMUSG00000047824	
Rims3	1	ENSMUSG00000032890	
Ist1	1	ENSMUSG00000031729	
Gm4875	1	ENSMUSG00000082791	
Nup155	1	ENSMUSG00000022142	
Pmaip1	1	ENSMUSG00000024521	
Nup153	1	ENSMUSG00000021374	
Malsu1	1	ENSMUSG00000029815	
Spop	1	ENSMUSG00000057522	
2210016L21Rik	1	ENSMUSG00000029559	
Gm3511	1	ENSMUSG00000105031	
Jarid2	1	ENSMUSG00000038518	
Naca	1	ENSMUSG00000061315	
Nup188	1	ENSMUSG00000052533	
Hpse	1	ENSMUSG00000035273	
Pgk1	1	ENSMUSG00000062070	
Nae1	1	ENSMUSG00000031878	
9430078K24Rik	1	ENSMUSG00000112765	
Scube2	1	ENSMUSG00000007279	
Etohd2	1	ENSMUSG00000089875	
Hps1	1	ENSMUSG00000025188	
Odf2	1	ENSMUSG00000026790	
Gmnn	1	ENSMUSG00000006715	
Hps5	1	ENSMUSG00000014418	
Hps6	1	ENSMUSG00000074811	
Hps3	1	ENSMUSG00000027615	
Hps4	1	ENSMUSG00000042328	
Filip1l	1	ENSMUSG00000043336	
Krt222	1	ENSMUSG00000035849	
Pphln1	1	ENSMUSG00000036167	
Ilkap	1	ENSMUSG00000026309	
Isy1	1	ENSMUSG00000030056	
Gm3571	1	ENSMUSG00000090610	
Fam117b	1	ENSMUSG00000041040	
Sptb	1	ENSMUSG00000021061	
9430034N14Rik	1	ENSMUSG00000102964	
Fam117a	1	ENSMUSG00000038893	
Gm2237	1	ENSMUSG00000093979	
Pgm3	1	ENSMUSG00000056131	
Pgm2	1	ENSMUSG00000029171	
Yaf2	1	ENSMUSG00000022634	
Pgm1	1	ENSMUSG00000025791	
Anxa11	1	ENSMUSG00000021866	
Gmps	1	ENSMUSG00000027823	
Ddi2	1	ENSMUSG00000078515	
Gmpr	1	ENSMUSG00000000253	
Fam118a	1	ENSMUSG00000022434	
Sar1b	1	ENSMUSG00000020386	
Sar1a	1	ENSMUSG00000020088	
Fam118b	1	ENSMUSG00000050471	
Gm2225	1	ENSMUSG00000110057	
Gm2223	1	ENSMUSG00000079297	
Naf1	1	ENSMUSG00000014907	
Nadk	1	ENSMUSG00000029063	
Aph1a	1	ENSMUSG00000015750	
Aph1b	1	ENSMUSG00000032375	
Gm4880	1	ENSMUSG00000109355	
Aph1c	1	ENSMUSG00000053040	
Tubgcp6	1	ENSMUSG00000051786	
Gm4883	1	ENSMUSG00000066620	
Tubgcp5	1	ENSMUSG00000033790	
Tubgcp4	1	ENSMUSG00000027263	
Tubgcp3	1	ENSMUSG00000000759	
Gm3555	1	ENSMUSG00000089791	
Naga	1	ENSMUSG00000022453	
Zmiz2	1	ENSMUSG00000041164	
Zmiz1	1	ENSMUSG00000007817	
Nagk	1	ENSMUSG00000034744	
Pi16	1	ENSMUSG00000024011	
Wipi2	1	ENSMUSG00000029578	
Wipi1	1	ENSMUSG00000041895	
Gm4890	1	ENSMUSG00000097174	
C130050O18Rik	1	ENSMUSG00000044092	
Gm4895	1	ENSMUSG00000044268	
Mfap3	1	ENSMUSG00000020522	
Tnpo3	1	ENSMUSG00000012535	
Tnpo2	1	ENSMUSG00000031691	
Tnpo1	1	ENSMUSG00000009470	
Ro60	1	ENSMUSG00000018199	
Khdrbs1	1	ENSMUSG00000028790	
Khdrbs3	1	ENSMUSG00000022332	
Nup133	1	ENSMUSG00000039509	
Spock2	1	ENSMUSG00000058297	
Ufsp2	1	ENSMUSG00000031634	
Pgls	1	ENSMUSG00000031807	
Ufsp1	1	ENSMUSG00000051502	
Tiam1	1	ENSMUSG00000002489	
Tiam2	1	ENSMUSG00000023800	
Ginm1	1	ENSMUSG00000040006	
Pih1d2	1	ENSMUSG00000000167	
Pih1d1	1	ENSMUSG00000003423	
Stfa2l1	1	ENSMUSG00000059657	
Mmp24os1	1	ENSMUSG00000074649	
Cplane2	1	ENSMUSG00000073733	
Ei24	1	ENSMUSG00000062762	
Cplane1	1	ENSMUSG00000039801	
Gm867	1	ENSMUSG00000050157	
2010004M13Rik	1	ENSMUSG00000120250	
Sowahc	1	ENSMUSG00000098188	
Cfap298	1	ENSMUSG00000022972	
Sowaha	1	ENSMUSG00000044352	
Pgs1	1	ENSMUSG00000017715	
Nup107	1	ENSMUSG00000052798	
D11Wsu47e	1	ENSMUSG00000041623	
Gtpbp10	1	ENSMUSG00000040464	
Gskip	1	ENSMUSG00000044715	
Egr1	1	ENSMUSG00000038418	
Tial1	1	ENSMUSG00000030846	
Egr2	1	ENSMUSG00000037868	
Egr3	1	ENSMUSG00000033730	
Adck1	1	ENSMUSG00000021044	
Egr4	1	ENSMUSG00000071341	
Adck2	1	ENSMUSG00000046947	
Adck5	1	ENSMUSG00000022550	
Rhbdf2	1	ENSMUSG00000020806	
Rpap3	1	ENSMUSG00000022466	
Cyp27a1	1	ENSMUSG00000026170	
Rpap2	1	ENSMUSG00000033773	
Gm17907	1	ENSMUSG00000092526	
Rpap1	1	ENSMUSG00000034032	
Lincred1	1	ENSMUSG00000120246	
Rhbdf1	1	ENSMUSG00000020282	
Trnau1ap	1	ENSMUSG00000028898	
A530040E14Rik	1	ENSMUSG00000072109	
Caml	1	ENSMUSG00000021501	
Pwwp3a	1	ENSMUSG00000020156	
Pwwp3b	1	ENSMUSG00000042515	
Gm4824	1	ENSMUSG00000115593	
Gm4827	1	ENSMUSG00000120085	
Gm4828	1	ENSMUSG00000116620	
Odr4	1	ENSMUSG00000006010	
Calu	1	ENSMUSG00000029767	
Calr	1	ENSMUSG00000003814	
Rpain	1	ENSMUSG00000018449	
Cap1	1	ENSMUSG00000028656	
Slc6a6	1	ENSMUSG00000030096	
Slc6a9	1	ENSMUSG00000028542	
Gm4833	1	ENSMUSG00000117428	
Gm4835	1	ENSMUSG00000043223	
Matn4	1	ENSMUSG00000016995	
Matn2	1	ENSMUSG00000022324	
Rhbdd1	1	ENSMUSG00000026142	
Rhbdd2	1	ENSMUSG00000039917	
Rhbdd3	1	ENSMUSG00000034175	
Dot1l	1	ENSMUSG00000061589	
Camp	1	ENSMUSG00000038357	
Ddr1	1	ENSMUSG00000003534	
Cfap251	1	ENSMUSG00000029442	
Zfp955a	1	ENSMUSG00000094441	
Zfp955b	1	ENSMUSG00000096910	
Gins2	1	ENSMUSG00000031821	
Itch	1	ENSMUSG00000027598	
Gins1	1	ENSMUSG00000027454	
Gins4	1	ENSMUSG00000031546	
Gins3	1	ENSMUSG00000031669	
Canx	1	ENSMUSG00000020368	
Arhgap11a	1	ENSMUSG00000041219	
Grhl2	1	ENSMUSG00000022286	
Grhl1	1	ENSMUSG00000020656	
Car2	1	ENSMUSG00000027562	
Car1	1	ENSMUSG00000027556	
Pwwp2a	1	ENSMUSG00000044950	
Racgap1	1	ENSMUSG00000023015	
Ttc1	1	ENSMUSG00000041278	
Capg	1	ENSMUSG00000056737	
Gm4811	1	ENSMUSG00000113263	
Gm4815	1	ENSMUSG00000114733	
Nanp	1	ENSMUSG00000053916	
Ttc8	1	ENSMUSG00000021013	
Ttc7	1	ENSMUSG00000036918	
Ttc5	1	ENSMUSG00000006288	
Ttc4	1	ENSMUSG00000025413	
4930583K01Rik	1	ENSMUSG00000055159	
Ttc3	1	ENSMUSG00000040785	
Pwwp2b	1	ENSMUSG00000060260	
Nans	1	ENSMUSG00000028334	
Gm17971	1	ENSMUSG00000101122	
9430015G10Rik	1	ENSMUSG00000059939	
Prtn3	1	ENSMUSG00000057729	
Ttf2	1	ENSMUSG00000033222	
Ttf1	1	ENSMUSG00000026803	
Srd5a3	1	ENSMUSG00000029233	
Srd5a1	1	ENSMUSG00000021594	
Car9	1	ENSMUSG00000028463	
Car7	1	ENSMUSG00000031883	
Napa	1	ENSMUSG00000006024	
Napb	1	ENSMUSG00000027438	
Psma5-ps	1	ENSMUSG00000050490	
E030042O20Rik	1	ENSMUSG00000087222	
Matr3	1	ENSMUSG00000037236	
Carf	1	ENSMUSG00000026017	
Napg	1	ENSMUSG00000024581	
Gm30963	1	ENSMUSG00000120327	
Gm16638	1	ENSMUSG00000087088	
Cast	1	ENSMUSG00000021585	
Cfap210	1	ENSMUSG00000070883	
Cask	1	ENSMUSG00000031012	
Gnal	1	ENSMUSG00000024524	
Nasp	1	ENSMUSG00000028693	
Ring1	1	ENSMUSG00000024325	
Ttc41	1	ENSMUSG00000044937	
Gnaq	1	ENSMUSG00000024639	
Gm30934	1	ENSMUSG00000111082	
Ighmbp2	1	ENSMUSG00000024831	
Gnas	1	ENSMUSG00000027523	
AW011738	1	ENSMUSG00000078349	
Gm15320	1	ENSMUSG00000082103	
Npepl1	1	ENSMUSG00000039263	
Grhpr	1	ENSMUSG00000035637	
Narf	1	ENSMUSG00000000056	
Gm15327	1	ENSMUSG00000085204	
Gm15326	1	ENSMUSG00000086111	
Nat2	1	ENSMUSG00000051147	
Rpl31-ps17	1	ENSMUSG00000072255	
Gnb2	1	ENSMUSG00000029713	
Rpl31-ps16	1	ENSMUSG00000097803	
Gnb1	1	ENSMUSG00000029064	
Gnb4	1	ENSMUSG00000027669	
Ddx1	1	ENSMUSG00000037149	
Gnb3	1	ENSMUSG00000023439	
Rpl31-ps13	1	ENSMUSG00000051723	
Rpl31-ps12	1	ENSMUSG00000116648	
Gnb5	1	ENSMUSG00000032192	
Rpl31-ps11	1	ENSMUSG00000062896	
Nat9	1	ENSMUSG00000015542	
Rpl31-ps10	1	ENSMUSG00000070667	
Ddx5	1	ENSMUSG00000020719	
Ddx6	1	ENSMUSG00000032097	
Rnd2	1	ENSMUSG00000001313	
Rnd3	1	ENSMUSG00000017144	
Rnd1	1	ENSMUSG00000054855	
Ttc23	1	ENSMUSG00000030555	
Gm17936	1	ENSMUSG00000106664	
Ttc28	1	ENSMUSG00000033209	
Ttc27	1	ENSMUSG00000024078	
Gnaz	1	ENSMUSG00000040009	
Npepps	1	ENSMUSG00000001441	
2410003L11Rik	1	ENSMUSG00000085860	
Nav1	1	ENSMUSG00000009418	
Nav2	1	ENSMUSG00000052512	
Tti2	1	ENSMUSG00000031577	
1700048O20Rik	1	ENSMUSG00000043773	
Ccser2	1	ENSMUSG00000058690	
Tti1	1	ENSMUSG00000027650	
Fnbp4	1	ENSMUSG00000008200	
Fnbp1	1	ENSMUSG00000075415	
Ttc33	1	ENSMUSG00000022151	
Ttc32	1	ENSMUSG00000066637	
Plaur	1	ENSMUSG00000046223	
Ttc38	1	ENSMUSG00000035944	
Gm28609	1	ENSMUSG00000101102	
Rnf8	1	ENSMUSG00000090083	
Rnf6	1	ENSMUSG00000029634	
Rnf7	1	ENSMUSG00000051234	
Rnf4	1	ENSMUSG00000029110	
Rnf5	1	ENSMUSG00000015478	
Rnf2	1	ENSMUSG00000026484	
Gng3	1	ENSMUSG00000071658	
Gng2	1	ENSMUSG00000043004	
Gng5	1	ENSMUSG00000068523	
Gng7	1	ENSMUSG00000048240	
Naxd	1	ENSMUSG00000031505	
Cd2bp2	1	ENSMUSG00000042502	
Tnrc6c	1	ENSMUSG00000025571	
Gpbp1	1	ENSMUSG00000032745	
Tnrc6a	1	ENSMUSG00000052707	
Tnrc6b	1	ENSMUSG00000047888	
Ttc13	1	ENSMUSG00000037300	
Ttc14	1	ENSMUSG00000027677	
Gm16618	1	ENSMUSG00000086837	
Gm17949	1	ENSMUSG00000109739	
3425401B19Rik	1	ENSMUSG00000071540	
Ttc17	1	ENSMUSG00000027194	
Ttc19	1	ENSMUSG00000042298	
Phb1	1	ENSMUSG00000038845	
Rnh1	1	ENSMUSG00000038650	
Actr1a	1	ENSMUSG00000025228	
Actr1b	1	ENSMUSG00000037351	
Padi2	1	ENSMUSG00000028927	
Padi4	1	ENSMUSG00000025330	
Fam98a	1	ENSMUSG00000002017	
Fam98b	1	ENSMUSG00000027349	
Phb2	1	ENSMUSG00000004264	
Fam98c	1	ENSMUSG00000030590	
Gprasp2	1	ENSMUSG00000072966	
Gprasp1	1	ENSMUSG00000043384	
Wfdc18	1	ENSMUSG00000000983	
Wfdc17	1	ENSMUSG00000069792	
Sass6	1	ENSMUSG00000027959	
Lrp2bp	1	ENSMUSG00000031637	
Rpgrip1l	1	ENSMUSG00000033282	
D730003I15Rik	1	ENSMUSG00000073478	
Naxe	1	ENSMUSG00000028070	
Trim15	1	ENSMUSG00000050747	
Trim16	1	ENSMUSG00000047821	
Trim13	1	ENSMUSG00000035235	
Trim14	1	ENSMUSG00000039853	
Trim11	1	ENSMUSG00000020455	
Wfdc21	1	ENSMUSG00000051748	
Trim10	1	ENSMUSG00000073400	
3110070M22Rik	1	ENSMUSG00000074635	
Gm37164	1	ENSMUSG00000104514	
Sqle	1	ENSMUSG00000022351	
A930006K02Rik	1	ENSMUSG00000084866	
Actr3b	1	ENSMUSG00000056367	
Itpa	1	ENSMUSG00000074797	
Tcf7l2	1	ENSMUSG00000024985	
Phc2	1	ENSMUSG00000028796	
Lactb2	1	ENSMUSG00000025937	
Phc1	1	ENSMUSG00000040669	
Atg4a-ps	1	ENSMUSG00000087119	
F630028O10Rik	1	ENSMUSG00000078122	
Phax	1	ENSMUSG00000008301	
Phc3	1	ENSMUSG00000037652	
Sergef	1	ENSMUSG00000030839	
Ehd1	1	ENSMUSG00000024772	
Pomt1	1	ENSMUSG00000039254	
Ehd2	1	ENSMUSG00000074364	
Slamf1	1	ENSMUSG00000015316	
Ehd3	1	ENSMUSG00000024065	
Ehd4	1	ENSMUSG00000027293	
Napsa	1	ENSMUSG00000002204	
Mtmr3	1	ENSMUSG00000034354	
Slamf6	1	ENSMUSG00000015314	
Mtmr2	1	ENSMUSG00000031918	
Mtmr1	1	ENSMUSG00000015214	
Slamf8	1	ENSMUSG00000053318	
Pomt2	1	ENSMUSG00000034126	
Slamf7	1	ENSMUSG00000038179	
Mtmr7	1	ENSMUSG00000039431	
Mtmr6	1	ENSMUSG00000021987	
Slamf9	1	ENSMUSG00000026548	
Mtmr4	1	ENSMUSG00000018401	
Mtmr9	1	ENSMUSG00000035078	
Phf3	1	ENSMUSG00000048874	
Ss18	1	ENSMUSG00000037013	
Phf2	1	ENSMUSG00000038025	
Ndufab1	1	ENSMUSG00000030869	
Phf1	1	ENSMUSG00000024193	
D5Ertd605e	1	ENSMUSG00000106820	
Phf7	1	ENSMUSG00000021902	
Phf6	1	ENSMUSG00000025626	
Phf8	1	ENSMUSG00000041229	
Fam120b	1	ENSMUSG00000014763	
Fam120a	1	ENSMUSG00000038014	
Fam120c	1	ENSMUSG00000025262	
Gm2199	1	ENSMUSG00000083829	
Gm14494	1	ENSMUSG00000083097	
Gm13169	1	ENSMUSG00000084127	
Tbpl1	1	ENSMUSG00000071359	
Gm13166	1	ENSMUSG00000085525	
Gnl2	1	ENSMUSG00000028869	
Gnl1	1	ENSMUSG00000024429	
Gnl3	1	ENSMUSG00000042354	
Zeb1	1	ENSMUSG00000024238	
Zeb2	1	ENSMUSG00000026872	
Fstl1	1	ENSMUSG00000022816	
Litaf	1	ENSMUSG00000022500	
A230005M16Rik	1	ENSMUSG00000087612	
Nradd	1	ENSMUSG00000032491	
Fstl3	1	ENSMUSG00000020325	
B630019A10Rik	1	ENSMUSG00000068463	
Dedd	1	ENSMUSG00000013973	
Rnls	1	ENSMUSG00000071573	
Sqor	1	ENSMUSG00000005803	
Gm13192	1	ENSMUSG00000069188	
Gm37125	1	ENSMUSG00000104351	
Gm51425	1	ENSMUSG00000120995	
Csnk1a1	1	ENSMUSG00000024576	
Actr10	1	ENSMUSG00000021076	
Gnmt	1	ENSMUSG00000002769	
Def6	1	ENSMUSG00000002257	
4732416N19Rik	1	ENSMUSG00000107402	
Def8	1	ENSMUSG00000001482	
4930570N18Rik	1	ENSMUSG00000089683	
Ylpm1	1	ENSMUSG00000021244	
Chrac1	1	ENSMUSG00000068391	
Nsdhl	1	ENSMUSG00000031349	
Gm13181	1	ENSMUSG00000081070	
Meak7	1	ENSMUSG00000034105	
Gm40787	1	ENSMUSG00000112539	
Mif4gd	1	ENSMUSG00000020743	
Timm50	1	ENSMUSG00000003438	
Gm4740	1	ENSMUSG00000115070	
Gm4742	1	ENSMUSG00000105461	
Fam8a1	1	ENSMUSG00000069237	
Ip6k1	1	ENSMUSG00000032594	
Kpnb1	1	ENSMUSG00000001440	
Ip6k2	1	ENSMUSG00000032599	
Ip6k3	1	ENSMUSG00000024210	
Csf3r	1	ENSMUSG00000028859	
Phip	1	ENSMUSG00000032253	
Acat3	1	ENSMUSG00000062480	
Acat1	1	ENSMUSG00000032047	
Acat2	1	ENSMUSG00000023832	
Golph3	1	ENSMUSG00000022200	
Ndufb4c	1	ENSMUSG00000083380	
Ndufb4b	1	ENSMUSG00000120425	
Nbas	1	ENSMUSG00000020576	
Gm4750	1	ENSMUSG00000087235	
Rnmt	1	ENSMUSG00000009535	
Gm4754	1	ENSMUSG00000106895	
Fbxw10	1	ENSMUSG00000090173	
Fbxw11	1	ENSMUSG00000020271	
Eps15	1	ENSMUSG00000028552	
Fbxw13	1	ENSMUSG00000049314	
Mettl5os	1	ENSMUSG00000085735	
St6gal1	1	ENSMUSG00000022885	
Rabepk	1	ENSMUSG00000070953	
Inpp5d	1	ENSMUSG00000026288	
Inpp5e	1	ENSMUSG00000026925	
Inpp5f	1	ENSMUSG00000042105	
Inpp5a	1	ENSMUSG00000025477	
Inpp5b	1	ENSMUSG00000028894	
Phkb	1	ENSMUSG00000036879	
Gm4724	1	ENSMUSG00000078897	
Nbdy	1	ENSMUSG00000086316	
Inpp5k	1	ENSMUSG00000006127	
Fbxw17	1	ENSMUSG00000037816	
Csf1r	1	ENSMUSG00000024621	
Ccdc142os	1	ENSMUSG00000087578	
Elovl5	1	ENSMUSG00000032349	
Elovl1	1	ENSMUSG00000006390	
Tsacc	1	ENSMUSG00000010538	
Thada	1	ENSMUSG00000024251	
Elovl6	1	ENSMUSG00000041220	
Lgals3bp	1	ENSMUSG00000033880	
Psmc3ip	1	ENSMUSG00000019303	
Elovl7	1	ENSMUSG00000021696	
Rabep1	1	ENSMUSG00000020817	
Paip2b	1	ENSMUSG00000045896	
Cbfb	1	ENSMUSG00000031885	
Timm44	1	ENSMUSG00000002949	
Rabep2	1	ENSMUSG00000030727	
Kpna4	1	ENSMUSG00000027782	
Gm4734	1	ENSMUSG00000106208	
Gm4735	1	ENSMUSG00000064193	
Kpna6	1	ENSMUSG00000003731	
Kpna1	1	ENSMUSG00000022905	
Kpna3	1	ENSMUSG00000021929	
Gm4739	1	ENSMUSG00000112808	
Kpna2	1	ENSMUSG00000018362	
Trav19	1	ENSMUSG00000076862	
Trav17	1	ENSMUSG00000096397	
Nrarp	1	ENSMUSG00000078202	
Gpcpd1	1	ENSMUSG00000027346	
Capzb	1	ENSMUSG00000028745	
Gm4787	1	ENSMUSG00000072974	
BC065397	1	ENSMUSG00000087368	
Csnk1g3	1	ENSMUSG00000073563	
Timm8b	1	ENSMUSG00000039016	
Csnk1g1	1	ENSMUSG00000032384	
Csnk1g2	1	ENSMUSG00000003345	
Ovgp1	1	ENSMUSG00000074340	
Or14q1-ps1	1	ENSMUSG00000092524	
Acap3	1	ENSMUSG00000029033	
Cul4a	1	ENSMUSG00000031446	
Acap1	1	ENSMUSG00000001588	
Acap2	1	ENSMUSG00000049076	
Inpp4a	1	ENSMUSG00000026113	
Inpp4b	1	ENSMUSG00000037940	
Slc39a14	1	ENSMUSG00000022094	
Gm4799	1	ENSMUSG00000071151	
Slc39a10	1	ENSMUSG00000025986	
BC064078	1	ENSMUSG00000087150	
Slc39a11	1	ENSMUSG00000041654	
Cul4b	1	ENSMUSG00000031095	
Spin2c	1	ENSMUSG00000046550	
Slc39a13	1	ENSMUSG00000002105	
Ybey	1	ENSMUSG00000033126	
Iqsec2	1	ENSMUSG00000041115	
Mab21l3	1	ENSMUSG00000044313	
Iqsec1	1	ENSMUSG00000034312	
Fnbp1l	1	ENSMUSG00000039735	
Fkrp	1	ENSMUSG00000048920	
Sumo1	1	ENSMUSG00000026021	
Sumo2	1	ENSMUSG00000020738	
Sumo3	1	ENSMUSG00000020265	
Gm3436	1	ENSMUSG00000096160	
Gm4767	1	ENSMUSG00000094076	
D330023K18Rik	1	ENSMUSG00000087269	
Tgfbr3	1	ENSMUSG00000029287	
Cyp4v3	1	ENSMUSG00000079057	
Gm4779	1	ENSMUSG00000045010	
Ralbp1	1	ENSMUSG00000024096	
Rad51ap1	1	ENSMUSG00000030346	
Bcl2a1d	1	ENSMUSG00000099974	
Tgfbr1	1	ENSMUSG00000007613	
Rmnd5a	1	ENSMUSG00000002222	
Tgfbr2	1	ENSMUSG00000032440	
Bcl2a1b	1	ENSMUSG00000089929	
Rmnd5b	1	ENSMUSG00000001054	
Tmppe	1	ENSMUSG00000079260	
Bcl2a1a	1	ENSMUSG00000102037	
Ppp4r1l-ps	1	ENSMUSG00000055897	
Thap3	1	ENSMUSG00000039759	
Thap4	1	ENSMUSG00000026279	
Thap6	1	ENSMUSG00000102644	
Thap7	1	ENSMUSG00000022760	
Denr	1	ENSMUSG00000023106	
Ints4	1	ENSMUSG00000025133	
Ints5	1	ENSMUSG00000071652	
Ints6	1	ENSMUSG00000035161	
Ints7	1	ENSMUSG00000037461	
Ints8	1	ENSMUSG00000040738	
Ints9	1	ENSMUSG00000021975	
Ints1	1	ENSMUSG00000029547	
Ints2	1	ENSMUSG00000018068	
Ints3	1	ENSMUSG00000027933	
Thap1	1	ENSMUSG00000037214	
Thap2	1	ENSMUSG00000020137	
Ddx39a	1	ENSMUSG00000005481	
Ddx39b	1	ENSMUSG00000019432	
Cblc	1	ENSMUSG00000040525	
Cblb	1	ENSMUSG00000022637	
4931406C07Rik	1	ENSMUSG00000031938	
Fem1b	1	ENSMUSG00000032244	
Fem1a	1	ENSMUSG00000043683	
Ahnak2	1	ENSMUSG00000118667	
Nbl1	1	ENSMUSG00000041120	
Fktn	1	ENSMUSG00000028414	
Cd79a	1	ENSMUSG00000003379	
Tsga13	1	ENSMUSG00000039032	
Cd79b	1	ENSMUSG00000040592	
Tsga10	1	ENSMUSG00000060771	
Ctdsp2	1	ENSMUSG00000078429	
Ctdsp1	1	ENSMUSG00000026176	
Fem1c	1	ENSMUSG00000033319	
Gm15853	1	ENSMUSG00000103400	
Gm15850	1	ENSMUSG00000086264	
Capsl	1	ENSMUSG00000039676	
Myo18a	1	ENSMUSG00000000631	
Cradd	1	ENSMUSG00000045867	
5830462O15Rik	1	ENSMUSG00000110972	
Myo18b	1	ENSMUSG00000072720	
Selenof	1	ENSMUSG00000037072	
Car5b	1	ENSMUSG00000031373	
Selenoh	1	ENSMUSG00000076437	
Selenoi	1	ENSMUSG00000075703	
Selenok	1	ENSMUSG00000042682	
Pgm2l1	1	ENSMUSG00000030729	
Gm14519	1	ENSMUSG00000082838	
Gm15848	1	ENSMUSG00000086706	
D530017H19Rik	1	ENSMUSG00000119968	
Cd19	1	ENSMUSG00000030724	
Cracd	1	ENSMUSG00000036377	
Cd14	1	ENSMUSG00000051439	
Oaz1-ps	1	ENSMUSG00000043801	
Sra1	1	ENSMUSG00000006050	
Gm4705	1	ENSMUSG00000093686	
Gm4707	1	ENSMUSG00000091831	
Ankrd35	1	ENSMUSG00000038354	
Gm4708	1	ENSMUSG00000117187	
Ankrd39	1	ENSMUSG00000079610	
Ankrd37	1	ENSMUSG00000050914	
Ubl4a	1	ENSMUSG00000015290	
Wdr45b	1	ENSMUSG00000025173	
Cd28	1	ENSMUSG00000026012	
Cd27	1	ENSMUSG00000030336	
Cd22	1	ENSMUSG00000030577	
Zer1	1	ENSMUSG00000039686	
Cbr1	1	ENSMUSG00000051483	
Selenom	1	ENSMUSG00000075702	
Cd40	1	ENSMUSG00000017652	
Selenon	1	ENSMUSG00000050989	
Selenoo	1	ENSMUSG00000035757	
Selenop	1	ENSMUSG00000064373	
Csde1	1	ENSMUSG00000068823	
Selenos	1	ENSMUSG00000075701	
Selenot	1	ENSMUSG00000075700	
Selenow	1	ENSMUSG00000041571	
Ankrd40	1	ENSMUSG00000020864	
Armt1	1	ENSMUSG00000061759	
Dera	1	ENSMUSG00000030225	
Ankrd46	1	ENSMUSG00000048307	
Ankrd44	1	ENSMUSG00000052331	
Ankrd49	1	ENSMUSG00000031931	
Mink1	1	ENSMUSG00000020827	
6330418K02Rik	1	ENSMUSG00000085227	
Cd38	1	ENSMUSG00000029084	
Cd37	1	ENSMUSG00000030798	
Cd36	1	ENSMUSG00000002944	
Setmar	1	ENSMUSG00000034639	
Cd34	1	ENSMUSG00000016494	
Cd33	1	ENSMUSG00000004609	
Det1	1	ENSMUSG00000030610	
Cd53	1	ENSMUSG00000040747	
Cd52	1	ENSMUSG00000000682	
Cd3g	1	ENSMUSG00000002033	
Ankrd10	1	ENSMUSG00000031508	
Cd3e	1	ENSMUSG00000032093	
Cd3d	1	ENSMUSG00000032094	
Ndufb11	1	ENSMUSG00000031059	
Ndufb10	1	ENSMUSG00000040048	
Ankrd12	1	ENSMUSG00000034647	
Ankrd11	1	ENSMUSG00000035569	
1700080G18Rik	1	ENSMUSG00000120456	
Ankrd17	1	ENSMUSG00000055204	
Ankrd16	1	ENSMUSG00000047909	
Pla2g5	1	ENSMUSG00000041193	
2900093K20Rik	1	ENSMUSG00000099632	
Cd48	1	ENSMUSG00000015355	
Cd47	1	ENSMUSG00000055447	
Cd46	1	ENSMUSG00000016493	
Cbr4	1	ENSMUSG00000031641	
Cd44	1	ENSMUSG00000005087	
Pla2g6	1	ENSMUSG00000042632	
Cbr3	1	ENSMUSG00000022947	
Pla2g7	1	ENSMUSG00000023913	
Cd63	1	ENSMUSG00000025351	
Cmss1	1	ENSMUSG00000022748	
Acadl	1	ENSMUSG00000026003	
Csdc2	1	ENSMUSG00000042109	
Gm15801	1	ENSMUSG00000096592	
Satb2	1	ENSMUSG00000038331	
Acadm	1	ENSMUSG00000062908	
Letmd1	1	ENSMUSG00000037353	
Satb1	1	ENSMUSG00000023927	
Acads	1	ENSMUSG00000029545	
Trim12c	1	ENSMUSG00000057143	
Gm15808	1	ENSMUSG00000083536	
Ankrd24	1	ENSMUSG00000054708	
Ugt1a7c	1	ENSMUSG00000090124	
Ankrd23	1	ENSMUSG00000067653	
Ankrd28	1	ENSMUSG00000014496	
Ankrd27	1	ENSMUSG00000034867	
Ankrd26	1	ENSMUSG00000007827	
Nbr1	1	ENSMUSG00000017119	
Sgf29	1	ENSMUSG00000030714	
5730480H06Rik	1	ENSMUSG00000029089	
Cd55	1	ENSMUSG00000026399	
Hras	1	ENSMUSG00000025499	
Cd74	1	ENSMUSG00000024610	
Gm13252	1	ENSMUSG00000084105	
Phyh	1	ENSMUSG00000026664	
Cd72	1	ENSMUSG00000028459	
Cd5l	1	ENSMUSG00000015854	
Car12	1	ENSMUSG00000032373	
Car13	1	ENSMUSG00000027555	
Gm14584	1	ENSMUSG00000083798	
Gm14586	1	ENSMUSG00000083621	
Tufm	1	ENSMUSG00000073838	
Zmynd11	1	ENSMUSG00000021156	
Cd69	1	ENSMUSG00000030156	
Cd68	1	ENSMUSG00000018774	
Cd86	1	ENSMUSG00000022901	
Cd84	1	ENSMUSG00000038147	
Yeats2	1	ENSMUSG00000041215	
Cd83	1	ENSMUSG00000015396	
Sike1	1	ENSMUSG00000027854	
Cd82	1	ENSMUSG00000027215	
Cd81	1	ENSMUSG00000037706	
Cd80	1	ENSMUSG00000075122	
Zmynd19	1	ENSMUSG00000026974	
Kdm1b	1	ENSMUSG00000038080	
Kdm1a	1	ENSMUSG00000036940	
Tug1	1	ENSMUSG00000056579	
2700099C18Rik	1	ENSMUSG00000098090	
Acad8	1	ENSMUSG00000031969	
Acad9	1	ENSMUSG00000027710	
Marcksl1	1	ENSMUSG00000047945	
Hadhb-ps	1	ENSMUSG00000063684	
Acacb	1	ENSMUSG00000042010	
Ctdspl2	1	ENSMUSG00000033411	
Acaca	1	ENSMUSG00000020532	
Cd96	1	ENSMUSG00000022657	
Cd93	1	ENSMUSG00000027435	
Slc41a2	1	ENSMUSG00000034591	
Slc41a3	1	ENSMUSG00000030089	
Gm13270	1	ENSMUSG00000086358	
Fip1l1	1	ENSMUSG00000029227	
Ankrd50	1	ENSMUSG00000044864	
Trim68	1	ENSMUSG00000073968	
Slc41a1	1	ENSMUSG00000013275	
Ankrd54	1	ENSMUSG00000033055	
Dennd6a	1	ENSMUSG00000040818	
Dennd6b	1	ENSMUSG00000015377	
Gm38537	1	ENSMUSG00000120422	
Lrp10	1	ENSMUSG00000022175	
Ankrd52	1	ENSMUSG00000014498	
Lrp11	1	ENSMUSG00000019796	
Lrp12	1	ENSMUSG00000022305	
Trim65	1	ENSMUSG00000054517	
Hrh1	1	ENSMUSG00000053004	
Acaa2	1	ENSMUSG00000036880	
Ankrd55	1	ENSMUSG00000049985	
Hrh4	1	ENSMUSG00000037346	
Hrh2	1	ENSMUSG00000034987	
Yeats4	1	ENSMUSG00000020171	
Capn9	1	ENSMUSG00000031981	
Cbx8	1	ENSMUSG00000025578	
Cbx7	1	ENSMUSG00000053411	
Cbx6	1	ENSMUSG00000089715	
Cbx5	1	ENSMUSG00000009575	
Capn5	1	ENSMUSG00000035547	
Cbx4	1	ENSMUSG00000039989	
Saysd1	1	ENSMUSG00000045107	
Cbx3	1	ENSMUSG00000029836	
Capn7	1	ENSMUSG00000021893	
Cbx2	1	ENSMUSG00000025577	
Cbx1	1	ENSMUSG00000018666	
Ankrd61	1	ENSMUSG00000029607	
Capn1	1	ENSMUSG00000024942	
Gm13268	1	ENSMUSG00000070271	
Capn2	1	ENSMUSG00000026509	
Dexi	1	ENSMUSG00000038055	
Cd8a	1	ENSMUSG00000053977	
2510017J16Rik	1	ENSMUSG00000104891	
Gm26574	1	ENSMUSG00000097925	
Rps15a-ps5	1	ENSMUSG00000067058	
Hectd1	1	ENSMUSG00000035247	
Rps15a-ps4	1	ENSMUSG00000083757	
Srgn	1	ENSMUSG00000020077	
Rps15a-ps7	1	ENSMUSG00000081087	
Rps15a-ps6	1	ENSMUSG00000083022	
Atp6v0b	1	ENSMUSG00000033379	
Hectd4	1	ENSMUSG00000042744	
Rps15a-ps3	1	ENSMUSG00000084314	
Hectd3	1	ENSMUSG00000046861	
Cby1	1	ENSMUSG00000022428	
Gm13216	1	ENSMUSG00000082013	
Trim46	1	ENSMUSG00000042766	
4930438A08Rik	1	ENSMUSG00000069873	
Kdm4d	1	ENSMUSG00000053914	
Trim47	1	ENSMUSG00000020773	
Ybx1	1	ENSMUSG00000028639	
Gm14541	1	ENSMUSG00000084265	
Kdm4c	1	ENSMUSG00000028397	
Trim44	1	ENSMUSG00000027189	
Kdm4b	1	ENSMUSG00000024201	
Trim45	1	ENSMUSG00000033233	
Ybx3	1	ENSMUSG00000030189	
Kdm4a	1	ENSMUSG00000033326	
Dennd4c	1	ENSMUSG00000038024	
Dennd4a	1	ENSMUSG00000053641	
Dennd4b	1	ENSMUSG00000042404	
Gm14549	1	ENSMUSG00000084990	
Gm15879	1	ENSMUSG00000084790	
Mus81	1	ENSMUSG00000024906	
Atp6v0e	1	ENSMUSG00000015575	
Iqgap1	1	ENSMUSG00000030536	
Atp6v0c	1	ENSMUSG00000024121	
Gm26520	1	ENSMUSG00000097429	
Iqgap2	1	ENSMUSG00000021676	
Iqgap3	1	ENSMUSG00000028068	
A430103D13Rik	1	ENSMUSG00000112096	
Tanc1	1	ENSMUSG00000035168	
E130317F20Rik	1	ENSMUSG00000091994	
Blvrb	1	ENSMUSG00000040466	
Trim59	1	ENSMUSG00000034317	
Gm13205	1	ENSMUSG00000086606	
Gm13204	1	ENSMUSG00000082860	
Trim58	1	ENSMUSG00000037124	
Dennd5a	1	ENSMUSG00000035901	
Kdm5c	1	ENSMUSG00000025332	
Trim56	1	ENSMUSG00000043279	
Gm15860	1	ENSMUSG00000087336	
Kdm5b	1	ENSMUSG00000042207	
Blvra	1	ENSMUSG00000001999	
Kdm5a	1	ENSMUSG00000030180	
Kdm6a	1	ENSMUSG00000037369	
Trim62	1	ENSMUSG00000041000	
Dennd5b	1	ENSMUSG00000030313	
Gm39859	1	ENSMUSG00000120684	
Gm14539	1	ENSMUSG00000084830	
2200002D01Rik	1	ENSMUSG00000030587	
Tanc2	1	ENSMUSG00000053580	
Dnph1	1	ENSMUSG00000040658	
Gm26510	1	ENSMUSG00000097154	
Armcx5	1	ENSMUSG00000072969	
Dnpep	1	ENSMUSG00000026209	
Gna12	1	ENSMUSG00000000149	
Armcx6	1	ENSMUSG00000050394	
Gna11	1	ENSMUSG00000034781	
Armcx2	1	ENSMUSG00000033436	
Gna15	1	ENSMUSG00000034792	
Armcx3	1	ENSMUSG00000049047	
Gna14	1	ENSMUSG00000024697	
Gstp-ps	1	ENSMUSG00000103653	
Trim28	1	ENSMUSG00000005566	
Armcx4	1	ENSMUSG00000049804	
Gna13	1	ENSMUSG00000020611	
AA465934	1	ENSMUSG00000093483	
Gm14567	1	ENSMUSG00000080896	
Trim26	1	ENSMUSG00000024457	
Trim27	1	ENSMUSG00000021326	
Trim24	1	ENSMUSG00000029833	
Gm13237	1	ENSMUSG00000095865	
Kdm2b	1	ENSMUSG00000029475	
Trim25	1	ENSMUSG00000000275	
Kdm2a	1	ENSMUSG00000054611	
Gm13231	1	ENSMUSG00000081885	
Trim23	1	ENSMUSG00000021712	
Armh3	1	ENSMUSG00000039901	
Trim21	1	ENSMUSG00000030966	
Dennd2a	1	ENSMUSG00000038456	
Dennd2b	1	ENSMUSG00000031024	
Dennd2c	1	ENSMUSG00000007379	
Dennd2d	1	ENSMUSG00000027901	
Klk1b27	1	ENSMUSG00000063177	
Mad2l1bp	1	ENSMUSG00000034509	
Gm15880	1	ENSMUSG00000084821	
Atp6v1a	1	ENSMUSG00000052459	
Trim39	1	ENSMUSG00000045409	
Trim37	1	ENSMUSG00000018548	
Gm15886	1	ENSMUSG00000085754	
Trim35	1	ENSMUSG00000022043	
Gm13226	1	ENSMUSG00000083454	
Trim36	1	ENSMUSG00000033949	
Kdm3b	1	ENSMUSG00000038773	
Trim33	1	ENSMUSG00000033014	
Kdm3a	1	ENSMUSG00000053470	
Trim32	1	ENSMUSG00000051675	
Flcn	1	ENSMUSG00000032633	
Trim41	1	ENSMUSG00000040365	
Vac14	1	ENSMUSG00000010936	
Atp6v1f	1	ENSMUSG00000004285	
Atp6v1d	1	ENSMUSG00000021114	
Atp6v1h	1	ENSMUSG00000033793	
Dennd10	1	ENSMUSG00000024993	
Dennd11	1	ENSMUSG00000037172	
Pid1	1	ENSMUSG00000045658	
Gm3375	1	ENSMUSG00000107470	
Gm3379	1	ENSMUSG00000113625	
Tyro3	1	ENSMUSG00000027298	
Uxs1	1	ENSMUSG00000057363	
Lockd	1	ENSMUSG00000098318	
Plcg1	1	ENSMUSG00000016933	
Kcnmb4os2	1	ENSMUSG00000085837	
Plcg2	1	ENSMUSG00000034330	
Adhfe1	1	ENSMUSG00000025911	
4930515G01Rik	1	ENSMUSG00000092183	
Dennd1a	1	ENSMUSG00000035392	
Eid1	1	ENSMUSG00000091337	
Eid2	1	ENSMUSG00000046058	
Srcap	1	ENSMUSG00000053877	
Dennd1b	1	ENSMUSG00000056268	
Zyg11b	1	ENSMUSG00000034636	
Dennd1c	1	ENSMUSG00000002668	
Sarnp	1	ENSMUSG00000078427	
Milr1	1	ENSMUSG00000040528	
Pif1	1	ENSMUSG00000041064	
Srms	1	ENSMUSG00000027579	
Baz1b	1	ENSMUSG00000002748	
St14	1	ENSMUSG00000031995	
Baz1a	1	ENSMUSG00000035021	
St13	1	ENSMUSG00000022403	
Gipc1	1	ENSMUSG00000019433	
Gm3355	1	ENSMUSG00000089883	
Gipc3	1	ENSMUSG00000034872	
Nfkbiz	1	ENSMUSG00000035356	
Plch1	1	ENSMUSG00000036834	
Zfat	1	ENSMUSG00000022335	
Gm2058	1	ENSMUSG00000074903	
Sars2	1	ENSMUSG00000070699	
Sars1	1	ENSMUSG00000068739	
Hrob	1	ENSMUSG00000034773	
Gm4691	1	ENSMUSG00000097979	
Nfkbib	1	ENSMUSG00000030595	
Gm3362	1	ENSMUSG00000085442	
Nfkbie	1	ENSMUSG00000023947	
Nfkbid	1	ENSMUSG00000036931	
Baz2b	1	ENSMUSG00000026987	
Baz2a	1	ENSMUSG00000040054	
Fam83f	1	ENSMUSG00000022408	
Gm3365	1	ENSMUSG00000111594	
Fam83g	1	ENSMUSG00000042377	
Fam83h	1	ENSMUSG00000046761	
4930549G23Rik	1	ENSMUSG00000118134	
Fam83d	1	ENSMUSG00000027654	
Nfkbia	1	ENSMUSG00000021025	
Eif1	1	ENSMUSG00000035530	
Fli1	1	ENSMUSG00000016087	
Eif5	1	ENSMUSG00000021282	
Eif6	1	ENSMUSG00000027613	
Plcb4	1	ENSMUSG00000039943	
Nutf2-ps1	1	ENSMUSG00000071497	
Plcb3	1	ENSMUSG00000024960	
Tut7	1	ENSMUSG00000035248	
Gm13292	1	ENSMUSG00000082424	
Rabgef1	1	ENSMUSG00000025340	
Tut4	1	ENSMUSG00000034610	
2500004C02Rik	1	ENSMUSG00000073236	
Csnk2a2	1	ENSMUSG00000046707	
Phf2os1	1	ENSMUSG00000086889	
Csnk2a1	1	ENSMUSG00000074698	
Plcb2	1	ENSMUSG00000040061	
Pigc	1	ENSMUSG00000026698	
Pinlyp	1	ENSMUSG00000011632	
Pigb	1	ENSMUSG00000079469	
Riok3	1	ENSMUSG00000024404	
Piga	1	ENSMUSG00000031381	
Sarm1	1	ENSMUSG00000050132	
Pigk	1	ENSMUSG00000039047	
4933406P04Rik	1	ENSMUSG00000069713	
Pigm	1	ENSMUSG00000050229	
Gm2077	1	ENSMUSG00000103224	
Pigl	1	ENSMUSG00000014245	
Pigg	1	ENSMUSG00000029263	
Pigf	1	ENSMUSG00000024145	
Pigh	1	ENSMUSG00000021120	
Vwa5a	1	ENSMUSG00000023186	
Ofd1	1	ENSMUSG00000040586	
Sptlc1	1	ENSMUSG00000021468	
Sptlc2	1	ENSMUSG00000021036	
Flii	1	ENSMUSG00000002812	
Rom1	1	ENSMUSG00000071648	
Fam81a	1	ENSMUSG00000032224	
Impa2	1	ENSMUSG00000024525	
Riok1	1	ENSMUSG00000021428	
Impa1	1	ENSMUSG00000027531	
Riok2	1	ENSMUSG00000116564	
Srp9	1	ENSMUSG00000026511	
Gon7	1	ENSMUSG00000091931	
Fam133b	1	ENSMUSG00000058503	
Pacc1	1	ENSMUSG00000026627	
Cox5b-ps	1	ENSMUSG00000079941	
Tut1	1	ENSMUSG00000071645	
Gm2065	1	ENSMUSG00000102882	
Gm26597	1	ENSMUSG00000097228	
Baiap2l1	1	ENSMUSG00000038859	
Ppp1r36dn	1	ENSMUSG00000073000	
Eomes	1	ENSMUSG00000032446	
Card9	1	ENSMUSG00000026928	
Srrd	1	ENSMUSG00000029346	
Bicdl2	1	ENSMUSG00000043782	
AB124611	1	ENSMUSG00000057191	
Gopc	1	ENSMUSG00000019861	
Bicdl1	1	ENSMUSG00000041609	
Card6	1	ENSMUSG00000041849	
Gm2099	1	ENSMUSG00000113854	
Vwa3b	1	ENSMUSG00000050122	
Pigs	1	ENSMUSG00000041958	
Pigr	1	ENSMUSG00000026417	
Pigu	1	ENSMUSG00000038383	
Pigt	1	ENSMUSG00000017721	
Gm37254	1	ENSMUSG00000104394	
Pigo	1	ENSMUSG00000028454	
Pign	1	ENSMUSG00000056536	
Ncan	1	ENSMUSG00000002341	
Pigq	1	ENSMUSG00000025728	
Srpr	1	ENSMUSG00000032042	
Pigp	1	ENSMUSG00000022940	
Pigz	1	ENSMUSG00000045625	
Esyt1	1	ENSMUSG00000025366	
Eppk1	1	ENSMUSG00000118671	
Esyt2	1	ENSMUSG00000021171	
Pigw	1	ENSMUSG00000045140	
Pigv	1	ENSMUSG00000043257	
Fam136a	1	ENSMUSG00000057497	
Pigx	1	ENSMUSG00000023791	
Fam135a	1	ENSMUSG00000026153	
Rpl27rt	1	ENSMUSG00000078240	
Dffa	1	ENSMUSG00000028974	
Dffb	1	ENSMUSG00000029027	
Sulf2	1	ENSMUSG00000006800	
Akr7a5	1	ENSMUSG00000028743	
Ncf1	1	ENSMUSG00000015950	
Ncf2	1	ENSMUSG00000026480	
Riox1	1	ENSMUSG00000046791	
Riox2	1	ENSMUSG00000022724	
Col14a1	1	ENSMUSG00000022371	
Ncf4	1	ENSMUSG00000071715	
Glyr1	1	ENSMUSG00000022536	
Stk26	1	ENSMUSG00000031112	
Stk25	1	ENSMUSG00000026277	
Stk24	1	ENSMUSG00000063410	
Stip1	1	ENSMUSG00000024966	
Gas2l3	1	ENSMUSG00000074802	
Pim1	1	ENSMUSG00000024014	
Pim3	1	ENSMUSG00000035828	
Pim2	1	ENSMUSG00000031155	
9630010A21Rik	1	ENSMUSG00000103867	
Enkur	1	ENSMUSG00000026679	
Gm5960	1	ENSMUSG00000099775	
Gm5963	1	ENSMUSG00000052192	
Srrt	1	ENSMUSG00000037364	
Gm4633	1	ENSMUSG00000120198	
Stk38	1	ENSMUSG00000024006	
Gas2l1	1	ENSMUSG00000034201	
Stk36	1	ENSMUSG00000033276	
Stk35	1	ENSMUSG00000037885	
Pnisr	1	ENSMUSG00000028248	
9430038I01Rik	1	ENSMUSG00000040139	
Nusap1	1	ENSMUSG00000027306	
Stk39	1	ENSMUSG00000027030	
Flna	1	ENSMUSG00000031328	
C230085N15Rik	1	ENSMUSG00000102212	
Flnb	1	ENSMUSG00000025278	
Ncdn	1	ENSMUSG00000028833	
D630045J12Rik	1	ENSMUSG00000063455	
Gm4600	1	ENSMUSG00000116529	
Gm5931	1	ENSMUSG00000068200	
Gm4609	1	ENSMUSG00000078592	
Gm5939	1	ENSMUSG00000083258	
Ftl2-ps	1	ENSMUSG00000082062	
C130089K02Rik	1	ENSMUSG00000104339	
Cherp	1	ENSMUSG00000052488	
Hs2st1	1	ENSMUSG00000040151	
Impg2	1	ENSMUSG00000035270	
Faap100	1	ENSMUSG00000025384	
Got1	1	ENSMUSG00000025190	
Gm4610	1	ENSMUSG00000104554	
Got2	1	ENSMUSG00000031672	
Rorc	1	ENSMUSG00000028150	
Stk16	1	ENSMUSG00000026201	
Gm4613	1	ENSMUSG00000090467	
Rora	1	ENSMUSG00000032238	
Gm5946	1	ENSMUSG00000048592	
Stk11	1	ENSMUSG00000003068	
Gm4617	1	ENSMUSG00000096544	
Stk10	1	ENSMUSG00000020272	
St7l	1	ENSMUSG00000045576	
Stk19	1	ENSMUSG00000061207	
Pin1	1	ENSMUSG00000032171	
Pin4	1	ENSMUSG00000079480	
Gm5990	1	ENSMUSG00000107465	
Flt3	1	ENSMUSG00000042817	
Flt4	1	ENSMUSG00000020357	
Tmigd1	1	ENSMUSG00000020839	
Actr3-ps	1	ENSMUSG00000082319	
Nck2	1	ENSMUSG00000066877	
Nck1	1	ENSMUSG00000032475	
Fndc4	1	ENSMUSG00000038552	
Insl6	1	ENSMUSG00000050957	
Fn3k	1	ENSMUSG00000025175	
Fndc1	1	ENSMUSG00000071984	
Stim2	1	ENSMUSG00000039156	
Stim1	1	ENSMUSG00000030987	
Insl3	1	ENSMUSG00000079019	
Fam89a	1	ENSMUSG00000043068	
Jmjd4	1	ENSMUSG00000036819	
Jmjd6	1	ENSMUSG00000056962	
Sart3	1	ENSMUSG00000018974	
Fndc7	1	ENSMUSG00000045326	
Jmjd8	1	ENSMUSG00000025736	
Sart1	1	ENSMUSG00000039148	
D730005E14Rik	1	ENSMUSG00000115902	
Fndc9	1	ENSMUSG00000048721	
Jmjd7	1	ENSMUSG00000098789	
Tspyl1	1	ENSMUSG00000047514	
Tspyl2	1	ENSMUSG00000041096	
Tspyl3	1	ENSMUSG00000074671	
Tspyl4	1	ENSMUSG00000039485	
Tspyl5	1	ENSMUSG00000038984	
Ccl9	1	ENSMUSG00000019122	
9130221H12Rik	1	ENSMUSG00000090330	
Plcl2	1	ENSMUSG00000038910	
Ccl6	1	ENSMUSG00000018927	
Plcl1	1	ENSMUSG00000038349	
Ccl5	1	ENSMUSG00000035042	
Ccl4	1	ENSMUSG00000018930	
Ccl3	1	ENSMUSG00000000982	
4933403J19Rik	1	ENSMUSG00000118000	
Gm2011	1	ENSMUSG00000107741	
Col27a1	1	ENSMUSG00000045672	
Fkbp1a-ps1	1	ENSMUSG00000115143	
Gm3320	1	ENSMUSG00000116864	
Gm5983	1	ENSMUSG00000104555	
Gm4654	1	ENSMUSG00000098111	
Gm3325	1	ENSMUSG00000113836	
Ankub1	1	ENSMUSG00000074591	
Ccm2	1	ENSMUSG00000000378	
1700085D22Rik	1	ENSMUSG00000120183	
Gm15952	1	ENSMUSG00000085655	
Gm15950	1	ENSMUSG00000089818	
Rec114	1	ENSMUSG00000074269	
Pisd	1	ENSMUSG00000023452	
Thap12	1	ENSMUSG00000030753	
Thap11	1	ENSMUSG00000036442	
Ammecr1l	1	ENSMUSG00000041915	
Lrmda	1	ENSMUSG00000063458	
Ccnk	1	ENSMUSG00000021258	
Ccnj	1	ENSMUSG00000025010	
Ccni	1	ENSMUSG00000063015	
Rusc1	1	ENSMUSG00000041263	
Zfp2	1	ENSMUSG00000049321	
Ccnh	1	ENSMUSG00000021548	
Zfp3	1	ENSMUSG00000043602	
Ccnf	1	ENSMUSG00000072082	
Zfp1	1	ENSMUSG00000055835	
Ccnc	1	ENSMUSG00000028252	
F930017D23Rik	1	ENSMUSG00000075184	
Pirb	1	ENSMUSG00000058818	
Ncln	1	ENSMUSG00000020238	
Tuft1	1	ENSMUSG00000005968	
Gm15946	1	ENSMUSG00000089695	
Erlin2	1	ENSMUSG00000031483	
Recql	1	ENSMUSG00000030243	
Zfp7	1	ENSMUSG00000033669	
Erlin1	1	ENSMUSG00000025198	
mt-Tc	1	ENSMUSG00000064349	
Rusf1	1	ENSMUSG00000030780	
Chek1	1	ENSMUSG00000032113	
Chek2	1	ENSMUSG00000029521	
Gm15974	1	ENSMUSG00000090224	
Rpl18a-ps1	1	ENSMUSG00000059033	
Gm13310	1	ENSMUSG00000080801	
B4galt4	1	ENSMUSG00000022793	
B4galt5	1	ENSMUSG00000017929	
B4galt6	1	ENSMUSG00000056124	
B4galt7	1	ENSMUSG00000021504	
Ccny	1	ENSMUSG00000024286	
Zwint	1	ENSMUSG00000019923	
Ccnq	1	ENSMUSG00000049489	
6330415G19Rik	1	ENSMUSG00000117322	
Ccr1	1	ENSMUSG00000025804	
Zfr2	1	ENSMUSG00000034949	
Gm14634	1	ENSMUSG00000085891	
Gm15964	1	ENSMUSG00000085337	
B4galt1	1	ENSMUSG00000028413	
B4galt2	1	ENSMUSG00000028541	
9130604C24Rik	1	ENSMUSG00000105851	
B4galt3	1	ENSMUSG00000052423	
Crebbp	1	ENSMUSG00000022521	
Gm14636	1	ENSMUSG00000073274	
Gm14639	1	ENSMUSG00000082253	
4930477G07Rik	1	ENSMUSG00000113268	
B3gnt9	1	ENSMUSG00000069920	
B3gnt8	1	ENSMUSG00000059479	
B3gnt7	1	ENSMUSG00000079445	
Pacs1	1	ENSMUSG00000024855	
Pacs2	1	ENSMUSG00000021143	
Timm10	1	ENSMUSG00000027076	
1600012H06Rik	1	ENSMUSG00000050088	
B3gnt5	1	ENSMUSG00000022686	
Timm13	1	ENSMUSG00000020219	
B3gnt3	1	ENSMUSG00000031803	
Gm15910	1	ENSMUSG00000087480	
Gm5910	1	ENSMUSG00000110617	
B3gnt2	1	ENSMUSG00000051650	
Gm5914	1	ENSMUSG00000098120	
Gm5913	1	ENSMUSG00000081111	
Gm5915	1	ENSMUSG00000080021	
Ndufa12	1	ENSMUSG00000020022	
Ndufa11	1	ENSMUSG00000002379	
Ndufa10	1	ENSMUSG00000026260	
Zfta	1	ENSMUSG00000053080	
Ncs1	1	ENSMUSG00000062661	
Ndufa13	1	ENSMUSG00000036199	
Ccr9	1	ENSMUSG00000029530	
Ccr8	1	ENSMUSG00000042262	
Ccr7	1	ENSMUSG00000037944	
Ccr6	1	ENSMUSG00000040899	
Ccr5	1	ENSMUSG00000079227	
Ccr4	1	ENSMUSG00000047898	
Kansl2-ps	1	ENSMUSG00000097530	
Ccr3	1	ENSMUSG00000035448	
Ccr2	1	ENSMUSG00000049103	
Cct3	1	ENSMUSG00000001416	
Rnaseh1	1	ENSMUSG00000020630	
Cct2	1	ENSMUSG00000034024	
Timm22	1	ENSMUSG00000020843	
Zdhhc24	1	ENSMUSG00000006463	
Timm21	1	ENSMUSG00000024645	
Zdhhc23	1	ENSMUSG00000036304	
Zdhhc22	1	ENSMUSG00000048483	
Timm23	1	ENSMUSG00000013701	
Zdhhc21	1	ENSMUSG00000028403	
2410004B18Rik	1	ENSMUSG00000036873	
Gm5921	1	ENSMUSG00000074034	
Zdhhc20	1	ENSMUSG00000021969	
Gm5920	1	ENSMUSG00000100839	
4930466K18Rik	1	ENSMUSG00000112332	
Timm29	1	ENSMUSG00000048429	
Fgfbp3	1	ENSMUSG00000047632	
Ncr1	1	ENSMUSG00000062524	
Gm5928	1	ENSMUSG00000113931	
Gm15903	1	ENSMUSG00000086916	
mt-Tn	1	ENSMUSG00000064348	
Insrr	1	ENSMUSG00000005640	
mt-Tq	1	ENSMUSG00000064343	
mt-Tp	1	ENSMUSG00000064372	
Zdhhc18	1	ENSMUSG00000037553	
Zdhhc17	1	ENSMUSG00000035798	
Slc66a3	1	ENSMUSG00000045679	
Stk40	1	ENSMUSG00000042608	
Zdhhc16	1	ENSMUSG00000025157	
Nmnat1	1	ENSMUSG00000028992	
Zdhhc15	1	ENSMUSG00000033906	
Zdhhc14	1	ENSMUSG00000034265	
Zdhhc13	1	ENSMUSG00000030471	
Zdhhc12	1	ENSMUSG00000015335	
Slc66a2	1	ENSMUSG00000034006	
Slc66a1	1	ENSMUSG00000028744	
Gm15931	1	ENSMUSG00000081723	
Pcyox1	1	ENSMUSG00000029998	
A130071D04Rik	1	ENSMUSG00000104291	
Gm14608	1	ENSMUSG00000084348	
BC005624	1	ENSMUSG00000026851	
Gpam	1	ENSMUSG00000024978	
Hsf1	1	ENSMUSG00000022556	
Hsf2	1	ENSMUSG00000019878	
Gpc1	1	ENSMUSG00000034220	
Cct8	1	ENSMUSG00000025613	
Gpc4	1	ENSMUSG00000031119	
Cct7	1	ENSMUSG00000030007	
Nmnat3	1	ENSMUSG00000032456	
Cct5	1	ENSMUSG00000022234	
Cct4	1	ENSMUSG00000007739	
Bclaf1	1	ENSMUSG00000037608	
Bclaf3	1	ENSMUSG00000044150	
Gm15921	1	ENSMUSG00000094092	
Hscb	1	ENSMUSG00000043510	
Rpa1	1	ENSMUSG00000000751	
Rpa2	1	ENSMUSG00000028884	
9430091E24Rik	1	ENSMUSG00000084808	
Gm5900	1	ENSMUSG00000094685	
Rbx1-ps	1	ENSMUSG00000049832	
Gm5905	1	ENSMUSG00000110275	
Gm5904	1	ENSMUSG00000109894	
Gm15927	1	ENSMUSG00000085039	
Gm5909	1	ENSMUSG00000082491	
Rpa3	1	ENSMUSG00000012483	
Gm13370	1	ENSMUSG00000084383	
Cc2d2b	1	ENSMUSG00000108929	
Gfi1b	1	ENSMUSG00000026815	
E030030I06Rik	1	ENSMUSG00000097327	
Slc40a1	1	ENSMUSG00000025993	
Ccdc50-ps	1	ENSMUSG00000081553	
Gm26685	1	ENSMUSG00000097281	
Lamtor5	1	ENSMUSG00000087260	
Cc2d1a	1	ENSMUSG00000036686	
Lamtor3	1	ENSMUSG00000091512	
C1qtnf12	1	ENSMUSG00000023571	
Cc2d1b	1	ENSMUSG00000028582	
Lamtor4	1	ENSMUSG00000050552	
Lamtor1	1	ENSMUSG00000030842	
Lamtor2	1	ENSMUSG00000028062	
Gm13369	1	ENSMUSG00000083796	
Gm12034	1	ENSMUSG00000083878	
Gm12035	1	ENSMUSG00000083555	
Gm13365	1	ENSMUSG00000082632	
Gm26670	1	ENSMUSG00000097416	
Rap1gap2	1	ENSMUSG00000038807	
Jagn1	1	ENSMUSG00000051256	
Gpd2	1	ENSMUSG00000026827	
Gpd1	1	ENSMUSG00000023019	
Kifc5b	1	ENSMUSG00000024301	
Sumf1	1	ENSMUSG00000030101	
Sumf2	1	ENSMUSG00000025538	
Gm12063	1	ENSMUSG00000085167	
Gm13394	1	ENSMUSG00000083773	
Cmtr2	1	ENSMUSG00000046441	
Cmtr1	1	ENSMUSG00000024019	
Rpf2	1	ENSMUSG00000038510	
Gm12066	1	ENSMUSG00000085579	
Gm13398	1	ENSMUSG00000087364	
Rpf1	1	ENSMUSG00000028187	
Ripk2	1	ENSMUSG00000041135	
Ripk3	1	ENSMUSG00000022221	
Ripk4	1	ENSMUSG00000005251	
Btnl1	1	ENSMUSG00000062638	
Btnl2	1	ENSMUSG00000024340	
Jchain	1	ENSMUSG00000067149	
Mrgbp	1	ENSMUSG00000027569	
Gm13383	1	ENSMUSG00000087485	
Gm52969	1	ENSMUSG00000115852	
Tada2a	1	ENSMUSG00000018651	
Tada2b	1	ENSMUSG00000029196	
Ccz1	1	ENSMUSG00000029617	
Ripk1	1	ENSMUSG00000021408	
Ssh3	1	ENSMUSG00000034616	
Acbd3	1	ENSMUSG00000026499	
Ssh2	1	ENSMUSG00000037926	
Ssh1	1	ENSMUSG00000042121	
Acbd6	1	ENSMUSG00000033701	
Enkd1	1	ENSMUSG00000013155	
Gm25360	1	ENSMUSG00000118839	
Acbd4	1	ENSMUSG00000056938	
Acbd5	1	ENSMUSG00000026781	
Fmc1	1	ENSMUSG00000019689	
Fam131a	1	ENSMUSG00000050821	
Crebl2	1	ENSMUSG00000032652	
Wfikkn1	1	ENSMUSG00000071192	
Gm25364	1	ENSMUSG00000089476	
Gm15991	1	ENSMUSG00000087266	
Naprt	1	ENSMUSG00000022574	
Gm12003	1	ENSMUSG00000083859	
Gm38632	1	ENSMUSG00000120931	
Gm13337	1	ENSMUSG00000081467	
Gm12000	1	ENSMUSG00000073145	
Gpi1	1	ENSMUSG00000036427	
Meaf6	1	ENSMUSG00000028863	
Gm12009	1	ENSMUSG00000084183	
Dpy30	1	ENSMUSG00000024067	
Tapbpl	1	ENSMUSG00000038213	
2610017A05Rik	1	ENSMUSG00000107909	
Gm15987	1	ENSMUSG00000085786	
Pja2	1	ENSMUSG00000024083	
Pja1	1	ENSMUSG00000034403	
Gm13328	1	ENSMUSG00000081128	
Gm26631	1	ENSMUSG00000097445	
H2bc11	1	ENSMUSG00000069300	
Gm14681	1	ENSMUSG00000081603	
H2bc14	1	ENSMUSG00000114279	
Trbj1-1	1	ENSMUSG00000076483	
1700020L24Rik	1	ENSMUSG00000035085	
H2bc12	1	ENSMUSG00000062727	
Tpt1-ps6	1	ENSMUSG00000084284	
Tpt1-ps5	1	ENSMUSG00000059252	
Tpt1-ps3	1	ENSMUSG00000084319	
Kifap3	1	ENSMUSG00000026585	
Scyl1	1	ENSMUSG00000024941	
Scyl2	1	ENSMUSG00000069539	
Rpia	1	ENSMUSG00000053604	
Scyl3	1	ENSMUSG00000026584	
Gdap2	1	ENSMUSG00000027865	
Gdap1	1	ENSMUSG00000025777	
Gm26660	1	ENSMUSG00000097601	
Gm26664	1	ENSMUSG00000120095	
Minpp1	1	ENSMUSG00000024896	
BC043934	1	ENSMUSG00000056418	
H2bc22	1	ENSMUSG00000069308	
H2bc21	1	ENSMUSG00000068854	
H2bc26	1	ENSMUSG00000080712	
Gm13342	1	ENSMUSG00000082516	
Gm13341	1	ENSMUSG00000083863	
Gphn	1	ENSMUSG00000047454	
Dctpp1	1	ENSMUSG00000042462	
Rpgr	1	ENSMUSG00000031174	
Sash3	1	ENSMUSG00000031101	
Cmtm6	1	ENSMUSG00000032434	
Cmtm4	1	ENSMUSG00000096188	
Cmtm3	1	ENSMUSG00000031875	
Cmtm8	1	ENSMUSG00000041012	
Cmtm7	1	ENSMUSG00000032436	
Tpt1-ps7	1	ENSMUSG00000117111	
Oosp2	1	ENSMUSG00000055895	
Oosp1	1	ENSMUSG00000041857	
H2bc27	1	ENSMUSG00000056895	
Ticrr	1	ENSMUSG00000046591	
4930579G18Rik	1	ENSMUSG00000040840	
Rpl4	1	ENSMUSG00000032399	
Rpl5	1	ENSMUSG00000058558	
Rpl3	1	ENSMUSG00000060036	
Cyp2u1	1	ENSMUSG00000027983	
Ndufa12-ps	1	ENSMUSG00000080893	
Fam149a	1	ENSMUSG00000070044	
Rpl8	1	ENSMUSG00000003970	
Stxbp5	1	ENSMUSG00000019790	
Rpl9	1	ENSMUSG00000047215	
Stxbp6	1	ENSMUSG00000046314	
Rpl6	1	ENSMUSG00000029614	
Fam149b	1	ENSMUSG00000039599	
Rpl7	1	ENSMUSG00000043716	
Stxbp1	1	ENSMUSG00000026797	
Stxbp2	1	ENSMUSG00000004626	
Ddx18	1	ENSMUSG00000001674	
Garre1	1	ENSMUSG00000066571	
Stxbp3	1	ENSMUSG00000027882	
Ddx17	1	ENSMUSG00000055065	
Stxbp4	1	ENSMUSG00000020546	
Mlycd	1	ENSMUSG00000074064	
Ddx11	1	ENSMUSG00000035842	
Clec9a	1	ENSMUSG00000046080	
Ddx10	1	ENSMUSG00000053289	
Afmid	1	ENSMUSG00000017718	
Gm14295	1	ENSMUSG00000078877	
Lgals8	1	ENSMUSG00000057554	
Srek1ip1	1	ENSMUSG00000021716	
Gm4596	1	ENSMUSG00000082394	
Lgals9	1	ENSMUSG00000001123	
Gm14292	1	ENSMUSG00000061897	
Cyp2t4	1	ENSMUSG00000078787	
Lgals1	1	ENSMUSG00000068220	
Lgals4	1	ENSMUSG00000053964	
Lgals3	1	ENSMUSG00000050335	
Gad1-ps	1	ENSMUSG00000090665	
1810010H24Rik	1	ENSMUSG00000078607	
Btf3l4b	1	ENSMUSG00000114133	
Josd2	1	ENSMUSG00000038695	
Josd1	1	ENSMUSG00000022426	
Gm38250	1	ENSMUSG00000104168	
Rpn2	1	ENSMUSG00000027642	
Clec7a	1	ENSMUSG00000079293	
Gm3235	1	ENSMUSG00000090778	
Rpn1	1	ENSMUSG00000030062	
Fam72a	1	ENSMUSG00000055184	
Gm5898	1	ENSMUSG00000081788	
Lgalsl	1	ENSMUSG00000042363	
Ssr1	1	ENSMUSG00000021427	
Tmt1a	1	ENSMUSG00000054619	
Ogdh	1	ENSMUSG00000020456	
Sspn	1	ENSMUSG00000030255	
4933404K13Rik	1	ENSMUSG00000111342	
Rhot1	1	ENSMUSG00000017686	
Rhot2	1	ENSMUSG00000025733	
Cdc7	1	ENSMUSG00000029283	
Cdc6	1	ENSMUSG00000017499	
Gpn2	1	ENSMUSG00000028848	
Arpin	1	ENSMUSG00000039043	
Gpn1	1	ENSMUSG00000064037	
Gpn3	1	ENSMUSG00000029464	
Nlrx1	1	ENSMUSG00000032109	
Ggnbp2	1	ENSMUSG00000020530	
Ggnbp1	1	ENSMUSG00000048731	
Tifab	1	ENSMUSG00000049625	
Gm15590	1	ENSMUSG00000058542	
Ogg1	1	ENSMUSG00000030271	
Gm14269	1	ENSMUSG00000084067	
Fmn1	1	ENSMUSG00000044042	
Gabbr1	1	ENSMUSG00000024462	
0610030E20Rik	1	ENSMUSG00000058706	
Gm14251	1	ENSMUSG00000081751	
Ndc1	1	ENSMUSG00000028614	
Gm14253	1	ENSMUSG00000082321	
Ssr4	1	ENSMUSG00000002014	
Ssr3	1	ENSMUSG00000027828	
Ssr2	1	ENSMUSG00000041355	
D230022J07Rik	1	ENSMUSG00000087176	
Gm38247	1	ENSMUSG00000104166	
9930021J03Rik	1	ENSMUSG00000046138	
A330009N23Rik	1	ENSMUSG00000097915	
5830432E09Rik	1	ENSMUSG00000097471	
Mecp2	1	ENSMUSG00000031393	
Col11a2	1	ENSMUSG00000024330	
Gps1	1	ENSMUSG00000025156	
1810062O18Rik	1	ENSMUSG00000084925	
Gps2	1	ENSMUSG00000023170	
Rps3	1	ENSMUSG00000030744	
Rps2	1	ENSMUSG00000044533	
Inppl1	1	ENSMUSG00000032737	
Ogfr	1	ENSMUSG00000049401	
Taok2	1	ENSMUSG00000059981	
Taok1	1	ENSMUSG00000017291	
Nde1	1	ENSMUSG00000022678	
Gm14270	1	ENSMUSG00000084013	
Taok3	1	ENSMUSG00000061288	
Fmo1	1	ENSMUSG00000040181	
Gpr4	1	ENSMUSG00000044317	
Actrt3	1	ENSMUSG00000037737	
Gpr3	1	ENSMUSG00000049649	
Fmo5	1	ENSMUSG00000028088	
Gm14277	1	ENSMUSG00000084113	
Gm14276	1	ENSMUSG00000082163	
Gm14279	1	ENSMUSG00000081740	
Gm39556	1	ENSMUSG00000116380	
Xab2	1	ENSMUSG00000019470	
Arxes2	1	ENSMUSG00000048040	
Trav21-dv12	1	ENSMUSG00000076863	
F830208F22Rik	1	ENSMUSG00000073529	
Lncppara	1	ENSMUSG00000116305	
Yars2	1	ENSMUSG00000022792	
Yars1	1	ENSMUSG00000028811	
Mob3c	1	ENSMUSG00000028709	
Fmr1	1	ENSMUSG00000000838	
Gm5830	1	ENSMUSG00000072978	
Smyd2	1	ENSMUSG00000026603	
Gm5835	1	ENSMUSG00000101795	
Rpsa	1	ENSMUSG00000032518	
Smyd3	1	ENSMUSG00000055067	
Ctnnb1	1	ENSMUSG00000006932	
Mtpap	1	ENSMUSG00000024234	
Smyd4	1	ENSMUSG00000018809	
Cyp4f18	1	ENSMUSG00000003484	
Gm5837	1	ENSMUSG00000104496	
Hdgfl3	1	ENSMUSG00000025104	
Cyp4f17	1	ENSMUSG00000091586	
Cyp4f16	1	ENSMUSG00000048440	
Hdgfl2	1	ENSMUSG00000002833	
Hsd17b10	1	ENSMUSG00000025260	
Madd	1	ENSMUSG00000040687	
Cdh5	1	ENSMUSG00000031871	
Cyp4f13	1	ENSMUSG00000024055	
Hsd17b11	1	ENSMUSG00000029311	
Hsd17b14	1	ENSMUSG00000030825	
Smyd5	1	ENSMUSG00000033706	
Cdh1	1	ENSMUSG00000000303	
Hsd17b12	1	ENSMUSG00000027195	
Dgka	1	ENSMUSG00000025357	
Maf1	1	ENSMUSG00000022553	
Dgkd	1	ENSMUSG00000070738	
Dgke	1	ENSMUSG00000000276	
Mob3a	1	ENSMUSG00000003348	
Casd1	1	ENSMUSG00000015189	
Dgkg	1	ENSMUSG00000022861	
Mob3b	1	ENSMUSG00000073910	
Rps9	1	ENSMUSG00000006333	
Rps7	1	ENSMUSG00000061477	
Rps8	1	ENSMUSG00000047675	
Gm5842	1	ENSMUSG00000103293	
Gpt2	1	ENSMUSG00000031700	
Rps5	1	ENSMUSG00000012848	
Alkbh3os1	1	ENSMUSG00000027196	
Gm5841	1	ENSMUSG00000103921	
Rps6	1	ENSMUSG00000028495	
Gm5844	1	ENSMUSG00000082896	
Ctnna1	1	ENSMUSG00000037815	
Gm5846	1	ENSMUSG00000104309	
Gm5845	1	ENSMUSG00000103423	
Gm5847	1	ENSMUSG00000082280	
Gm4518	1	ENSMUSG00000098123	
1700056E22Rik	1	ENSMUSG00000044854	
Zcrb1	1	ENSMUSG00000022635	
Mob1a	1	ENSMUSG00000043131	
Mob1b	1	ENSMUSG00000006262	
Platr29	1	ENSMUSG00000084816	
Platr27	1	ENSMUSG00000087547	
Mfsd14a	1	ENSMUSG00000089911	
Mfsd14b	1	ENSMUSG00000038212	
9330104G04Rik	1	ENSMUSG00000097842	
Itga7	1	ENSMUSG00000025348	
Itga8	1	ENSMUSG00000026768	
C430042M11Rik	1	ENSMUSG00000097254	
Itga5	1	ENSMUSG00000000555	
Itga6	1	ENSMUSG00000027111	
Gm5814	1	ENSMUSG00000096361	
Platr25	1	ENSMUSG00000074863	
Gm5817	1	ENSMUSG00000120162	
Itga9	1	ENSMUSG00000039115	
Maff	1	ENSMUSG00000042622	
Bag6	1	ENSMUSG00000024392	
Mafg	1	ENSMUSG00000051510	
Bag5	1	ENSMUSG00000049792	
Bag4	1	ENSMUSG00000037316	
Bag3	1	ENSMUSG00000030847	
Itga3	1	ENSMUSG00000001507	
Mafb	1	ENSMUSG00000074622	
Bag2	1	ENSMUSG00000042215	
Itga4	1	ENSMUSG00000027009	
Bag1	1	ENSMUSG00000028416	
Itga1	1	ENSMUSG00000042284	
Itga2	1	ENSMUSG00000015533	
Numa1	1	ENSMUSG00000066306	
Slc1a3	1	ENSMUSG00000005360	
Slc1a5	1	ENSMUSG00000001918	
Slc1a4	1	ENSMUSG00000020142	
Mafk	1	ENSMUSG00000018143	
Dgkh	1	ENSMUSG00000034731	
Arpc3	1	ENSMUSG00000029465	
Arpc2	1	ENSMUSG00000006304	
Gm5822	1	ENSMUSG00000089993	
Msantd2	1	ENSMUSG00000042138	
Dgkq	1	ENSMUSG00000004815	
2610008E11Rik	1	ENSMUSG00000060301	
Gm5824	1	ENSMUSG00000118241	
Gm5823	1	ENSMUSG00000117813	
Gm5828	1	ENSMUSG00000091020	
Cdk9	1	ENSMUSG00000009555	
Cdk8	1	ENSMUSG00000029635	
Cdk7	1	ENSMUSG00000069089	
Dgkz	1	ENSMUSG00000040479	
Cdk6	1	ENSMUSG00000040274	
Msantd7	1	ENSMUSG00000051396	
Cdk5	1	ENSMUSG00000028969	
Maea	1	ENSMUSG00000079562	
Bhlhb9	1	ENSMUSG00000072964	
Cdk4	1	ENSMUSG00000006728	
Msantd4	1	ENSMUSG00000041124	
Cdk2	1	ENSMUSG00000025358	
Arpc5	1	ENSMUSG00000008475	
Casc3	1	ENSMUSG00000078676	
Cdk1	1	ENSMUSG00000019942	
Arpc4	1	ENSMUSG00000079426	
Xaf1	1	ENSMUSG00000040483	
Gm4540	1	ENSMUSG00000092072	
Gm5870	1	ENSMUSG00000106392	
Thrap3	1	ENSMUSG00000043962	
Sin3a	1	ENSMUSG00000042557	
Sin3b	1	ENSMUSG00000031622	
Yae1d1	1	ENSMUSG00000075054	
Gm4544	1	ENSMUSG00000116056	
Itgax	1	ENSMUSG00000030789	
Gm5879	1	ENSMUSG00000068262	
Itgav	1	ENSMUSG00000027087	
Znrf3	1	ENSMUSG00000041961	
Gm3219	1	ENSMUSG00000115431	
Ydjc	1	ENSMUSG00000041774	
Znrf2	1	ENSMUSG00000058446	
Znrf1	1	ENSMUSG00000033545	
Fam78a	1	ENSMUSG00000050592	
Itgam	1	ENSMUSG00000030786	
Fam78b	1	ENSMUSG00000060568	
Grcc10	1	ENSMUSG00000072772	
Itgae	1	ENSMUSG00000005947	
Itgal	1	ENSMUSG00000030830	
Gm5881	1	ENSMUSG00000107747	
Gpx1	1	ENSMUSG00000063856	
C030006K11Rik	1	ENSMUSG00000116138	
Gm5884	1	ENSMUSG00000037827	
Gpx4	1	ENSMUSG00000075706	
Brix1	1	ENSMUSG00000022247	
Gm5883	1	ENSMUSG00000083713	
Gpx3	1	ENSMUSG00000018339	
Itgad	1	ENSMUSG00000070369	
Mfsd13a	1	ENSMUSG00000025227	
Gpx8	1	ENSMUSG00000021760	
4930503L19Rik	1	ENSMUSG00000044906	
Gm3226	1	ENSMUSG00000114547	
Gpx7	1	ENSMUSG00000028597	
Gm3227	1	ENSMUSG00000114306	
Itgb7	1	ENSMUSG00000001281	
Platr14	1	ENSMUSG00000086454	
Trabd2b	1	ENSMUSG00000070867	
Ciita	1	ENSMUSG00000022504	
Itgb1	1	ENSMUSG00000025809	
Mipep	1	ENSMUSG00000021993	
Itgb4	1	ENSMUSG00000020758	
Itgb5	1	ENSMUSG00000022817	
Mterf4	1	ENSMUSG00000026273	
Itgb2	1	ENSMUSG00000000290	
Mterf3	1	ENSMUSG00000021519	
Itgb3	1	ENSMUSG00000020689	
Mterf2	1	ENSMUSG00000049038	
C9orf72	1	ENSMUSG00000028300	
Gm38293	1	ENSMUSG00000103156	
Flad1	1	ENSMUSG00000042642	
Gm5851	1	ENSMUSG00000104028	
Gm5850	1	ENSMUSG00000103286	
Gm5853	1	ENSMUSG00000105641	
Cyp2s1	1	ENSMUSG00000040703	
Gm5855	1	ENSMUSG00000105558	
Gm4525	1	ENSMUSG00000106105	
Fam76a	1	ENSMUSG00000028878	
Fam76b	1	ENSMUSG00000037808	
Bak1	1	ENSMUSG00000057789	
Cstf2t	1	ENSMUSG00000053536	
Spint2	1	ENSMUSG00000074227	
Cryzl1	1	ENSMUSG00000058240	
Cryzl2	1	ENSMUSG00000033488	
Hp1bp3	1	ENSMUSG00000028759	
Spint1	1	ENSMUSG00000027315	
Gm3200	1	ENSMUSG00000097388	
Cdnf	1	ENSMUSG00000039496	
Cyp2r1	1	ENSMUSG00000030670	
AI839979	1	ENSMUSG00000107355	
Gm5865	1	ENSMUSG00000104923	
Gm5867	1	ENSMUSG00000043484	
Gm5869	1	ENSMUSG00000104802	
Cd8b1	1	ENSMUSG00000053044	
Rock2	1	ENSMUSG00000020580	
Rock1	1	ENSMUSG00000024290	
Cdo1	1	ENSMUSG00000033022	
H2-Eb2	1	ENSMUSG00000067341	
H2-Eb1	1	ENSMUSG00000060586	
Hirip3	1	ENSMUSG00000042606	
Atp6v1c2	1	ENSMUSG00000020566	
Atp6v1c1	1	ENSMUSG00000022295	
BC002059	1	ENSMUSG00000060149	
Cox7a2l	1	ENSMUSG00000024248	
Rsph3a	1	ENSMUSG00000073471	
2010315B03Rik	1	ENSMUSG00000074829	
Rsph3b	1	ENSMUSG00000023806	
Rpl19-ps11	1	ENSMUSG00000081094	
Trim30d	1	ENSMUSG00000057596	
Trim30c	1	ENSMUSG00000078616	
Ndnf	1	ENSMUSG00000049001	
Trim30b	1	ENSMUSG00000052749	
Trim30a	1	ENSMUSG00000030921	
Cela2a	1	ENSMUSG00000058579	
Becn1	1	ENSMUSG00000035086	
Ahsa1	1	ENSMUSG00000021037	
Ahsa2	1	ENSMUSG00000020288	
Gspt2	1	ENSMUSG00000071723	
Arfrp1	1	ENSMUSG00000038671	
Cdon	1	ENSMUSG00000038119	
Gspt1	1	ENSMUSG00000062203	
Cds1	1	ENSMUSG00000029330	
Aasdhppt	1	ENSMUSG00000025894	
Isg20l2	1	ENSMUSG00000048039	
Manf	1	ENSMUSG00000032575	
Stc1	1	ENSMUSG00000014813	
Twf2	1	ENSMUSG00000023277	
Twf1	1	ENSMUSG00000022451	
Stam	1	ENSMUSG00000026718	
Gm15610	1	ENSMUSG00000078183	
Map2	1	ENSMUSG00000015222	
Clint1	1	ENSMUSG00000006169	
Star	1	ENSMUSG00000031574	
Gm15616	1	ENSMUSG00000082705	
Map9	1	ENSMUSG00000033900	
Map4	1	ENSMUSG00000032479	
Cdr2	1	ENSMUSG00000030878	
Map6	1	ENSMUSG00000055407	
Map7	1	ENSMUSG00000019996	
Cdt1	1	ENSMUSG00000006585	
Atp6v1b2	1	ENSMUSG00000006273	
Gm15601	1	ENSMUSG00000085913	
Havcr2	1	ENSMUSG00000020399	
Havcr1	1	ENSMUSG00000040405	
Gm16938	1	ENSMUSG00000097749	
Lix1l	1	ENSMUSG00000049288	
Spata2l	1	ENSMUSG00000033594	
Cops7a	1	ENSMUSG00000030127	
Banp	1	ENSMUSG00000025316	
Bap1	1	ENSMUSG00000021901	
Cds2	1	ENSMUSG00000058793	
Cops7b	1	ENSMUSG00000026240	
Vdac3-ps1	1	ENSMUSG00000075053	
Trim34b	1	ENSMUSG00000090215	
Trim34a	1	ENSMUSG00000056144	
Ifitm10	1	ENSMUSG00000045777	
Cdv3	1	ENSMUSG00000032803	
Fcgr1	1	ENSMUSG00000015947	
Maoa	1	ENSMUSG00000025037	
Fcgr3	1	ENSMUSG00000059498	
Fcgr4	1	ENSMUSG00000059089	
Pnma1	1	ENSMUSG00000054383	
Tpd52-ps	1	ENSMUSG00000094594	
C330013E15Rik	1	ENSMUSG00000097093	
Gm5801	1	ENSMUSG00000058581	
Brip1	1	ENSMUSG00000034329	
Mfge8	1	ENSMUSG00000030605	
Gm5805	1	ENSMUSG00000061848	
Numbl	1	ENSMUSG00000063160	
Gnai2	1	ENSMUSG00000032562	
Gnai3	1	ENSMUSG00000000001	
Shkbp1	1	ENSMUSG00000089832	
Slc43a1	1	ENSMUSG00000027075	
Slc43a2	1	ENSMUSG00000038178	
Slc43a3	1	ENSMUSG00000027074	
AI597479	1	ENSMUSG00000010290	
Cyp4f37	1	ENSMUSG00000062464	
Vinac1	1	ENSMUSG00000079051	
Adipor2	1	ENSMUSG00000030168	
Adipor1	1	ENSMUSG00000026457	
Irag2	1	ENSMUSG00000030263	
Irag1	1	ENSMUSG00000005611	
Fcgrt	1	ENSMUSG00000003420	
Pak1ip1	1	ENSMUSG00000038683	
Gmfg-ps	1	ENSMUSG00000083041	
Ctnnd2	1	ENSMUSG00000022240	
Spink2	1	ENSMUSG00000053030	
Ctnnd1	1	ENSMUSG00000034101	
Spata6l	1	ENSMUSG00000064202	
Insyn2b	1	ENSMUSG00000069911	
Gdf11	1	ENSMUSG00000025352	
Brip1os	1	ENSMUSG00000085208	
Glt28d2	1	ENSMUSG00000031286	
Sdcbp2	1	ENSMUSG00000027456	
Zfp85os	1	ENSMUSG00000044081	
Gm13012	1	ENSMUSG00000085823	
Gm15675	1	ENSMUSG00000086825	
Batf	1	ENSMUSG00000034266	
Cars2	1	ENSMUSG00000056228	
Cars1	1	ENSMUSG00000010755	
Matk	1	ENSMUSG00000004933	
Pcdhgb6	1	ENSMUSG00000103088	
9130019O22Rik	1	ENSMUSG00000030823	
Lsmem2	1	ENSMUSG00000103409	
Lsmem1	1	ENSMUSG00000071342	
Pcdhgb4	1	ENSMUSG00000103585	
Pcdhgb5	1	ENSMUSG00000103749	
Iigp1	1	ENSMUSG00000054072	
Gm15660	1	ENSMUSG00000082136	
Gm14335	1	ENSMUSG00000081805	
Gm16998	1	ENSMUSG00000097069	
Mau2	1	ENSMUSG00000031858	
Pcdhgc4	1	ENSMUSG00000023036	
Gm41979	1	ENSMUSG00000120457	
Platr7	1	ENSMUSG00000097076	
Msmo1	1	ENSMUSG00000031604	
Gm15694	1	ENSMUSG00000081404	
Gm13032	1	ENSMUSG00000085918	
Stil	1	ENSMUSG00000028718	
Mir7-1	1	ENSMUSG00000065434	
Wdfy1	1	ENSMUSG00000073643	
Wdfy2	1	ENSMUSG00000014547	
Cdyl	1	ENSMUSG00000059288	
Wdfy3	1	ENSMUSG00000043940	
Gm13034	1	ENSMUSG00000082195	
Gm15697	1	ENSMUSG00000081670	
Wdfy4	1	ENSMUSG00000051506	
Gm13033	1	ENSMUSG00000083816	
Stk4	1	ENSMUSG00000018209	
Stk3	1	ENSMUSG00000022329	
Gm15696	1	ENSMUSG00000083853	
Emid1	1	ENSMUSG00000034164	
Mavs	1	ENSMUSG00000037523	
Irak4	1	ENSMUSG00000059883	
Irak3	1	ENSMUSG00000020227	
Gm15682	1	ENSMUSG00000095524	
Slc30a5	1	ENSMUSG00000021629	
Slc30a4	1	ENSMUSG00000005802	
Uevld	1	ENSMUSG00000043262	
Slc30a9	1	ENSMUSG00000029221	
Irak2	1	ENSMUSG00000060477	
Slc30a7	1	ENSMUSG00000054414	
Irak1	1	ENSMUSG00000031392	
Slc30a6	1	ENSMUSG00000024069	
Rhpn1	1	ENSMUSG00000022580	
Rhpn2	1	ENSMUSG00000030494	
Slc30a1	1	ENSMUSG00000037434	
Slx1b	1	ENSMUSG00000059772	
2410022M11Rik	1	ENSMUSG00000100017	
Prrc2c	1	ENSMUSG00000040225	
Prrc2b	1	ENSMUSG00000039262	
Prrc2a	1	ENSMUSG00000024393	
Qng1	1	ENSMUSG00000021550	
Rsph1	1	ENSMUSG00000024033	
Spata13	1	ENSMUSG00000021990	
Twnk	1	ENSMUSG00000025209	
Gm14303	1	ENSMUSG00000081344	
3110045C21Rik	1	ENSMUSG00000097503	
E330020D12Rik	1	ENSMUSG00000073538	
Gm14305	1	ENSMUSG00000078878	
Gm15634	1	ENSMUSG00000086279	
Pkd2	1	ENSMUSG00000034462	
Pkd1	1	ENSMUSG00000032855	
B130046B21Rik	1	ENSMUSG00000097414	
Pdpk1	1	ENSMUSG00000024122	
Trbj2-1	1	ENSMUSG00000076492	
Trbj2-3	1	ENSMUSG00000076494	
Trbj2-6	1	ENSMUSG00000090818	
Trbj2-5	1	ENSMUSG00000076496	
Stimate	1	ENSMUSG00000006526	
Trbj2-7	1	ENSMUSG00000076497	
Spata21	1	ENSMUSG00000045004	
Spata24	1	ENSMUSG00000024352	
Ubqln2	1	ENSMUSG00000050148	
Ubqln4	1	ENSMUSG00000008604	
Ttll11	1	ENSMUSG00000026885	
Ttll12	1	ENSMUSG00000016757	
Ttll13	1	ENSMUSG00000045467	
Ubqln1	1	ENSMUSG00000005312	
2810002D19Rik	1	ENSMUSG00000045464	
Dyrk4	1	ENSMUSG00000030345	
Dyrk2	1	ENSMUSG00000028630	
Dyrk3	1	ENSMUSG00000016526	
Klf13	1	ENSMUSG00000052040	
Klf12	1	ENSMUSG00000072294	
Klf11	1	ENSMUSG00000020653	
Klf10	1	ENSMUSG00000037465	
Klf16	1	ENSMUSG00000035397	
Qrsl1	1	ENSMUSG00000019863	
Carm1	1	ENSMUSG00000032185	
C730045M19Rik	1	ENSMUSG00000107054	
Gm14325	1	ENSMUSG00000095362	
Gm14326	1	ENSMUSG00000078862	
Atp6v1e1	1	ENSMUSG00000019210	
Iws1	1	ENSMUSG00000024384	
Zfp874b	1	ENSMUSG00000059839	
Zfp874a	1	ENSMUSG00000069206	
Mtrnr2l7	1	ENSMUSG00000096887	
Tapbp	1	ENSMUSG00000024308	
Gnat2	1	ENSMUSG00000009108	
Stn1	1	ENSMUSG00000042694	
Mir703	1	ENSMUSG00000105814	
Simc1	1	ENSMUSG00000043183	
Gm15645	1	ENSMUSG00000086414	
Gm16973	1	ENSMUSG00000097743	
Nrde2	1	ENSMUSG00000021179	
Atp6v1g2	1	ENSMUSG00000024403	
Atp6v1g1	1	ENSMUSG00000039105	
Rsph9	1	ENSMUSG00000023966	
3110053B16Rik	1	ENSMUSG00000085642	
Gm4462	1	ENSMUSG00000090319	
Gm13092	1	ENSMUSG00000085787	
2810408A11Rik	1	ENSMUSG00000018570	
Gm13094	1	ENSMUSG00000082140	
Dhdh	1	ENSMUSG00000011382	
Dctn5	1	ENSMUSG00000030868	
Dctn6	1	ENSMUSG00000031516	
Htr7	1	ENSMUSG00000024798	
Sv2c	1	ENSMUSG00000051111	
Dctn1	1	ENSMUSG00000031865	
Sv2b	1	ENSMUSG00000053025	
Dctn2	1	ENSMUSG00000025410	
Sv2a	1	ENSMUSG00000038486	
Dctn3	1	ENSMUSG00000028447	
Dctn4	1	ENSMUSG00000024603	
H2-DMa	1	ENSMUSG00000037649	
Gm4479	1	ENSMUSG00000094250	
Siglec1	1	ENSMUSG00000027322	
Plek2	1	ENSMUSG00000021118	
Gm50045	1	ENSMUSG00000117507	
1700029M20Rik	1	ENSMUSG00000086788	
Scaf11	1	ENSMUSG00000033228	
Stom	1	ENSMUSG00000026880	
Gm3150	1	ENSMUSG00000096173	
Nebl	1	ENSMUSG00000053702	
Gm5776	1	ENSMUSG00000099647	
Immp1l	1	ENSMUSG00000042670	
Gm5778	1	ENSMUSG00000091825	
Dancr	1	ENSMUSG00000106943	
Gm50012	1	ENSMUSG00000117628	
Kdm6b	1	ENSMUSG00000018476	
Clec12a	1	ENSMUSG00000053063	
Dhfr	1	ENSMUSG00000021707	
Kdm7a	1	ENSMUSG00000042599	
Pkib	1	ENSMUSG00000019876	
Gm25099	1	ENSMUSG00000119227	
Strn	1	ENSMUSG00000024077	
Pkig	1	ENSMUSG00000035268	
Gm5781	1	ENSMUSG00000111966	
Ccnb1ip1	1	ENSMUSG00000071470	
Immp2l	1	ENSMUSG00000056899	
Gm37053	1	ENSMUSG00000103348	
Gm5786	1	ENSMUSG00000066487	
Dand5	1	ENSMUSG00000053226	
Nhej1	1	ENSMUSG00000026162	
Gm4459	1	ENSMUSG00000083626	
Siglece	1	ENSMUSG00000030474	
Siglecf	1	ENSMUSG00000039013	
Siglecg	1	ENSMUSG00000030468	
Siglech	1	ENSMUSG00000051504	
Gm14383	1	ENSMUSG00000081416	
Med22	1	ENSMUSG00000015776	
Syngr1	1	ENSMUSG00000022415	
Hm629797	1	ENSMUSG00000098439	
Med23	1	ENSMUSG00000019984	
Syngr2	1	ENSMUSG00000048277	
Med24	1	ENSMUSG00000017210	
Med25	1	ENSMUSG00000002968	
Med20	1	ENSMUSG00000092558	
Nthl1	1	ENSMUSG00000041429	
Med21	1	ENSMUSG00000030291	
Nrbf2	1	ENSMUSG00000075000	
Atpaf1	1	ENSMUSG00000028710	
Bbc3	1	ENSMUSG00000002083	
Gm14388	1	ENSMUSG00000084230	
Atpaf2	1	ENSMUSG00000042709	
A530017D24Rik	1	ENSMUSG00000072847	
Med26	1	ENSMUSG00000045248	
A530072M11Rik	1	ENSMUSG00000085112	
Med27	1	ENSMUSG00000026799	
Med28	1	ENSMUSG00000015804	
Med29	1	ENSMUSG00000003444	
Med11	1	ENSMUSG00000018923	
Med12	1	ENSMUSG00000079487	
Med13	1	ENSMUSG00000034297	
Gm14373	1	ENSMUSG00000081232	
Med14	1	ENSMUSG00000064127	
A430035B10Rik	1	ENSMUSG00000087305	
Med10	1	ENSMUSG00000021598	
Atg16l2	1	ENSMUSG00000047767	
Atg16l1	1	ENSMUSG00000026289	
Med19	1	ENSMUSG00000027080	
A530041M06Rik	1	ENSMUSG00000104973	
Med15	1	ENSMUSG00000012114	
Med16	1	ENSMUSG00000013833	
Med17	1	ENSMUSG00000031935	
Med18	1	ENSMUSG00000066042	
Gm4482	1	ENSMUSG00000107066	
Pklr	1	ENSMUSG00000041237	
Tctn3	1	ENSMUSG00000025008	
Pkn3	1	ENSMUSG00000026785	
Tctn1	1	ENSMUSG00000038593	
Tctn2	1	ENSMUSG00000118662	
Dclre1c	1	ENSMUSG00000026648	
Sac3d1	1	ENSMUSG00000024790	
Dclre1a	1	ENSMUSG00000025077	
Rhno1	1	ENSMUSG00000048668	
Dclre1b	1	ENSMUSG00000027845	
Stx6	1	ENSMUSG00000026470	
A230056P14Rik	1	ENSMUSG00000087178	
Stx3	1	ENSMUSG00000041488	
Clec16a	1	ENSMUSG00000068663	
Gm26387	1	ENSMUSG00000077426	
Stx2	1	ENSMUSG00000029428	
Mbd3	1	ENSMUSG00000035478	
Mbd4	1	ENSMUSG00000030322	
Mbd5	1	ENSMUSG00000036792	
Mbd6	1	ENSMUSG00000025409	
Mbd1	1	ENSMUSG00000024561	
Mbd2	1	ENSMUSG00000024513	
Ralgapa1	1	ENSMUSG00000021027	
Ralgapa2	1	ENSMUSG00000037110	
Gm14399	1	ENSMUSG00000090093	
C230013L11Rik	1	ENSMUSG00000117171	
Pkn2	1	ENSMUSG00000004591	
Pkn1	1	ENSMUSG00000057672	
Nefh	1	ENSMUSG00000020396	
Reep4	1	ENSMUSG00000033589	
Reep5	1	ENSMUSG00000005873	
Reep2	1	ENSMUSG00000038555	
Reep3	1	ENSMUSG00000019873	
Reep6	1	ENSMUSG00000035504	
2900026A02Rik	1	ENSMUSG00000051339	
Togaram1	1	ENSMUSG00000035614	
Isyna1	1	ENSMUSG00000019139	
Nek1	1	ENSMUSG00000031644	
Nek2	1	ENSMUSG00000026622	
Nek3	1	ENSMUSG00000031478	
Rpl30-ps9	1	ENSMUSG00000085791	
Stx8	1	ENSMUSG00000020903	
Oaz2-ps	1	ENSMUSG00000083610	
Stx7	1	ENSMUSG00000019998	
F13a1	1	ENSMUSG00000039109	
Pkp2	1	ENSMUSG00000041957	
Pkp4	1	ENSMUSG00000026991	
Pkp3	1	ENSMUSG00000054065	
Rpl30-ps1	1	ENSMUSG00000057696	
Zfp729a	1	ENSMUSG00000021510	
Styx	1	ENSMUSG00000053205	
Vcpkmt	1	ENSMUSG00000049882	
Flywch1	1	ENSMUSG00000040097	
Flywch2	1	ENSMUSG00000023911	
Zfp729b	1	ENSMUSG00000058093	
Pgam1-ps2	1	ENSMUSG00000082016	
Elmod2	1	ENSMUSG00000035151	
Elmod3	1	ENSMUSG00000056698	
Nek8	1	ENSMUSG00000017405	
Nek9	1	ENSMUSG00000034290	
Nek4	1	ENSMUSG00000021918	
Eprs1	1	ENSMUSG00000026615	
Med30	1	ENSMUSG00000038622	
Med31	1	ENSMUSG00000020801	
Nek6	1	ENSMUSG00000026749	
Nek7	1	ENSMUSG00000026393	
Rps7-ps3	1	ENSMUSG00000095597	
Fnta	1	ENSMUSG00000015994	
Fntb	1	ENSMUSG00000033373	
Swsap1	1	ENSMUSG00000051238	
Syngr4	1	ENSMUSG00000040231	
Haus7	1	ENSMUSG00000031371	
Haus8	1	ENSMUSG00000035439	
Rrm2b	1	ENSMUSG00000022292	
Aste1	1	ENSMUSG00000032567	
Dhps	1	ENSMUSG00000060038	
Gm49085	1	ENSMUSG00000115249	
Nemf	1	ENSMUSG00000020982	
Rnu1a1	1	ENSMUSG00000119476	
Slc2a1	1	ENSMUSG00000028645	
Slc2a4	1	ENSMUSG00000018566	
Slc2a3	1	ENSMUSG00000003153	
Slc2a6	1	ENSMUSG00000036067	
Neo1	1	ENSMUSG00000032340	
Slc2a8	1	ENSMUSG00000026791	
Ddx19b	1	ENSMUSG00000033658	
Slc2a9	1	ENSMUSG00000005107	
Eif4a-ps4	1	ENSMUSG00000101188	
Ddx19a	1	ENSMUSG00000015023	
Gm4430	1	ENSMUSG00000103532	
Gm5763	1	ENSMUSG00000048600	
Gm4432	1	ENSMUSG00000116414	
Srek1	1	ENSMUSG00000032621	
Frrs1	1	ENSMUSG00000033386	
Dido1	1	ENSMUSG00000038914	
Hgfac	1	ENSMUSG00000029102	
Haus3	1	ENSMUSG00000079555	
Mbip	1	ENSMUSG00000021028	
Haus4	1	ENSMUSG00000022177	
Haus5	1	ENSMUSG00000078762	
Haus6	1	ENSMUSG00000038047	
Haus1	1	ENSMUSG00000041840	
Haus2	1	ENSMUSG00000027285	
Nrbp1	1	ENSMUSG00000029148	
Rbpj-ps3	1	ENSMUSG00000079575	
Gm5733	1	ENSMUSG00000101739	
Gm5735	1	ENSMUSG00000109171	
H2af-ps2	1	ENSMUSG00000091383	
Hepacam2	1	ENSMUSG00000044156	
Nenf	1	ENSMUSG00000037499	
Gm4419	1	ENSMUSG00000097055	
Mlxip	1	ENSMUSG00000038342	
Erdr1x	1	ENSMUSG00000095562	
Nlrc4	1	ENSMUSG00000039193	
Nlrc3	1	ENSMUSG00000049871	
Myo15b	1	ENSMUSG00000034427	
Myo15a	1	ENSMUSG00000042678	
Nlrc5	1	ENSMUSG00000074151	
Bbln	1	ENSMUSG00000039195	
Gm15710	1	ENSMUSG00000084111	
Pclaf	1	ENSMUSG00000040204	
Blzf1	1	ENSMUSG00000026577	
Pdxdc1	1	ENSMUSG00000022680	
Alkbh5	1	ENSMUSG00000042650	
Alkbh4	1	ENSMUSG00000039754	
Alkbh3	1	ENSMUSG00000040174	
Alkbh2	1	ENSMUSG00000044339	
Alkbh1	1	ENSMUSG00000079036	
Cerk	1	ENSMUSG00000035891	
Srp54a	1	ENSMUSG00000073079	
Srp54b	1	ENSMUSG00000112449	
Srp54c	1	ENSMUSG00000079108	
Isca2	1	ENSMUSG00000021241	
Gm15707	1	ENSMUSG00000083962	
Gm15708	1	ENSMUSG00000086894	
Isca1	1	ENSMUSG00000044792	
Gm15706	1	ENSMUSG00000086013	
Gm15703	1	ENSMUSG00000083890	
Sub1	1	ENSMUSG00000022205	
Pyroxd1	1	ENSMUSG00000041671	
Samsn1	1	ENSMUSG00000022876	
Thbs1	1	ENSMUSG00000040152	
Alkbh8	1	ENSMUSG00000025899	
B2m	1	ENSMUSG00000060802	
Alkbh7	1	ENSMUSG00000002661	
Alkbh6	1	ENSMUSG00000042831	
Grb7	1	ENSMUSG00000019312	
Dhx8	1	ENSMUSG00000034931	
Dhx9	1	ENSMUSG00000042699	
Suco	1	ENSMUSG00000040297	
Gm15730	1	ENSMUSG00000082867	
Neu3	1	ENSMUSG00000035239	
Gm15738	1	ENSMUSG00000087526	
Neu1	1	ENSMUSG00000007038	
Grap	1	ENSMUSG00000004837	
Itfg2	1	ENSMUSG00000001518	
Pafah2	1	ENSMUSG00000037366	
Itfg1	1	ENSMUSG00000031703	
Bbs2	1	ENSMUSG00000031755	
Bbs1	1	ENSMUSG00000006464	
Xbp1	1	ENSMUSG00000020484	
Btbd10	1	ENSMUSG00000038187	
Yes1	1	ENSMUSG00000014932	
Eno1b	1	ENSMUSG00000059040	
Btbd16	1	ENSMUSG00000040298	
Btbd18	1	ENSMUSG00000086598	
Btbd19	1	ENSMUSG00000073771	
Spa17	1	ENSMUSG00000001948	
Net1	1	ENSMUSG00000021215	
Tsbp1	1	ENSMUSG00000057246	
Gm15728	1	ENSMUSG00000086075	
Grb2	1	ENSMUSG00000059923	
Vpreb3	1	ENSMUSG00000000903	
Lypla1	1	ENSMUSG00000025903	
Lypla2	1	ENSMUSG00000028670	
Nat10	1	ENSMUSG00000027185	
Bbs9	1	ENSMUSG00000035919	
Bbs7	1	ENSMUSG00000037325	
Pprc1	1	ENSMUSG00000055491	
Nat14	1	ENSMUSG00000035285	
Bbs5	1	ENSMUSG00000063145	
Bbs4	1	ENSMUSG00000025235	
Arpp19	1	ENSMUSG00000007656	
Zhx2	1	ENSMUSG00000071757	
Zhx3	1	ENSMUSG00000035877	
Rrad	1	ENSMUSG00000031880	
Zfp607a	1	ENSMUSG00000020420	
Zfp607b	1	ENSMUSG00000057093	
Zhx1	1	ENSMUSG00000022361	
Robo1	1	ENSMUSG00000022883	
Casz1	1	ENSMUSG00000028977	
Specc1	1	ENSMUSG00000042331	
Rras	1	ENSMUSG00000038387	
Thumpd3	1	ENSMUSG00000030264	
Thumpd2	1	ENSMUSG00000024246	
Thumpd1	1	ENSMUSG00000030942	
Izumo1r	1	ENSMUSG00000031933	
Rtraf	1	ENSMUSG00000021807	
Glyctk	1	ENSMUSG00000020258	
Mrfap1	1	ENSMUSG00000055302	
Pet100	1	ENSMUSG00000087687	
Sufu	1	ENSMUSG00000025231	
Txn1	1	ENSMUSG00000028367	
Amacr	1	ENSMUSG00000022244	
Gm15790	1	ENSMUSG00000089648	
Amdhd2	1	ENSMUSG00000036820	
Chchd2-ps	1	ENSMUSG00000094320	
Amdhd1	1	ENSMUSG00000015890	
Gm13136	1	ENSMUSG00000081179	
Arl14epl	1	ENSMUSG00000073568	
Gm13135	1	ENSMUSG00000082925	
Hmgn2-ps	1	ENSMUSG00000070713	
Gm15795	1	ENSMUSG00000090142	
Txn2	1	ENSMUSG00000005354	
H1f0	1	ENSMUSG00000096210	
H1f2	1	ENSMUSG00000036181	
H1f1	1	ENSMUSG00000049539	
H1f4	1	ENSMUSG00000051627	
H1f3	1	ENSMUSG00000052565	
H1f5	1	ENSMUSG00000058773	
Plaa	1	ENSMUSG00000028577	
St6galnac6	1	ENSMUSG00000026811	
St6galnac3	1	ENSMUSG00000052544	
St6galnac4	1	ENSMUSG00000079442	
Nars1	1	ENSMUSG00000024587	
Nars2	1	ENSMUSG00000018995	
Dolpp1	1	ENSMUSG00000026856	
Gm15787	1	ENSMUSG00000086247	
Gm13127	1	ENSMUSG00000070610	
Gm14455	1	ENSMUSG00000087633	
Gm13123	1	ENSMUSG00000083708	
Pnlip	1	ENSMUSG00000046008	
Gm25106	1	ENSMUSG00000084621	
Pld4	1	ENSMUSG00000052160	
Cass4	1	ENSMUSG00000074570	
Pld6	1	ENSMUSG00000043648	
Pld1	1	ENSMUSG00000027695	
Pld3	1	ENSMUSG00000003363	
Gm38414	1	ENSMUSG00000109704	
Pld2	1	ENSMUSG00000020828	
Grk3	1	ENSMUSG00000042249	
Grk2	1	ENSMUSG00000024858	
Grk5	1	ENSMUSG00000003228	
Grk4	1	ENSMUSG00000052783	
Grk6	1	ENSMUSG00000074886	
Gm13140	1	ENSMUSG00000083027	
Tsc22d3	1	ENSMUSG00000031431	
Raet1e	1	ENSMUSG00000053219	
Tsc22d2	1	ENSMUSG00000027806	
Gm13142	1	ENSMUSG00000081405	
Raet1d	1	ENSMUSG00000078452	
Tsc22d1	1	ENSMUSG00000022010	
Ap2m1-ps	1	ENSMUSG00000081272	
Tsc22d4	1	ENSMUSG00000029723	
Clspn	1	ENSMUSG00000042489	
Nlrp3	1	ENSMUSG00000032691	
Plat	1	ENSMUSG00000031538	
Rpsa-ps10	1	ENSMUSG00000047676	
Rpsa-ps11	1	ENSMUSG00000082978	
Plau	1	ENSMUSG00000021822	
Rpsa-ps12	1	ENSMUSG00000080746	
Ddx60	1	ENSMUSG00000037921	
Tbrg1	1	ENSMUSG00000011114	
Nat8l	1	ENSMUSG00000048142	
Ddx3x	1	ENSMUSG00000000787	
Swap70	1	ENSMUSG00000031015	
Ddx59	1	ENSMUSG00000026404	
Galnt10	1	ENSMUSG00000020520	
Clec10a	1	ENSMUSG00000000318	
Grm4	1	ENSMUSG00000063239	
BC028528	1	ENSMUSG00000038543	
Ddx56	1	ENSMUSG00000004393	
Ddx55	1	ENSMUSG00000029389	
Grm6	1	ENSMUSG00000000617	
Pecam1	1	ENSMUSG00000020717	
Ddx52	1	ENSMUSG00000020677	
Ddx51	1	ENSMUSG00000029504	
Ddx54	1	ENSMUSG00000029599	
Tbrg4	1	ENSMUSG00000000384	
Galnt14	1	ENSMUSG00000024064	
Ddx50	1	ENSMUSG00000020076	
Galnt11	1	ENSMUSG00000038072	
Galnt12	1	ENSMUSG00000039774	
Plec	1	ENSMUSG00000022565	
Il13ra1	1	ENSMUSG00000017057	
Sun2	1	ENSMUSG00000042524	
Sun1	1	ENSMUSG00000036817	
C130013H08Rik	1	ENSMUSG00000105509	
9330020H09Rik	1	ENSMUSG00000091050	
Gm14414	1	ENSMUSG00000083619	
Gm14410	1	ENSMUSG00000078870	
Ddx49	1	ENSMUSG00000057788	
Elf1	1	ENSMUSG00000036461	
Clec11a	1	ENSMUSG00000004473	
Elf2	1	ENSMUSG00000037174	
Eldr	1	ENSMUSG00000087060	
Elf4	1	ENSMUSG00000031103	
Ddx47	1	ENSMUSG00000030204	
Ddx46	1	ENSMUSG00000021500	
Perm1	1	ENSMUSG00000078486	
Ddx41	1	ENSMUSG00000021494	
Ddx43	1	ENSMUSG00000070291	
Ddx42	1	ENSMUSG00000020705	
Rrn3	1	ENSMUSG00000022682	
Sharpin	1	ENSMUSG00000022552	
Gm15779	1	ENSMUSG00000082633	
Suox	1	ENSMUSG00000049858	
Gnb1l	1	ENSMUSG00000000884	
Gm15772	1	ENSMUSG00000062353	
Gm15773	1	ENSMUSG00000082872	
2610028D06Rik	1	ENSMUSG00000110997	
Rarres1	1	ENSMUSG00000049404	
Ddx31	1	ENSMUSG00000026806	
Lclat1	1	ENSMUSG00000054469	
Casp8	1	ENSMUSG00000026029	
Casp7	1	ENSMUSG00000025076	
Gm15760	1	ENSMUSG00000080797	
St6galnac2	1	ENSMUSG00000057286	
Rrm1	1	ENSMUSG00000030978	
Casp9	1	ENSMUSG00000028914	
Rrm2	1	ENSMUSG00000020649	
Casp4	1	ENSMUSG00000033538	
Casp3	1	ENSMUSG00000031628	
Casp6	1	ENSMUSG00000027997	
Tra2a	1	ENSMUSG00000029817	
Plek	1	ENSMUSG00000020120	
Tra2b	1	ENSMUSG00000022858	
Lpin3	1	ENSMUSG00000027412	
Casp2	1	ENSMUSG00000029863	
Lpin2	1	ENSMUSG00000024052	
Casp1	1	ENSMUSG00000025888	
Gm15766	1	ENSMUSG00000081023	
Lpin1	1	ENSMUSG00000020593	
Gtse1	1	ENSMUSG00000022385	
Gm15764	1	ENSMUSG00000087556	
Ddx27	1	ENSMUSG00000017999	
Ddx28	1	ENSMUSG00000045538	
Ddx23	1	ENSMUSG00000003360	
Gm14438	1	ENSMUSG00000084323	
Ddx25	1	ENSMUSG00000032101	
Fam151b	1	ENSMUSG00000034334	
Ddx24	1	ENSMUSG00000041645	
Ddx21	1	ENSMUSG00000020075	
Ddx20	1	ENSMUSG00000027905	
