NAME	GS<br> follow link to MSigDB	GS DETAILS	SIZE	ES	NES	NOM p-val	FDR q-val	FWER p-val	RANK AT MAX	LEADING EDGE	
REACTOME_EXTRACELLULAR_MATRIX_ORGANIZATION	REACTOME_EXTRACELLULAR_MATRIX_ORGANIZATION	Details ...	117	-0.5402235	-2.5150242	0.0	0.0	0.0	3556	tags=55%, list=23%, signal=71%	
REACTOME_NEUTROPHIL_DEGRANULATION	REACTOME_NEUTROPHIL_DEGRANULATION	Details ...	427	-0.44057518	-2.4262524	0.0	0.0	0.0	3741	tags=48%, list=24%, signal=62%	
WP_MICROGLIA_PATHOGEN_PHAGOCYTOSIS_PATHWAY	WP_MICROGLIA_PATHOGEN_PHAGOCYTOSIS_PATHWAY	Details ...	40	-0.6175608	-2.3640034	0.0	0.0	0.0	2719	tags=60%, list=18%, signal=73%	
REACTOME_INTEGRIN_CELL_SURFACE_INTERACTIONS	REACTOME_INTEGRIN_CELL_SURFACE_INTERACTIONS	Details ...	41	-0.60409606	-2.3026729	0.0	3.311353E-4	0.001	3529	tags=59%, list=23%, signal=76%	
WP_GLUTATHIONE_METABOLISM	WP_GLUTATHIONE_METABOLISM	Details ...	16	-0.7858437	-2.2893913	0.0	2.6490825E-4	0.001	2171	tags=75%, list=14%, signal=87%	
REACTOME_CELL_CELL_COMMUNICATION	REACTOME_CELL_CELL_COMMUNICATION	Details ...	63	-0.5367707	-2.281522	0.0	2.2075688E-4	0.001	3673	tags=54%, list=24%, signal=71%	
WP_GLUTATHIONE_AND_ONECARBON_METABOLISM	WP_GLUTATHIONE_AND_ONECARBON_METABOLISM	Details ...	27	-0.65223426	-2.258972	0.0	3.7865763E-4	0.002	3026	tags=63%, list=20%, signal=78%	
REACTOME_SLC_MEDIATED_TRANSMEMBRANE_TRANSPORT	REACTOME_SLC_MEDIATED_TRANSMEMBRANE_TRANSPORT	Details ...	143	-0.45822772	-2.209028	0.0	6.6635676E-4	0.004	3683	tags=45%, list=24%, signal=58%	
REACTOME_TRANSPORT_OF_BILE_SALTS_AND_ORGANIC_ACIDS_METAL_IONS_AND_AMINE_COMPOUNDS	REACTOME_TRANSPORT_OF_BILE_SALTS_AND_ORGANIC_ACIDS_METAL_IONS_AND_AMINE_COMPOUNDS	Details ...	38	-0.58956885	-2.1976008	0.0	0.0011832155	0.008	2614	tags=58%, list=17%, signal=70%	
REACTOME_REGULATION_OF_INSULIN_LIKE_GROWTH_FACTOR_IGF_TRANSPORT_AND_UPTAKE_BY_INSULIN_LIKE_GROWTH_FACTOR_BINDING_PROTEINS_IGFBPS	REACTOME_REGULATION_OF_INSULIN_LIKE_GROWTH_FACTOR_IGF_TRANSPORT_AND_UPTAKE_BY_INSULIN_LIKE_GROWTH_FACTOR_BINDING_PROTEINS_IGFBPS	Details ...	61	-0.52932554	-2.191483	0.0	0.0011971963	0.009	3528	tags=57%, list=23%, signal=74%	
REACTOME_METABOLISM_OF_CARBOHYDRATES	REACTOME_METABOLISM_OF_CARBOHYDRATES	Details ...	203	-0.4266991	-2.1687653	0.0	0.0019380846	0.016	5068	tags=57%, list=33%, signal=83%	
REACTOME_IMMUNOREGULATORY_INTERACTIONS_BETWEEN_A_LYMPHOID_AND_A_NON_LYMPHOID_CELL	REACTOME_IMMUNOREGULATORY_INTERACTIONS_BETWEEN_A_LYMPHOID_AND_A_NON_LYMPHOID_CELL	Details ...	85	-0.48998243	-2.158545	0.0	0.0022250263	0.02	4109	tags=61%, list=27%, signal=83%	
WP_OXIDATIVE_STRESS_AND_REDOX_PATHWAY	WP_OXIDATIVE_STRESS_AND_REDOX_PATHWAY	Details ...	72	-0.49409598	-2.141564	0.0	0.0024662414	0.024	3887	tags=57%, list=25%, signal=76%	
WP_HEME_BIOSYNTHESIS	WP_HEME_BIOSYNTHESIS	Details ...	9	-0.82023495	-2.1363916	0.0	0.0027670169	0.029	2780	tags=100%, list=18%, signal=122%	
REACTOME_TRANSPORT_OF_SMALL_MOLECULES	REACTOME_TRANSPORT_OF_SMALL_MOLECULES	Details ...	459	-0.3812033	-2.1359582	0.0	0.002582549	0.029	3279	tags=37%, list=21%, signal=45%	
BIOCARTA_IL10_PATHWAY	BIOCARTA_IL10_PATHWAY	Details ...	11	-0.7798324	-2.0865934	0.0	0.0056057875	0.065	1959	tags=64%, list=13%, signal=73%	
REACTOME_ALPHA_LINOLENIC_OMEGA3_AND_LINOLEIC_OMEGA6_ACID_METABOLISM	REACTOME_ALPHA_LINOLENIC_OMEGA3_AND_LINOLEIC_OMEGA6_ACID_METABOLISM	Details ...	11	-0.7689247	-2.086243	0.0	0.005353154	0.066	3211	tags=91%, list=21%, signal=115%	
WP_PPAR_SIGNALING_PATHWAY	WP_PPAR_SIGNALING_PATHWAY	Details ...	42	-0.54318094	-2.075627	0.0	0.006330094	0.083	2057	tags=36%, list=13%, signal=41%	
REACTOME_CELL_SURFACE_INTERACTIONS_AT_THE_VASCULAR_WALL	REACTOME_CELL_SURFACE_INTERACTIONS_AT_THE_VASCULAR_WALL	Details ...	93	-0.46224535	-2.0754397	0.0	0.005996931	0.083	3529	tags=52%, list=23%, signal=67%	
WP_ONECARBON_METABOLISM	WP_ONECARBON_METABOLISM	Details ...	25	-0.6011828	-2.0704684	0.0018050541	0.0059640906	0.086	3286	tags=56%, list=21%, signal=71%	
REACTOME_RAC1_GTPASE_CYCLE	REACTOME_RAC1_GTPASE_CYCLE	Details ...	145	-0.42520273	-2.065631	0.0	0.005871141	0.089	4010	tags=48%, list=26%, signal=64%	
REACTOME_PHOSPHOLIPID_METABOLISM	REACTOME_PHOSPHOLIPID_METABOLISM	Details ...	158	-0.4174403	-2.0525887	0.0	0.006633078	0.102	4752	tags=49%, list=31%, signal=70%	
REACTOME_DEGRADATION_OF_THE_EXTRACELLULAR_MATRIX	REACTOME_DEGRADATION_OF_THE_EXTRACELLULAR_MATRIX	Details ...	48	-0.518377	-2.0524938	0.0	0.006344684	0.102	4586	tags=63%, list=30%, signal=89%	
REACTOME_TRANSPORT_OF_INORGANIC_CATIONS_ANIONS_AND_AMINO_ACIDS_OLIGOPEPTIDES	REACTOME_TRANSPORT_OF_INORGANIC_CATIONS_ANIONS_AND_AMINO_ACIDS_OLIGOPEPTIDES	Details ...	68	-0.475669	-2.0328865	0.0	0.008474443	0.135	3482	tags=40%, list=23%, signal=51%	
REACTOME_DAP12_INTERACTIONS	REACTOME_DAP12_INTERACTIONS	Details ...	45	-0.51534617	-2.026073	0.0	0.009261178	0.154	4545	tags=69%, list=29%, signal=97%	
REACTOME_SIGNALING_BY_RECEPTOR_TYROSINE_KINASES	REACTOME_SIGNALING_BY_RECEPTOR_TYROSINE_KINASES	Details ...	313	-0.37774086	-2.0197568	0.0	0.009625821	0.166	4466	tags=44%, list=29%, signal=61%	
WP_IL5_SIGNALING_PATHWAY	WP_IL5_SIGNALING_PATHWAY	Details ...	66	-0.47279993	-2.0159893	0.0	0.009763746	0.176	4148	tags=55%, list=27%, signal=74%	
REACTOME_ANTIMICROBIAL_PEPTIDES	REACTOME_ANTIMICROBIAL_PEPTIDES	Details ...	25	-0.5963522	-2.0086462	0.0	0.010185122	0.189	1929	tags=52%, list=13%, signal=59%	
REACTOME_PEPTIDE_LIGAND_BINDING_RECEPTORS	REACTOME_PEPTIDE_LIGAND_BINDING_RECEPTORS	Details ...	72	-0.46785316	-2.0064156	0.0	0.010017896	0.192	3058	tags=46%, list=20%, signal=57%	
REACTOME_NERVOUS_SYSTEM_DEVELOPMENT	REACTOME_NERVOUS_SYSTEM_DEVELOPMENT	Details ...	193	-0.39442852	-2.0009403	0.0	0.01066772	0.211	3165	tags=37%, list=21%, signal=46%	
REACTOME_ERYTHROCYTES_TAKE_UP_OXYGEN_AND_RELEASE_CARBON_DIOXIDE	REACTOME_ERYTHROCYTES_TAKE_UP_OXYGEN_AND_RELEASE_CARBON_DIOXIDE	Details ...	8	-0.8147307	-2.0005789	0.0	0.010366723	0.211	2864	tags=100%, list=19%, signal=123%	
REACTOME_N_GLYCAN_ANTENNAE_ELONGATION_IN_THE_MEDIAL_TRANS_GOLGI	REACTOME_N_GLYCAN_ANTENNAE_ELONGATION_IN_THE_MEDIAL_TRANS_GOLGI	Details ...	18	-0.63319075	-1.9983239	0.0	0.010457922	0.217	3251	tags=61%, list=21%, signal=77%	
REACTOME_METABOLISM_OF_PORPHYRINS	REACTOME_METABOLISM_OF_PORPHYRINS	Details ...	18	-0.6413566	-1.9937375	0.0017574693	0.010706437	0.229	4228	tags=78%, list=27%, signal=107%	
BIOCARTA_VOBESITY_PATHWAY	BIOCARTA_VOBESITY_PATHWAY	Details ...	6	-0.9096205	-1.9896585	0.0	0.0109412	0.238	886	tags=83%, list=6%, signal=88%	
WP_KIT_RECEPTOR_SIGNALING_PATHWAY	WP_KIT_RECEPTOR_SIGNALING_PATHWAY	Details ...	63	-0.4765524	-1.9868318	0.0	0.011009181	0.246	4148	tags=52%, list=27%, signal=71%	
REACTOME_PD_1_SIGNALING	REACTOME_PD_1_SIGNALING	Details ...	21	-0.61788666	-1.9864864	0.0	0.010703371	0.246	4054	tags=67%, list=26%, signal=90%	
REACTOME_PARACETAMOL_ADME	REACTOME_PARACETAMOL_ADME	Details ...	14	-0.67508745	-1.9831122	0.0018315018	0.011026785	0.261	2167	tags=57%, list=14%, signal=66%	
REACTOME_FCGAMMA_RECEPTOR_FCGR_DEPENDENT_PHAGOCYTOSIS	REACTOME_FCGAMMA_RECEPTOR_FCGR_DEPENDENT_PHAGOCYTOSIS	Details ...	77	-0.45470747	-1.9770734	0.0	0.011439766	0.276	3612	tags=45%, list=23%, signal=59%	
WP_INTEGRINMEDIATED_CELL_ADHESION	WP_INTEGRINMEDIATED_CELL_ADHESION	Details ...	82	-0.4415728	-1.9751005	0.0	0.011418538	0.283	3119	tags=41%, list=20%, signal=52%	
REACTOME_PLATELET_ACTIVATION_SIGNALING_AND_AGGREGATION	REACTOME_PLATELET_ACTIVATION_SIGNALING_AND_AGGREGATION	Details ...	190	-0.38782182	-1.9605683	0.0	0.013319683	0.328	4752	tags=51%, list=31%, signal=73%	
REACTOME_ER_PHAGOSOME_PATHWAY	REACTOME_ER_PHAGOSOME_PATHWAY	Details ...	23	-0.5926407	-1.9604633	0.0018939395	0.012994813	0.328	3719	tags=61%, list=24%, signal=80%	
WP_PROSTAGLANDIN_SYNTHESIS_AND_REGULATION	WP_PROSTAGLANDIN_SYNTHESIS_AND_REGULATION	Details ...	20	-0.62452465	-1.9556545	0.0	0.013829665	0.351	2242	tags=40%, list=15%, signal=47%	
WP_ELONGATION_OF_VERY_LONG_CHAIN_FATTY_ACIDS	WP_ELONGATION_OF_VERY_LONG_CHAIN_FATTY_ACIDS	Details ...	11	-0.72998756	-1.9525604	0.0018248175	0.01394136	0.358	3595	tags=82%, list=23%, signal=107%	
REACTOME_GLUCOSE_METABOLISM	REACTOME_GLUCOSE_METABOLISM	Details ...	65	-0.46159944	-1.9479455	0.0	0.014571411	0.378	3178	tags=42%, list=21%, signal=52%	
REACTOME_GLYCOSAMINOGLYCAN_METABOLISM	REACTOME_GLYCOSAMINOGLYCAN_METABOLISM	Details ...	83	-0.44022778	-1.9433043	0.0	0.015045939	0.399	3513	tags=45%, list=23%, signal=57%	
WP_LUNG_FIBROSIS	WP_LUNG_FIBROSIS	Details ...	36	-0.51697564	-1.9417088	0.0017094017	0.01506695	0.406	3730	tags=53%, list=24%, signal=69%	
REACTOME_HEME_BIOSYNTHESIS	REACTOME_HEME_BIOSYNTHESIS	Details ...	12	-0.7059913	-1.939821	0.0	0.015031765	0.414	3182	tags=83%, list=21%, signal=105%	
WP_OMEGA9_FATTY_ACID_SYNTHESIS	WP_OMEGA9_FATTY_ACID_SYNTHESIS	Details ...	12	-0.6991689	-1.9384662	0.0	0.014943043	0.42	2033	tags=58%, list=13%, signal=67%	
REACTOME_ANTIGEN_PRESENTATION_FOLDING_ASSEMBLY_AND_PEPTIDE_LOADING_OF_CLASS_I_MHC	REACTOME_ANTIGEN_PRESENTATION_FOLDING_ASSEMBLY_AND_PEPTIDE_LOADING_OF_CLASS_I_MHC	Details ...	30	-0.5451985	-1.9371088	0.0	0.014910097	0.425	4977	tags=70%, list=32%, signal=103%	
REACTOME_METABOLISM_OF_FAT_SOLUBLE_VITAMINS	REACTOME_METABOLISM_OF_FAT_SOLUBLE_VITAMINS	Details ...	20	-0.61520785	-1.9365727	0.0	0.014664817	0.427	2491	tags=50%, list=16%, signal=60%	
REACTOME_ERYTHROCYTES_TAKE_UP_CARBON_DIOXIDE_AND_RELEASE_OXYGEN	REACTOME_ERYTHROCYTES_TAKE_UP_CARBON_DIOXIDE_AND_RELEASE_OXYGEN		12	-0.69595623	-1.9342021	0.0	0.014791588	0.438	2864	tags=75%, list=19%, signal=92%	
REACTOME_SIGNALING_BY_INSULIN_RECEPTOR	REACTOME_SIGNALING_BY_INSULIN_RECEPTOR		49	-0.48611555	-1.9332012	0.0	0.0146358125	0.443	2387	tags=35%, list=15%, signal=41%	
REACTOME_TRIGLYCERIDE_METABOLISM	REACTOME_TRIGLYCERIDE_METABOLISM		11	-0.7341109	-1.9323713	0.0018832391	0.014588067	0.447	734	tags=45%, list=5%, signal=48%	
REACTOME_BASIGIN_INTERACTIONS	REACTOME_BASIGIN_INTERACTIONS		19	-0.6293313	-1.930832	0.0017452007	0.014515733	0.452	3450	tags=63%, list=22%, signal=81%	
REACTOME_ENDOSOMAL_VACUOLAR_PATHWAY	REACTOME_ENDOSOMAL_VACUOLAR_PATHWAY		14	-0.6698417	-1.9278901	0.0018903592	0.014853415	0.465	3719	tags=79%, list=24%, signal=103%	
REACTOME_CELL_JUNCTION_ORGANIZATION	REACTOME_CELL_JUNCTION_ORGANIZATION		46	-0.4946874	-1.9248959	0.0	0.015137199	0.478	3673	tags=50%, list=24%, signal=65%	
WP_FOCAL_ADHESION	WP_FOCAL_ADHESION		131	-0.40166327	-1.9246174	0.0	0.014894873	0.478	3535	tags=42%, list=23%, signal=54%	
REACTOME_RAC2_GTPASE_CYCLE	REACTOME_RAC2_GTPASE_CYCLE		77	-0.44323787	-1.9233787	0.0	0.014916432	0.482	3900	tags=45%, list=25%, signal=61%	
WP_TYROBP_CAUSAL_NETWORK_IN_MICROGLIA	WP_TYROBP_CAUSAL_NETWORK_IN_MICROGLIA		53	-0.47275534	-1.9221659	0.0	0.014934838	0.487	2884	tags=55%, list=19%, signal=67%	
REACTOME_CELL_CELL_JUNCTION_ORGANIZATION	REACTOME_CELL_CELL_JUNCTION_ORGANIZATION		30	-0.54407537	-1.9168282	0.0	0.015657026	0.512	3673	tags=60%, list=24%, signal=79%	
REACTOME_BIOTIN_TRANSPORT_AND_METABOLISM	REACTOME_BIOTIN_TRANSPORT_AND_METABOLISM		11	-0.7160141	-1.913809	0.0018518518	0.015900422	0.525	1330	tags=55%, list=9%, signal=60%	
WP_GLYCOLYSIS_AND_GLUCONEOGENESIS	WP_GLYCOLYSIS_AND_GLUCONEOGENESIS		39	-0.5056688	-1.9134241	0.0017889087	0.015839783	0.528	4974	tags=64%, list=32%, signal=94%	
REACTOME_GLYCEROPHOSPHOLIPID_BIOSYNTHESIS	REACTOME_GLYCEROPHOSPHOLIPID_BIOSYNTHESIS		87	-0.42618752	-1.9103471	0.0	0.016161233	0.541	3927	tags=44%, list=25%, signal=58%	
REACTOME_RESPONSE_TO_ELEVATED_PLATELET_CYTOSOLIC_CA2	REACTOME_RESPONSE_TO_ELEVATED_PLATELET_CYTOSOLIC_CA2		87	-0.42896304	-1.9088333	0.0	0.01626368	0.552	3535	tags=45%, list=23%, signal=58%	
REACTOME_INOSITOL_PHOSPHATE_METABOLISM	REACTOME_INOSITOL_PHOSPHATE_METABOLISM		37	-0.5113292	-1.9084433	0.0	0.016115524	0.555	4062	tags=51%, list=26%, signal=70%	
REACTOME_METABOLISM_OF_LIPIDS	REACTOME_METABOLISM_OF_LIPIDS		447	-0.34141204	-1.9076087	0.0	0.016053976	0.558	4752	tags=46%, list=31%, signal=64%	
WP_TYPE_II_INTERFERON_SIGNALING_IFNG	WP_TYPE_II_INTERFERON_SIGNALING_IFNG		30	-0.5316393	-1.8996155	0.0	0.017605215	0.594	3659	tags=57%, list=24%, signal=74%	
REACTOME_HEMOSTASIS	REACTOME_HEMOSTASIS		410	-0.34620026	-1.8982584	0.0	0.01764093	0.597	4312	tags=43%, list=28%, signal=58%	
REACTOME_CLASS_A_1_RHODOPSIN_LIKE_RECEPTORS	REACTOME_CLASS_A_1_RHODOPSIN_LIKE_RECEPTORS		125	-0.40128824	-1.8977607	0.0	0.017521605	0.598	3058	tags=39%, list=20%, signal=49%	
WP_IL3_SIGNALING_PATHWAY	WP_IL3_SIGNALING_PATHWAY		94	-0.4157883	-1.8935539	0.0	0.018202737	0.616	4394	tags=51%, list=28%, signal=71%	
REACTOME_DEVELOPMENTAL_BIOLOGY	REACTOME_DEVELOPMENTAL_BIOLOGY		266	-0.35703477	-1.8884796	0.0	0.019075813	0.635	3967	tags=40%, list=26%, signal=53%	
WP_CHEMOKINE_SIGNALING_PATHWAY	WP_CHEMOKINE_SIGNALING_PATHWAY		139	-0.39210242	-1.8825488	0.0	0.020241262	0.664	3952	tags=45%, list=26%, signal=60%	
REACTOME_DECTIN_2_FAMILY	REACTOME_DECTIN_2_FAMILY		8	-0.7760997	-1.8820683	0.0	0.020073745	0.666	2045	tags=75%, list=13%, signal=86%	
REACTOME_METABOLISM_OF_VITAMINS_AND_COFACTORS	REACTOME_METABOLISM_OF_VITAMINS_AND_COFACTORS		146	-0.38881603	-1.8708763	0.0	0.022510143	0.711	2524	tags=32%, list=16%, signal=38%	
REACTOME_SIGNAL_REGULATORY_PROTEIN_FAMILY_INTERACTIONS	REACTOME_SIGNAL_REGULATORY_PROTEIN_FAMILY_INTERACTIONS		12	-0.6706088	-1.8653392	0.0037383179	0.024059877	0.744	2679	tags=58%, list=17%, signal=71%	
REACTOME_AMINO_ACID_TRANSPORT_ACROSS_THE_PLASMA_MEMBRANE	REACTOME_AMINO_ACID_TRANSPORT_ACROSS_THE_PLASMA_MEMBRANE		23	-0.5586234	-1.8562111	0.0036968577	0.026549293	0.784	3410	tags=52%, list=22%, signal=67%	
WP_ADIPOGENESIS_GENES	WP_ADIPOGENESIS_GENES		93	-0.41491896	-1.8548608	0.0	0.026604865	0.788	3966	tags=46%, list=26%, signal=62%	
REACTOME_HS_GAG_DEGRADATION	REACTOME_HS_GAG_DEGRADATION		15	-0.6253381	-1.8485199	0.0017985612	0.028268626	0.812	1630	tags=47%, list=11%, signal=52%	
REACTOME_TRANSLOCATION_OF_ZAP_70_TO_IMMUNOLOGICAL_SYNAPSE	REACTOME_TRANSLOCATION_OF_ZAP_70_TO_IMMUNOLOGICAL_SYNAPSE		17	-0.6027383	-1.8461322	0.0037243948	0.028640011	0.817	4054	tags=65%, list=26%, signal=88%	
WP_MATRIX_METALLOPROTEINASES	WP_MATRIX_METALLOPROTEINASES		12	-0.6771068	-1.8451427	0.0054347827	0.028514938	0.819	3209	tags=75%, list=21%, signal=95%	
WP_IL6_SIGNALING_PATHWAY	WP_IL6_SIGNALING_PATHWAY		95	-0.40746608	-1.8351153	0.0016313214	0.031532485	0.855	4100	tags=47%, list=27%, signal=64%	
REACTOME_SEMAPHORIN_INTERACTIONS	REACTOME_SEMAPHORIN_INTERACTIONS		43	-0.4746123	-1.8347399	0.0	0.03132957	0.857	2767	tags=42%, list=18%, signal=51%	
REACTOME_MET_RECEPTOR_ACTIVATION	REACTOME_MET_RECEPTOR_ACTIVATION		6	-0.8299681	-1.8273871	0.0018552876	0.033558305	0.877	308	tags=50%, list=2%, signal=51%	
REACTOME_BIOSYNTHESIS_OF_THE_N_GLYCAN_PRECURSOR_DOLICHOL_LIPID_LINKED_OLIGOSACCHARIDE_LLO_AND_TRANSFER_TO_A_NASCENT_PROTEIN	REACTOME_BIOSYNTHESIS_OF_THE_N_GLYCAN_PRECURSOR_DOLICHOL_LIPID_LINKED_OLIGOSACCHARIDE_LLO_AND_TRANSFER_TO_A_NASCENT_PROTEIN		65	-0.43257138	-1.8271866	0.0	0.033253245	0.878	4703	tags=52%, list=31%, signal=75%	
BIOCARTA_FREE_PATHWAY	BIOCARTA_FREE_PATHWAY		8	-0.7479302	-1.8268284	0.0037453184	0.032988682	0.879	3866	tags=88%, list=25%, signal=117%	
REACTOME_HS_GAG_BIOSYNTHESIS	REACTOME_HS_GAG_BIOSYNTHESIS		16	-0.60697097	-1.8242075	0.0036036037	0.03359825	0.888	3018	tags=63%, list=20%, signal=78%	
BIOCARTA_COMP_PATHWAY	BIOCARTA_COMP_PATHWAY		9	-0.7154261	-1.8228053	0.003773585	0.033781923	0.893	4395	tags=100%, list=29%, signal=140%	
REACTOME_EFFECTS_OF_PIP2_HYDROLYSIS	REACTOME_EFFECTS_OF_PIP2_HYDROLYSIS		19	-0.57342243	-1.8190641	0.0036363637	0.034904372	0.903	4752	tags=74%, list=31%, signal=106%	
REACTOME_SIGNALING_BY_VEGF	REACTOME_SIGNALING_BY_VEGF		92	-0.40671712	-1.8188815	0.0	0.03455696	0.903	3110	tags=38%, list=20%, signal=47%	
WP_ALPHA_6_BETA_4_INTEGRIN_SIGNALING_PATHWAY	WP_ALPHA_6_BETA_4_INTEGRIN_SIGNALING_PATHWAY		52	-0.45114225	-1.8131499	0.001776199	0.03689444	0.921	2806	tags=33%, list=18%, signal=40%	
REACTOME_MOLECULES_ASSOCIATED_WITH_ELASTIC_FIBRES	REACTOME_MOLECULES_ASSOCIATED_WITH_ELASTIC_FIBRES		14	-0.62075406	-1.8064365	0.0018726592	0.03918246	0.936	3528	tags=57%, list=23%, signal=74%	
REACTOME_GPCR_LIGAND_BINDING	REACTOME_GPCR_LIGAND_BINDING		151	-0.36685348	-1.8063796	0.0	0.038756564	0.936	3058	tags=37%, list=20%, signal=46%	
BIOCARTA_NFKB_PATHWAY	BIOCARTA_NFKB_PATHWAY		20	-0.56239	-1.8055127	0.007561437	0.038785733	0.937	3158	tags=55%, list=20%, signal=69%	
REACTOME_CHEMOKINE_RECEPTORS_BIND_CHEMOKINES	REACTOME_CHEMOKINE_RECEPTORS_BIND_CHEMOKINES		34	-0.49243397	-1.8046395	0.0018018018	0.03867186	0.939	4829	tags=59%, list=31%, signal=85%	
WP_GLYCEROLIPIDS_AND_GLYCEROPHOSPHOLIPIDS	WP_GLYCEROLIPIDS_AND_GLYCEROPHOSPHOLIPIDS		21	-0.55152416	-1.8042406	0.008976661	0.038447965	0.939	4637	tags=71%, list=30%, signal=102%	
REACTOME_REPRESSION_OF_WNT_TARGET_GENES	REACTOME_REPRESSION_OF_WNT_TARGET_GENES		9	-0.69601965	-1.8028682	0.0074074073	0.038561806	0.942	3840	tags=78%, list=25%, signal=104%	
BIOCARTA_TCRA_PATHWAY	BIOCARTA_TCRA_PATHWAY		9	-0.70128286	-1.8020539	0.0036563072	0.03850793	0.946	4054	tags=89%, list=26%, signal=121%	
REACTOME_RAF_INDEPENDENT_MAPK1_3_ACTIVATION	REACTOME_RAF_INDEPENDENT_MAPK1_3_ACTIVATION		21	-0.5559184	-1.8000864	0.0019193857	0.038946398	0.949	1795	tags=43%, list=12%, signal=48%	
REACTOME_ASPARAGINE_N_LINKED_GLYCOSYLATION	REACTOME_ASPARAGINE_N_LINKED_GLYCOSYLATION		237	-0.3442355	-1.8000491	0.0	0.03860714	0.949	4811	tags=47%, list=31%, signal=67%	
REACTOME_SIGNALING_BY_GPCR	REACTOME_SIGNALING_BY_GPCR		316	-0.33737707	-1.7994418	0.0	0.038463604	0.95	4836	tags=49%, list=31%, signal=70%	
REACTOME_GPVI_MEDIATED_ACTIVATION_CASCADE	REACTOME_GPVI_MEDIATED_ACTIVATION_CASCADE		28	-0.5197331	-1.7988893	0.005319149	0.03833641	0.95	4585	tags=68%, list=30%, signal=96%	
REACTOME_PLASMA_LIPOPROTEIN_CLEARANCE	REACTOME_PLASMA_LIPOPROTEIN_CLEARANCE		29	-0.5081009	-1.7983685	0.0054644807	0.03816902	0.952	1750	tags=38%, list=11%, signal=43%	
REACTOME_BETA_OXIDATION_OF_VERY_LONG_CHAIN_FATTY_ACIDS	REACTOME_BETA_OXIDATION_OF_VERY_LONG_CHAIN_FATTY_ACIDS		10	-0.70167434	-1.7947686	0.007952286	0.039372385	0.958	2977	tags=60%, list=19%, signal=74%	
REACTOME_INTERLEUKIN_12_FAMILY_SIGNALING	REACTOME_INTERLEUKIN_12_FAMILY_SIGNALING		13	-0.63027704	-1.7945975	0.00907441	0.03904505	0.958	2885	tags=77%, list=19%, signal=95%	
REACTOME_RHO_GTPASE_CYCLE	REACTOME_RHO_GTPASE_CYCLE		369	-0.3294773	-1.7919388	0.0	0.039845556	0.96	4010	tags=37%, list=26%, signal=49%	
WP_FOLIC_ACID_NETWORK	WP_FOLIC_ACID_NETWORK		17	-0.5962175	-1.7893218	0.0018248175	0.04071196	0.967	3548	tags=71%, list=23%, signal=92%	
WP_EGFR1_SIGNALING_PATHWAY	WP_EGFR1_SIGNALING_PATHWAY		158	-0.3665366	-1.7853532	0.0	0.042092953	0.971	4163	tags=44%, list=27%, signal=59%	
WP_PRIMARY_FOCAL_SEGMENTAL_GLOMERULOSCLEROSIS_FSGS	WP_PRIMARY_FOCAL_SEGMENTAL_GLOMERULOSCLEROSIS_FSGS		47	-0.45187426	-1.7845279	0.0017064846	0.04201209	0.972	2334	tags=36%, list=15%, signal=42%	
REACTOME_RET_SIGNALING	REACTOME_RET_SIGNALING		30	-0.50044286	-1.7822369	0.005376344	0.042809296	0.974	2334	tags=37%, list=15%, signal=43%	
REACTOME_COLLAGEN_BIOSYNTHESIS_AND_MODIFYING_ENZYMES	REACTOME_COLLAGEN_BIOSYNTHESIS_AND_MODIFYING_ENZYMES		20	-0.54571927	-1.7777865	0.001858736	0.04442369	0.981	2885	tags=50%, list=19%, signal=61%	
REACTOME_ACTIVATION_OF_MATRIX_METALLOPROTEINASES	REACTOME_ACTIVATION_OF_MATRIX_METALLOPROTEINASES		17	-0.5876063	-1.777393	0.0036630037	0.044240616	0.981	4586	tags=76%, list=30%, signal=109%	
REACTOME_INTERLEUKIN_10_SIGNALING	REACTOME_INTERLEUKIN_10_SIGNALING		5	-0.87403977	-1.7749206	0.0	0.045016315	0.984	1663	tags=80%, list=11%, signal=90%	
REACTOME_PHOSPHORYLATION_OF_CD3_AND_TCR_ZETA_CHAINS	REACTOME_PHOSPHORYLATION_OF_CD3_AND_TCR_ZETA_CHAINS		20	-0.55574167	-1.7723396	0.005263158	0.04593107	0.985	4054	tags=55%, list=26%, signal=75%	
REACTOME_TRIGLYCERIDE_BIOSYNTHESIS	REACTOME_TRIGLYCERIDE_BIOSYNTHESIS		8	-0.7386559	-1.769578	0.0059405942	0.0467458	0.986	512	tags=50%, list=3%, signal=52%	
REACTOME_COLLAGEN_FORMATION	REACTOME_COLLAGEN_FORMATION		26	-0.51125556	-1.7675222	0.0036697248	0.047150753	0.99	3165	tags=50%, list=21%, signal=63%	
REACTOME_METAL_ION_SLC_TRANSPORTERS	REACTOME_METAL_ION_SLC_TRANSPORTERS		16	-0.5817231	-1.7629309	0.0055452865	0.04883124	0.99	3125	tags=63%, list=20%, signal=78%	
REACTOME_CDC42_GTPASE_CYCLE	REACTOME_CDC42_GTPASE_CYCLE		74	-0.4117836	-1.7628057	0.0016366612	0.04847054	0.99	4597	tags=51%, list=30%, signal=73%	
WP_GPCRS_NONODORANT	WP_GPCRS_NONODORANT		105	-0.38072088	-1.7597024	0.0017094017	0.04929155	0.99	5315	tags=55%, list=34%, signal=84%	
WP_IRON_HOMEOSTASIS	WP_IRON_HOMEOSTASIS		10	-0.67284334	-1.7578319	0.0018656716	0.04973176	0.99	3346	tags=80%, list=22%, signal=102%	
REACTOME_MITF_M_DEPENDENT_GENE_EXPRESSION	REACTOME_MITF_M_DEPENDENT_GENE_EXPRESSION		13	-0.62141454	-1.7577899	0.0038095238	0.049339943	0.99	5009	tags=85%, list=32%, signal=125%	
REACTOME_FORMATION_OF_THE_BETA_CATENIN_TCF_TRANSACTIVATING_COMPLEX	REACTOME_FORMATION_OF_THE_BETA_CATENIN_TCF_TRANSACTIVATING_COMPLEX		24	-0.53544414	-1.7526163	0.0037313432	0.051238995	0.993	4873	tags=58%, list=32%, signal=85%	
REACTOME_ELASTIC_FIBRE_FORMATION	REACTOME_ELASTIC_FIBRE_FORMATION		18	-0.5708006	-1.752299	0.0018181818	0.051005255	0.994	1843	tags=44%, list=12%, signal=50%	
REACTOME_METABOLISM_OF_WATER_SOLUBLE_VITAMINS_AND_COFACTORS	REACTOME_METABOLISM_OF_WATER_SOLUBLE_VITAMINS_AND_COFACTORS		101	-0.38279596	-1.7515125	0.0	0.05098309	0.994	2487	tags=32%, list=16%, signal=38%	
WP_OMEGA3_OMEGA6_FATTY_ACID_SYNTHESIS	WP_OMEGA3_OMEGA6_FATTY_ACID_SYNTHESIS		14	-0.61125475	-1.7505774	0.009009009	0.051078964	0.994	3211	tags=57%, list=21%, signal=72%	
REACTOME_FATTY_ACYL_COA_BIOSYNTHESIS	REACTOME_FATTY_ACYL_COA_BIOSYNTHESIS		25	-0.5131589	-1.7492781	0.0036563072	0.051313035	0.995	2516	tags=44%, list=16%, signal=52%	
REACTOME_FORMYL_PEPTIDE_RECEPTORS_BIND_FORMYL_PEPTIDES_AND_MANY_OTHER_LIGANDS	REACTOME_FORMYL_PEPTIDE_RECEPTORS_BIND_FORMYL_PEPTIDES_AND_MANY_OTHER_LIGANDS		7	-0.76036596	-1.7487038	0.009208103	0.05120395	0.995	3701	tags=100%, list=24%, signal=132%	
REACTOME_LINOLEIC_ACID_LA_METABOLISM	REACTOME_LINOLEIC_ACID_LA_METABOLISM		6	-0.7921101	-1.7476009	0.007352941	0.05126483	0.995	3211	tags=100%, list=21%, signal=126%	
WP_FIBRIN_COMPLEMENT_RECEPTOR_3_SIGNALING_PATHWAY	WP_FIBRIN_COMPLEMENT_RECEPTOR_3_SIGNALING_PATHWAY		35	-0.47972637	-1.7471209	0.0017889087	0.05111476	0.995	3158	tags=49%, list=20%, signal=61%	
REACTOME_PI_METABOLISM	REACTOME_PI_METABOLISM		72	-0.40367624	-1.7457279	0.0016583748	0.05135207	0.995	4740	tags=46%, list=31%, signal=66%	
BIOCARTA_TCYTOTOXIC_PATHWAY	BIOCARTA_TCYTOTOXIC_PATHWAY		12	-0.61234814	-1.7456917	0.009259259	0.050967496	0.995	4054	tags=75%, list=26%, signal=102%	
REACTOME_BIOLOGICAL_OXIDATIONS	REACTOME_BIOLOGICAL_OXIDATIONS		105	-0.3851042	-1.7444774	0.0	0.05110149	0.995	3553	tags=44%, list=23%, signal=57%	
REACTOME_SYNTHESIS_OF_IP2_IP_AND_INS_IN_THE_CYTOSOL	REACTOME_SYNTHESIS_OF_IP2_IP_AND_INS_IN_THE_CYTOSOL		10	-0.66529304	-1.7433016	0.014981274	0.051340688	0.997	3230	tags=50%, list=21%, signal=63%	
REACTOME_REGULATION_OF_IFNA_IFNB_SIGNALING	REACTOME_REGULATION_OF_IFNA_IFNB_SIGNALING		8	-0.7138412	-1.7396506	0.0037313432	0.052889664	0.997	2604	tags=75%, list=17%, signal=90%	
REACTOME_RHOG_GTPASE_CYCLE	REACTOME_RHOG_GTPASE_CYCLE		64	-0.4134742	-1.7332063	0.0017793594	0.0558532	0.998	4525	tags=55%, list=29%, signal=77%	
WP_OXIDATIVE_STRESS_RESPONSE	WP_OXIDATIVE_STRESS_RESPONSE		24	-0.5082438	-1.7311115	0.010169491	0.056571875	0.998	3134	tags=54%, list=20%, signal=68%	
REACTOME_NRAGE_SIGNALS_DEATH_THROUGH_JNK	REACTOME_NRAGE_SIGNALS_DEATH_THROUGH_JNK		43	-0.45522657	-1.7301346	0.0	0.056667026	0.998	2238	tags=33%, list=15%, signal=38%	
REACTOME_OTHER_SEMAPHORIN_INTERACTIONS	REACTOME_OTHER_SEMAPHORIN_INTERACTIONS		12	-0.6352656	-1.7299192	0.016885553	0.05633177	0.998	2767	tags=50%, list=18%, signal=61%	
BIOCARTA_SODD_PATHWAY	BIOCARTA_SODD_PATHWAY		10	-0.65447766	-1.7292478	0.010889292	0.056369737	0.998	1551	tags=50%, list=10%, signal=56%	
REACTOME_N_GLYCAN_ANTENNAE_ELONGATION	REACTOME_N_GLYCAN_ANTENNAE_ELONGATION		12	-0.63134485	-1.7284807	0.0073664826	0.056349393	0.998	3996	tags=75%, list=26%, signal=101%	
REACTOME_GLUCONEOGENESIS	REACTOME_GLUCONEOGENESIS		20	-0.53713864	-1.7274215	0.008680556	0.05669134	0.998	5237	tags=80%, list=34%, signal=121%	
REACTOME_ROLE_OF_PHOSPHOLIPIDS_IN_PHAGOCYTOSIS	REACTOME_ROLE_OF_PHOSPHOLIPIDS_IN_PHAGOCYTOSIS		24	-0.52342623	-1.7254872	0.014787431	0.05725538	0.998	3607	tags=63%, list=23%, signal=81%	
WP_TGFBETA_SIGNALING_PATHWAY	WP_TGFBETA_SIGNALING_PATHWAY		41	-0.45010626	-1.7252632	0.0017985612	0.05694563	0.998	3768	tags=46%, list=24%, signal=61%	
REACTOME_TRANSFERRIN_ENDOCYTOSIS_AND_RECYCLING	REACTOME_TRANSFERRIN_ENDOCYTOSIS_AND_RECYCLING		26	-0.49125636	-1.7239732	0.009107468	0.057180658	0.998	5081	tags=58%, list=33%, signal=86%	
BIOCARTA_TNFR2_PATHWAY	BIOCARTA_TNFR2_PATHWAY		17	-0.57778937	-1.7182043	0.0091743115	0.059883486	0.998	3158	tags=59%, list=20%, signal=74%	
REACTOME_CYTOKINE_SIGNALING_IN_IMMUNE_SYSTEM	REACTOME_CYTOKINE_SIGNALING_IN_IMMUNE_SYSTEM		402	-0.31322986	-1.7181096	0.0	0.059525743	0.998	4447	tags=42%, list=29%, signal=58%	
WP_FOCAL_ADHESION_PI3KAKTMTOR_SIGNALING_PATHWAY	WP_FOCAL_ADHESION_PI3KAKTMTOR_SIGNALING_PATHWAY		199	-0.33938676	-1.716597	0.0015673981	0.059970714	0.998	3406	tags=35%, list=22%, signal=44%	
REACTOME_ACYL_CHAIN_REMODELLING_OF_PE	REACTOME_ACYL_CHAIN_REMODELLING_OF_PE		15	-0.5806856	-1.7165793	0.0056603774	0.05957217	0.998	3483	tags=60%, list=23%, signal=77%	
REACTOME_LDL_CLEARANCE	REACTOME_LDL_CLEARANCE		16	-0.57829696	-1.71564	0.0017953322	0.059766233	0.998	3139	tags=50%, list=20%, signal=63%	
REACTOME_PLASMA_LIPOPROTEIN_ASSEMBLY_REMODELING_AND_CLEARANCE	REACTOME_PLASMA_LIPOPROTEIN_ASSEMBLY_REMODELING_AND_CLEARANCE		47	-0.43299577	-1.7152292	0.0035650623	0.05963446	0.998	4394	tags=55%, list=28%, signal=77%	
REACTOME_SYNTHESIS_OF_PA	REACTOME_SYNTHESIS_OF_PA		29	-0.48056504	-1.7139124	0.005484461	0.060010202	0.998	3283	tags=45%, list=21%, signal=57%	
BIOCARTA_IL17_PATHWAY	BIOCARTA_IL17_PATHWAY		9	-0.6824132	-1.713051	0.0074626864	0.060003657	0.998	4054	tags=89%, list=26%, signal=121%	
REACTOME_ADHERENS_JUNCTIONS_INTERACTIONS	REACTOME_ADHERENS_JUNCTIONS_INTERACTIONS		24	-0.5081523	-1.7074547	0.021032505	0.0627344	0.998	3673	tags=58%, list=24%, signal=76%	
REACTOME_METABOLISM_OF_ANGIOTENSINOGEN_TO_ANGIOTENSINS	REACTOME_METABOLISM_OF_ANGIOTENSINOGEN_TO_ANGIOTENSINS		8	-0.6973324	-1.7073551	0.0116054155	0.062420268	0.998	3563	tags=75%, list=23%, signal=97%	
WP_IL2_SIGNALING_PATHWAY	WP_IL2_SIGNALING_PATHWAY		73	-0.39398196	-1.7049448	0.0016778524	0.06350778	0.999	4291	tags=48%, list=28%, signal=66%	
REACTOME_IRON_UPTAKE_AND_TRANSPORT	REACTOME_IRON_UPTAKE_AND_TRANSPORT		49	-0.42801914	-1.7048763	0.005357143	0.063149616	0.999	2387	tags=35%, list=15%, signal=41%	
REACTOME_HEPARAN_SULFATE_HEPARIN_HS_GAG_METABOLISM	REACTOME_HEPARAN_SULFATE_HEPARIN_HS_GAG_METABOLISM		32	-0.46580777	-1.6998426	0.010752688	0.06557501	1.0	3018	tags=47%, list=20%, signal=58%	
REACTOME_INTERLEUKIN_6_FAMILY_SIGNALING	REACTOME_INTERLEUKIN_6_FAMILY_SIGNALING		14	-0.593987	-1.6910287	0.018115941	0.07033444	1.0	3346	tags=64%, list=22%, signal=82%	
WP_AMINO_ACID_METABOLISM	WP_AMINO_ACID_METABOLISM		77	-0.38946632	-1.6868984	0.0	0.07257265	1.0	5201	tags=52%, list=34%, signal=78%	
WP_HYPOXIADEPENDENT_PROLIFERATION_OF_MYOBLASTS	WP_HYPOXIADEPENDENT_PROLIFERATION_OF_MYOBLASTS		13	-0.58610743	-1.6868913	0.016483517	0.07211621	1.0	4100	tags=69%, list=27%, signal=94%	
REACTOME_TRAFFICKING_AND_PROCESSING_OF_ENDOSOMAL_TLR	REACTOME_TRAFFICKING_AND_PROCESSING_OF_ENDOSOMAL_TLR		10	-0.66558737	-1.6866035	0.018903593	0.07186575	1.0	1783	tags=50%, list=12%, signal=57%	
BIOCARTA_THELPER_PATHWAY	BIOCARTA_THELPER_PATHWAY		12	-0.6121282	-1.6857562	0.014678899	0.07197315	1.0	4054	tags=75%, list=26%, signal=102%	
REACTOME_COBALAMIN_CBL_VITAMIN_B12_TRANSPORT_AND_METABOLISM	REACTOME_COBALAMIN_CBL_VITAMIN_B12_TRANSPORT_AND_METABOLISM		13	-0.593341	-1.6856866	0.011111111	0.0715776	1.0	1631	tags=31%, list=11%, signal=34%	
REACTOME_ECM_PROTEOGLYCANS	REACTOME_ECM_PROTEOGLYCANS		18	-0.5341544	-1.6851556	0.020257827	0.07141831	1.0	3528	tags=50%, list=23%, signal=65%	
BIOCARTA_HER2_PATHWAY	BIOCARTA_HER2_PATHWAY		20	-0.5210111	-1.6844863	0.0056710774	0.07139151	1.0	3697	tags=50%, list=24%, signal=66%	
WP_SPLICING_FACTOR_NOVA_REGULATED_SYNAPTIC_PROTEINS	WP_SPLICING_FACTOR_NOVA_REGULATED_SYNAPTIC_PROTEINS		24	-0.5077823	-1.6827936	0.009433962	0.07184231	1.0	2263	tags=33%, list=15%, signal=39%	
REACTOME_DRUG_ADME	REACTOME_DRUG_ADME		47	-0.4226805	-1.6820538	0.007005254	0.07184457	1.0	2285	tags=34%, list=15%, signal=40%	
WP_IL7_SIGNALING_PATHWAY	WP_IL7_SIGNALING_PATHWAY		42	-0.44280535	-1.6808941	0.0017064846	0.07219922	1.0	3726	tags=36%, list=24%, signal=47%	
WP_HEART_DEVELOPMENT	WP_HEART_DEVELOPMENT		18	-0.538364	-1.6785375	0.017699115	0.073361695	1.0	2340	tags=39%, list=15%, signal=46%	
REACTOME_INSULIN_RECEPTOR_RECYCLING	REACTOME_INSULIN_RECEPTOR_RECYCLING		24	-0.49801067	-1.6754751	0.017889088	0.07492668	1.0	2387	tags=33%, list=15%, signal=39%	
BIOCARTA_CDMAC_PATHWAY	BIOCARTA_CDMAC_PATHWAY		14	-0.5784335	-1.6705706	0.025996534	0.0779854	1.0	3697	tags=57%, list=24%, signal=75%	
REACTOME_SYNTHESIS_OF_IP3_AND_IP4_IN_THE_CYTOSOL	REACTOME_SYNTHESIS_OF_IP3_AND_IP4_IN_THE_CYTOSOL		20	-0.5204925	-1.6697472	0.016574586	0.07807005	1.0	3067	tags=45%, list=20%, signal=56%	
REACTOME_PHASE_II_CONJUGATION_OF_COMPOUNDS	REACTOME_PHASE_II_CONJUGATION_OF_COMPOUNDS		59	-0.40870386	-1.6693369	0.006756757	0.07782647	1.0	3553	tags=46%, list=23%, signal=59%	
REACTOME_INITIAL_TRIGGERING_OF_COMPLEMENT	REACTOME_INITIAL_TRIGGERING_OF_COMPLEMENT		18	-0.5345004	-1.6666818	0.009433962	0.079246596	1.0	2637	tags=56%, list=17%, signal=67%	
REACTOME_FATTY_ACID_METABOLISM	REACTOME_FATTY_ACID_METABOLISM		120	-0.35269573	-1.6642097	0.0	0.08050905	1.0	4687	tags=43%, list=30%, signal=61%	
BIOCARTA_CLASSIC_PATHWAY	BIOCARTA_CLASSIC_PATHWAY		7	-0.71533316	-1.663967	0.009259259	0.08017084	1.0	4395	tags=100%, list=29%, signal=140%	
REACTOME_DETOXIFICATION_OF_REACTIVE_OXYGEN_SPECIES	REACTOME_DETOXIFICATION_OF_REACTIVE_OXYGEN_SPECIES		30	-0.4703094	-1.6625144	0.009107468	0.08071168	1.0	4636	tags=53%, list=30%, signal=76%	
REACTOME_VEGF_LIGAND_RECEPTOR_INTERACTIONS	REACTOME_VEGF_LIGAND_RECEPTOR_INTERACTIONS		5	-0.81188685	-1.6608713	0.009633912	0.0815016	1.0	2340	tags=80%, list=15%, signal=94%	
WP_EICOSANOID_SYNTHESIS	WP_EICOSANOID_SYNTHESIS		14	-0.5590237	-1.6605241	0.028037382	0.081314586	1.0	3369	tags=50%, list=22%, signal=64%	
REACTOME_TRANSPORT_TO_THE_GOLGI_AND_SUBSEQUENT_MODIFICATION	REACTOME_TRANSPORT_TO_THE_GOLGI_AND_SUBSEQUENT_MODIFICATION		159	-0.33963943	-1.6603606	0.0	0.08097937	1.0	5178	tags=51%, list=34%, signal=76%	
REACTOME_ION_TRANSPORT_BY_P_TYPE_ATPASES	REACTOME_ION_TRANSPORT_BY_P_TYPE_ATPASES		37	-0.44073498	-1.6595322	0.01369863	0.081142925	1.0	3004	tags=38%, list=19%, signal=47%	
REACTOME_PHENYLALANINE_AND_TYROSINE_METABOLISM	REACTOME_PHENYLALANINE_AND_TYROSINE_METABOLISM		6	-0.7468371	-1.657449	0.011538462	0.08203389	1.0	110	tags=33%, list=1%, signal=34%	
WP_ALZHEIMERS_DISEASE	WP_ALZHEIMERS_DISEASE		60	-0.398571	-1.6563826	0.00907441	0.08230336	1.0	1808	tags=32%, list=12%, signal=36%	
WP_TRIACYLGLYCERIDE_SYNTHESIS	WP_TRIACYLGLYCERIDE_SYNTHESIS		19	-0.5224116	-1.655561	0.021818181	0.08235377	1.0	3927	tags=63%, list=25%, signal=85%	
WP_INSULIN_SIGNALING	WP_INSULIN_SIGNALING		145	-0.34141487	-1.6548166	0.004862237	0.08244353	1.0	4213	tags=40%, list=27%, signal=55%	
REACTOME_INSULIN_RECEPTOR_SIGNALLING_CASCADE	REACTOME_INSULIN_RECEPTOR_SIGNALLING_CASCADE		26	-0.4846676	-1.6547524	0.012773722	0.08201206	1.0	2241	tags=35%, list=15%, signal=40%	
REACTOME_MET_INTERACTS_WITH_TNS_PROTEINS	REACTOME_MET_INTERACTS_WITH_TNS_PROTEINS		5	-0.78589505	-1.6538988	0.01764706	0.08212529	1.0	3306	tags=100%, list=21%, signal=127%	
REACTOME_VISUAL_PHOTOTRANSDUCTION	REACTOME_VISUAL_PHOTOTRANSDUCTION		41	-0.4249847	-1.6517899	0.010830325	0.08340043	1.0	2705	tags=39%, list=18%, signal=47%	
REACTOME_SIGNALING_BY_INTERLEUKINS	REACTOME_SIGNALING_BY_INTERLEUKINS		246	-0.3143993	-1.6516582	0.0	0.08306972	1.0	4411	tags=43%, list=29%, signal=59%	
REACTOME_TNFR1_INDUCED_PROAPOPTOTIC_SIGNALING	REACTOME_TNFR1_INDUCED_PROAPOPTOTIC_SIGNALING		22	-0.50548637	-1.650808	0.019642858	0.08321006	1.0	3534	tags=50%, list=23%, signal=65%	
REACTOME_P75_NTR_RECEPTOR_MEDIATED_SIGNALLING	REACTOME_P75_NTR_RECEPTOR_MEDIATED_SIGNALLING		73	-0.3757077	-1.6503168	0.003407155	0.08313755	1.0	3352	tags=36%, list=22%, signal=45%	
REACTOME_TIGHT_JUNCTION_INTERACTIONS	REACTOME_TIGHT_JUNCTION_INTERACTIONS		6	-0.74135387	-1.64578	0.013461539	0.086209215	1.0	3111	tags=67%, list=20%, signal=83%	
WP_OXIDATIVE_DAMAGE_RESPONSE	WP_OXIDATIVE_DAMAGE_RESPONSE		36	-0.44091493	-1.6429948	0.0072727273	0.08758486	1.0	3368	tags=50%, list=22%, signal=64%	
WP_WHITE_FAT_CELL_DIFFERENTIATION	WP_WHITE_FAT_CELL_DIFFERENTIATION		26	-0.47490886	-1.6380595	0.007490637	0.09095962	1.0	3898	tags=54%, list=25%, signal=72%	
REACTOME_TRANSPORT_AND_SYNTHESIS_OF_PAPS	REACTOME_TRANSPORT_AND_SYNTHESIS_OF_PAPS		6	-0.7446268	-1.6371945	0.018181818	0.09110299	1.0	2841	tags=67%, list=18%, signal=82%	
REACTOME_TRANSCRIPTIONAL_REGULATION_OF_GRANULOPOIESIS	REACTOME_TRANSCRIPTIONAL_REGULATION_OF_GRANULOPOIESIS		6	-0.73332876	-1.63644	0.017045455	0.091194645	1.0	3898	tags=83%, list=25%, signal=111%	
WP_METAPATHWAY_BIOTRANSFORMATION	WP_METAPATHWAY_BIOTRANSFORMATION		73	-0.37351838	-1.636115	0.0034129692	0.09091298	1.0	3866	tags=47%, list=25%, signal=62%	
REACTOME_SIGNALING_BY_ALK	REACTOME_SIGNALING_BY_ALK		11	-0.61385065	-1.6343735	0.02457467	0.09161939	1.0	3963	tags=73%, list=26%, signal=98%	
REACTOME_CELL_DEATH_SIGNALLING_VIA_NRAGE_NRIF_AND_NADE	REACTOME_CELL_DEATH_SIGNALLING_VIA_NRAGE_NRIF_AND_NADE		60	-0.38760945	-1.6313657	0.005172414	0.09344181	1.0	2238	tags=28%, list=15%, signal=33%	
REACTOME_DOWNSTREAM_SIGNAL_TRANSDUCTION	REACTOME_DOWNSTREAM_SIGNAL_TRANSDUCTION		25	-0.47726548	-1.6289364	0.011450382	0.09489278	1.0	2334	tags=40%, list=15%, signal=47%	
REACTOME_DAP12_SIGNALING	REACTOME_DAP12_SIGNALING		27	-0.4670823	-1.6255274	0.014652015	0.09709165	1.0	4545	tags=63%, list=29%, signal=89%	
REACTOME_SEMA3A_PLEXIN_REPULSION_SIGNALING_BY_INHIBITING_INTEGRIN_ADHESION	REACTOME_SEMA3A_PLEXIN_REPULSION_SIGNALING_BY_INHIBITING_INTEGRIN_ADHESION		7	-0.69858944	-1.6253508	0.022088353	0.09671499	1.0	1564	tags=57%, list=10%, signal=64%	
BIOCARTA_MCALPAIN_PATHWAY	BIOCARTA_MCALPAIN_PATHWAY		15	-0.55212533	-1.6240734	0.02434457	0.09720385	1.0	1211	tags=33%, list=8%, signal=36%	
REACTOME_ION_CHANNEL_TRANSPORT	REACTOME_ION_CHANNEL_TRANSPORT		104	-0.35290596	-1.6235114	0.0	0.097115174	1.0	3115	tags=34%, list=20%, signal=42%	
REACTOME_NA_CL_DEPENDENT_NEUROTRANSMITTER_TRANSPORTERS	REACTOME_NA_CL_DEPENDENT_NEUROTRANSMITTER_TRANSPORTERS		7	-0.6980934	-1.6190053	0.019642858	0.10018302	1.0	2614	tags=71%, list=17%, signal=86%	
REACTOME_SIALIC_ACID_METABOLISM	REACTOME_SIALIC_ACID_METABOLISM		25	-0.47508958	-1.6189554	0.020183487	0.09972092	1.0	4446	tags=56%, list=29%, signal=79%	
BIOCARTA_MELANOCYTE_PATHWAY	BIOCARTA_MELANOCYTE_PATHWAY		6	-0.7282228	-1.6176001	0.033027522	0.100165464	1.0	1462	tags=33%, list=9%, signal=37%	
BIOCARTA_IL1R_PATHWAY	BIOCARTA_IL1R_PATHWAY		27	-0.46767247	-1.6156918	0.017857144	0.10136912	1.0	3854	tags=56%, list=25%, signal=74%	
REACTOME_BINDING_AND_UPTAKE_OF_LIGANDS_BY_SCAVENGER_RECEPTORS	REACTOME_BINDING_AND_UPTAKE_OF_LIGANDS_BY_SCAVENGER_RECEPTORS		24	-0.48316565	-1.6153646	0.021400778	0.101163834	1.0	2198	tags=46%, list=14%, signal=53%	
BIOCARTA_CTL_PATHWAY	BIOCARTA_CTL_PATHWAY		14	-0.5670484	-1.6149539	0.032315977	0.10092281	1.0	4543	tags=79%, list=29%, signal=111%	
REACTOME_RHO_GTPASES_ACTIVATE_NADPH_OXIDASES	REACTOME_RHO_GTPASES_ACTIVATE_NADPH_OXIDASES		21	-0.5025996	-1.612987	0.025362318	0.102219485	1.0	3682	tags=48%, list=24%, signal=62%	
REACTOME_CYTOSOLIC_SULFONATION_OF_SMALL_MOLECULES	REACTOME_CYTOSOLIC_SULFONATION_OF_SMALL_MOLECULES		13	-0.5664903	-1.610892	0.03976143	0.103463456	1.0	2841	tags=46%, list=18%, signal=57%	
REACTOME_ARACHIDONIC_ACID_METABOLISM	REACTOME_ARACHIDONIC_ACID_METABOLISM		27	-0.46389654	-1.6060336	0.017513135	0.106849775	1.0	5780	tags=67%, list=37%, signal=106%	
BIOCARTA_MAPK_PATHWAY	BIOCARTA_MAPK_PATHWAY		74	-0.3683097	-1.6058612	0.0033783785	0.10650017	1.0	4567	tags=47%, list=30%, signal=67%	
WP_PARKINSONS_DISEASE	WP_PARKINSONS_DISEASE		31	-0.4516776	-1.6032093	0.028571429	0.10817217	1.0	3803	tags=45%, list=25%, signal=60%	
REACTOME_REGULATION_OF_CDH11_FUNCTION	REACTOME_REGULATION_OF_CDH11_FUNCTION		6	-0.73261833	-1.6031797	0.024809161	0.107688256	1.0	3100	tags=67%, list=20%, signal=83%	
BIOCARTA_CELL2CELL_PATHWAY	BIOCARTA_CELL2CELL_PATHWAY		7	-0.68218535	-1.6026068	0.023166023	0.1076972	1.0	3673	tags=71%, list=24%, signal=94%	
BIOCARTA_BIOPEPTIDES_PATHWAY	BIOCARTA_BIOPEPTIDES_PATHWAY		24	-0.47515696	-1.600622	0.019713262	0.10885224	1.0	3726	tags=50%, list=24%, signal=66%	
REACTOME_POST_TRANSLATIONAL_MODIFICATION_SYNTHESIS_OF_GPI_ANCHORED_PROTEINS	REACTOME_POST_TRANSLATIONAL_MODIFICATION_SYNTHESIS_OF_GPI_ANCHORED_PROTEINS		46	-0.40733817	-1.5981433	0.016863406	0.110445656	1.0	2987	tags=37%, list=19%, signal=46%	
REACTOME_SPHINGOLIPID_METABOLISM	REACTOME_SPHINGOLIPID_METABOLISM		76	-0.36086354	-1.5977284	0.001754386	0.11033788	1.0	5132	tags=62%, list=33%, signal=92%	
REACTOME_ZINC_INFLUX_INTO_CELLS_BY_THE_SLC39_GENE_FAMILY	REACTOME_ZINC_INFLUX_INTO_CELLS_BY_THE_SLC39_GENE_FAMILY		7	-0.69382626	-1.5971304	0.022346368	0.11031662	1.0	3125	tags=71%, list=20%, signal=90%	
REACTOME_NEPHRIN_FAMILY_INTERACTIONS	REACTOME_NEPHRIN_FAMILY_INTERACTIONS		5	-0.7653797	-1.59383	0.01171875	0.11264815	1.0	901	tags=60%, list=6%, signal=64%	
REACTOME_G_ALPHA_Q_SIGNALLING_EVENTS	REACTOME_G_ALPHA_Q_SIGNALLING_EVENTS		108	-0.34559178	-1.5915712	0.0033167496	0.114179626	1.0	4813	tags=52%, list=31%, signal=75%	
REACTOME_L1CAM_INTERACTIONS	REACTOME_L1CAM_INTERACTIONS		57	-0.3834199	-1.5887326	0.0068728523	0.116269566	1.0	3612	tags=40%, list=23%, signal=53%	
WP_ONECARBON_METABOLISM_AND_RELATED_PATHWAYS	WP_ONECARBON_METABOLISM_AND_RELATED_PATHWAYS		37	-0.41765767	-1.5859381	0.01754386	0.11844865	1.0	3288	tags=43%, list=21%, signal=55%	
REACTOME_PECAM1_INTERACTIONS	REACTOME_PECAM1_INTERACTIONS		12	-0.5722047	-1.5846262	0.041970804	0.11913252	1.0	3907	tags=67%, list=25%, signal=89%	
REACTOME_GLUTATHIONE_CONJUGATION	REACTOME_GLUTATHIONE_CONJUGATION		29	-0.449414	-1.5809436	0.018867925	0.12194168	1.0	3866	tags=55%, list=25%, signal=73%	
REACTOME_KERATAN_SULFATE_KERATIN_METABOLISM	REACTOME_KERATAN_SULFATE_KERATIN_METABOLISM		23	-0.47845104	-1.579321	0.023214286	0.12308821	1.0	3996	tags=52%, list=26%, signal=70%	
REACTOME_TOLL_LIKE_RECEPTOR_CASCADES	REACTOME_TOLL_LIKE_RECEPTOR_CASCADES		138	-0.32566985	-1.5778632	0.001610306	0.123974405	1.0	3277	tags=35%, list=21%, signal=44%	
BIOCARTA_ERBB4_PATHWAY	BIOCARTA_ERBB4_PATHWAY		5	-0.76156294	-1.577365	0.036437247	0.123859756	1.0	2647	tags=60%, list=17%, signal=72%	
WP_FACTORS_AND_PATHWAYS_AFFECTING_INSULINLIKE_GROWTH_FACTOR_IGF1AKT_SIGNALING	WP_FACTORS_AND_PATHWAYS_AFFECTING_INSULINLIKE_GROWTH_FACTOR_IGF1AKT_SIGNALING		21	-0.49126115	-1.5742776	0.028142588	0.12620743	1.0	4141	tags=57%, list=27%, signal=78%	
REACTOME_RUNX3_REGULATES_WNT_SIGNALING	REACTOME_RUNX3_REGULATES_WNT_SIGNALING		5	-0.75592035	-1.5729334	0.02457467	0.12680316	1.0	3768	tags=100%, list=24%, signal=132%	
REACTOME_MET_ACTIVATES_PTK2_SIGNALING	REACTOME_MET_ACTIVATES_PTK2_SIGNALING		11	-0.5997967	-1.5720999	0.03874539	0.12715805	1.0	4424	tags=73%, list=29%, signal=102%	
REACTOME_SIGNALING_BY_PDGF	REACTOME_SIGNALING_BY_PDGF		34	-0.43059868	-1.5719875	0.027322404	0.12673181	1.0	4424	tags=50%, list=29%, signal=70%	
REACTOME_FCGR_ACTIVATION	REACTOME_FCGR_ACTIVATION		17	-0.5315013	-1.5718607	0.027675277	0.12634519	1.0	2214	tags=53%, list=14%, signal=62%	
REACTOME_NEGATIVE_REGULATION_OF_THE_PI3K_AKT_NETWORK	REACTOME_NEGATIVE_REGULATION_OF_THE_PI3K_AKT_NETWORK		78	-0.35845882	-1.5698116	0.010714286	0.12777232	1.0	4100	tags=42%, list=27%, signal=57%	
BIOCARTA_INFLAM_PATHWAY	BIOCARTA_INFLAM_PATHWAY		10	-0.5957404	-1.5687835	0.054744527	0.1282162	1.0	2566	tags=60%, list=17%, signal=72%	
REACTOME_SYNTHESIS_OF_BILE_ACIDS_AND_BILE_SALTS_VIA_7ALPHA_HYDROXYCHOLESTEROL	REACTOME_SYNTHESIS_OF_BILE_ACIDS_AND_BILE_SALTS_VIA_7ALPHA_HYDROXYCHOLESTEROL		9	-0.6132486	-1.5640818	0.03041825	0.13233979	1.0	2977	tags=56%, list=19%, signal=69%	
REACTOME_INTERLEUKIN_6_SIGNALING	REACTOME_INTERLEUKIN_6_SIGNALING		9	-0.61491776	-1.5625262	0.037366547	0.13334545	1.0	3346	tags=78%, list=22%, signal=99%	
WP_OXYLIPINS_PATHWAYS	WP_OXYLIPINS_PATHWAYS		17	-0.5128746	-1.5610278	0.032319393	0.13428196	1.0	6108	tags=71%, list=40%, signal=117%	
BIOCARTA_ARAP_PATHWAY	BIOCARTA_ARAP_PATHWAY		11	-0.5908085	-1.5609688	0.043809526	0.13376132	1.0	5393	tags=82%, list=35%, signal=126%	
REACTOME_DEATH_RECEPTOR_SIGNALING	REACTOME_DEATH_RECEPTOR_SIGNALING		125	-0.33003622	-1.5609548	0.003407155	0.13321733	1.0	3352	tags=32%, list=22%, signal=41%	
WP_CYTOKINES_AND_INFLAMMATORY_RESPONSE	WP_CYTOKINES_AND_INFLAMMATORY_RESPONSE		13	-0.5556479	-1.5606596	0.034798536	0.13290456	1.0	3539	tags=62%, list=23%, signal=80%	
REACTOME_REGULATION_OF_CDH11_EXPRESSION_AND_FUNCTION	REACTOME_REGULATION_OF_CDH11_EXPRESSION_AND_FUNCTION		9	-0.61237127	-1.5589632	0.04323308	0.13417193	1.0	3100	tags=67%, list=20%, signal=83%	
REACTOME_PEROXISOMAL_LIPID_METABOLISM	REACTOME_PEROXISOMAL_LIPID_METABOLISM		24	-0.4623625	-1.5588404	0.02851711	0.133758	1.0	3924	tags=42%, list=25%, signal=56%	
BIOCARTA_BLYMPHOCYTE_PATHWAY	BIOCARTA_BLYMPHOCYTE_PATHWAY		9	-0.6152874	-1.5568525	0.029962547	0.13512895	1.0	785	tags=44%, list=5%, signal=47%	
BIOCARTA_CBL_PATHWAY	BIOCARTA_CBL_PATHWAY		9	-0.6210121	-1.5561556	0.03633218	0.13518266	1.0	954	tags=33%, list=6%, signal=36%	
REACTOME_REACTIONS_SPECIFIC_TO_THE_COMPLEX_N_GLYCAN_SYNTHESIS_PATHWAY	REACTOME_REACTIONS_SPECIFIC_TO_THE_COMPLEX_N_GLYCAN_SYNTHESIS_PATHWAY		6	-0.71738964	-1.5556121	0.03047619	0.13513803	1.0	2204	tags=50%, list=14%, signal=58%	
BIOCARTA_BARRESTIN_SRC_PATHWAY	BIOCARTA_BARRESTIN_SRC_PATHWAY		13	-0.54009163	-1.5553923	0.04085603	0.13485411	1.0	4466	tags=69%, list=29%, signal=97%	
REACTOME_INTERACTION_BETWEEN_L1_AND_ANKYRINS	REACTOME_INTERACTION_BETWEEN_L1_AND_ANKYRINS		8	-0.6401758	-1.555347	0.04638219	0.1343394	1.0	5178	tags=88%, list=34%, signal=132%	
BIOCARTA_MSP_PATHWAY	BIOCARTA_MSP_PATHWAY		5	-0.73179	-1.5545833	0.0327553	0.13454135	1.0	3183	tags=80%, list=21%, signal=101%	
REACTOME_RHOB_GTPASE_CYCLE	REACTOME_RHOB_GTPASE_CYCLE		56	-0.37489057	-1.551795	0.012237762	0.13682963	1.0	3177	tags=38%, list=21%, signal=47%	
REACTOME_BH3_ONLY_PROTEINS_ASSOCIATE_WITH_AND_INACTIVATE_ANTI_APOPTOTIC_BCL_2_MEMBERS	REACTOME_BH3_ONLY_PROTEINS_ASSOCIATE_WITH_AND_INACTIVATE_ANTI_APOPTOTIC_BCL_2_MEMBERS		7	-0.66029304	-1.5515659	0.037109375	0.13649283	1.0	1867	tags=43%, list=12%, signal=49%	
REACTOME_TNF_RECEPTOR_SUPERFAMILY_TNFSF_MEMBERS_MEDIATING_NON_CANONICAL_NF_KB_PATHWAY	REACTOME_TNF_RECEPTOR_SUPERFAMILY_TNFSF_MEMBERS_MEDIATING_NON_CANONICAL_NF_KB_PATHWAY		16	-0.51390827	-1.5513493	0.03960396	0.13617638	1.0	2400	tags=44%, list=16%, signal=52%	
WP_NEURAL_CREST_DIFFERENTIATION	WP_NEURAL_CREST_DIFFERENTIATION		46	-0.39520788	-1.5504756	0.028021015	0.13637792	1.0	1793	tags=24%, list=12%, signal=27%	
BIOCARTA_TOB1_PATHWAY	BIOCARTA_TOB1_PATHWAY		17	-0.5085336	-1.549281	0.04612546	0.1370978	1.0	4075	tags=71%, list=26%, signal=96%	
REACTOME_TRANSPORT_OF_RCBL_WITHIN_THE_BODY	REACTOME_TRANSPORT_OF_RCBL_WITHIN_THE_BODY		6	-0.70634353	-1.5484024	0.030364372	0.13739766	1.0	1631	tags=50%, list=11%, signal=56%	
REACTOME_SEMA3A_PAK_DEPENDENT_AXON_REPULSION	REACTOME_SEMA3A_PAK_DEPENDENT_AXON_REPULSION		11	-0.5757316	-1.5475094	0.05222437	0.13769224	1.0	1564	tags=36%, list=10%, signal=40%	
REACTOME_COPI_MEDIATED_ANTEROGRADE_TRANSPORT	REACTOME_COPI_MEDIATED_ANTEROGRADE_TRANSPORT		86	-0.34890807	-1.5473489	0.019332161	0.13726756	1.0	5487	tags=57%, list=36%, signal=88%	
BIOCARTA_REELIN_PATHWAY	BIOCARTA_REELIN_PATHWAY		5	-0.7459133	-1.5448185	0.031894933	0.13931352	1.0	2673	tags=60%, list=17%, signal=73%	
REACTOME_GENERATION_OF_SECOND_MESSENGER_MOLECULES	REACTOME_GENERATION_OF_SECOND_MESSENGER_MOLECULES		27	-0.45182985	-1.5443926	0.038394414	0.13918987	1.0	4545	tags=59%, list=29%, signal=84%	
REACTOME_DISSOLUTION_OF_FIBRIN_CLOT	REACTOME_DISSOLUTION_OF_FIBRIN_CLOT		8	-0.6408931	-1.5406783	0.039325844	0.1423442	1.0	1590	tags=25%, list=10%, signal=28%	
REACTOME_SPHINGOLIPID_CATABOLISM	REACTOME_SPHINGOLIPID_CATABOLISM		11	-0.5906841	-1.5403795	0.035650622	0.14214307	1.0	1575	tags=36%, list=10%, signal=40%	
REACTOME_NGF_STIMULATED_TRANSCRIPTION	REACTOME_NGF_STIMULATED_TRANSCRIPTION		6	-0.6850722	-1.5366485	0.04914934	0.14532211	1.0	453	tags=33%, list=3%, signal=34%	
REACTOME_REGULATION_OF_SIGNALING_BY_CBL	REACTOME_REGULATION_OF_SIGNALING_BY_CBL		22	-0.46664375	-1.5352238	0.042477876	0.14621672	1.0	2045	tags=36%, list=13%, signal=42%	
WP_NUCLEAR_RECEPTORS	WP_NUCLEAR_RECEPTORS		20	-0.47729474	-1.5348089	0.04152249	0.14611751	1.0	4971	tags=65%, list=32%, signal=96%	
BIOCARTA_RECK_PATHWAY	BIOCARTA_RECK_PATHWAY		5	-0.76052684	-1.5339876	0.03244275	0.14644958	1.0	3697	tags=100%, list=24%, signal=131%	
REACTOME_BICARBONATE_TRANSPORTERS	REACTOME_BICARBONATE_TRANSPORTERS		7	-0.6653752	-1.532806	0.037109375	0.14720708	1.0	2183	tags=43%, list=14%, signal=50%	
REACTOME_GLYCOSPHINGOLIPID_METABOLISM	REACTOME_GLYCOSPHINGOLIPID_METABOLISM		42	-0.40360326	-1.5292202	0.016363636	0.15040202	1.0	4441	tags=62%, list=29%, signal=87%	
WP_HYPOXIADEPENDENT_DIFFERENTIATION_OF_MYOBLASTS	WP_HYPOXIADEPENDENT_DIFFERENTIATION_OF_MYOBLASTS		9	-0.60981166	-1.5290985	0.05263158	0.14999735	1.0	2427	tags=56%, list=16%, signal=66%	
REACTOME_SIGNALING_BY_TYPE_1_INSULIN_LIKE_GROWTH_FACTOR_1_RECEPTOR_IGF1R	REACTOME_SIGNALING_BY_TYPE_1_INSULIN_LIKE_GROWTH_FACTOR_1_RECEPTOR_IGF1R		24	-0.45442373	-1.5286188	0.037243947	0.149903	1.0	2672	tags=38%, list=17%, signal=45%	
REACTOME_KERATAN_SULFATE_DEGRADATION	REACTOME_KERATAN_SULFATE_DEGRADATION		6	-0.6928014	-1.527862	0.049618322	0.15019213	1.0	1630	tags=50%, list=11%, signal=56%	
BIOCARTA_UCALPAIN_PATHWAY	BIOCARTA_UCALPAIN_PATHWAY		10	-0.5745952	-1.5270708	0.047984645	0.15048066	1.0	1211	tags=30%, list=8%, signal=33%	
REACTOME_SYNTHESIS_OF_GDP_MANNOSE	REACTOME_SYNTHESIS_OF_GDP_MANNOSE		6	-0.69587666	-1.5255233	0.05212355	0.15148221	1.0	1626	tags=50%, list=11%, signal=56%	
REACTOME_GAMMA_CARBOXYLATION_TRANSPORT_AND_AMINO_TERMINAL_CLEAVAGE_OF_PROTEINS	REACTOME_GAMMA_CARBOXYLATION_TRANSPORT_AND_AMINO_TERMINAL_CLEAVAGE_OF_PROTEINS		6	-0.7030039	-1.5253757	0.051485147	0.15107144	1.0	4355	tags=67%, list=28%, signal=93%	
WP_EICOSANOID_METABOLISM_VIA_LIPOXYGENASES_LOX	WP_EICOSANOID_METABOLISM_VIA_LIPOXYGENASES_LOX		20	-0.48495927	-1.5238119	0.04074074	0.15231372	1.0	3369	tags=45%, list=22%, signal=58%	
WP_IL1_SIGNALING_PATHWAY	WP_IL1_SIGNALING_PATHWAY		36	-0.40526843	-1.5232197	0.027777778	0.1523911	1.0	4100	tags=47%, list=27%, signal=64%	
BIOCARTA_AMAN_PATHWAY	BIOCARTA_AMAN_PATHWAY		6	-0.6972952	-1.5230497	0.046728972	0.15199131	1.0	3629	tags=67%, list=24%, signal=87%	
BIOCARTA_TCR_PATHWAY	BIOCARTA_TCR_PATHWAY		40	-0.39350247	-1.5222259	0.030303031	0.1523125	1.0	4140	tags=48%, list=27%, signal=65%	
BIOCARTA_IL22BP_PATHWAY	BIOCARTA_IL22BP_PATHWAY		9	-0.60271204	-1.5206579	0.058601134	0.1534497	1.0	2415	tags=67%, list=16%, signal=79%	
BIOCARTA_NTHI_PATHWAY	BIOCARTA_NTHI_PATHWAY		22	-0.46180907	-1.5186737	0.044169612	0.15493226	1.0	3183	tags=50%, list=21%, signal=63%	
BIOCARTA_LECTIN_PATHWAY	BIOCARTA_LECTIN_PATHWAY		5	-0.71524036	-1.5179696	0.04708098	0.15515225	1.0	4395	tags=100%, list=29%, signal=140%	
REACTOME_RAC3_GTPASE_CYCLE	REACTOME_RAC3_GTPASE_CYCLE		78	-0.34185392	-1.5164487	0.017094018	0.15616427	1.0	3071	tags=33%, list=20%, signal=41%	
REACTOME_O_LINKED_GLYCOSYLATION	REACTOME_O_LINKED_GLYCOSYLATION		59	-0.36336562	-1.514017	0.035650622	0.15816443	1.0	4963	tags=49%, list=32%, signal=72%	
BIOCARTA_IFNA_PATHWAY	BIOCARTA_IFNA_PATHWAY		7	-0.6498936	-1.5138842	0.04595588	0.15775439	1.0	2604	tags=57%, list=17%, signal=69%	
BIOCARTA_NUCLEARRS_PATHWAY	BIOCARTA_NUCLEARRS_PATHWAY		13	-0.541771	-1.5137612	0.047169812	0.15732776	1.0	1565	tags=46%, list=10%, signal=51%	
REACTOME_PLATELET_SENSITIZATION_BY_LDL	REACTOME_PLATELET_SENSITIZATION_BY_LDL		16	-0.49658433	-1.5131342	0.053254437	0.15740308	1.0	3907	tags=63%, list=25%, signal=84%	
REACTOME_SYNTHESIS_OF_PIPS_AT_THE_PLASMA_MEMBRANE	REACTOME_SYNTHESIS_OF_PIPS_AT_THE_PLASMA_MEMBRANE		48	-0.38490322	-1.5092329	0.029209621	0.16087551	1.0	4740	tags=42%, list=31%, signal=60%	
REACTOME_ACYL_CHAIN_REMODELLING_OF_PC	REACTOME_ACYL_CHAIN_REMODELLING_OF_PC		16	-0.50166184	-1.508927	0.05214153	0.16065718	1.0	3483	tags=50%, list=23%, signal=65%	
REACTOME_SENSORY_PERCEPTION	REACTOME_SENSORY_PERCEPTION		47	-0.38399506	-1.5055931	0.030303031	0.16377124	1.0	2705	tags=34%, list=18%, signal=41%	
REACTOME_ELEVATION_OF_CYTOSOLIC_CA2_LEVELS	REACTOME_ELEVATION_OF_CYTOSOLIC_CA2_LEVELS		6	-0.6864781	-1.5053015	0.06378987	0.16353483	1.0	4839	tags=100%, list=31%, signal=146%	
REACTOME_SYNTHESIS_OF_PYROPHOSPHATES_IN_THE_CYTOSOL	REACTOME_SYNTHESIS_OF_PYROPHOSPHATES_IN_THE_CYTOSOL		8	-0.6256327	-1.505153	0.0455408	0.16309264	1.0	5778	tags=100%, list=37%, signal=160%	
REACTOME_TOLL_LIKE_RECEPTOR_4_TLR4_CASCADE	REACTOME_TOLL_LIKE_RECEPTOR_4_TLR4_CASCADE		112	-0.32142064	-1.5016114	0.006546645	0.16639729	1.0	3158	tags=34%, list=20%, signal=42%	
BIOCARTA_INTEGRIN_PATHWAY	BIOCARTA_INTEGRIN_PATHWAY		30	-0.42045373	-1.4999547	0.032258064	0.16750704	1.0	4759	tags=50%, list=31%, signal=72%	
WP_EICOSANOID_METABOLISM_VIA_CYCLOOXYGENASES_COX	WP_EICOSANOID_METABOLISM_VIA_CYCLOOXYGENASES_COX		20	-0.4724695	-1.4992728	0.041894354	0.16772231	1.0	5058	tags=55%, list=33%, signal=82%	
REACTOME_HDL_REMODELING	REACTOME_HDL_REMODELING		5	-0.7173814	-1.4977232	0.056	0.16881831	1.0	4362	tags=100%, list=28%, signal=139%	
BIOCARTA_CHEMICAL_PATHWAY	BIOCARTA_CHEMICAL_PATHWAY		18	-0.47471774	-1.4967142	0.055028465	0.16933475	1.0	808	tags=22%, list=5%, signal=23%	
REACTOME_RHO_GTPASES_ACTIVATE_IQGAPS	REACTOME_RHO_GTPASES_ACTIVATE_IQGAPS		26	-0.43864357	-1.4967083	0.038062282	0.16876915	1.0	3920	tags=54%, list=25%, signal=72%	
REACTOME_TOLL_LIKE_RECEPTOR_9_TLR9_CASCADE	REACTOME_TOLL_LIKE_RECEPTOR_9_TLR9_CASCADE		95	-0.32873163	-1.4963975	0.0052083335	0.16859393	1.0	3257	tags=36%, list=21%, signal=45%	
REACTOME_G_ALPHA_I_SIGNALLING_EVENTS	REACTOME_G_ALPHA_I_SIGNALLING_EVENTS		140	-0.31028238	-1.4963071	0.007800312	0.16813363	1.0	2673	tags=28%, list=17%, signal=33%	
REACTOME_CLATHRIN_MEDIATED_ENDOCYTOSIS	REACTOME_CLATHRIN_MEDIATED_ENDOCYTOSIS		114	-0.32075763	-1.4955217	0.009677419	0.1685023	1.0	4156	tags=37%, list=27%, signal=50%	
REACTOME_ASPARTATE_AND_ASPARAGINE_METABOLISM	REACTOME_ASPARTATE_AND_ASPARAGINE_METABOLISM		6	-0.6700044	-1.4942589	0.071428575	0.16928989	1.0	1578	tags=50%, list=10%, signal=56%	
REACTOME_INTERFERON_SIGNALING	REACTOME_INTERFERON_SIGNALING		117	-0.3190328	-1.4911934	0.010067114	0.17213632	1.0	2794	tags=29%, list=18%, signal=35%	
BIOCARTA_GATA3_PATHWAY	BIOCARTA_GATA3_PATHWAY		11	-0.55863214	-1.4910576	0.06500956	0.17170505	1.0	4917	tags=64%, list=32%, signal=93%	
REACTOME_TRANS_GOLGI_NETWORK_VESICLE_BUDDING	REACTOME_TRANS_GOLGI_NETWORK_VESICLE_BUDDING		66	-0.35366237	-1.4871827	0.025167786	0.1754511	1.0	2360	tags=27%, list=15%, signal=32%	
REACTOME_RHOQ_GTPASE_CYCLE	REACTOME_RHOQ_GTPASE_CYCLE		52	-0.3697771	-1.4862882	0.02749141	0.17588317	1.0	4193	tags=48%, list=27%, signal=66%	
BIOCARTA_CSK_PATHWAY	BIOCARTA_CSK_PATHWAY		15	-0.49955204	-1.4862013	0.04206501	0.17542249	1.0	4524	tags=67%, list=29%, signal=94%	
REACTOME_TGFBR3_PTM_REGULATION	REACTOME_TGFBR3_PTM_REGULATION		8	-0.6157853	-1.4855618	0.076481834	0.17565301	1.0	2808	tags=63%, list=18%, signal=76%	
REACTOME_MET_PROMOTES_CELL_MOTILITY	REACTOME_MET_PROMOTES_CELL_MOTILITY		22	-0.44975466	-1.4849135	0.052823316	0.17592138	1.0	4759	tags=64%, list=31%, signal=92%	
REACTOME_RHOA_GTPASE_CYCLE	REACTOME_RHOA_GTPASE_CYCLE		118	-0.31787497	-1.4847019	0.012924071	0.17559315	1.0	5150	tags=47%, list=33%, signal=71%	
REACTOME_GOLGI_ASSOCIATED_VESICLE_BIOGENESIS	REACTOME_GOLGI_ASSOCIATED_VESICLE_BIOGENESIS		52	-0.3707487	-1.4844179	0.024305556	0.17537285	1.0	2360	tags=31%, list=15%, signal=36%	
REACTOME_MHC_CLASS_II_ANTIGEN_PRESENTATION	REACTOME_MHC_CLASS_II_ANTIGEN_PRESENTATION		103	-0.32357985	-1.4832737	0.0031948881	0.17607413	1.0	4243	tags=36%, list=28%, signal=49%	
REACTOME_GAMMA_CARBOXYLATION_OF_PROTEIN_PRECURSORS	REACTOME_GAMMA_CARBOXYLATION_OF_PROTEIN_PRECURSORS		5	-0.70750636	-1.4831349	0.05859375	0.1756777	1.0	1513	tags=40%, list=10%, signal=44%	
WP_SELENIUM_MICRONUTRIENT_NETWORK	WP_SELENIUM_MICRONUTRIENT_NETWORK		18	-0.4792506	-1.4807231	0.06422018	0.17784481	1.0	3369	tags=67%, list=22%, signal=85%	
REACTOME_ANTIGEN_PROCESSING_CROSS_PRESENTATION	REACTOME_ANTIGEN_PROCESSING_CROSS_PRESENTATION		77	-0.3368456	-1.4790891	0.019264448	0.17907318	1.0	4411	tags=40%, list=29%, signal=56%	
REACTOME_COSTIMULATION_BY_THE_CD28_FAMILY	REACTOME_COSTIMULATION_BY_THE_CD28_FAMILY		65	-0.3443596	-1.4768109	0.031141868	0.18123902	1.0	4100	tags=48%, list=27%, signal=65%	
REACTOME_NR1H2_NR1H3_REGULATE_GENE_EXPRESSION_TO_CONTROL_BILE_ACID_HOMEOSTASIS	REACTOME_NR1H2_NR1H3_REGULATE_GENE_EXPRESSION_TO_CONTROL_BILE_ACID_HOMEOSTASIS		6	-0.6705666	-1.4757825	0.056497175	0.18199587	1.0	4381	tags=83%, list=28%, signal=116%	
REACTOME_ROS_AND_RNS_PRODUCTION_IN_PHAGOCYTES	REACTOME_ROS_AND_RNS_PRODUCTION_IN_PHAGOCYTES		29	-0.4210414	-1.4749042	0.04	0.1825661	1.0	4899	tags=55%, list=32%, signal=81%	
BIOCARTA_MONOCYTE_PATHWAY	BIOCARTA_MONOCYTE_PATHWAY		11	-0.5407366	-1.4707165	0.08646616	0.18689089	1.0	826	tags=45%, list=5%, signal=48%	
REACTOME_PKR_MEDIATED_SIGNALING	REACTOME_PKR_MEDIATED_SIGNALING		60	-0.3544265	-1.4701651	0.02233677	0.18705986	1.0	3252	tags=35%, list=21%, signal=44%	
WP_GPCRS_OTHER	WP_GPCRS_OTHER		28	-0.41260955	-1.4670087	0.036906853	0.1904414	1.0	1874	tags=32%, list=12%, signal=37%	
REACTOME_RECYCLING_PATHWAY_OF_L1	REACTOME_RECYCLING_PATHWAY_OF_L1		31	-0.41271773	-1.4653715	0.04020979	0.19184896	1.0	3535	tags=42%, list=23%, signal=54%	
BIOCARTA_ION_PATHWAY	BIOCARTA_ION_PATHWAY		5	-0.72331953	-1.465132	0.06481481	0.19151083	1.0	3727	tags=60%, list=24%, signal=79%	
REACTOME_O_GLYCOSYLATION_OF_TSR_DOMAIN_CONTAINING_PROTEINS	REACTOME_O_GLYCOSYLATION_OF_TSR_DOMAIN_CONTAINING_PROTEINS		15	-0.4982612	-1.4647031	0.06451613	0.19145997	1.0	2685	tags=33%, list=17%, signal=40%	
BIOCARTA_EICOSANOID_PATHWAY	BIOCARTA_EICOSANOID_PATHWAY		16	-0.4964483	-1.4637318	0.053016454	0.19209486	1.0	4607	tags=50%, list=30%, signal=71%	
WP_RETINOL_METABOLISM	WP_RETINOL_METABOLISM		16	-0.493665	-1.4620858	0.06122449	0.19359133	1.0	2970	tags=50%, list=19%, signal=62%	
REACTOME_GLYCOSPHINGOLIPID_CATABOLISM	REACTOME_GLYCOSPHINGOLIPID_CATABOLISM		27	-0.4237462	-1.4618398	0.04812834	0.19333324	1.0	4441	tags=63%, list=29%, signal=88%	
REACTOME_CELLULAR_HEXOSE_TRANSPORT	REACTOME_CELLULAR_HEXOSE_TRANSPORT		12	-0.52336955	-1.4586147	0.07557118	0.1968364	1.0	4903	tags=67%, list=32%, signal=98%	
REACTOME_INWARDLY_RECTIFYING_K_CHANNELS	REACTOME_INWARDLY_RECTIFYING_K_CHANNELS		18	-0.47325456	-1.4584444	0.059386972	0.19643648	1.0	1853	tags=33%, list=12%, signal=38%	
WP_NOTCH_SIGNALING_PATHWAY	WP_NOTCH_SIGNALING_PATHWAY		42	-0.37682346	-1.4582816	0.046551723	0.19606757	1.0	1982	tags=26%, list=13%, signal=30%	
BIOCARTA_BAD_PATHWAY	BIOCARTA_BAD_PATHWAY		21	-0.45036718	-1.4574705	0.053308822	0.19652553	1.0	4524	tags=48%, list=29%, signal=67%	
REACTOME_IRS_MEDIATED_SIGNALLING	REACTOME_IRS_MEDIATED_SIGNALLING		21	-0.45802885	-1.45689	0.053113554	0.1966094	1.0	2241	tags=33%, list=15%, signal=39%	
REACTOME_INTERLEUKIN_27_SIGNALING	REACTOME_INTERLEUKIN_27_SIGNALING		8	-0.6060937	-1.4559804	0.08892922	0.19711456	1.0	2430	tags=75%, list=16%, signal=89%	
REACTOME_SIGNALING_BY_NTRKS	REACTOME_SIGNALING_BY_NTRKS		65	-0.34301433	-1.4551841	0.03202847	0.19751193	1.0	4466	tags=43%, list=29%, signal=60%	
REACTOME_SIGNALING_BY_SCF_KIT	REACTOME_SIGNALING_BY_SCF_KIT		34	-0.39394298	-1.4533513	0.042955328	0.19917475	1.0	2045	tags=35%, list=13%, signal=41%	
REACTOME_MET_ACTIVATES_PTPN11	REACTOME_MET_ACTIVATES_PTPN11		5	-0.7030298	-1.4520867	0.06262231	0.20001708	1.0	3967	tags=80%, list=26%, signal=108%	
REACTOME_SIGNALING_BY_MET	REACTOME_SIGNALING_BY_MET		57	-0.3572789	-1.4499167	0.037996545	0.20212612	1.0	3697	tags=37%, list=24%, signal=48%	
WP_CHOLESTEROL_METABOLISM_WITH_BLOCH_AND_KANDUTSCHRUSSELL_PATHWAYS	WP_CHOLESTEROL_METABOLISM_WITH_BLOCH_AND_KANDUTSCHRUSSELL_PATHWAYS		45	-0.36974752	-1.4498901	0.057996485	0.2015499	1.0	3211	tags=36%, list=21%, signal=45%	
REACTOME_BETA_OXIDATION_OF_PRISTANOYL_COA	REACTOME_BETA_OXIDATION_OF_PRISTANOYL_COA		8	-0.6030553	-1.4498175	0.07279693	0.20106414	1.0	3924	tags=63%, list=25%, signal=84%	
REACTOME_NEURONAL_SYSTEM	REACTOME_NEURONAL_SYSTEM		158	-0.2955934	-1.4495957	0.008130081	0.20069012	1.0	3915	tags=34%, list=25%, signal=45%	
REACTOME_MAPK_FAMILY_SIGNALING_CASCADES	REACTOME_MAPK_FAMILY_SIGNALING_CASCADES		233	-0.27716854	-1.4493417	0.0030864198	0.20042573	1.0	4254	tags=35%, list=28%, signal=48%	
REACTOME_INTRA_GOLGI_TRAFFIC	REACTOME_INTRA_GOLGI_TRAFFIC		34	-0.38745993	-1.4492505	0.057971016	0.19994447	1.0	5303	tags=59%, list=34%, signal=89%	
REACTOME_COPI_INDEPENDENT_GOLGI_TO_ER_RETROGRADE_TRAFFIC	REACTOME_COPI_INDEPENDENT_GOLGI_TO_ER_RETROGRADE_TRAFFIC		42	-0.3751566	-1.449163	0.039076377	0.19944994	1.0	4243	tags=45%, list=28%, signal=62%	
REACTOME_INTERFERON_ALPHA_BETA_SIGNALING	REACTOME_INTERFERON_ALPHA_BETA_SIGNALING		20	-0.45651236	-1.4463744	0.049001817	0.20211256	1.0	2662	tags=40%, list=17%, signal=48%	
BIOCARTA_ERYTH_PATHWAY	BIOCARTA_ERYTH_PATHWAY		6	-0.6657484	-1.4439305	0.07386363	0.20474857	1.0	2672	tags=67%, list=17%, signal=81%	
BIOCARTA_IL6_PATHWAY	BIOCARTA_IL6_PATHWAY		22	-0.4337252	-1.4433848	0.05699482	0.20484902	1.0	3697	tags=50%, list=24%, signal=66%	
REACTOME_RECEPTOR_TYPE_TYROSINE_PROTEIN_PHOSPHATASES	REACTOME_RECEPTOR_TYPE_TYROSINE_PROTEIN_PHOSPHATASES		8	-0.59735507	-1.4426274	0.08097929	0.20516923	1.0	6058	tags=88%, list=39%, signal=144%	
REACTOME_ABC_TRANSPORTERS_IN_LIPID_HOMEOSTASIS	REACTOME_ABC_TRANSPORTERS_IN_LIPID_HOMEOSTASIS		12	-0.5346344	-1.4389945	0.08592322	0.20902275	1.0	2396	tags=58%, list=16%, signal=69%	
REACTOME_REGULATION_OF_RUNX1_EXPRESSION_AND_ACTIVITY	REACTOME_REGULATION_OF_RUNX1_EXPRESSION_AND_ACTIVITY		7	-0.6070383	-1.4381075	0.07434944	0.20959637	1.0	5590	tags=86%, list=36%, signal=134%	
REACTOME_CELL_EXTRACELLULAR_MATRIX_INTERACTIONS	REACTOME_CELL_EXTRACELLULAR_MATRIX_INTERACTIONS		12	-0.5433373	-1.4376321	0.0742115	0.20956285	1.0	5440	tags=67%, list=35%, signal=103%	
REACTOME_HYALURONAN_METABOLISM	REACTOME_HYALURONAN_METABOLISM		12	-0.51452816	-1.4372864	0.076241136	0.20942159	1.0	3248	tags=50%, list=21%, signal=63%	
REACTOME_HSP90_CHAPERONE_CYCLE_FOR_STEROID_HORMONE_RECEPTORS_SHR_IN_THE_PRESENCE_OF_LIGAND	REACTOME_HSP90_CHAPERONE_CYCLE_FOR_STEROID_HORMONE_RECEPTORS_SHR_IN_THE_PRESENCE_OF_LIGAND		45	-0.36798272	-1.4359627	0.047872342	0.21040663	1.0	4243	tags=40%, list=28%, signal=55%	
REACTOME_EPHRIN_SIGNALING	REACTOME_EPHRIN_SIGNALING		13	-0.5070287	-1.4350864	0.08592322	0.21097904	1.0	3515	tags=46%, list=23%, signal=60%	
REACTOME_LYSOSOME_VESICLE_BIOGENESIS	REACTOME_LYSOSOME_VESICLE_BIOGENESIS		30	-0.40749234	-1.4345518	0.059149724	0.21111159	1.0	3563	tags=37%, list=23%, signal=48%	
REACTOME_ACTIVATION_OF_C3_AND_C5	REACTOME_ACTIVATION_OF_C3_AND_C5		5	-0.68159664	-1.4341791	0.075367644	0.21107328	1.0	4196	tags=80%, list=27%, signal=110%	
REACTOME_SIGNALING_BY_PTK6	REACTOME_SIGNALING_BY_PTK6		41	-0.3751801	-1.4340818	0.05952381	0.21061026	1.0	4100	tags=41%, list=27%, signal=56%	
BIOCARTA_IL4_PATHWAY	BIOCARTA_IL4_PATHWAY		9	-0.5657421	-1.4314368	0.08795411	0.21329923	1.0	1503	tags=33%, list=10%, signal=37%	
REACTOME_INTRA_GOLGI_AND_RETROGRADE_GOLGI_TO_ER_TRAFFIC	REACTOME_INTRA_GOLGI_AND_RETROGRADE_GOLGI_TO_ER_TRAFFIC		167	-0.28687057	-1.4254107	0.01104101	0.22010598	1.0	5130	tags=42%, list=33%, signal=62%	
REACTOME_INTERLEUKIN_2_SIGNALING	REACTOME_INTERLEUKIN_2_SIGNALING		10	-0.5537676	-1.4250938	0.10192308	0.21984504	1.0	2176	tags=50%, list=14%, signal=58%	
REACTOME_TRANSPORT_OF_VITAMINS_NUCLEOSIDES_AND_RELATED_MOLECULES	REACTOME_TRANSPORT_OF_VITAMINS_NUCLEOSIDES_AND_RELATED_MOLECULES		28	-0.40211686	-1.4222963	0.05818182	0.22286583	1.0	4542	tags=54%, list=29%, signal=76%	
REACTOME_LAMININ_INTERACTIONS	REACTOME_LAMININ_INTERACTIONS		9	-0.5578965	-1.4221517	0.064638786	0.22239503	1.0	6344	tags=78%, list=41%, signal=132%	
REACTOME_ER_TO_GOLGI_ANTEROGRADE_TRANSPORT	REACTOME_ER_TO_GOLGI_ANTEROGRADE_TRANSPORT		136	-0.295118	-1.4212065	0.02208202	0.22305548	1.0	5178	tags=49%, list=34%, signal=74%	
WP_EICOSANOID_LIPID_SYNTHESIS_MAP	WP_EICOSANOID_LIPID_SYNTHESIS_MAP		7	-0.6190897	-1.4210141	0.092843324	0.222661	1.0	3369	tags=57%, list=22%, signal=73%	
BIOCARTA_CB1R_PATHWAY	BIOCARTA_CB1R_PATHWAY		5	-0.686457	-1.4207854	0.104166664	0.22234465	1.0	2172	tags=60%, list=14%, signal=70%	
REACTOME_SYNTHESIS_OF_LIPOXINS_LX	REACTOME_SYNTHESIS_OF_LIPOXINS_LX		5	-0.67497045	-1.4204062	0.10861423	0.22222304	1.0	3369	tags=60%, list=22%, signal=77%	
BIOCARTA_LYMPHOCYTE_PATHWAY	BIOCARTA_LYMPHOCYTE_PATHWAY		9	-0.56183565	-1.4196736	0.1194853	0.22252586	1.0	785	tags=44%, list=5%, signal=47%	
REACTOME_RHOU_GTPASE_CYCLE	REACTOME_RHOU_GTPASE_CYCLE		37	-0.37562102	-1.4196663	0.05860806	0.22192512	1.0	5995	tags=62%, list=39%, signal=101%	
BIOCARTA_RELA_PATHWAY	BIOCARTA_RELA_PATHWAY		15	-0.4865435	-1.4195786	0.08844765	0.22145532	1.0	3158	tags=47%, list=20%, signal=59%	
REACTOME_AZATHIOPRINE_ADME	REACTOME_AZATHIOPRINE_ADME		19	-0.45327985	-1.4163924	0.0866426	0.22509561	1.0	3871	tags=53%, list=25%, signal=70%	
REACTOME_REGULATION_OF_MITF_M_DEPENDENT_GENES_INVOLVED_IN_CELL_CYCLE_AND_PROLIFERATION	REACTOME_REGULATION_OF_MITF_M_DEPENDENT_GENES_INVOLVED_IN_CELL_CYCLE_AND_PROLIFERATION		7	-0.62369466	-1.4162147	0.1124031	0.22469527	1.0	4579	tags=86%, list=30%, signal=122%	
REACTOME_UREA_CYCLE	REACTOME_UREA_CYCLE		6	-0.6394472	-1.4156915	0.09056604	0.22478239	1.0	2525	tags=50%, list=16%, signal=60%	
REACTOME_TIE2_SIGNALING	REACTOME_TIE2_SIGNALING		12	-0.5132572	-1.4151196	0.09869646	0.22487292	1.0	1991	tags=42%, list=13%, signal=48%	
BIOCARTA_STAT3_PATHWAY	BIOCARTA_STAT3_PATHWAY		8	-0.57835996	-1.4145107	0.09594096	0.22522	1.0	1663	tags=50%, list=11%, signal=56%	
REACTOME_SYNTHESIS_OF_BILE_ACIDS_AND_BILE_SALTS	REACTOME_SYNTHESIS_OF_BILE_ACIDS_AND_BILE_SALTS		17	-0.46187195	-1.4144858	0.075925924	0.2246555	1.0	2977	tags=41%, list=19%, signal=51%	
BIOCARTA_MEF2D_PATHWAY	BIOCARTA_MEF2D_PATHWAY		15	-0.48407388	-1.4120816	0.08938547	0.22722887	1.0	456	tags=20%, list=3%, signal=21%	
REACTOME_PHASE_I_FUNCTIONALIZATION_OF_COMPOUNDS	REACTOME_PHASE_I_FUNCTIONALIZATION_OF_COMPOUNDS		44	-0.3574836	-1.4088533	0.052539404	0.23102796	1.0	3389	tags=41%, list=22%, signal=52%	
WP_MIR193A_AND_MVP_IN_COLON_CANCER_METASTASIS	WP_MIR193A_AND_MVP_IN_COLON_CANCER_METASTASIS		6	-0.63751477	-1.4083433	0.10646388	0.23112401	1.0	5302	tags=83%, list=34%, signal=127%	
REACTOME_OTHER_INTERLEUKIN_SIGNALING	REACTOME_OTHER_INTERLEUKIN_SIGNALING		12	-0.51361555	-1.407625	0.0953271	0.23149599	1.0	5324	tags=75%, list=35%, signal=114%	
BIOCARTA_P38MAPK_PATHWAY	BIOCARTA_P38MAPK_PATHWAY		30	-0.3950103	-1.4074286	0.060822897	0.23112388	1.0	4567	tags=50%, list=30%, signal=71%	
REACTOME_BIOSYNTHESIS_OF_EPA_DERIVED_SPMS	REACTOME_BIOSYNTHESIS_OF_EPA_DERIVED_SPMS		6	-0.63993555	-1.4071121	0.08490566	0.23094448	1.0	5531	tags=83%, list=36%, signal=130%	
BIOCARTA_SPRY_PATHWAY	BIOCARTA_SPRY_PATHWAY		14	-0.4807896	-1.406823	0.0882353	0.23072752	1.0	3697	tags=50%, list=24%, signal=66%	
REACTOME_RHOH_GTPASE_CYCLE	REACTOME_RHOH_GTPASE_CYCLE		31	-0.38971716	-1.4068105	0.06495727	0.23013596	1.0	4070	tags=48%, list=26%, signal=66%	
REACTOME_G_ALPHA_12_13_SIGNALLING_EVENTS	REACTOME_G_ALPHA_12_13_SIGNALLING_EVENTS		61	-0.34031695	-1.4051718	0.05372617	0.23166671	1.0	2238	tags=26%, list=15%, signal=31%	
REACTOME_PHASE_4_RESTING_MEMBRANE_POTENTIAL	REACTOME_PHASE_4_RESTING_MEMBRANE_POTENTIAL		7	-0.60719305	-1.4039527	0.09270217	0.23257957	1.0	1579	tags=43%, list=10%, signal=48%	
REACTOME_TRANSCRIPTIONAL_REGULATION_BY_MECP2	REACTOME_TRANSCRIPTIONAL_REGULATION_BY_MECP2		5	-0.6779878	-1.4017212	0.11992263	0.23498717	1.0	4579	tags=80%, list=30%, signal=114%	
REACTOME_INTERLEUKIN_15_SIGNALING	REACTOME_INTERLEUKIN_15_SIGNALING		11	-0.51819444	-1.3993273	0.11454546	0.2377381	1.0	2176	tags=45%, list=14%, signal=53%	
REACTOME_G_ALPHA_S_SIGNALLING_EVENTS	REACTOME_G_ALPHA_S_SIGNALLING_EVENTS		60	-0.33764416	-1.397899	0.04152249	0.2391774	1.0	4607	tags=47%, list=30%, signal=66%	
REACTOME_REGULATION_OF_MITF_M_DEPENDENT_GENES_INVOLVED_IN_PIGMENTATION	REACTOME_REGULATION_OF_MITF_M_DEPENDENT_GENES_INVOLVED_IN_PIGMENTATION		5	-0.6754039	-1.3960263	0.086	0.2411856	1.0	5009	tags=100%, list=32%, signal=148%	
REACTOME_SYNTHESIS_OF_BILE_ACIDS_AND_BILE_SALTS_VIA_27_HYDROXYCHOLESTEROL	REACTOME_SYNTHESIS_OF_BILE_ACIDS_AND_BILE_SALTS_VIA_27_HYDROXYCHOLESTEROL		5	-0.6703742	-1.3947116	0.11494253	0.24244416	1.0	2520	tags=60%, list=16%, signal=72%	
REACTOME_COMMON_PATHWAY_OF_FIBRIN_CLOT_FORMATION	REACTOME_COMMON_PATHWAY_OF_FIBRIN_CLOT_FORMATION		13	-0.4883586	-1.394336	0.11023622	0.24236403	1.0	2653	tags=54%, list=17%, signal=65%	
WP_GPCRS_CLASS_A_RHODOPSINLIKE	WP_GPCRS_CLASS_A_RHODOPSINLIKE		62	-0.3343966	-1.393833	0.060714286	0.24247633	1.0	5315	tags=52%, list=34%, signal=78%	
WP_DRAVET_SYNDROME_SCN1AA1783V_POINT_MUTATION_MODEL	WP_DRAVET_SYNDROME_SCN1AA1783V_POINT_MUTATION_MODEL		46	-0.3527268	-1.3936766	0.0636833	0.24204771	1.0	4102	tags=43%, list=27%, signal=59%	
REACTOME_ANTIVIRAL_MECHANISM_BY_IFN_STIMULATED_GENES	REACTOME_ANTIVIRAL_MECHANISM_BY_IFN_STIMULATED_GENES		87	-0.3140593	-1.3927335	0.04620462	0.2427701	1.0	3889	tags=34%, list=25%, signal=46%	
REACTOME_INTERLEUKIN_35_SIGNALLING	REACTOME_INTERLEUKIN_35_SIGNALLING		9	-0.561291	-1.389772	0.11281071	0.24634327	1.0	2430	tags=67%, list=16%, signal=79%	
BIOCARTA_ERK5_PATHWAY	BIOCARTA_ERK5_PATHWAY		13	-0.5031137	-1.388073	0.09883721	0.24826021	1.0	4100	tags=54%, list=27%, signal=73%	
BIOCARTA_ACE2_PATHWAY	BIOCARTA_ACE2_PATHWAY		5	-0.67640394	-1.3875345	0.10700389	0.24841425	1.0	3556	tags=60%, list=23%, signal=78%	
WP_DYSREGULATED_MIRNA_TARGETING_IN_INSULINPI3KAKT_SIGNALING	WP_DYSREGULATED_MIRNA_TARGETING_IN_INSULINPI3KAKT_SIGNALING		22	-0.42618105	-1.3875299	0.09015025	0.24779052	1.0	5282	tags=64%, list=34%, signal=97%	
REACTOME_INTERLEUKIN_21_SIGNALING	REACTOME_INTERLEUKIN_21_SIGNALING		5	-0.6744695	-1.3865019	0.11553785	0.24848765	1.0	3726	tags=60%, list=24%, signal=79%	
WP_APOPTOSIS	WP_APOPTOSIS		72	-0.31926215	-1.3858922	0.05	0.24866983	1.0	4174	tags=36%, list=27%, signal=49%	
REACTOME_ABC_FAMILY_PROTEINS_MEDIATED_TRANSPORT	REACTOME_ABC_FAMILY_PROTEINS_MEDIATED_TRANSPORT		86	-0.3136735	-1.3845952	0.042016808	0.2498219	1.0	4254	tags=38%, list=28%, signal=53%	
REACTOME_SYNTHESIS_OF_DOLICHYL_PHOSPHATE	REACTOME_SYNTHESIS_OF_DOLICHYL_PHOSPHATE		6	-0.63076437	-1.3831478	0.10968921	0.25133258	1.0	2118	tags=50%, list=14%, signal=58%	
REACTOME_PLATELET_CALCIUM_HOMEOSTASIS	REACTOME_PLATELET_CALCIUM_HOMEOSTASIS		16	-0.46752375	-1.380763	0.11645102	0.25375676	1.0	4839	tags=56%, list=31%, signal=82%	
BIOCARTA_NEUTROPHIL_PATHWAY	BIOCARTA_NEUTROPHIL_PATHWAY		8	-0.5639898	-1.3793936	0.11753372	0.25505832	1.0	826	tags=50%, list=5%, signal=53%	
REACTOME_SYNTHESIS_OF_PIPS_AT_THE_GOLGI_MEMBRANE	REACTOME_SYNTHESIS_OF_PIPS_AT_THE_GOLGI_MEMBRANE		15	-0.47567743	-1.3792976	0.11111111	0.25455785	1.0	4740	tags=60%, list=31%, signal=87%	
REACTOME_TNFS_BIND_THEIR_PHYSIOLOGICAL_RECEPTORS	REACTOME_TNFS_BIND_THEIR_PHYSIOLOGICAL_RECEPTORS		21	-0.4307326	-1.3787149	0.10431655	0.2547728	1.0	3986	tags=57%, list=26%, signal=77%	
REACTOME_NUCLEAR_EVENTS_KINASE_AND_TRANSCRIPTION_FACTOR_ACTIVATION	REACTOME_NUCLEAR_EVENTS_KINASE_AND_TRANSCRIPTION_FACTOR_ACTIVATION		27	-0.39773598	-1.3760368	0.09660108	0.2578487	1.0	4349	tags=52%, list=28%, signal=72%	
REACTOME_TBC_RABGAPS	REACTOME_TBC_RABGAPS		32	-0.38019624	-1.3737136	0.09122203	0.26048645	1.0	4525	tags=47%, list=29%, signal=66%	
REACTOME_BLOOD_GROUP_SYSTEMS_BIOSYNTHESIS	REACTOME_BLOOD_GROUP_SYSTEMS_BIOSYNTHESIS		10	-0.53120726	-1.3727473	0.116504855	0.2613617	1.0	4117	tags=60%, list=27%, signal=82%	
REACTOME_PLATELET_HOMEOSTASIS	REACTOME_PLATELET_HOMEOSTASIS		53	-0.33600977	-1.3705564	0.061261263	0.26384488	1.0	5080	tags=53%, list=33%, signal=79%	
BIOCARTA_GH_PATHWAY	BIOCARTA_GH_PATHWAY		24	-0.40901917	-1.3690643	0.082601056	0.26529026	1.0	3907	tags=50%, list=25%, signal=67%	
BIOCARTA_PKC_PATHWAY	BIOCARTA_PKC_PATHWAY		6	-0.61825264	-1.3688926	0.113502935	0.26489758	1.0	3158	tags=67%, list=20%, signal=84%	
REACTOME_ACYL_CHAIN_REMODELLING_OF_PS	REACTOME_ACYL_CHAIN_REMODELLING_OF_PS		12	-0.5014051	-1.3668586	0.11681416	0.26741043	1.0	3483	tags=50%, list=23%, signal=65%	
BIOCARTA_FMLP_PATHWAY	BIOCARTA_FMLP_PATHWAY		28	-0.396643	-1.3649713	0.088288285	0.26964763	1.0	4466	tags=50%, list=29%, signal=70%	
REACTOME_SEMA4D_MEDIATED_INHIBITION_OF_CELL_ATTACHMENT_AND_MIGRATION	REACTOME_SEMA4D_MEDIATED_INHIBITION_OF_CELL_ATTACHMENT_AND_MIGRATION		8	-0.56136125	-1.3648343	0.119349	0.26920003	1.0	5942	tags=88%, list=39%, signal=142%	
BIOCARTA_NKT_PATHWAY	BIOCARTA_NKT_PATHWAY		23	-0.4181634	-1.3635483	0.110516936	0.27055162	1.0	3730	tags=52%, list=24%, signal=69%	
BIOCARTA_KERATINOCYTE_PATHWAY	BIOCARTA_KERATINOCYTE_PATHWAY		45	-0.34837154	-1.3610692	0.077738516	0.27358767	1.0	3898	tags=47%, list=25%, signal=62%	
BIOCARTA_NOTCH_PATHWAY	BIOCARTA_NOTCH_PATHWAY		6	-0.6197382	-1.3603789	0.13893966	0.27393544	1.0	2557	tags=50%, list=17%, signal=60%	
WP_NUCLEAR_RECEPTORS_IN_LIPID_METABOLISM_AND_TOXICITY	WP_NUCLEAR_RECEPTORS_IN_LIPID_METABOLISM_AND_TOXICITY		13	-0.47231707	-1.3603052	0.12429378	0.27342597	1.0	1565	tags=38%, list=10%, signal=43%	
WP_SPINAL_CORD_INJURY	WP_SPINAL_CORD_INJURY		68	-0.32191113	-1.3597664	0.07445008	0.2736193	1.0	2072	tags=26%, list=13%, signal=30%	
REACTOME_ZINC_TRANSPORTERS	REACTOME_ZINC_TRANSPORTERS		9	-0.5477869	-1.3574945	0.13899614	0.27636024	1.0	3125	tags=56%, list=20%, signal=70%	
REACTOME_BRANCHED_CHAIN_AMINO_ACID_CATABOLISM	REACTOME_BRANCHED_CHAIN_AMINO_ACID_CATABOLISM		20	-0.42661428	-1.3567826	0.09487666	0.276762	1.0	3305	tags=40%, list=21%, signal=51%	
WP_REGULATION_OF_ACTIN_CYTOSKELETON	WP_REGULATION_OF_ACTIN_CYTOSKELETON		102	-0.2984206	-1.3566271	0.04318937	0.27633995	1.0	3900	tags=34%, list=25%, signal=46%	
WP_HYPOXIADEPENDENT_SELFRENEWAL_OF_MYOBLASTS	WP_HYPOXIADEPENDENT_SELFRENEWAL_OF_MYOBLASTS		6	-0.60828906	-1.3564286	0.13863216	0.27594146	1.0	604	tags=33%, list=4%, signal=35%	
REACTOME_INTERLEUKIN_23_SIGNALING	REACTOME_INTERLEUKIN_23_SIGNALING		6	-0.61746687	-1.3547873	0.12871288	0.2778237	1.0	2885	tags=83%, list=19%, signal=102%	
REACTOME_PLASMA_LIPOPROTEIN_REMODELING	REACTOME_PLASMA_LIPOPROTEIN_REMODELING		14	-0.4636587	-1.3545607	0.110074624	0.27747524	1.0	4362	tags=71%, list=28%, signal=100%	
BIOCARTA_MALATEX_PATHWAY	BIOCARTA_MALATEX_PATHWAY		7	-0.5889372	-1.3535277	0.12903225	0.27831995	1.0	6207	tags=86%, list=40%, signal=143%	
REACTOME_COLLAGEN_DEGRADATION	REACTOME_COLLAGEN_DEGRADATION		17	-0.44274983	-1.3526013	0.11666667	0.27910918	1.0	3209	tags=47%, list=21%, signal=59%	
WP_GENE_REGULATORY_NETWORK_MODELLING_SOMITOGENESIS	WP_GENE_REGULATORY_NETWORK_MODELLING_SOMITOGENESIS		6	-0.61676806	-1.3522527	0.13294798	0.27898395	1.0	2557	tags=50%, list=17%, signal=60%	
BIOCARTA_RACCYCD_PATHWAY	BIOCARTA_RACCYCD_PATHWAY		25	-0.39749584	-1.3508065	0.08765653	0.28047204	1.0	4100	tags=48%, list=27%, signal=65%	
REACTOME_ARACHIDONATE_PRODUCTION_FROM_DAG	REACTOME_ARACHIDONATE_PRODUCTION_FROM_DAG		5	-0.64169574	-1.3507347	0.14880952	0.2799531	1.0	4752	tags=80%, list=31%, signal=116%	
REACTOME_POTASSIUM_CHANNELS	REACTOME_POTASSIUM_CHANNELS		44	-0.34750947	-1.3504742	0.08688245	0.27966303	1.0	1853	tags=23%, list=12%, signal=26%	
REACTOME_CARDIAC_CONDUCTION	REACTOME_CARDIAC_CONDUCTION		48	-0.3423606	-1.348443	0.085409254	0.28206086	1.0	4820	tags=50%, list=31%, signal=73%	
REACTOME_GOLGI_TO_ER_RETROGRADE_TRANSPORT	REACTOME_GOLGI_TO_ER_RETROGRADE_TRANSPORT		114	-0.28671554	-1.3457325	0.046849757	0.28546205	1.0	4243	tags=35%, list=28%, signal=48%	
REACTOME_CARBOXYTERMINAL_POST_TRANSLATIONAL_MODIFICATIONS_OF_TUBULIN	REACTOME_CARBOXYTERMINAL_POST_TRANSLATIONAL_MODIFICATIONS_OF_TUBULIN		19	-0.42286685	-1.3417732	0.12773722	0.2905907	1.0	3041	tags=37%, list=20%, signal=46%	
REACTOME_COMPLEMENT_CASCADE	REACTOME_COMPLEMENT_CASCADE		33	-0.37112385	-1.3411906	0.09854015	0.29085496	1.0	3577	tags=52%, list=23%, signal=67%	
BIOCARTA_NPP1_PATHWAY	BIOCARTA_NPP1_PATHWAY		5	-0.63906485	-1.3400592	0.1403162	0.29198077	1.0	287	tags=20%, list=2%, signal=20%	
BIOCARTA_HIVNEF_PATHWAY	BIOCARTA_HIVNEF_PATHWAY		54	-0.327709	-1.3384031	0.07678245	0.2938618	1.0	3535	tags=35%, list=23%, signal=45%	
BIOCARTA_NO2IL12_PATHWAY	BIOCARTA_NO2IL12_PATHWAY		14	-0.46069288	-1.3383714	0.12885663	0.29324144	1.0	4054	tags=64%, list=26%, signal=87%	
BIOCARTA_EPHA4_PATHWAY	BIOCARTA_EPHA4_PATHWAY		7	-0.5741815	-1.3356912	0.15355805	0.2967002	1.0	2045	tags=57%, list=13%, signal=66%	
REACTOME_ACYL_CHAIN_REMODELING_OF_CL	REACTOME_ACYL_CHAIN_REMODELING_OF_CL		5	-0.62320757	-1.335461	0.15313654	0.29640844	1.0	3860	tags=40%, list=25%, signal=53%	
REACTOME_BILE_ACID_AND_BILE_SALT_METABOLISM	REACTOME_BILE_ACID_AND_BILE_SALT_METABOLISM		20	-0.41822577	-1.335026	0.12432432	0.29638124	1.0	2977	tags=40%, list=19%, signal=50%	
WP_SIDS_SUSCEPTIBILITY_PATHWAYS	WP_SIDS_SUSCEPTIBILITY_PATHWAYS		37	-0.35703686	-1.3339504	0.08797128	0.29740772	1.0	4606	tags=43%, list=30%, signal=62%	
WP_COMPREHENSIVE_IL17A_SIGNALING	WP_COMPREHENSIVE_IL17A_SIGNALING		82	-0.30128998	-1.3338047	0.065836295	0.2969502	1.0	3183	tags=28%, list=21%, signal=35%	
REACTOME_THE_NLRP3_INFLAMMASOME	REACTOME_THE_NLRP3_INFLAMMASOME		10	-0.508719	-1.3337735	0.1378026	0.29632232	1.0	5304	tags=80%, list=34%, signal=122%	
BIOCARTA_IL2RB_PATHWAY	BIOCARTA_IL2RB_PATHWAY		35	-0.35457793	-1.3333431	0.101604275	0.2962952	1.0	4148	tags=43%, list=27%, signal=58%	
BIOCARTA_DEATH_PATHWAY	BIOCARTA_DEATH_PATHWAY		30	-0.3721018	-1.3328909	0.11619048	0.2962999	1.0	4877	tags=53%, list=32%, signal=78%	
WP_ACETYLCHOLINE_SYNTHESIS	WP_ACETYLCHOLINE_SYNTHESIS		5	-0.64201367	-1.3328001	0.148423	0.295777	1.0	2483	tags=60%, list=16%, signal=71%	
REACTOME_UNFOLDED_PROTEIN_RESPONSE_UPR	REACTOME_UNFOLDED_PROTEIN_RESPONSE_UPR		10	-0.50703084	-1.331741	0.138	0.29666436	1.0	1847	tags=40%, list=12%, signal=45%	
REACTOME_EPH_EPHRIN_MEDIATED_REPULSION_OF_CELLS	REACTOME_EPH_EPHRIN_MEDIATED_REPULSION_OF_CELLS		22	-0.40684918	-1.3315873	0.112874776	0.29621154	1.0	3515	tags=50%, list=23%, signal=65%	
WP_ID_SIGNALING_PATHWAY	WP_ID_SIGNALING_PATHWAY		38	-0.3541944	-1.331456	0.09854015	0.29575115	1.0	3158	tags=34%, list=20%, signal=43%	
REACTOME_PROPIONYL_COA_CATABOLISM	REACTOME_PROPIONYL_COA_CATABOLISM		5	-0.6425298	-1.3307774	0.15324165	0.2961764	1.0	2230	tags=40%, list=14%, signal=47%	
REACTOME_ROLE_OF_LAT2_NTAL_LAB_ON_CALCIUM_MOBILIZATION	REACTOME_ROLE_OF_LAT2_NTAL_LAB_ON_CALCIUM_MOBILIZATION		17	-0.43678713	-1.3301495	0.12922466	0.2964661	1.0	2881	tags=41%, list=19%, signal=51%	
WP_OSTEOCLAST_SIGNALING	WP_OSTEOCLAST_SIGNALING		10	-0.5325298	-1.3291509	0.18074656	0.2973771	1.0	3248	tags=50%, list=21%, signal=63%	
REACTOME_MYD88_MAL_TIRAP_CASCADE_INITIATED_ON_PLASMA_MEMBRANE	REACTOME_MYD88_MAL_TIRAP_CASCADE_INITIATED_ON_PLASMA_MEMBRANE		82	-0.30378038	-1.3285092	0.061290324	0.29774222	1.0	3158	tags=33%, list=20%, signal=41%	
REACTOME_ETHANOL_OXIDATION	REACTOME_ETHANOL_OXIDATION		7	-0.5655677	-1.3280087	0.15057915	0.2978835	1.0	3872	tags=57%, list=25%, signal=76%	
REACTOME_ADENYLATE_CYCLASE_ACTIVATING_PATHWAY	REACTOME_ADENYLATE_CYCLASE_ACTIVATING_PATHWAY		5	-0.63334805	-1.3279687	0.14314929	0.2972937	1.0	4412	tags=80%, list=29%, signal=112%	
WP_MICRORNAS_IN_CARDIOMYOCYTE_HYPERTROPHY	WP_MICRORNAS_IN_CARDIOMYOCYTE_HYPERTROPHY		66	-0.31266484	-1.3269684	0.085324235	0.29809967	1.0	3134	tags=32%, list=20%, signal=40%	
REACTOME_SYNTHESIS_OF_UDP_N_ACETYL_GLUCOSAMINE	REACTOME_SYNTHESIS_OF_UDP_N_ACETYL_GLUCOSAMINE		6	-0.59924525	-1.326713	0.13232514	0.29781795	1.0	627	tags=33%, list=4%, signal=35%	
REACTOME_PLATELET_ADHESION_TO_EXPOSED_COLLAGEN	REACTOME_PLATELET_ADHESION_TO_EXPOSED_COLLAGEN		8	-0.5518438	-1.3266371	0.15145986	0.29731625	1.0	2045	tags=50%, list=13%, signal=58%	
REACTOME_SYNTHESIS_OF_LEUKOTRIENES_LT_AND_EOXINS_EX	REACTOME_SYNTHESIS_OF_LEUKOTRIENES_LT_AND_EOXINS_EX		10	-0.49982595	-1.3246952	0.1509434	0.29978606	1.0	5531	tags=70%, list=36%, signal=109%	
REACTOME_SIGNALING_BY_NTRK1_TRKA	REACTOME_SIGNALING_BY_NTRK1_TRKA		58	-0.32370472	-1.3246557	0.08611599	0.29921293	1.0	4466	tags=41%, list=29%, signal=58%	
REACTOME_STING_MEDIATED_INDUCTION_OF_HOST_IMMUNE_RESPONSES	REACTOME_STING_MEDIATED_INDUCTION_OF_HOST_IMMUNE_RESPONSES		6	-0.5932385	-1.3242984	0.15055762	0.29907152	1.0	5827	tags=83%, list=38%, signal=134%	
REACTOME_TGFBR3_REGULATES_TGF_BETA_SIGNALING	REACTOME_TGFBR3_REGULATES_TGF_BETA_SIGNALING		7	-0.5749747	-1.3233603	0.16988418	0.29987708	1.0	4088	tags=71%, list=27%, signal=97%	
REACTOME_RHOC_GTPASE_CYCLE	REACTOME_RHOC_GTPASE_CYCLE		59	-0.31991976	-1.3225713	0.08916084	0.3004957	1.0	4319	tags=39%, list=28%, signal=54%	
REACTOME_MALATE_ASPARTATE_SHUTTLE	REACTOME_MALATE_ASPARTATE_SHUTTLE		9	-0.5318254	-1.3215792	0.16314779	0.30133528	1.0	1578	tags=33%, list=10%, signal=37%	
BIOCARTA_BCR_PATHWAY	BIOCARTA_BCR_PATHWAY		30	-0.37347278	-1.3202529	0.11150443	0.30278754	1.0	2427	tags=30%, list=16%, signal=36%	
REACTOME_NEGATIVE_REGULATION_OF_MET_ACTIVITY	REACTOME_NEGATIVE_REGULATION_OF_MET_ACTIVITY		20	-0.413866	-1.3199594	0.12686567	0.30260324	1.0	573	tags=15%, list=4%, signal=16%	
REACTOME_DRUG_MEDIATED_INHIBITION_OF_CDK4_CDK6_ACTIVITY	REACTOME_DRUG_MEDIATED_INHIBITION_OF_CDK4_CDK6_ACTIVITY		5	-0.6377084	-1.3190424	0.17448406	0.30329856	1.0	5590	tags=100%, list=36%, signal=157%	
REACTOME_SODIUM_CALCIUM_EXCHANGERS	REACTOME_SODIUM_CALCIUM_EXCHANGERS		7	-0.5679555	-1.3175312	0.14913958	0.3049664	1.0	644	tags=29%, list=4%, signal=30%	
REACTOME_TERMINATION_OF_O_GLYCAN_BIOSYNTHESIS	REACTOME_TERMINATION_OF_O_GLYCAN_BIOSYNTHESIS		10	-0.50905985	-1.3169216	0.15675676	0.30529723	1.0	3287	tags=50%, list=21%, signal=64%	
REACTOME_G_PROTEIN_MEDIATED_EVENTS	REACTOME_G_PROTEIN_MEDIATED_EVENTS		30	-0.37112322	-1.3155899	0.13416816	0.30681014	1.0	4721	tags=47%, list=31%, signal=67%	
REACTOME_RAB_REGULATION_OF_TRAFFICKING	REACTOME_RAB_REGULATION_OF_TRAFFICKING		111	-0.28586635	-1.3139185	0.05076142	0.308744	1.0	4619	tags=41%, list=30%, signal=57%	
WP_WNT_SIGNALING_PATHWAY	WP_WNT_SIGNALING_PATHWAY		80	-0.3024868	-1.3133473	0.07530648	0.30898649	1.0	1899	tags=20%, list=12%, signal=23%	
WP_MAPK_CASCADE	WP_MAPK_CASCADE		27	-0.37906277	-1.3131158	0.11030742	0.30871752	1.0	3897	tags=44%, list=25%, signal=59%	
REACTOME_INTERLEUKIN_2_FAMILY_SIGNALING	REACTOME_INTERLEUKIN_2_FAMILY_SIGNALING		31	-0.359243	-1.3128002	0.12773722	0.308539	1.0	4160	tags=48%, list=27%, signal=66%	
BIOCARTA_IL3_PATHWAY	BIOCARTA_IL3_PATHWAY		14	-0.45731047	-1.3127174	0.15009381	0.3079994	1.0	3907	tags=64%, list=25%, signal=86%	
REACTOME_TRANSPORT_OF_ORGANIC_ANIONS	REACTOME_TRANSPORT_OF_ORGANIC_ANIONS		5	-0.63743293	-1.3126081	0.16506718	0.30751178	1.0	4542	tags=80%, list=29%, signal=113%	
REACTOME_METABOLISM_OF_AMINO_ACIDS_AND_DERIVATIVES	REACTOME_METABOLISM_OF_AMINO_ACIDS_AND_DERIVATIVES		175	-0.2633936	-1.3121322	0.05214724	0.30756894	1.0	4254	tags=35%, list=28%, signal=48%	
REACTOME_MITF_M_REGULATED_MELANOCYTE_DEVELOPMENT	REACTOME_MITF_M_REGULATED_MELANOCYTE_DEVELOPMENT		32	-0.3635848	-1.3114573	0.11806798	0.3079856	1.0	5212	tags=59%, list=34%, signal=90%	
REACTOME_KERATAN_SULFATE_BIOSYNTHESIS	REACTOME_KERATAN_SULFATE_BIOSYNTHESIS		17	-0.44313952	-1.3089106	0.15711646	0.31147853	1.0	3996	tags=53%, list=26%, signal=71%	
BIOCARTA_IGF1R_PATHWAY	BIOCARTA_IGF1R_PATHWAY		20	-0.4046008	-1.307704	0.12857144	0.31273088	1.0	4524	tags=45%, list=29%, signal=64%	
REACTOME_TNFR1_MEDIATED_CERAMIDE_PRODUCTION	REACTOME_TNFR1_MEDIATED_CERAMIDE_PRODUCTION		6	-0.59213746	-1.3065442	0.15384616	0.31401274	1.0	4258	tags=67%, list=28%, signal=92%	
BIOCARTA_AKAP13_PATHWAY	BIOCARTA_AKAP13_PATHWAY		7	-0.55457085	-1.3060048	0.16565657	0.31424946	1.0	6534	tags=86%, list=42%, signal=149%	
REACTOME_EPH_EPHRIN_SIGNALING	REACTOME_EPH_EPHRIN_SIGNALING		47	-0.33937776	-1.3049964	0.10829103	0.31519985	1.0	3697	tags=40%, list=24%, signal=53%	
REACTOME_MAPK3_ERK1_ACTIVATION	REACTOME_MAPK3_ERK1_ACTIVATION		9	-0.5259268	-1.3020998	0.16849817	0.3190876	1.0	3612	tags=67%, list=23%, signal=87%	
BIOCARTA_SRCRPTP_PATHWAY	BIOCARTA_SRCRPTP_PATHWAY		10	-0.504175	-1.3013371	0.16420664	0.31960306	1.0	2225	tags=30%, list=14%, signal=35%	
REACTOME_RETROGRADE_TRANSPORT_AT_THE_TRANS_GOLGI_NETWORK	REACTOME_RETROGRADE_TRANSPORT_AT_THE_TRANS_GOLGI_NETWORK		42	-0.33726636	-1.2985687	0.12	0.3234226	1.0	5119	tags=48%, list=33%, signal=71%	
REACTOME_REDUCTION_OF_CYTOSOLIC_CA_LEVELS	REACTOME_REDUCTION_OF_CYTOSOLIC_CA_LEVELS		10	-0.4973512	-1.2983714	0.20117188	0.3231247	1.0	1808	tags=30%, list=12%, signal=34%	
REACTOME_NEGATIVE_REGULATION_OF_MAPK_PATHWAY	REACTOME_NEGATIVE_REGULATION_OF_MAPK_PATHWAY		41	-0.33813855	-1.2965622	0.0961183	0.32531077	1.0	3889	tags=39%, list=25%, signal=52%	
BIOCARTA_MRP_PATHWAY	BIOCARTA_MRP_PATHWAY		5	-0.62517166	-1.296376	0.16129032	0.3249874	1.0	1565	tags=40%, list=10%, signal=45%	
REACTOME_EUKARYOTIC_TRANSLATION_ELONGATION	REACTOME_EUKARYOTIC_TRANSLATION_ELONGATION		5	-0.63027835	-1.2961402	0.17557251	0.3247512	1.0	3465	tags=80%, list=22%, signal=103%	
BIOCARTA_ETS_PATHWAY	BIOCARTA_ETS_PATHWAY		17	-0.42557085	-1.2946627	0.14568345	0.32667762	1.0	3697	tags=47%, list=24%, signal=62%	
REACTOME_INTERLEUKIN_4_AND_INTERLEUKIN_13_SIGNALING	REACTOME_INTERLEUKIN_4_AND_INTERLEUKIN_13_SIGNALING		10	-0.5020414	-1.2938068	0.19349006	0.32739434	1.0	2662	tags=50%, list=17%, signal=60%	
REACTOME_DERMATAN_SULFATE_BIOSYNTHESIS	REACTOME_DERMATAN_SULFATE_BIOSYNTHESIS		5	-0.61912334	-1.2935531	0.17444219	0.3271402	1.0	2708	tags=60%, list=18%, signal=73%	
REACTOME_BIOSYNTHESIS_OF_E_SERIES_18_S_RESOLVINS	REACTOME_BIOSYNTHESIS_OF_E_SERIES_18_S_RESOLVINS		5	-0.64153636	-1.2921008	0.17843138	0.32888132	1.0	5531	tags=100%, list=36%, signal=156%	
REACTOME_REGULATION_OF_CYTOSKELETAL_REMODELING_AND_CELL_SPREADING_BY_IPP_COMPLEX_COMPONENTS	REACTOME_REGULATION_OF_CYTOSKELETAL_REMODELING_AND_CELL_SPREADING_BY_IPP_COMPLEX_COMPONENTS		7	-0.55579364	-1.2912948	0.19038461	0.32943442	1.0	2412	tags=43%, list=16%, signal=51%	
WP_EBV_LMP1_SIGNALING	WP_EBV_LMP1_SIGNALING		19	-0.40559372	-1.2898964	0.15730338	0.33105233	1.0	3492	tags=42%, list=23%, signal=54%	
REACTOME_SIGNALING_BY_LTK	REACTOME_SIGNALING_BY_LTK		9	-0.5004917	-1.2897147	0.15930901	0.33066106	1.0	1991	tags=33%, list=13%, signal=38%	
REACTOME_NEUROTRANSMITTER_RECEPTORS_AND_POSTSYNAPTIC_SIGNAL_TRANSMISSION	REACTOME_NEUROTRANSMITTER_RECEPTORS_AND_POSTSYNAPTIC_SIGNAL_TRANSMISSION		71	-0.30308723	-1.2890167	0.07853403	0.331152	1.0	4476	tags=38%, list=29%, signal=53%	
REACTOME_SYNTHESIS_OF_VERY_LONG_CHAIN_FATTY_ACYL_COAS	REACTOME_SYNTHESIS_OF_VERY_LONG_CHAIN_FATTY_ACYL_COAS		16	-0.42943102	-1.2888184	0.1474245	0.3308258	1.0	2152	tags=38%, list=14%, signal=44%	
REACTOME_CLASSICAL_ANTIBODY_MEDIATED_COMPLEMENT_ACTIVATION	REACTOME_CLASSICAL_ANTIBODY_MEDIATED_COMPLEMENT_ACTIVATION		9	-0.5069829	-1.2852659	0.17429577	0.3358865	1.0	2318	tags=56%, list=15%, signal=65%	
REACTOME_WNT5A_DEPENDENT_INTERNALIZATION_OF_FZD2_FZD5_AND_ROR2	REACTOME_WNT5A_DEPENDENT_INTERNALIZATION_OF_FZD2_FZD5_AND_ROR2		9	-0.51405364	-1.2850523	0.17073171	0.3356006	1.0	6732	tags=89%, list=44%, signal=158%	
REACTOME_HYDROLYSIS_OF_LPC	REACTOME_HYDROLYSIS_OF_LPC		5	-0.6111644	-1.2847748	0.19488189	0.33539206	1.0	3160	tags=40%, list=20%, signal=50%	
REACTOME_SIGNALING_BY_TGFBR3	REACTOME_SIGNALING_BY_TGFBR3		16	-0.43308884	-1.2840519	0.14231499	0.3359169	1.0	4088	tags=56%, list=27%, signal=76%	
WP_P38_MAPK_SIGNALING_PATHWAY	WP_P38_MAPK_SIGNALING_PATHWAY		32	-0.35087976	-1.2811248	0.14464286	0.34002036	1.0	4567	tags=50%, list=30%, signal=71%	
WP_GPCRS_ODORANT	WP_GPCRS_ODORANT		43	-0.33680248	-1.280107	0.13111888	0.34104002	1.0	3634	tags=40%, list=24%, signal=52%	
REACTOME_HYALURONAN_UPTAKE_AND_DEGRADATION	REACTOME_HYALURONAN_UPTAKE_AND_DEGRADATION		11	-0.47795662	-1.2789037	0.18706293	0.34242114	1.0	3248	tags=45%, list=21%, signal=58%	
REACTOME_BIOSYNTHESIS_OF_SPECIALIZED_PRORESOLVING_MEDIATORS_SPMS	REACTOME_BIOSYNTHESIS_OF_SPECIALIZED_PRORESOLVING_MEDIATORS_SPMS		12	-0.4569813	-1.2770573	0.17045455	0.3449087	1.0	3369	tags=42%, list=22%, signal=53%	
REACTOME_PROTEIN_PROTEIN_INTERACTIONS_AT_SYNAPSES	REACTOME_PROTEIN_PROTEIN_INTERACTIONS_AT_SYNAPSES		28	-0.3659986	-1.2751445	0.15547703	0.3473024	1.0	6058	tags=68%, list=39%, signal=112%	
REACTOME_SIGNALING_BY_ERYTHROPOIETIN	REACTOME_SIGNALING_BY_ERYTHROPOIETIN		16	-0.43142128	-1.2743238	0.18131869	0.34800115	1.0	4148	tags=56%, list=27%, signal=77%	
REACTOME_SIGNALING_BY_MST1	REACTOME_SIGNALING_BY_MST1		5	-0.6254789	-1.273789	0.19889502	0.34827384	1.0	2484	tags=40%, list=16%, signal=48%	
BIOCARTA_G1_PATHWAY	BIOCARTA_G1_PATHWAY		23	-0.38282308	-1.2726444	0.16515426	0.349399	1.0	1710	tags=26%, list=11%, signal=29%	
REACTOME_ASPIRIN_ADME	REACTOME_ASPIRIN_ADME		6	-0.58807105	-1.271526	0.1682243	0.3506241	1.0	2285	tags=67%, list=15%, signal=78%	
REACTOME_AFLATOXIN_ACTIVATION_AND_DETOXIFICATION	REACTOME_AFLATOXIN_ACTIVATION_AND_DETOXIFICATION		8	-0.5207726	-1.2710847	0.19038461	0.35067287	1.0	5114	tags=75%, list=33%, signal=112%	
WP_KENNEDY_PATHWAY	WP_KENNEDY_PATHWAY		13	-0.45784202	-1.2699476	0.17399618	0.35188648	1.0	4637	tags=62%, list=30%, signal=88%	
REACTOME_TRANSPORT_OF_CONNEXONS_TO_THE_PLASMA_MEMBRANE	REACTOME_TRANSPORT_OF_CONNEXONS_TO_THE_PLASMA_MEMBRANE		14	-0.44175398	-1.2693801	0.18538325	0.35207066	1.0	3041	tags=50%, list=20%, signal=62%	
REACTOME_SYNTHESIS_OF_15_EICOSATETRAENOIC_ACID_DERIVATIVES	REACTOME_SYNTHESIS_OF_15_EICOSATETRAENOIC_ACID_DERIVATIVES		5	-0.6230858	-1.268887	0.21388368	0.35220844	1.0	5780	tags=80%, list=37%, signal=128%	
REACTOME_AMINO_ACIDS_REGULATE_MTORC1	REACTOME_AMINO_ACIDS_REGULATE_MTORC1		51	-0.31322458	-1.267596	0.108843535	0.3537685	1.0	4902	tags=47%, list=32%, signal=69%	
REACTOME_SIGNALING_BY_ROBO_RECEPTORS	REACTOME_SIGNALING_BY_ROBO_RECEPTORS		18	-0.40886706	-1.2669185	0.16637781	0.35424188	1.0	1244	tags=22%, list=8%, signal=24%	
REACTOME_GLUTATHIONE_SYNTHESIS_AND_RECYCLING	REACTOME_GLUTATHIONE_SYNTHESIS_AND_RECYCLING		11	-0.4674686	-1.265723	0.19529837	0.35558513	1.0	3866	tags=55%, list=25%, signal=73%	
REACTOME_INFLAMMASOMES	REACTOME_INFLAMMASOMES		13	-0.43951198	-1.2649227	0.17985612	0.35612816	1.0	5717	tags=77%, list=37%, signal=122%	
REACTOME_RETROGRADE_NEUROTROPHIN_SIGNALLING	REACTOME_RETROGRADE_NEUROTROPHIN_SIGNALLING		8	-0.50578743	-1.2645192	0.18546845	0.35617912	1.0	5532	tags=63%, list=36%, signal=97%	
REACTOME_INTERLEUKIN_12_SIGNALING	REACTOME_INTERLEUKIN_12_SIGNALING		7	-0.5531236	-1.2636113	0.20825516	0.3570019	1.0	2885	tags=71%, list=19%, signal=88%	
REACTOME_UBIQUINOL_BIOSYNTHESIS	REACTOME_UBIQUINOL_BIOSYNTHESIS		13	-0.4579877	-1.2619722	0.17422867	0.35910147	1.0	4094	tags=38%, list=27%, signal=52%	
REACTOME_GAP_JUNCTION_ASSEMBLY	REACTOME_GAP_JUNCTION_ASSEMBLY		14	-0.44175398	-1.259442	0.17657992	0.3627616	1.0	3041	tags=50%, list=20%, signal=62%	
WP_MECHANISMS_ASSOCIATED_WITH_PLURIPOTENCY	WP_MECHANISMS_ASSOCIATED_WITH_PLURIPOTENCY		225	-0.24464321	-1.2585753	0.06481481	0.36355215	1.0	4217	tags=35%, list=27%, signal=47%	
REACTOME_ADENYLATE_CYCLASE_INHIBITORY_PATHWAY	REACTOME_ADENYLATE_CYCLASE_INHIBITORY_PATHWAY		7	-0.5469849	-1.2579601	0.1904762	0.3639568	1.0	4721	tags=71%, list=31%, signal=103%	
REACTOME_ZBP1_DAI_MEDIATED_INDUCTION_OF_TYPE_I_IFNS	REACTOME_ZBP1_DAI_MEDIATED_INDUCTION_OF_TYPE_I_IFNS		13	-0.43983778	-1.2578999	0.18923934	0.3633779	1.0	5283	tags=62%, list=34%, signal=94%	
BIOCARTA_TFF_PATHWAY	BIOCARTA_TFF_PATHWAY		19	-0.4070741	-1.2576978	0.19188192	0.36299244	1.0	4100	tags=47%, list=27%, signal=64%	
REACTOME_DIGESTION	REACTOME_DIGESTION		5	-0.60545176	-1.2571646	0.22263451	0.3632584	1.0	3254	tags=60%, list=21%, signal=76%	
REACTOME_GABA_B_RECEPTOR_ACTIVATION	REACTOME_GABA_B_RECEPTOR_ACTIVATION		23	-0.3859229	-1.2567697	0.18739054	0.36325356	1.0	1724	tags=26%, list=11%, signal=29%	
REACTOME_METABOLISM_OF_FOLATE_AND_PTERINES	REACTOME_METABOLISM_OF_FOLATE_AND_PTERINES		16	-0.41720986	-1.2565843	0.18939394	0.36290216	1.0	3286	tags=44%, list=21%, signal=56%	
REACTOME_ERKS_ARE_INACTIVATED	REACTOME_ERKS_ARE_INACTIVATED		13	-0.44947976	-1.2560517	0.18249534	0.36314684	1.0	4836	tags=62%, list=31%, signal=90%	
REACTOME_RHOBTB3_ATPASE_CYCLE	REACTOME_RHOBTB3_ATPASE_CYCLE		8	-0.521841	-1.2559353	0.19168174	0.36270162	1.0	3087	tags=63%, list=20%, signal=78%	
REACTOME_HYPUSINE_SYNTHESIS_FROM_EIF5A_LYSINE	REACTOME_HYPUSINE_SYNTHESIS_FROM_EIF5A_LYSINE		5	-0.6002175	-1.2557501	0.19959266	0.36237144	1.0	1047	tags=20%, list=7%, signal=21%	
REACTOME_INTERLEUKIN_3_INTERLEUKIN_5_AND_GM_CSF_SIGNALING	REACTOME_INTERLEUKIN_3_INTERLEUKIN_5_AND_GM_CSF_SIGNALING		40	-0.32757378	-1.2549113	0.15771812	0.36310482	1.0	2176	tags=30%, list=14%, signal=35%	
REACTOME_CRMPS_IN_SEMA3A_SIGNALING	REACTOME_CRMPS_IN_SEMA3A_SIGNALING		10	-0.48387042	-1.2547704	0.19038461	0.36266714	1.0	3127	tags=50%, list=20%, signal=63%	
WP_FATTY_ACID_BIOSYNTHESIS	WP_FATTY_ACID_BIOSYNTHESIS		20	-0.3972013	-1.2533907	0.17765568	0.36434668	1.0	3872	tags=45%, list=25%, signal=60%	
REACTOME_POST_NMDA_RECEPTOR_ACTIVATION_EVENTS	REACTOME_POST_NMDA_RECEPTOR_ACTIVATION_EVENTS		14	-0.43637583	-1.2530422	0.17985612	0.3642206	1.0	576	tags=21%, list=4%, signal=22%	
REACTOME_DIGESTION_AND_ABSORPTION	REACTOME_DIGESTION_AND_ABSORPTION		5	-0.60545176	-1.2525976	0.20980392	0.36428455	1.0	3254	tags=60%, list=21%, signal=76%	
REACTOME_NR1H2_AND_NR1H3_MEDIATED_SIGNALING	REACTOME_NR1H2_AND_NR1H3_MEDIATED_SIGNALING		12	-0.45817164	-1.2505233	0.1879562	0.3670078	1.0	4381	tags=58%, list=28%, signal=81%	
REACTOME_RAB_GEFS_EXCHANGE_GTP_FOR_GDP_ON_RABS	REACTOME_RAB_GEFS_EXCHANGE_GTP_FOR_GDP_ON_RABS		86	-0.27774444	-1.2502371	0.108963095	0.36680424	1.0	4731	tags=41%, list=31%, signal=58%	
REACTOME_VITAMIN_B5_PANTOTHENATE_METABOLISM	REACTOME_VITAMIN_B5_PANTOTHENATE_METABOLISM		14	-0.43338683	-1.2482244	0.18656716	0.3696375	1.0	1688	tags=29%, list=11%, signal=32%	
REACTOME_TNFR2_NON_CANONICAL_NF_KB_PATHWAY	REACTOME_TNFR2_NON_CANONICAL_NF_KB_PATHWAY		91	-0.27360776	-1.2457585	0.12436975	0.37321132	1.0	4254	tags=35%, list=28%, signal=48%	
REACTOME_NON_INTEGRIN_MEMBRANE_ECM_INTERACTIONS	REACTOME_NON_INTEGRIN_MEMBRANE_ECM_INTERACTIONS		18	-0.40080002	-1.2444661	0.18113208	0.374732	1.0	3528	tags=33%, list=23%, signal=43%	
REACTOME_REGULATION_OF_TNFR1_SIGNALING	REACTOME_REGULATION_OF_TNFR1_SIGNALING		46	-0.3189435	-1.2438562	0.15881327	0.37512964	1.0	4291	tags=39%, list=28%, signal=54%	
REACTOME_REGULATION_OF_KIT_SIGNALING	REACTOME_REGULATION_OF_KIT_SIGNALING		12	-0.4500816	-1.2436279	0.21280603	0.3748658	1.0	2045	tags=33%, list=13%, signal=38%	
REACTOME_INCRETIN_SYNTHESIS_SECRETION_AND_INACTIVATION	REACTOME_INCRETIN_SYNTHESIS_SECRETION_AND_INACTIVATION		5	-0.586659	-1.2424096	0.22222222	0.376262	1.0	1399	tags=40%, list=9%, signal=44%	
REACTOME_RECYCLING_OF_BILE_ACIDS_AND_SALTS	REACTOME_RECYCLING_OF_BILE_ACIDS_AND_SALTS		7	-0.5278279	-1.2409548	0.22222222	0.37813422	1.0	2520	tags=57%, list=16%, signal=68%	
REACTOME_GLYCOSPHINGOLIPID_TRANSPORT	REACTOME_GLYCOSPHINGOLIPID_TRANSPORT		7	-0.5308466	-1.2408683	0.22093023	0.37757632	1.0	4978	tags=71%, list=32%, signal=105%	
BIOCARTA_BARRESTIN_PATHWAY	BIOCARTA_BARRESTIN_PATHWAY		6	-0.5600539	-1.24037	0.23333333	0.37775043	1.0	1530	tags=50%, list=10%, signal=55%	
REACTOME_ACYL_CHAIN_REMODELING_OF_DAG_AND_TAG	REACTOME_ACYL_CHAIN_REMODELING_OF_DAG_AND_TAG		5	-0.589844	-1.2398721	0.24098672	0.37790218	1.0	5421	tags=80%, list=35%, signal=123%	
REACTOME_PYRIMIDINE_CATABOLISM	REACTOME_PYRIMIDINE_CATABOLISM		6	-0.53486824	-1.2385329	0.20593692	0.37952918	1.0	5459	tags=83%, list=35%, signal=129%	
REACTOME_PROTON_COUPLED_MONOCARBOXYLATE_TRANSPORT	REACTOME_PROTON_COUPLED_MONOCARBOXYLATE_TRANSPORT		5	-0.58616555	-1.2362083	0.22884615	0.38277718	1.0	2285	tags=60%, list=15%, signal=70%	
BIOCARTA_EPONFKB_PATHWAY	BIOCARTA_EPONFKB_PATHWAY		9	-0.4872329	-1.2357374	0.22056074	0.38286942	1.0	3158	tags=56%, list=20%, signal=70%	
REACTOME_SYNTHESIS_OF_5_EICOSATETRAENOIC_ACIDS	REACTOME_SYNTHESIS_OF_5_EICOSATETRAENOIC_ACIDS		5	-0.6000398	-1.235598	0.23854962	0.38241372	1.0	4277	tags=60%, list=28%, signal=83%	
REACTOME_ION_HOMEOSTASIS	REACTOME_ION_HOMEOSTASIS		34	-0.33751634	-1.2346152	0.16363636	0.38339362	1.0	4394	tags=50%, list=28%, signal=70%	
BIOCARTA_CERAMIDE_PATHWAY	BIOCARTA_CERAMIDE_PATHWAY		22	-0.37779114	-1.2318552	0.1979346	0.38738757	1.0	4174	tags=41%, list=27%, signal=56%	
REACTOME_MAPK1_ERK2_ACTIVATION	REACTOME_MAPK1_ERK2_ACTIVATION		8	-0.52310586	-1.2305903	0.2259887	0.38905802	1.0	1795	tags=50%, list=12%, signal=57%	
WP_TOLLLIKE_RECEPTOR_SIGNALING	WP_TOLLLIKE_RECEPTOR_SIGNALING		31	-0.34558383	-1.2305146	0.18738739	0.3885011	1.0	3877	tags=39%, list=25%, signal=52%	
REACTOME_SHC1_EVENTS_IN_ERBB2_SIGNALING	REACTOME_SHC1_EVENTS_IN_ERBB2_SIGNALING		9	-0.491361	-1.2304033	0.20715632	0.38801494	1.0	3096	tags=56%, list=20%, signal=69%	
REACTOME_AMINE_LIGAND_BINDING_RECEPTORS	REACTOME_AMINE_LIGAND_BINDING_RECEPTORS		7	-0.53245556	-1.2290027	0.24394786	0.38979936	1.0	5195	tags=86%, list=34%, signal=129%	
BIOCARTA_STRESS_PATHWAY	BIOCARTA_STRESS_PATHWAY		24	-0.37404764	-1.2288344	0.18971631	0.38942033	1.0	3158	tags=42%, list=20%, signal=52%	
WP_MONOAMINE_GPCRS	WP_MONOAMINE_GPCRS		6	-0.55514723	-1.2286482	0.22868218	0.3890711	1.0	3300	tags=67%, list=21%, signal=85%	
REACTOME_FORMATION_OF_FIBRIN_CLOT_CLOTTING_CASCADE	REACTOME_FORMATION_OF_FIBRIN_CLOT_CLOTTING_CASCADE		21	-0.38981825	-1.2261442	0.20075758	0.39276353	1.0	2653	tags=38%, list=17%, signal=46%	
REACTOME_ISG15_ANTIVIRAL_MECHANISM	REACTOME_ISG15_ANTIVIRAL_MECHANISM		28	-0.35454392	-1.225059	0.1852552	0.3939579	1.0	5283	tags=54%, list=34%, signal=81%	
WP_EPO_RECEPTOR_SIGNALING	WP_EPO_RECEPTOR_SIGNALING		23	-0.37095046	-1.2237135	0.18312387	0.39566055	1.0	4466	tags=48%, list=29%, signal=67%	
REACTOME_CHONDROITIN_SULFATE_DERMATAN_SULFATE_METABOLISM	REACTOME_CHONDROITIN_SULFATE_DERMATAN_SULFATE_METABOLISM		35	-0.33104375	-1.2233868	0.1835206	0.3954833	1.0	1334	tags=20%, list=9%, signal=22%	
WP_WNT_SIGNALING	WP_WNT_SIGNALING		43	-0.31055713	-1.2231944	0.16934046	0.39510995	1.0	3379	tags=30%, list=22%, signal=39%	
BIOCARTA_BARR_MAPK_PATHWAY	BIOCARTA_BARR_MAPK_PATHWAY		10	-0.47581315	-1.2231458	0.21915285	0.3945098	1.0	4466	tags=60%, list=29%, signal=84%	
REACTOME_RHOV_GTPASE_CYCLE	REACTOME_RHOV_GTPASE_CYCLE		35	-0.3334725	-1.2227582	0.19821429	0.39454678	1.0	5227	tags=49%, list=34%, signal=73%	
REACTOME_NUCLEOTIDE_BIOSYNTHESIS	REACTOME_NUCLEOTIDE_BIOSYNTHESIS		14	-0.41242477	-1.2227212	0.2228164	0.39389306	1.0	2687	tags=29%, list=17%, signal=35%	
REACTOME_HEME_DEGRADATION	REACTOME_HEME_DEGRADATION		6	-0.5603362	-1.2226427	0.22916667	0.3933404	1.0	5069	tags=67%, list=33%, signal=99%	
REACTOME_TAK1_DEPENDENT_IKK_AND_NF_KAPPA_B_ACTIVATION	REACTOME_TAK1_DEPENDENT_IKK_AND_NF_KAPPA_B_ACTIVATION		37	-0.32670882	-1.2220563	0.19655173	0.3937632	1.0	3158	tags=35%, list=20%, signal=44%	
REACTOME_DEACTIVATION_OF_THE_BETA_CATENIN_TRANSACTIVATING_COMPLEX	REACTOME_DEACTIVATION_OF_THE_BETA_CATENIN_TRANSACTIVATING_COMPLEX		27	-0.35163644	-1.2215974	0.18532111	0.39387372	1.0	4100	tags=44%, list=27%, signal=60%	
WP_GPCRS_PEPTIDE	WP_GPCRS_PEPTIDE		23	-0.36995417	-1.2213287	0.19469027	0.39368874	1.0	5131	tags=57%, list=33%, signal=85%	
REACTOME_INTERLEUKIN_1_FAMILY_SIGNALING	REACTOME_INTERLEUKIN_1_FAMILY_SIGNALING		115	-0.26209408	-1.2209227	0.12978369	0.39366043	1.0	4411	tags=37%, list=29%, signal=52%	
REACTOME_TRANSMISSION_ACROSS_CHEMICAL_SYNAPSES	REACTOME_TRANSMISSION_ACROSS_CHEMICAL_SYNAPSES		109	-0.2668929	-1.2198336	0.13099042	0.39485267	1.0	2964	tags=26%, list=19%, signal=32%	
REACTOME_SURFACTANT_METABOLISM	REACTOME_SURFACTANT_METABOLISM		12	-0.44286585	-1.2181443	0.21052632	0.39716884	1.0	3879	tags=50%, list=25%, signal=67%	
BIOCARTA_ARENRF2_PATHWAY	BIOCARTA_ARENRF2_PATHWAY		18	-0.38588023	-1.2169683	0.22040074	0.39860535	1.0	4207	tags=50%, list=27%, signal=69%	
REACTOME_GABA_RECEPTOR_ACTIVATION	REACTOME_GABA_RECEPTOR_ACTIVATION		26	-0.357355	-1.2159042	0.20598592	0.3996739	1.0	1724	tags=23%, list=11%, signal=26%	
REACTOME_OVARIAN_TUMOR_DOMAIN_PROTEASES	REACTOME_OVARIAN_TUMOR_DOMAIN_PROTEASES		32	-0.336259	-1.2151271	0.19823009	0.4003936	1.0	2400	tags=31%, list=16%, signal=37%	
WP_NUCLEOTIDE_GPCRS	WP_NUCLEOTIDE_GPCRS		7	-0.5164047	-1.2150632	0.2536232	0.39981872	1.0	3727	tags=71%, list=24%, signal=94%	
WP_APOE_AND_MIR146_IN_INFLAMMATION_AND_ATHEROSCLEROSIS	WP_APOE_AND_MIR146_IN_INFLAMMATION_AND_ATHEROSCLEROSIS		8	-0.49766615	-1.2133207	0.23540856	0.40220407	1.0	3158	tags=50%, list=20%, signal=63%	
REACTOME_MAP2K_AND_MAPK_ACTIVATION	REACTOME_MAP2K_AND_MAPK_ACTIVATION		32	-0.33824342	-1.2128501	0.2086331	0.4023501	1.0	3697	tags=41%, list=24%, signal=53%	
REACTOME_TNFR1_INDUCED_NF_KAPPA_B_SIGNALING_PATHWAY	REACTOME_TNFR1_INDUCED_NF_KAPPA_B_SIGNALING_PATHWAY		33	-0.33878493	-1.2110919	0.1835206	0.40469575	1.0	4187	tags=39%, list=27%, signal=54%	
REACTOME_MISCELLANEOUS_TRANSPORT_AND_BINDING_EVENTS	REACTOME_MISCELLANEOUS_TRANSPORT_AND_BINDING_EVENTS		19	-0.3879171	-1.2110027	0.21415608	0.40416035	1.0	2257	tags=32%, list=15%, signal=37%	
WP_ESC_PLURIPOTENCY_PATHWAYS	WP_ESC_PLURIPOTENCY_PATHWAYS		68	-0.28399453	-1.210668	0.16608392	0.40405834	1.0	2241	tags=25%, list=15%, signal=29%	
REACTOME_INTRACELLULAR_SIGNALING_BY_SECOND_MESSENGERS	REACTOME_INTRACELLULAR_SIGNALING_BY_SECOND_MESSENGERS		204	-0.2366153	-1.2105504	0.1	0.40356687	1.0	4871	tags=39%, list=32%, signal=57%	
REACTOME_GLYCOGEN_BREAKDOWN_GLYCOGENOLYSIS	REACTOME_GLYCOGEN_BREAKDOWN_GLYCOGENOLYSIS		13	-0.4221132	-1.2085338	0.20650096	0.4065929	1.0	3114	tags=31%, list=20%, signal=39%	
REACTOME_CLASS_I_MHC_MEDIATED_ANTIGEN_PROCESSING_PRESENTATION	REACTOME_CLASS_I_MHC_MEDIATED_ANTIGEN_PROCESSING_PRESENTATION		315	-0.22390863	-1.2067854	0.05956113	0.40904054	1.0	4986	tags=39%, list=32%, signal=56%	
REACTOME_CARGO_RECOGNITION_FOR_CLATHRIN_MEDIATED_ENDOCYTOSIS	REACTOME_CARGO_RECOGNITION_FOR_CLATHRIN_MEDIATED_ENDOCYTOSIS		79	-0.27893937	-1.2066509	0.16156463	0.4085955	1.0	5841	tags=52%, list=38%, signal=83%	
REACTOME_DDX58_IFIH1_MEDIATED_INDUCTION_OF_INTERFERON_ALPHA_BETA	REACTOME_DDX58_IFIH1_MEDIATED_INDUCTION_OF_INTERFERON_ALPHA_BETA		33	-0.32890356	-1.2062484	0.2062937	0.40857866	1.0	3158	tags=30%, list=20%, signal=38%	
REACTOME_SYNDECAN_INTERACTIONS	REACTOME_SYNDECAN_INTERACTIONS		12	-0.4354894	-1.2053609	0.23836127	0.40949336	1.0	1755	tags=25%, list=11%, signal=28%	
REACTOME_TRANSPORT_OF_NUCLEOSIDES_AND_FREE_PURINE_AND_PYRIMIDINE_BASES_ACROSS_THE_PLASMA_MEMBRANE	REACTOME_TRANSPORT_OF_NUCLEOSIDES_AND_FREE_PURINE_AND_PYRIMIDINE_BASES_ACROSS_THE_PLASMA_MEMBRANE		9	-0.48369232	-1.2040751	0.238698	0.4110589	1.0	3596	tags=44%, list=23%, signal=58%	
BIOCARTA_PRION_PATHWAY	BIOCARTA_PRION_PATHWAY		9	-0.46872813	-1.202798	0.25381678	0.412651	1.0	5870	tags=78%, list=38%, signal=126%	
REACTOME_REGULATION_OF_CHOLESTEROL_BIOSYNTHESIS_BY_SREBP_SREBF	REACTOME_REGULATION_OF_CHOLESTEROL_BIOSYNTHESIS_BY_SREBP_SREBF		7	-0.517459	-1.2023646	0.29007635	0.41271743	1.0	1847	tags=43%, list=12%, signal=49%	
REACTOME_GLUTAMATE_AND_GLUTAMINE_METABOLISM	REACTOME_GLUTAMATE_AND_GLUTAMINE_METABOLISM		10	-0.46164164	-1.202187	0.24858756	0.41233718	1.0	6305	tags=80%, list=41%, signal=135%	
BIOCARTA_CD40_PATHWAY	BIOCARTA_CD40_PATHWAY		14	-0.41431704	-1.2002666	0.23345588	0.41531184	1.0	3158	tags=43%, list=20%, signal=54%	
BIOCARTA_ERAD_PATHWAY	BIOCARTA_ERAD_PATHWAY		14	-0.41948068	-1.1988899	0.2313297	0.41720077	1.0	1199	tags=21%, list=8%, signal=23%	
WP_GPCRS_CLASS_B_SECRETINLIKE	WP_GPCRS_CLASS_B_SECRETINLIKE		7	-0.51376706	-1.1988031	0.24765478	0.4167189	1.0	2030	tags=43%, list=13%, signal=49%	
BIOCARTA_P53_PATHWAY	BIOCARTA_P53_PATHWAY		14	-0.42093205	-1.1971616	0.24043716	0.41891432	1.0	3497	tags=43%, list=23%, signal=55%	
REACTOME_A_TETRASACCHARIDE_LINKER_SEQUENCE_IS_REQUIRED_FOR_GAG_SYNTHESIS	REACTOME_A_TETRASACCHARIDE_LINKER_SEQUENCE_IS_REQUIRED_FOR_GAG_SYNTHESIS		13	-0.42108634	-1.1940054	0.24190477	0.42379025	1.0	840	tags=23%, list=5%, signal=24%	
BIOCARTA_PLC_PATHWAY	BIOCARTA_PLC_PATHWAY		8	-0.4757886	-1.1898848	0.2607143	0.4306781	1.0	2334	tags=38%, list=15%, signal=44%	
REACTOME_SIGNALING_BY_NTRK2_TRKB	REACTOME_SIGNALING_BY_NTRK2_TRKB		7	-0.51190805	-1.1897327	0.24538745	0.43020412	1.0	3329	tags=43%, list=22%, signal=55%	
BIOCARTA_S1P_PATHWAY	BIOCARTA_S1P_PATHWAY		6	-0.546529	-1.1895379	0.26497278	0.429878	1.0	1847	tags=50%, list=12%, signal=57%	
REACTOME_INTERLEUKIN_1_SIGNALING	REACTOME_INTERLEUKIN_1_SIGNALING		101	-0.2596757	-1.1884874	0.14808652	0.43111578	1.0	4411	tags=36%, list=29%, signal=50%	
REACTOME_SIGNALING_BY_EGFR	REACTOME_SIGNALING_BY_EGFR		39	-0.31731567	-1.1878549	0.204947	0.43152207	1.0	3967	tags=38%, list=26%, signal=52%	
REACTOME_FORMATION_OF_XYLULOSE_5_PHOSPHATE	REACTOME_FORMATION_OF_XYLULOSE_5_PHOSPHATE		5	-0.57607365	-1.1864889	0.29205176	0.4332314	1.0	3661	tags=60%, list=24%, signal=79%	
REACTOME_HEME_SIGNALING	REACTOME_HEME_SIGNALING		10	-0.4555025	-1.1862481	0.24150944	0.43292657	1.0	1609	tags=40%, list=10%, signal=45%	
BIOCARTA_FXR_PATHWAY	BIOCARTA_FXR_PATHWAY		5	-0.5681002	-1.1837155	0.2791587	0.43674925	1.0	568	tags=40%, list=4%, signal=42%	
REACTOME_TRAFFICKING_OF_GLUR2_CONTAINING_AMPA_RECEPTORS	REACTOME_TRAFFICKING_OF_GLUR2_CONTAINING_AMPA_RECEPTORS		11	-0.43622696	-1.1821312	0.2513661	0.4390398	1.0	3302	tags=45%, list=21%, signal=58%	
BIOCARTA_INTRINSIC_PATHWAY	BIOCARTA_INTRINSIC_PATHWAY		8	-0.48581478	-1.1811333	0.2821497	0.44027114	1.0	4723	tags=50%, list=31%, signal=72%	
REACTOME_SULFIDE_OXIDATION_TO_SULFATE	REACTOME_SULFIDE_OXIDATION_TO_SULFATE		5	-0.5695738	-1.1807057	0.2946593	0.44037637	1.0	4201	tags=80%, list=27%, signal=110%	
REACTOME_CELLULAR_RESPONSE_TO_CHEMICAL_STRESS	REACTOME_CELLULAR_RESPONSE_TO_CHEMICAL_STRESS		147	-0.2440555	-1.1801069	0.145	0.4407205	1.0	4636	tags=39%, list=30%, signal=55%	
REACTOME_CA2_PATHWAY	REACTOME_CA2_PATHWAY		33	-0.32695624	-1.1787275	0.2231986	0.44259965	1.0	1724	tags=21%, list=11%, signal=24%	
BIOCARTA_ECM_PATHWAY	BIOCARTA_ECM_PATHWAY		19	-0.37311688	-1.1772587	0.24816176	0.44472402	1.0	1293	tags=26%, list=8%, signal=29%	
REACTOME_GAP_JUNCTION_TRAFFICKING_AND_REGULATION	REACTOME_GAP_JUNCTION_TRAFFICKING_AND_REGULATION		24	-0.35455117	-1.1765503	0.25598526	0.44528866	1.0	3535	tags=38%, list=23%, signal=49%	
REACTOME_SUMOYLATION_OF_IMMUNE_RESPONSE_PROTEINS	REACTOME_SUMOYLATION_OF_IMMUNE_RESPONSE_PROTEINS		11	-0.44371012	-1.1755798	0.26653695	0.44645274	1.0	3315	tags=45%, list=22%, signal=58%	
REACTOME_CROSSLINKING_OF_COLLAGEN_FIBRILS	REACTOME_CROSSLINKING_OF_COLLAGEN_FIBRILS		6	-0.5305516	-1.1751466	0.2948718	0.44652063	1.0	676	tags=33%, list=4%, signal=35%	
REACTOME_NUCLEAR_RECEPTOR_TRANSCRIPTION_PATHWAY	REACTOME_NUCLEAR_RECEPTOR_TRANSCRIPTION_PATHWAY		29	-0.3334852	-1.1741847	0.21532847	0.4475205	1.0	4971	tags=48%, list=32%, signal=71%	
BIOCARTA_IL7_PATHWAY	BIOCARTA_IL7_PATHWAY		15	-0.4055085	-1.1737	0.24763705	0.4477907	1.0	1811	tags=27%, list=12%, signal=30%	
REACTOME_PTK6_REGULATES_RHO_GTPASES_RAS_GTPASE_AND_MAP_KINASES	REACTOME_PTK6_REGULATES_RHO_GTPASES_RAS_GTPASE_AND_MAP_KINASES		12	-0.42803165	-1.172736	0.24060151	0.44885376	1.0	218	tags=17%, list=1%, signal=17%	
BIOCARTA_TRKA_PATHWAY	BIOCARTA_TRKA_PATHWAY		10	-0.4460269	-1.1688402	0.2580645	0.4554181	1.0	4100	tags=50%, list=27%, signal=68%	
BIOCARTA_NKCELLS_PATHWAY	BIOCARTA_NKCELLS_PATHWAY		18	-0.37917027	-1.167589	0.26508227	0.45709112	1.0	4434	tags=56%, list=29%, signal=78%	
REACTOME_VXPX_CARGO_TARGETING_TO_CILIUM	REACTOME_VXPX_CARGO_TARGETING_TO_CILIUM		16	-0.3869183	-1.1622683	0.25426945	0.4663459	1.0	3503	tags=38%, list=23%, signal=48%	
BIOCARTA_EXTRINSIC_PATHWAY	BIOCARTA_EXTRINSIC_PATHWAY		5	-0.5557707	-1.1618168	0.2915129	0.4664701	1.0	4723	tags=80%, list=31%, signal=115%	
REACTOME_INTERLEUKIN_20_FAMILY_SIGNALING	REACTOME_INTERLEUKIN_20_FAMILY_SIGNALING		11	-0.44504666	-1.1611489	0.274	0.46698433	1.0	1811	tags=45%, list=12%, signal=51%	
REACTOME_ERBB2_ACTIVATES_PTK6_SIGNALING	REACTOME_ERBB2_ACTIVATES_PTK6_SIGNALING		5	-0.5510758	-1.1611327	0.30739298	0.46627474	1.0	3096	tags=60%, list=20%, signal=75%	
REACTOME_GLYCOSPHINGOLIPID_BIOSYNTHESIS	REACTOME_GLYCOSPHINGOLIPID_BIOSYNTHESIS		15	-0.39457372	-1.160882	0.26127818	0.4660467	1.0	3996	tags=60%, list=26%, signal=81%	
REACTOME_FGFR1B_LIGAND_BINDING_AND_ACTIVATION	REACTOME_FGFR1B_LIGAND_BINDING_AND_ACTIVATION		5	-0.5453091	-1.1596866	0.29714286	0.4676442	1.0	1316	tags=40%, list=9%, signal=44%	
REACTOME_COPI_DEPENDENT_GOLGI_TO_ER_RETROGRADE_TRAFFIC	REACTOME_COPI_DEPENDENT_GOLGI_TO_ER_RETROGRADE_TRAFFIC		84	-0.2629358	-1.1595765	0.21686748	0.46715963	1.0	4213	tags=32%, list=27%, signal=44%	
REACTOME_ATTACHMENT_OF_GPI_ANCHOR_TO_UPAR	REACTOME_ATTACHMENT_OF_GPI_ANCHOR_TO_UPAR		7	-0.50369865	-1.15908	0.2883549	0.46737593	1.0	1782	tags=43%, list=12%, signal=48%	
BIOCARTA_IL2_PATHWAY	BIOCARTA_IL2_PATHWAY		23	-0.35414058	-1.1579746	0.25878003	0.46888623	1.0	3726	tags=43%, list=24%, signal=57%	
REACTOME_CARGO_CONCENTRATION_IN_THE_ER	REACTOME_CARGO_CONCENTRATION_IN_THE_ER		28	-0.33299923	-1.1561952	0.24733096	0.47160244	1.0	4313	tags=43%, list=28%, signal=59%	
BIOCARTA_TPO_PATHWAY	BIOCARTA_TPO_PATHWAY		23	-0.34995642	-1.1558644	0.2635659	0.47151878	1.0	3726	tags=43%, list=24%, signal=57%	
REACTOME_THE_CANONICAL_RETINOID_CYCLE_IN_RODS_TWILIGHT_VISION	REACTOME_THE_CANONICAL_RETINOID_CYCLE_IN_RODS_TWILIGHT_VISION		7	-0.49206114	-1.1552644	0.30395684	0.47198325	1.0	975	tags=29%, list=6%, signal=30%	
REACTOME_REGULATION_OF_TP53_ACTIVITY_THROUGH_ASSOCIATION_WITH_CO_FACTORS	REACTOME_REGULATION_OF_TP53_ACTIVITY_THROUGH_ASSOCIATION_WITH_CO_FACTORS		10	-0.448433	-1.1549678	0.2859745	0.4717947	1.0	2241	tags=50%, list=15%, signal=58%	
REACTOME_GASTRIN_CREB_SIGNALLING_PATHWAY_VIA_PKC_AND_MAPK	REACTOME_GASTRIN_CREB_SIGNALLING_PATHWAY_VIA_PKC_AND_MAPK		12	-0.42100054	-1.1540005	0.28985506	0.4728988	1.0	3697	tags=50%, list=24%, signal=66%	
WP_PENTOSE_PHOSPHATE_PATHWAY	WP_PENTOSE_PHOSPHATE_PATHWAY		7	-0.48782688	-1.1539559	0.28320312	0.47224626	1.0	4995	tags=86%, list=32%, signal=127%	
WP_FATTY_ACID_BETAOXIDATION	WP_FATTY_ACID_BETAOXIDATION		30	-0.32466272	-1.1535575	0.2657581	0.47213286	1.0	3924	tags=37%, list=25%, signal=49%	
REACTOME_PYRIMIDINE_SALVAGE	REACTOME_PYRIMIDINE_SALVAGE		7	-0.49992988	-1.1530252	0.28842506	0.4724184	1.0	4031	tags=43%, list=26%, signal=58%	
WP_TRANSCRIPTIONAL_ACTIVATION_BY_NFE2L2_IN_RESPONSE_TO_PHYTOCHEMICALS	WP_TRANSCRIPTIONAL_ACTIVATION_BY_NFE2L2_IN_RESPONSE_TO_PHYTOCHEMICALS		12	-0.4199582	-1.1523616	0.284153	0.47285604	1.0	4207	tags=58%, list=27%, signal=80%	
BIOCARTA_ERK_PATHWAY	BIOCARTA_ERK_PATHWAY		20	-0.36759847	-1.1520619	0.28597787	0.4727202	1.0	4466	tags=50%, list=29%, signal=70%	
REACTOME_MUSCLE_CONTRACTION	REACTOME_MUSCLE_CONTRACTION		80	-0.26820633	-1.1516391	0.21440823	0.47274935	1.0	2584	tags=26%, list=17%, signal=31%	
REACTOME_COLLAGEN_CHAIN_TRIMERIZATION	REACTOME_COLLAGEN_CHAIN_TRIMERIZATION		11	-0.43364328	-1.150989	0.315197	0.47317323	1.0	4819	tags=55%, list=31%, signal=79%	
BIOCARTA_PPARG_PATHWAY	BIOCARTA_PPARG_PATHWAY		7	-0.49239334	-1.1508517	0.3063063	0.4726785	1.0	886	tags=43%, list=6%, signal=45%	
REACTOME_SIGNAL_ATTENUATION	REACTOME_SIGNAL_ATTENUATION		8	-0.47592774	-1.1508366	0.30442804	0.47196862	1.0	3612	tags=38%, list=23%, signal=49%	
BIOCARTA_STEM_PATHWAY	BIOCARTA_STEM_PATHWAY		5	-0.556712	-1.1492864	0.29755178	0.4742153	1.0	3539	tags=80%, list=23%, signal=104%	
REACTOME_FGFR1C_LIGAND_BINDING_AND_ACTIVATION	REACTOME_FGFR1C_LIGAND_BINDING_AND_ACTIVATION		5	-0.5453091	-1.1483715	0.3243762	0.47525936	1.0	1316	tags=40%, list=9%, signal=44%	
BIOCARTA_CACAM_PATHWAY	BIOCARTA_CACAM_PATHWAY		6	-0.5111164	-1.1402863	0.31007752	0.4903694	1.0	4112	tags=50%, list=27%, signal=68%	
REACTOME_NOTCH_HLH_TRANSCRIPTION_PATHWAY	REACTOME_NOTCH_HLH_TRANSCRIPTION_PATHWAY		20	-0.35889965	-1.1398908	0.29582578	0.49038672	1.0	4488	tags=45%, list=29%, signal=63%	
REACTOME_SEMA4D_IN_SEMAPHORIN_SIGNALING	REACTOME_SEMA4D_IN_SEMAPHORIN_SIGNALING		15	-0.39618266	-1.1397485	0.29173988	0.48993483	1.0	2117	tags=33%, list=14%, signal=39%	
REACTOME_NICOTINATE_METABOLISM	REACTOME_NICOTINATE_METABOLISM		24	-0.33916038	-1.1394842	0.28745645	0.4896807	1.0	5704	tags=54%, list=37%, signal=86%	
REACTOME_STIMULI_SENSING_CHANNELS	REACTOME_STIMULI_SENSING_CHANNELS		52	-0.27887228	-1.1365153	0.24957842	0.49488437	1.0	3405	tags=33%, list=22%, signal=42%	
WP_DELTANOTCH_SIGNALING_PATHWAY	WP_DELTANOTCH_SIGNALING_PATHWAY		71	-0.2655297	-1.1339792	0.2334437	0.4991294	1.0	2557	tags=23%, list=17%, signal=27%	
REACTOME_REGULATION_OF_LIPID_METABOLISM_BY_PPARALPHA	REACTOME_REGULATION_OF_LIPID_METABOLISM_BY_PPARALPHA		15	-0.38249144	-1.133129	0.29236498	0.49998876	1.0	3273	tags=47%, list=21%, signal=59%	
REACTOME_ASSEMBLY_OF_ACTIVE_LPL_AND_LIPC_LIPASE_COMPLEXES	REACTOME_ASSEMBLY_OF_ACTIVE_LPL_AND_LIPC_LIPASE_COMPLEXES		7	-0.4954507	-1.132166	0.30905512	0.5011268	1.0	4303	tags=57%, list=28%, signal=79%	
REACTOME_TNF_SIGNALING	REACTOME_TNF_SIGNALING		55	-0.27829722	-1.1320906	0.26584506	0.50052804	1.0	4291	tags=35%, list=28%, signal=48%	
REACTOME_MITOCHONDRIAL_PROTEIN_DEGRADATION	REACTOME_MITOCHONDRIAL_PROTEIN_DEGRADATION		79	-0.25677767	-1.1284823	0.2495637	0.5067948	1.0	4874	tags=37%, list=32%, signal=53%	
REACTOME_INTEGRIN_SIGNALING	REACTOME_INTEGRIN_SIGNALING		24	-0.33452198	-1.1279476	0.2954955	0.50708216	1.0	1293	tags=21%, list=8%, signal=23%	
REACTOME_RHOD_GTPASE_CYCLE	REACTOME_RHOD_GTPASE_CYCLE		46	-0.29758462	-1.1278551	0.28301886	0.5065009	1.0	2772	tags=28%, list=18%, signal=34%	
WP_ALANINE_AND_ASPARTATE_METABOLISM	WP_ALANINE_AND_ASPARTATE_METABOLISM		12	-0.40833706	-1.1276804	0.28990826	0.506108	1.0	4943	tags=67%, list=32%, signal=98%	
REACTOME_RND3_GTPASE_CYCLE	REACTOME_RND3_GTPASE_CYCLE		37	-0.30234277	-1.1274525	0.2791096	0.5058283	1.0	3177	tags=32%, list=21%, signal=41%	
WP_BLOOD_CLOTTING_CASCADE	WP_BLOOD_CLOTTING_CASCADE		8	-0.46696335	-1.127137	0.3231939	0.5056989	1.0	546	tags=25%, list=4%, signal=26%	
REACTOME_ERK_MAPK_TARGETS	REACTOME_ERK_MAPK_TARGETS		19	-0.36246234	-1.1270665	0.30388692	0.50506896	1.0	4349	tags=53%, list=28%, signal=73%	
REACTOME_ASSEMBLY_OF_COLLAGEN_FIBRILS_AND_OTHER_MULTIMERIC_STRUCTURES	REACTOME_ASSEMBLY_OF_COLLAGEN_FIBRILS_AND_OTHER_MULTIMERIC_STRUCTURES		16	-0.38470957	-1.1260387	0.3034735	0.50639886	1.0	4819	tags=56%, list=31%, signal=82%	
REACTOME_FGFR1_LIGAND_BINDING_AND_ACTIVATION	REACTOME_FGFR1_LIGAND_BINDING_AND_ACTIVATION		5	-0.5453091	-1.125607	0.34521577	0.5065547	1.0	1316	tags=40%, list=9%, signal=44%	
REACTOME_TP53_REGULATES_TRANSCRIPTION_OF_GENES_INVOLVED_IN_CYTOCHROME_C_RELEASE	REACTOME_TP53_REGULATES_TRANSCRIPTION_OF_GENES_INVOLVED_IN_CYTOCHROME_C_RELEASE		7	-0.49215153	-1.1249795	0.34078214	0.5070713	1.0	1810	tags=29%, list=12%, signal=32%	
REACTOME_ACTIVATION_OF_G_PROTEIN_GATED_POTASSIUM_CHANNELS	REACTOME_ACTIVATION_OF_G_PROTEIN_GATED_POTASSIUM_CHANNELS		16	-0.3736457	-1.1245573	0.29739776	0.50711775	1.0	1724	tags=25%, list=11%, signal=28%	
WP_WNT_SIGNALING_PATHWAY_AND_PLURIPOTENCY	WP_WNT_SIGNALING_PATHWAY_AND_PLURIPOTENCY		67	-0.26503855	-1.1242176	0.26418152	0.5070477	1.0	3889	tags=31%, list=25%, signal=42%	
REACTOME_INTERLEUKIN_17_SIGNALING	REACTOME_INTERLEUKIN_17_SIGNALING		58	-0.2741765	-1.1231279	0.25778547	0.508369	1.0	1335	tags=19%, list=9%, signal=21%	
BIOCARTA_PYK2_PATHWAY	BIOCARTA_PYK2_PATHWAY		25	-0.33458036	-1.1223602	0.28648648	0.50902784	1.0	4466	tags=40%, list=29%, signal=56%	
REACTOME_MAP3K8_TPL2_DEPENDENT_MAPK1_3_ACTIVATION	REACTOME_MAP3K8_TPL2_DEPENDENT_MAPK1_3_ACTIVATION		14	-0.38771883	-1.1196034	0.3216266	0.51366067	1.0	817	tags=21%, list=5%, signal=23%	
REACTOME_INTERLEUKIN_9_SIGNALING	REACTOME_INTERLEUKIN_9_SIGNALING		5	-0.54442567	-1.1186932	0.34306568	0.514716	1.0	3726	tags=60%, list=24%, signal=79%	
REACTOME_N_GLYCAN_TRIMMING_AND_ELONGATION_IN_THE_CIS_GOLGI	REACTOME_N_GLYCAN_TRIMMING_AND_ELONGATION_IN_THE_CIS_GOLGI		5	-0.53966135	-1.1183678	0.36764705	0.5145906	1.0	996	tags=20%, list=6%, signal=21%	
WP_TRYPTOPHAN_METABOLISM	WP_TRYPTOPHAN_METABOLISM		26	-0.32586315	-1.1172018	0.29151943	0.5162011	1.0	3196	tags=35%, list=21%, signal=44%	
REACTOME_METABOLISM_OF_COFACTORS	REACTOME_METABOLISM_OF_COFACTORS		25	-0.3284187	-1.1135827	0.3235832	0.5225849	1.0	4100	tags=44%, list=27%, signal=60%	
WP_COMPLEMENT_ACTIVATION_CLASSICAL_PATHWAY	WP_COMPLEMENT_ACTIVATION_CLASSICAL_PATHWAY		9	-0.4361941	-1.1120163	0.32846716	0.5249482	1.0	2478	tags=67%, list=16%, signal=79%	
REACTOME_SIGNALING_BY_NOTCH	REACTOME_SIGNALING_BY_NOTCH		35	-0.3044938	-1.1111789	0.3204047	0.52596307	1.0	2846	tags=29%, list=18%, signal=35%	
REACTOME_RA_BIOSYNTHESIS_PATHWAY	REACTOME_RA_BIOSYNTHESIS_PATHWAY		11	-0.4151034	-1.1090647	0.32177263	0.5294671	1.0	4058	tags=55%, list=26%, signal=74%	
REACTOME_SIGNAL_TRANSDUCTION_BY_L1	REACTOME_SIGNAL_TRANSDUCTION_BY_L1		18	-0.34953448	-1.1076704	0.31549814	0.5316275	1.0	3612	tags=33%, list=23%, signal=43%	
REACTOME_ACTIVATION_OF_BH3_ONLY_PROTEINS	REACTOME_ACTIVATION_OF_BH3_ONLY_PROTEINS		18	-0.3576874	-1.1043249	0.3229358	0.53768855	1.0	1284	tags=17%, list=8%, signal=18%	
REACTOME_PI3K_AKT_ACTIVATION	REACTOME_PI3K_AKT_ACTIVATION		6	-0.5076752	-1.1035012	0.34705883	0.5385836	1.0	1991	tags=33%, list=13%, signal=38%	
REACTOME_SEALING_OF_THE_NUCLEAR_ENVELOPE_NE_BY_ESCRT_III	REACTOME_SEALING_OF_THE_NUCLEAR_ENVELOPE_NE_BY_ESCRT_III		23	-0.3316904	-1.1026263	0.32374102	0.5395962	1.0	3041	tags=30%, list=20%, signal=38%	
WP_DOPAMINERGIC_NEUROGENESIS	WP_DOPAMINERGIC_NEUROGENESIS		8	-0.4606531	-1.1007618	0.33752245	0.5425434	1.0	2078	tags=38%, list=13%, signal=43%	
REACTOME_CA_DEPENDENT_EVENTS	REACTOME_CA_DEPENDENT_EVENTS		20	-0.34301746	-1.0986694	0.32029796	0.5460459	1.0	4412	tags=40%, list=29%, signal=56%	
REACTOME_PRE_NOTCH_EXPRESSION_AND_PROCESSING	REACTOME_PRE_NOTCH_EXPRESSION_AND_PROCESSING		5	-0.5279477	-1.0970261	0.37240076	0.54851794	1.0	4303	tags=60%, list=28%, signal=83%	
WP_SPHINGOLIPID_METABOLISM_INTEGRATED_PATHWAY	WP_SPHINGOLIPID_METABOLISM_INTEGRATED_PATHWAY		24	-0.32702398	-1.0965672	0.3424408	0.5486487	1.0	5132	tags=50%, list=33%, signal=75%	
REACTOME_ERYTHROPOIETIN_ACTIVATES_PHOSPHOINOSITIDE_3_KINASE_PI3K	REACTOME_ERYTHROPOIETIN_ACTIVATES_PHOSPHOINOSITIDE_3_KINASE_PI3K		11	-0.41121596	-1.0944916	0.33510637	0.55208904	1.0	3027	tags=45%, list=20%, signal=57%	
REACTOME_PROTEIN_REPAIR	REACTOME_PROTEIN_REPAIR		6	-0.49474213	-1.0938156	0.36753732	0.5526949	1.0	4397	tags=50%, list=29%, signal=70%	
REACTOME_PEPTIDE_HORMONE_METABOLISM	REACTOME_PEPTIDE_HORMONE_METABOLISM		33	-0.30110872	-1.0920111	0.3298969	0.5555942	1.0	3563	tags=36%, list=23%, signal=47%	
REACTOME_ATTENUATION_PHASE	REACTOME_ATTENUATION_PHASE		12	-0.39936236	-1.0905933	0.36037737	0.5577338	1.0	1582	tags=25%, list=10%, signal=28%	
REACTOME_SIGNALING_BY_NODAL	REACTOME_SIGNALING_BY_NODAL		6	-0.49189898	-1.089796	0.3625731	0.55859244	1.0	154	tags=17%, list=1%, signal=17%	
REACTOME_GPER1_SIGNALING	REACTOME_GPER1_SIGNALING		22	-0.33118382	-1.0891054	0.3581818	0.5592983	1.0	1724	tags=23%, list=11%, signal=26%	
WP_ENDOCHONDRAL_OSSIFICATION	WP_ENDOCHONDRAL_OSSIFICATION		35	-0.29615662	-1.088735	0.33454546	0.5592964	1.0	4586	tags=40%, list=30%, signal=57%	
WP_SPHINGOLIPID_METABOLISM_OVERVIEW	WP_SPHINGOLIPID_METABOLISM_OVERVIEW		23	-0.333476	-1.0885742	0.34574467	0.55886275	1.0	5132	tags=52%, list=33%, signal=78%	
REACTOME_ORGANIC_ANION_TRANSPORTERS	REACTOME_ORGANIC_ANION_TRANSPORTERS		6	-0.49005532	-1.0878967	0.36346152	0.5594523	1.0	4224	tags=50%, list=27%, signal=69%	
REACTOME_ACTIVATED_NOTCH1_TRANSMITS_SIGNAL_TO_THE_NUCLEUS	REACTOME_ACTIVATED_NOTCH1_TRANSMITS_SIGNAL_TO_THE_NUCLEUS		11	-0.40356356	-1.0854251	0.3448276	0.56369936	1.0	1982	tags=27%, list=13%, signal=31%	
REACTOME_ERYTHROPOIETIN_ACTIVATES_RAS	REACTOME_ERYTHROPOIETIN_ACTIVATES_RAS		9	-0.43394372	-1.0848044	0.36911488	0.5641469	1.0	2045	tags=44%, list=13%, signal=51%	
REACTOME_TCR_SIGNALING	REACTOME_TCR_SIGNALING		110	-0.23292604	-1.084231	0.27712855	0.56448096	1.0	4254	tags=33%, list=28%, signal=45%	
WP_ECTODYSPLASIN_A_SIGNALING_IN_HAIR_FOLLICLE_DEVELOPMENT	WP_ECTODYSPLASIN_A_SIGNALING_IN_HAIR_FOLLICLE_DEVELOPMENT		7	-0.4713444	-1.083925	0.370019	0.5643446	1.0	3158	tags=57%, list=20%, signal=72%	
REACTOME_DEX_H_BOX_HELICASES_ACTIVATE_TYPE_I_IFN_AND_INFLAMMATORY_CYTOKINES_PRODUCTION	REACTOME_DEX_H_BOX_HELICASES_ACTIVATE_TYPE_I_IFN_AND_INFLAMMATORY_CYTOKINES_PRODUCTION		7	-0.4718749	-1.0834484	0.36363637	0.5644798	1.0	3158	tags=57%, list=20%, signal=72%	
REACTOME_FOXO_MEDIATED_TRANSCRIPTION_OF_CELL_CYCLE_GENES	REACTOME_FOXO_MEDIATED_TRANSCRIPTION_OF_CELL_CYCLE_GENES		6	-0.4741299	-1.082893	0.35205993	0.5647779	1.0	154	tags=17%, list=1%, signal=17%	
REACTOME_IL_6_TYPE_CYTOKINE_RECEPTOR_LIGAND_INTERACTIONS	REACTOME_IL_6_TYPE_CYTOKINE_RECEPTOR_LIGAND_INTERACTIONS		8	-0.44517145	-1.0828879	0.366	0.5639891	1.0	2999	tags=50%, list=19%, signal=62%	
WP_PTF1A_RELATED_REGULATORY_PATHWAY	WP_PTF1A_RELATED_REGULATORY_PATHWAY		7	-0.47220334	-1.0827074	0.37360594	0.5635374	1.0	1400	tags=29%, list=9%, signal=31%	
WP_MACROPHAGE_MARKERS	WP_MACROPHAGE_MARKERS		9	-0.4196293	-1.0791866	0.3713733	0.570012	1.0	3682	tags=56%, list=24%, signal=73%	
WP_MAPK_SIGNALING_PATHWAY	WP_MAPK_SIGNALING_PATHWAY		140	-0.22310649	-1.0782006	0.2949527	0.571167	1.0	4906	tags=39%, list=32%, signal=56%	
REACTOME_VEGFR2_MEDIATED_CELL_PROLIFERATION	REACTOME_VEGFR2_MEDIATED_CELL_PROLIFERATION		12	-0.39703593	-1.0766401	0.38764045	0.57371056	1.0	3697	tags=42%, list=24%, signal=55%	
REACTOME_TGF_BETA_RECEPTOR_SIGNALING_ACTIVATES_SMADS	REACTOME_TGF_BETA_RECEPTOR_SIGNALING_ACTIVATES_SMADS		34	-0.29971823	-1.0760368	0.34676006	0.5741776	1.0	1316	tags=15%, list=9%, signal=16%	
WP_PEROXIREDOXIN_2_INDUCED_OVARIAN_FAILURE	WP_PEROXIREDOXIN_2_INDUCED_OVARIAN_FAILURE		6	-0.4846666	-1.0749375	0.4007421	0.575669	1.0	5478	tags=67%, list=36%, signal=103%	
BIOCARTA_TCAPOPTOSIS_PATHWAY	BIOCARTA_TCAPOPTOSIS_PATHWAY		9	-0.43717268	-1.0738665	0.3799622	0.57715833	1.0	4054	tags=67%, list=26%, signal=90%	
WP_STATIN_PATHWAY	WP_STATIN_PATHWAY		13	-0.37863544	-1.0736905	0.35852712	0.5767485	1.0	1750	tags=38%, list=11%, signal=43%	
REACTOME_NONCANONICAL_ACTIVATION_OF_NOTCH3	REACTOME_NONCANONICAL_ACTIVATION_OF_NOTCH3		6	-0.48058102	-1.0718527	0.40601504	0.5798029	1.0	1393	tags=33%, list=9%, signal=37%	
REACTOME_GDP_FUCOSE_BIOSYNTHESIS	REACTOME_GDP_FUCOSE_BIOSYNTHESIS		6	-0.48815614	-1.0717372	0.38085938	0.5792691	1.0	4571	tags=67%, list=30%, signal=95%	
REACTOME_HSF1_DEPENDENT_TRANSACTIVATION	REACTOME_HSF1_DEPENDENT_TRANSACTIVATION		20	-0.33724493	-1.0708641	0.36555362	0.58017534	1.0	1990	tags=25%, list=13%, signal=29%	
REACTOME_INTRINSIC_PATHWAY_FOR_APOPTOSIS	REACTOME_INTRINSIC_PATHWAY_FOR_APOPTOSIS		39	-0.28555512	-1.0704088	0.35106382	0.5804447	1.0	1974	tags=18%, list=13%, signal=21%	
WP_P53_SIGNALING	WP_P53_SIGNALING		58	-0.2632445	-1.0701946	0.36501902	0.5801274	1.0	2672	tags=22%, list=17%, signal=27%	
REACTOME_MOLYBDENUM_COFACTOR_BIOSYNTHESIS	REACTOME_MOLYBDENUM_COFACTOR_BIOSYNTHESIS		5	-0.5063868	-1.0687019	0.39539346	0.5825006	1.0	6176	tags=80%, list=40%, signal=133%	
REACTOME_RHOF_GTPASE_CYCLE	REACTOME_RHOF_GTPASE_CYCLE		38	-0.28868753	-1.068497	0.3339254	0.58217025	1.0	2544	tags=26%, list=17%, signal=31%	
BIOCARTA_HSP27_PATHWAY	BIOCARTA_HSP27_PATHWAY		11	-0.40992963	-1.0663862	0.38165137	0.5858728	1.0	4877	tags=55%, list=32%, signal=80%	
REACTOME_METABOLISM_OF_NUCLEOTIDES	REACTOME_METABOLISM_OF_NUCLEOTIDES		80	-0.24067692	-1.0661422	0.305	0.5855438	1.0	4335	tags=30%, list=28%, signal=42%	
REACTOME_CROSS_PRESENTATION_OF_PARTICULATE_EXOGENOUS_ANTIGENS_PHAGOSOMES	REACTOME_CROSS_PRESENTATION_OF_PARTICULATE_EXOGENOUS_ANTIGENS_PHAGOSOMES		7	-0.45522782	-1.0648682	0.38314176	0.5873475	1.0	2698	tags=43%, list=17%, signal=52%	
REACTOME_CD209_DC_SIGN_SIGNALING	REACTOME_CD209_DC_SIGN_SIGNALING		16	-0.35829377	-1.0647275	0.39042357	0.58682346	1.0	3697	tags=44%, list=24%, signal=57%	
REACTOME_ACETYLCHOLINE_BINDING_AND_DOWNSTREAM_EVENTS	REACTOME_ACETYLCHOLINE_BINDING_AND_DOWNSTREAM_EVENTS		5	-0.52539897	-1.0640061	0.40392157	0.58745784	1.0	577	tags=40%, list=4%, signal=42%	
REACTOME_KERATINIZATION	REACTOME_KERATINIZATION		12	-0.3844991	-1.0637356	0.39019963	0.5872261	1.0	1138	tags=25%, list=7%, signal=27%	
WP_EXERCISEINDUCED_CIRCADIAN_REGULATION	WP_EXERCISEINDUCED_CIRCADIAN_REGULATION		41	-0.27437648	-1.0626528	0.36851212	0.5887282	1.0	2797	tags=24%, list=18%, signal=30%	
REACTOME_RHO_GTPASES_ACTIVATE_WASPS_AND_WAVES	REACTOME_RHO_GTPASES_ACTIVATE_WASPS_AND_WAVES		30	-0.30027834	-1.062643	0.35178572	0.5879385	1.0	3861	tags=30%, list=25%, signal=40%	
BIOCARTA_CARDIACEGF_PATHWAY	BIOCARTA_CARDIACEGF_PATHWAY		11	-0.400377	-1.0624056	0.39503816	0.5875606	1.0	3697	tags=45%, list=24%, signal=60%	
REACTOME_FCERI_MEDIATED_CA_2_MOBILIZATION	REACTOME_FCERI_MEDIATED_CA_2_MOBILIZATION		31	-0.3025261	-1.062277	0.35957065	0.5870174	1.0	5003	tags=52%, list=32%, signal=76%	
REACTOME_FORMATION_OF_THE_CORNIFIED_ENVELOPE	REACTOME_FORMATION_OF_THE_CORNIFIED_ENVELOPE		12	-0.3844991	-1.0614483	0.35883424	0.5879388	1.0	1138	tags=25%, list=7%, signal=27%	
REACTOME_FACTORS_INVOLVED_IN_MEGAKARYOCYTE_DEVELOPMENT_AND_PLATELET_PRODUCTION	REACTOME_FACTORS_INVOLVED_IN_MEGAKARYOCYTE_DEVELOPMENT_AND_PLATELET_PRODUCTION		106	-0.22801799	-1.0578465	0.32594937	0.59463334	1.0	4121	tags=32%, list=27%, signal=43%	
BIOCARTA_CYTOKINE_PATHWAY	BIOCARTA_CYTOKINE_PATHWAY		9	-0.41692242	-1.0571059	0.3902439	0.5953916	1.0	2060	tags=44%, list=13%, signal=51%	
REACTOME_MET_ACTIVATES_RAS_SIGNALING	REACTOME_MET_ACTIVATES_RAS_SIGNALING		9	-0.414827	-1.055851	0.40712947	0.5972112	1.0	3697	tags=56%, list=24%, signal=73%	
REACTOME_SYNTHESIS_OF_PROSTAGLANDINS_PG_AND_THROMBOXANES_TX	REACTOME_SYNTHESIS_OF_PROSTAGLANDINS_PG_AND_THROMBOXANES_TX		7	-0.45923668	-1.055664	0.40262172	0.596846	1.0	4404	tags=57%, list=29%, signal=80%	
BIOCARTA_CXCR4_PATHWAY	BIOCARTA_CXCR4_PATHWAY		17	-0.34372136	-1.0552689	0.38358778	0.5967681	1.0	3697	tags=41%, list=24%, signal=54%	
REACTOME_PTK6_REGULATES_CELL_CYCLE	REACTOME_PTK6_REGULATES_CELL_CYCLE		5	-0.51026946	-1.054281	0.407045	0.5978473	1.0	3497	tags=60%, list=23%, signal=78%	
REACTOME_ANTIGEN_ACTIVATES_B_CELL_RECEPTOR_BCR_LEADING_TO_GENERATION_OF_SECOND_MESSENGERS	REACTOME_ANTIGEN_ACTIVATES_B_CELL_RECEPTOR_BCR_LEADING_TO_GENERATION_OF_SECOND_MESSENGERS		26	-0.30830088	-1.0542485	0.38025594	0.5971087	1.0	4545	tags=42%, list=29%, signal=60%	
REACTOME_NCAM1_INTERACTIONS	REACTOME_NCAM1_INTERACTIONS		5	-0.5161678	-1.0540476	0.43773586	0.59673053	1.0	6136	tags=60%, list=40%, signal=100%	
WP_GDNFRET_SIGNALING_AXIS	WP_GDNFRET_SIGNALING_AXIS		7	-0.45513943	-1.0539312	0.39691713	0.5961687	1.0	2012	tags=43%, list=13%, signal=49%	
BIOCARTA_PAR1_PATHWAY	BIOCARTA_PAR1_PATHWAY		16	-0.35472623	-1.0526376	0.3897059	0.5980588	1.0	437	tags=13%, list=3%, signal=13%	
BIOCARTA_CARM1_PATHWAY	BIOCARTA_CARM1_PATHWAY		11	-0.39182174	-1.0516763	0.39247313	0.59930474	1.0	4524	tags=45%, list=29%, signal=64%	
BIOCARTA_PTDINS_PATHWAY	BIOCARTA_PTDINS_PATHWAY		14	-0.35567355	-1.0498345	0.39636365	0.6023484	1.0	4213	tags=43%, list=27%, signal=59%	
REACTOME_VLDLR_INTERNALISATION_AND_DEGRADATION	REACTOME_VLDLR_INTERNALISATION_AND_DEGRADATION		16	-0.34205619	-1.0476662	0.42628774	0.6060935	1.0	1530	tags=25%, list=10%, signal=28%	
BIOCARTA_RAS_PATHWAY	BIOCARTA_RAS_PATHWAY		21	-0.32428414	-1.0471243	0.39506173	0.60638547	1.0	4100	tags=43%, list=27%, signal=58%	
WP_BIOGENIC_AMINE_SYNTHESIS	WP_BIOGENIC_AMINE_SYNTHESIS		6	-0.47473145	-1.0466388	0.4025974	0.6066677	1.0	2210	tags=50%, list=14%, signal=58%	
REACTOME_TRIF_MEDIATED_PROGRAMMED_CELL_DEATH	REACTOME_TRIF_MEDIATED_PROGRAMMED_CELL_DEATH		9	-0.4181979	-1.0413609	0.4224806	0.61696965	1.0	3153	tags=44%, list=20%, signal=56%	
BIOCARTA_MTA3_PATHWAY	BIOCARTA_MTA3_PATHWAY		14	-0.36565098	-1.0411255	0.425	0.61666465	1.0	5403	tags=57%, list=35%, signal=88%	
REACTOME_CELLULAR_RESPONSE_TO_HEAT_STRESS	REACTOME_CELLULAR_RESPONSE_TO_HEAT_STRESS		80	-0.23579222	-1.0400912	0.358804	0.6179871	1.0	2545	tags=20%, list=17%, signal=24%	
REACTOME_ACTIVATION_OF_SMO	REACTOME_ACTIVATION_OF_SMO		9	-0.40957528	-1.0399506	0.40038684	0.6174458	1.0	1339	tags=33%, list=9%, signal=36%	
REACTOME_CD28_DEPENDENT_PI3K_AKT_SIGNALING	REACTOME_CD28_DEPENDENT_PI3K_AKT_SIGNALING		22	-0.314304	-1.0387557	0.40070298	0.6190814	1.0	2241	tags=36%, list=15%, signal=42%	
WP_SYNTHESIS_AND_DEGRADATION_OF_KETONE_BODIES	WP_SYNTHESIS_AND_DEGRADATION_OF_KETONE_BODIES		5	-0.4944085	-1.0381746	0.4201521	0.61942726	1.0	4726	tags=60%, list=31%, signal=86%	
REACTOME_RUNX3_REGULATES_NOTCH_SIGNALING	REACTOME_RUNX3_REGULATES_NOTCH_SIGNALING		9	-0.40832075	-1.0368797	0.40194175	0.6213861	1.0	650	tags=22%, list=4%, signal=23%	
BIOCARTA_NDKDYNAMIN_PATHWAY	BIOCARTA_NDKDYNAMIN_PATHWAY		12	-0.3752264	-1.0366275	0.42638624	0.62113976	1.0	3345	tags=33%, list=22%, signal=43%	
BIOCARTA_CELLCYCLE_PATHWAY	BIOCARTA_CELLCYCLE_PATHWAY		21	-0.32130185	-1.0343701	0.41340783	0.6251398	1.0	3497	tags=33%, list=23%, signal=43%	
BIOCARTA_PDGF_PATHWAY	BIOCARTA_PDGF_PATHWAY		27	-0.29499686	-1.0315485	0.3986014	0.63034654	1.0	1293	tags=19%, list=8%, signal=20%	
REACTOME_TRAF6_MEDIATED_NF_KB_ACTIVATION	REACTOME_TRAF6_MEDIATED_NF_KB_ACTIVATION		13	-0.3685046	-1.0313882	0.41558442	0.6298227	1.0	4851	tags=54%, list=31%, signal=78%	
REACTOME_CELLULAR_RESPONSE_TO_MITOCHONDRIAL_STRESS	REACTOME_CELLULAR_RESPONSE_TO_MITOCHONDRIAL_STRESS		9	-0.41233143	-1.031129	0.42613637	0.6295618	1.0	3293	tags=44%, list=21%, signal=56%	
REACTOME_NCAM_SIGNALING_FOR_NEURITE_OUT_GROWTH	REACTOME_NCAM_SIGNALING_FOR_NEURITE_OUT_GROWTH		21	-0.32229847	-1.0310383	0.42987248	0.6289431	1.0	5178	tags=52%, list=34%, signal=79%	
REACTOME_REGULATED_PROTEOLYSIS_OF_P75NTR	REACTOME_REGULATED_PROTEOLYSIS_OF_P75NTR		9	-0.40531227	-1.0299546	0.41449815	0.63041425	1.0	3158	tags=44%, list=20%, signal=56%	
REACTOME_RND2_GTPASE_CYCLE	REACTOME_RND2_GTPASE_CYCLE		40	-0.27284026	-1.0295184	0.42287695	0.6305164	1.0	5227	tags=45%, list=34%, signal=68%	
REACTOME_CELLULAR_RESPONSES_TO_STIMULI	REACTOME_CELLULAR_RESPONSES_TO_STIMULI		461	-0.18283363	-1.0273013	0.3628447	0.634232	1.0	3643	tags=25%, list=24%, signal=31%	
REACTOME_PURINE_CATABOLISM	REACTOME_PURINE_CATABOLISM		16	-0.34684646	-1.0263461	0.42162162	0.635461	1.0	4335	tags=44%, list=28%, signal=61%	
BIOCARTA_FCER1_PATHWAY	BIOCARTA_FCER1_PATHWAY		37	-0.27280256	-1.0260494	0.41651377	0.6352552	1.0	3697	tags=30%, list=24%, signal=39%	
BIOCARTA_IL5_PATHWAY	BIOCARTA_IL5_PATHWAY		5	-0.49289522	-1.0226743	0.46197718	0.6417207	1.0	3730	tags=80%, list=24%, signal=105%	
BIOCARTA_HDAC_PATHWAY	BIOCARTA_HDAC_PATHWAY		21	-0.31836012	-1.0226244	0.41666666	0.64099014	1.0	4141	tags=43%, list=27%, signal=59%	
WP_SREBF_AND_MIR33_IN_CHOLESTEROL_AND_LIPID_HOMEOSTASIS	WP_SREBF_AND_MIR33_IN_CHOLESTEROL_AND_LIPID_HOMEOSTASIS		10	-0.3920872	-1.0222528	0.425	0.6409523	1.0	2416	tags=40%, list=16%, signal=47%	
REACTOME_METHYLATION	REACTOME_METHYLATION		12	-0.37598434	-1.0217139	0.4204322	0.6412581	1.0	3318	tags=42%, list=22%, signal=53%	
REACTOME_PURINE_RIBONUCLEOSIDE_MONOPHOSPHATE_BIOSYNTHESIS	REACTOME_PURINE_RIBONUCLEOSIDE_MONOPHOSPHATE_BIOSYNTHESIS		11	-0.38732824	-1.0206614	0.42266187	0.6428268	1.0	2687	tags=27%, list=17%, signal=33%	
REACTOME_O_LINKED_GLYCOSYLATION_OF_MUCINS	REACTOME_O_LINKED_GLYCOSYLATION_OF_MUCINS		35	-0.28041363	-1.0203887	0.4283247	0.64257854	1.0	3996	tags=37%, list=26%, signal=50%	
REACTOME_SHC_RELATED_EVENTS_TRIGGERED_BY_IGF1R	REACTOME_SHC_RELATED_EVENTS_TRIGGERED_BY_IGF1R		5	-0.4948887	-1.0186466	0.46462715	0.64549506	1.0	4141	tags=60%, list=27%, signal=82%	
WP_INFLAMMATORY_RESPONSE_PATHWAY	WP_INFLAMMATORY_RESPONSE_PATHWAY		20	-0.32243672	-1.0183865	0.4390681	0.6451981	1.0	3528	tags=45%, list=23%, signal=58%	
REACTOME_PKA_MEDIATED_PHOSPHORYLATION_OF_CREB	REACTOME_PKA_MEDIATED_PHOSPHORYLATION_OF_CREB		11	-0.38343132	-1.0168632	0.43501806	0.6477395	1.0	4412	tags=45%, list=29%, signal=64%	
REACTOME_BETA_OXIDATION_OF_HEXANOYL_COA_TO_BUTANOYL_COA	REACTOME_BETA_OXIDATION_OF_HEXANOYL_COA_TO_BUTANOYL_COA		5	-0.47910368	-1.0166975	0.43843284	0.64721036	1.0	3860	tags=40%, list=25%, signal=53%	
REACTOME_CD28_CO_STIMULATION	REACTOME_CD28_CO_STIMULATION		32	-0.28003883	-1.0160592	0.43355483	0.64780396	1.0	2241	tags=31%, list=15%, signal=36%	
BIOCARTA_TALL1_PATHWAY	BIOCARTA_TALL1_PATHWAY		13	-0.36381304	-1.0118235	0.43272728	0.6559706	1.0	3158	tags=54%, list=20%, signal=68%	
REACTOME_SYNAPTIC_ADHESION_LIKE_MOLECULES	REACTOME_SYNAPTIC_ADHESION_LIKE_MOLECULES		11	-0.3723063	-1.0100691	0.43258426	0.6589194	1.0	5693	tags=73%, list=37%, signal=115%	
WP_GPCRS_ORPHAN	WP_GPCRS_ORPHAN		12	-0.36532086	-1.0086192	0.43119267	0.661195	1.0	4810	tags=75%, list=31%, signal=109%	
BIOCARTA_CALCINEURIN_PATHWAY	BIOCARTA_CALCINEURIN_PATHWAY		16	-0.3340728	-1.006445	0.4533107	0.6650793	1.0	604	tags=19%, list=4%, signal=19%	
REACTOME_DOWNSTREAM_SIGNALING_OF_ACTIVATED_FGFR1	REACTOME_DOWNSTREAM_SIGNALING_OF_ACTIVATED_FGFR1		16	-0.33773246	-1.0056638	0.44731978	0.6658587	1.0	2334	tags=31%, list=15%, signal=37%	
REACTOME_GRB2_EVENTS_IN_ERBB2_SIGNALING	REACTOME_GRB2_EVENTS_IN_ERBB2_SIGNALING		7	-0.42929742	-1.0053405	0.44172934	0.66571414	1.0	3697	tags=57%, list=24%, signal=75%	
REACTOME_KINESINS	REACTOME_KINESINS		45	-0.25959817	-1.003535	0.45960504	0.66868335	1.0	3041	tags=24%, list=20%, signal=30%	
REACTOME_CYTOSOLIC_SENSORS_OF_PATHOGEN_ASSOCIATED_DNA	REACTOME_CYTOSOLIC_SENSORS_OF_PATHOGEN_ASSOCIATED_DNA		32	-0.27508917	-1.0028415	0.44542253	0.6693755	1.0	5827	tags=56%, list=38%, signal=90%	
REACTOME_VOLTAGE_GATED_POTASSIUM_CHANNELS	REACTOME_VOLTAGE_GATED_POTASSIUM_CHANNELS		16	-0.33345973	-1.0024835	0.42857143	0.6692725	1.0	5750	tags=56%, list=37%, signal=90%	
REACTOME_BETA_CATENIN_INDEPENDENT_WNT_SIGNALING	REACTOME_BETA_CATENIN_INDEPENDENT_WNT_SIGNALING		108	-0.21740882	-1.0009438	0.45104334	0.671643	1.0	1977	tags=16%, list=13%, signal=18%	
BIOCARTA_BTG2_PATHWAY	BIOCARTA_BTG2_PATHWAY		8	-0.40838447	-1.0001513	0.4738878	0.67252105	1.0	2886	tags=38%, list=19%, signal=46%	
REACTOME_SYNTHESIS_OF_PC	REACTOME_SYNTHESIS_OF_PC		20	-0.31454906	-0.9997299	0.45470694	0.6725845	1.0	2483	tags=25%, list=16%, signal=30%	
BIOCARTA_ARF_PATHWAY	BIOCARTA_ARF_PATHWAY		13	-0.35208237	-0.99921316	0.4646643	0.6728564	1.0	2758	tags=31%, list=18%, signal=37%	
BIOCARTA_RNA_PATHWAY	BIOCARTA_RNA_PATHWAY		9	-0.39574474	-0.9990326	0.45841393	0.67238754	1.0	3158	tags=44%, list=20%, signal=56%	
BIOCARTA_AGPCR_PATHWAY	BIOCARTA_AGPCR_PATHWAY		10	-0.3837583	-0.9988255	0.47454545	0.6719882	1.0	979	tags=20%, list=6%, signal=21%	
REACTOME_C_TYPE_LECTIN_RECEPTORS_CLRS	REACTOME_C_TYPE_LECTIN_RECEPTORS_CLRS		110	-0.21633139	-0.9983519	0.4295082	0.6721626	1.0	2248	tags=18%, list=15%, signal=21%	
REACTOME_SIGNALING_BY_NOTCH3	REACTOME_SIGNALING_BY_NOTCH3		17	-0.32908893	-0.99818903	0.46195653	0.6716796	1.0	2557	tags=29%, list=17%, signal=35%	
BIOCARTA_PS1_PATHWAY	BIOCARTA_PS1_PATHWAY		12	-0.3732556	-0.9979754	0.4907749	0.67126685	1.0	2557	tags=33%, list=17%, signal=40%	
REACTOME_CTLA4_INHIBITORY_SIGNALING	REACTOME_CTLA4_INHIBITORY_SIGNALING		21	-0.30931857	-0.9962867	0.4574468	0.67418516	1.0	2241	tags=33%, list=15%, signal=39%	
REACTOME_PRESYNAPTIC_DEPOLARIZATION_AND_CALCIUM_CHANNEL_OPENING	REACTOME_PRESYNAPTIC_DEPOLARIZATION_AND_CALCIUM_CHANNEL_OPENING		6	-0.44304913	-0.99597836	0.46095237	0.6740662	1.0	2782	tags=33%, list=18%, signal=41%	
BIOCARTA_CREB_PATHWAY	BIOCARTA_CREB_PATHWAY		19	-0.31903577	-0.99377424	0.46950093	0.6778555	1.0	4524	tags=42%, list=29%, signal=60%	
REACTOME_CD28_DEPENDENT_VAV1_PATHWAY	REACTOME_CD28_DEPENDENT_VAV1_PATHWAY		11	-0.37013796	-0.99349034	0.44954127	0.67764825	1.0	1707	tags=27%, list=11%, signal=31%	
REACTOME_SIGNALING_BY_CSF3_G_CSF	REACTOME_SIGNALING_BY_CSF3_G_CSF		22	-0.2995666	-0.9931273	0.4665493	0.67756176	1.0	2662	tags=36%, list=17%, signal=44%	
REACTOME_NEGATIVE_FEEDBACK_REGULATION_OF_MAPK_PATHWAY	REACTOME_NEGATIVE_FEEDBACK_REGULATION_OF_MAPK_PATHWAY		6	-0.45612255	-0.9922482	0.4768089	0.67852825	1.0	4466	tags=50%, list=29%, signal=70%	
REACTOME_PI_3K_CASCADE_FGFR1	REACTOME_PI_3K_CASCADE_FGFR1		9	-0.38416484	-0.99209255	0.43202978	0.6780047	1.0	1048	tags=22%, list=7%, signal=24%	
REACTOME_PLATELET_AGGREGATION_PLUG_FORMATION	REACTOME_PLATELET_AGGREGATION_PLUG_FORMATION		27	-0.28380388	-0.99193275	0.47005445	0.6775196	1.0	1293	tags=19%, list=8%, signal=20%	
REACTOME_PEROXISOMAL_PROTEIN_IMPORT	REACTOME_PEROXISOMAL_PROTEIN_IMPORT		55	-0.24881937	-0.99132854	0.46560848	0.6779513	1.0	4402	tags=35%, list=29%, signal=48%	
REACTOME_RUNX2_REGULATES_BONE_DEVELOPMENT	REACTOME_RUNX2_REGULATES_BONE_DEVELOPMENT		6	-0.4536403	-0.99038976	0.47162426	0.67909425	1.0	1899	tags=33%, list=12%, signal=38%	
REACTOME_METABOLISM_OF_STEROIDS	REACTOME_METABOLISM_OF_STEROIDS		75	-0.22927323	-0.9897799	0.4691358	0.67951226	1.0	3149	tags=27%, list=20%, signal=33%	
REACTOME_CASPASE_ACTIVATION_VIA_DEATH_RECEPTORS_IN_THE_PRESENCE_OF_LIGAND	REACTOME_CASPASE_ACTIVATION_VIA_DEATH_RECEPTORS_IN_THE_PRESENCE_OF_LIGAND		15	-0.33597165	-0.98913884	0.471831	0.67996407	1.0	3153	tags=40%, list=20%, signal=50%	
REACTOME_UB_SPECIFIC_PROCESSING_PROTEASES	REACTOME_UB_SPECIFIC_PROCESSING_PROTEASES		169	-0.19760832	-0.9878967	0.48264983	0.6817502	1.0	4628	tags=33%, list=30%, signal=46%	
REACTOME_MITOCHONDRIAL_UNCOUPLING	REACTOME_MITOCHONDRIAL_UNCOUPLING		5	-0.4704399	-0.98716336	0.47448015	0.68245596	1.0	3566	tags=60%, list=23%, signal=78%	
BIOCARTA_TSP1_PATHWAY	BIOCARTA_TSP1_PATHWAY		7	-0.42033556	-0.9848094	0.49186257	0.6866522	1.0	2427	tags=43%, list=16%, signal=51%	
WP_CALCIUM_REGULATION_IN_CARDIAC_CELLS	WP_CALCIUM_REGULATION_IN_CARDIAC_CELLS		93	-0.21643291	-0.9837941	0.4940171	0.6880813	1.0	1951	tags=19%, list=13%, signal=22%	
REACTOME_P75NTR_SIGNALS_VIA_NF_KB	REACTOME_P75NTR_SIGNALS_VIA_NF_KB		15	-0.34081078	-0.98214	0.47058824	0.69072056	1.0	3158	tags=40%, list=20%, signal=50%	
WP_MYOMETRIAL_RELAXATION_AND_CONTRACTION_PATHWAYS	WP_MYOMETRIAL_RELAXATION_AND_CONTRACTION_PATHWAYS		109	-0.21291	-0.9782287	0.4878837	0.69847476	1.0	4545	tags=39%, list=29%, signal=56%	
REACTOME_RND1_GTPASE_CYCLE	REACTOME_RND1_GTPASE_CYCLE		38	-0.25726077	-0.9779576	0.4973545	0.6981814	1.0	3177	tags=29%, list=21%, signal=36%	
REACTOME_SIGNALING_BY_FGFR1	REACTOME_SIGNALING_BY_FGFR1		36	-0.2590533	-0.9778492	0.49456522	0.6975289	1.0	4088	tags=36%, list=27%, signal=49%	
REACTOME_WNT5A_DEPENDENT_INTERNALIZATION_OF_FZD4	REACTOME_WNT5A_DEPENDENT_INTERNALIZATION_OF_FZD4		12	-0.36047286	-0.97752696	0.49598393	0.6973669	1.0	3139	tags=33%, list=20%, signal=42%	
REACTOME_BUTYROPHILIN_BTN_FAMILY_INTERACTIONS	REACTOME_BUTYROPHILIN_BTN_FAMILY_INTERACTIONS		6	-0.44134393	-0.9773191	0.50395256	0.6969356	1.0	2456	tags=33%, list=16%, signal=40%	
BIOCARTA_LIS1_PATHWAY	BIOCARTA_LIS1_PATHWAY		13	-0.34975436	-0.97702366	0.46643108	0.6967425	1.0	2830	tags=31%, list=18%, signal=38%	
REACTOME_MACROAUTOPHAGY	REACTOME_MACROAUTOPHAGY		117	-0.20768456	-0.97664094	0.5125628	0.6967464	1.0	4561	tags=35%, list=30%, signal=49%	
REACTOME_NEGATIVE_REGULATORS_OF_DDX58_IFIH1_SIGNALING	REACTOME_NEGATIVE_REGULATORS_OF_DDX58_IFIH1_SIGNALING		15	-0.3317144	-0.9753699	0.49905482	0.6986983	1.0	3123	tags=27%, list=20%, signal=33%	
BIOCARTA_TNFR1_PATHWAY	BIOCARTA_TNFR1_PATHWAY		28	-0.28025854	-0.97516185	0.49183303	0.69832635	1.0	1627	tags=18%, list=11%, signal=20%	
BIOCARTA_CTLA4_PATHWAY	BIOCARTA_CTLA4_PATHWAY		16	-0.32733202	-0.97512245	0.48255813	0.69757044	1.0	4054	tags=56%, list=26%, signal=76%	
REACTOME_SENESCENCE_ASSOCIATED_SECRETORY_PHENOTYPE_SASP	REACTOME_SENESCENCE_ASSOCIATED_SECRETORY_PHENOTYPE_SASP		39	-0.25783414	-0.9743079	0.48833033	0.6984439	1.0	3612	tags=31%, list=23%, signal=40%	
REACTOME_PI_3K_CASCADE_FGFR2	REACTOME_PI_3K_CASCADE_FGFR2		8	-0.39922854	-0.9721884	0.47900763	0.7021032	1.0	1048	tags=25%, list=7%, signal=27%	
BIOCARTA_MET_PATHWAY	BIOCARTA_MET_PATHWAY		32	-0.26925883	-0.9720371	0.48741007	0.7015787	1.0	1048	tags=16%, list=7%, signal=17%	
REACTOME_CASPASE_ACTIVATION_VIA_EXTRINSIC_APOPTOTIC_SIGNALLING_PATHWAY	REACTOME_CASPASE_ACTIVATION_VIA_EXTRINSIC_APOPTOTIC_SIGNALLING_PATHWAY		18	-0.320041	-0.9718876	0.5072727	0.70107067	1.0	3153	tags=39%, list=20%, signal=49%	
BIOCARTA_G2_PATHWAY	BIOCARTA_G2_PATHWAY		21	-0.30182892	-0.97057885	0.48294434	0.7030313	1.0	1133	tags=14%, list=7%, signal=15%	
REACTOME_PI_3K_CASCADE_FGFR4	REACTOME_PI_3K_CASCADE_FGFR4		8	-0.39922854	-0.9680106	0.50359714	0.7077555	1.0	1048	tags=25%, list=7%, signal=27%	
BIOCARTA_EGF_PATHWAY	BIOCARTA_EGF_PATHWAY		27	-0.28522876	-0.96745	0.5217391	0.70821965	1.0	1293	tags=19%, list=8%, signal=20%	
REACTOME_TRP_CHANNELS	REACTOME_TRP_CHANNELS		14	-0.3338469	-0.9673689	0.4943182	0.70753896	1.0	2932	tags=36%, list=19%, signal=44%	
BIOCARTA_MPR_PATHWAY	BIOCARTA_MPR_PATHWAY		14	-0.3453903	-0.9666559	0.50395256	0.70821995	1.0	4524	tags=36%, list=29%, signal=50%	
REACTOME_AGGREPHAGY	REACTOME_AGGREPHAGY		29	-0.27999285	-0.96621525	0.5198618	0.7083102	1.0	5698	tags=52%, list=37%, signal=82%	
REACTOME_SIGNALLING_TO_RAS	REACTOME_SIGNALLING_TO_RAS		10	-0.37301236	-0.96591973	0.4990792	0.7081175	1.0	4291	tags=50%, list=28%, signal=69%	
WP_MECP2_AND_ASSOCIATED_RETT_SYNDROME	WP_MECP2_AND_ASSOCIATED_RETT_SYNDROME		33	-0.2650851	-0.9654342	0.5177066	0.7083407	1.0	1710	tags=21%, list=11%, signal=24%	
REACTOME_POSTMITOTIC_NUCLEAR_PORE_COMPLEX_NPC_REFORMATION	REACTOME_POSTMITOTIC_NUCLEAR_PORE_COMPLEX_NPC_REFORMATION		22	-0.29313877	-0.965418	0.48731884	0.707515	1.0	3771	tags=32%, list=24%, signal=42%	
REACTOME_GROWTH_HORMONE_RECEPTOR_SIGNALING	REACTOME_GROWTH_HORMONE_RECEPTOR_SIGNALING		10	-0.36391214	-0.9651425	0.5102804	0.7072567	1.0	3726	tags=50%, list=24%, signal=66%	
REACTOME_DEPOLYMERIZATION_OF_THE_NUCLEAR_LAMINA	REACTOME_DEPOLYMERIZATION_OF_THE_NUCLEAR_LAMINA		12	-0.35011268	-0.9621697	0.51459855	0.7126469	1.0	2486	tags=25%, list=16%, signal=30%	
WP_GLUCURONIDATION	WP_GLUCURONIDATION		6	-0.44481832	-0.96215284	0.5411985	0.71181744	1.0	5625	tags=83%, list=36%, signal=131%	
REACTOME_DEFENSINS	REACTOME_DEFENSINS		5	-0.46009043	-0.96141684	0.52975047	0.71254075	1.0	3539	tags=40%, list=23%, signal=52%	
REACTOME_MET_ACTIVATES_PI3K_AKT_SIGNALING	REACTOME_MET_ACTIVATES_PI3K_AKT_SIGNALING		6	-0.42596054	-0.960946	0.4827586	0.7127125	1.0	3967	tags=50%, list=26%, signal=67%	
REACTOME_EICOSANOID_LIGAND_BINDING_RECEPTORS	REACTOME_EICOSANOID_LIGAND_BINDING_RECEPTORS		9	-0.39023042	-0.9599423	0.5237192	0.7139359	1.0	6898	tags=67%, list=45%, signal=121%	
REACTOME_ARYL_HYDROCARBON_RECEPTOR_SIGNALLING	REACTOME_ARYL_HYDROCARBON_RECEPTOR_SIGNALLING		5	-0.45342296	-0.959858	0.5135135	0.71324295	1.0	4808	tags=60%, list=31%, signal=87%	
BIOCARTA_ACTINY_PATHWAY	BIOCARTA_ACTINY_PATHWAY		6	-0.44291136	-0.95766777	0.5141243	0.7169394	1.0	2608	tags=33%, list=17%, signal=40%	
REACTOME_OPIOID_SIGNALLING	REACTOME_OPIOID_SIGNALLING		55	-0.23575518	-0.95752627	0.5283993	0.71639955	1.0	4836	tags=38%, list=31%, signal=55%	
BIOCARTA_RHO_PATHWAY	BIOCARTA_RHO_PATHWAY		18	-0.30769837	-0.95733124	0.49628252	0.71600163	1.0	679	tags=17%, list=4%, signal=17%	
WP_SELENIUM_METABOLISM_SELENOPROTEINS	WP_SELENIUM_METABOLISM_SELENOPROTEINS		40	-0.2538394	-0.9565813	0.5422535	0.7168347	1.0	4451	tags=48%, list=29%, signal=67%	
REACTOME_THROMBIN_SIGNALLING_THROUGH_PROTEINASE_ACTIVATED_RECEPTORS_PARS	REACTOME_THROMBIN_SIGNALLING_THROUGH_PROTEINASE_ACTIVATED_RECEPTORS_PARS		27	-0.27807918	-0.95234793	0.521978	0.7250048	1.0	2419	tags=22%, list=16%, signal=26%	
REACTOME_INTERFERON_GAMMA_SIGNALING	REACTOME_INTERFERON_GAMMA_SIGNALING		18	-0.31137645	-0.9523194	0.5225225	0.72422147	1.0	4102	tags=44%, list=27%, signal=60%	
REACTOME_COPII_MEDIATED_VESICLE_TRANSPORT	REACTOME_COPII_MEDIATED_VESICLE_TRANSPORT		64	-0.22890009	-0.95167613	0.5412371	0.7247257	1.0	5014	tags=44%, list=33%, signal=65%	
REACTOME_RUNX3_REGULATES_CDKN1A_TRANSCRIPTION	REACTOME_RUNX3_REGULATES_CDKN1A_TRANSCRIPTION		6	-0.42336527	-0.95138246	0.5184466	0.7245016	1.0	154	tags=17%, list=1%, signal=17%	
REACTOME_PI_3K_CASCADE_FGFR3	REACTOME_PI_3K_CASCADE_FGFR3		8	-0.39922854	-0.9513753	0.51277375	0.72365355	1.0	1048	tags=25%, list=7%, signal=27%	
WP_WNT_SIGNALING_IN_KIDNEY_DISEASE	WP_WNT_SIGNALING_IN_KIDNEY_DISEASE		25	-0.28080407	-0.94931406	0.51672864	0.7273947	1.0	1793	tags=20%, list=12%, signal=23%	
REACTOME_GAMMA_CARBOXYLATION_HYPUSINYLATION_HYDROXYLATION_AND_ARYLSULFATASE_ACTIVATION	REACTOME_GAMMA_CARBOXYLATION_HYPUSINYLATION_HYDROXYLATION_AND_ARYLSULFATASE_ACTIVATION		49	-0.23798525	-0.9488527	0.55239785	0.7275882	1.0	5556	tags=49%, list=36%, signal=76%	
REACTOME_REPRODUCTION	REACTOME_REPRODUCTION		10	-0.3648778	-0.94759965	0.5043328	0.72931415	1.0	116	tags=10%, list=1%, signal=10%	
WP_APOPTOSIS_MODULATION_BY_HSP70	WP_APOPTOSIS_MODULATION_BY_HSP70		15	-0.31749418	-0.94573885	0.5343228	0.73231673	1.0	3134	tags=33%, list=20%, signal=42%	
WP_BURN_WOUND_HEALING	WP_BURN_WOUND_HEALING		15	-0.31997344	-0.9430059	0.5214153	0.7371351	1.0	3529	tags=53%, list=23%, signal=69%	
REACTOME_SIGNALING_BY_HEDGEHOG	REACTOME_SIGNALING_BY_HEDGEHOG		118	-0.19918242	-0.9418125	0.5797342	0.73879844	1.0	2643	tags=20%, list=17%, signal=24%	
REACTOME_RHO_GTPASE_EFFECTORS	REACTOME_RHO_GTPASE_EFFECTORS		225	-0.18415694	-0.941474	0.6309342	0.7386565	1.0	4251	tags=27%, list=28%, signal=37%	
REACTOME_TP53_REGULATES_TRANSCRIPTION_OF_GENES_INVOLVED_IN_G1_CELL_CYCLE_ARREST	REACTOME_TP53_REGULATES_TRANSCRIPTION_OF_GENES_INVOLVED_IN_G1_CELL_CYCLE_ARREST		8	-0.38861257	-0.9413194	0.53249097	0.7381171	1.0	3087	tags=25%, list=20%, signal=31%	
REACTOME_MRNA_EDITING	REACTOME_MRNA_EDITING		5	-0.45009932	-0.9411752	0.54615384	0.737592	1.0	4378	tags=60%, list=28%, signal=84%	
REACTOME_GLYOXYLATE_METABOLISM_AND_GLYCINE_DEGRADATION	REACTOME_GLYOXYLATE_METABOLISM_AND_GLYCINE_DEGRADATION		11	-0.3536189	-0.94098	0.5118397	0.73714995	1.0	3858	tags=36%, list=25%, signal=48%	
REACTOME_G_ALPHA_Z_SIGNALLING_EVENTS	REACTOME_G_ALPHA_Z_SIGNALLING_EVENTS		19	-0.30018106	-0.9406151	0.53584903	0.73702	1.0	1724	tags=21%, list=11%, signal=24%	
REACTOME_HSF1_ACTIVATION	REACTOME_HSF1_ACTIVATION		8	-0.3852466	-0.93989855	0.53479856	0.737648	1.0	2322	tags=38%, list=15%, signal=44%	
REACTOME_SIGNALING_BY_RETINOIC_ACID	REACTOME_SIGNALING_BY_RETINOIC_ACID		26	-0.2764033	-0.93805504	0.51557094	0.74063444	1.0	5477	tags=50%, list=36%, signal=77%	
REACTOME_CYTOCHROME_P450_ARRANGED_BY_SUBSTRATE_TYPE	REACTOME_CYTOCHROME_P450_ARRANGED_BY_SUBSTRATE_TYPE		20	-0.29209283	-0.93704796	0.5377532	0.7419116	1.0	2996	tags=35%, list=19%, signal=43%	
REACTOME_APOPTOSIS	REACTOME_APOPTOSIS		95	-0.20632571	-0.93678033	0.60163933	0.74159455	1.0	2569	tags=20%, list=17%, signal=24%	
WP_ERBB_SIGNALING_PATHWAY	WP_ERBB_SIGNALING_PATHWAY		39	-0.2472767	-0.93663937	0.5555556	0.74103326	1.0	4102	tags=38%, list=27%, signal=52%	
REACTOME_TRANSCRIPTIONAL_ACTIVATION_OF_MITOCHONDRIAL_BIOGENESIS	REACTOME_TRANSCRIPTIONAL_ACTIVATION_OF_MITOCHONDRIAL_BIOGENESIS		11	-0.3512089	-0.93533343	0.56959707	0.7429353	1.0	3977	tags=45%, list=26%, signal=61%	
REACTOME_SIGNALING_BY_NOTCH1	REACTOME_SIGNALING_BY_NOTCH1		18	-0.30650008	-0.93360424	0.54382825	0.74567896	1.0	1982	tags=22%, list=13%, signal=25%	
BIOCARTA_EGFR_SMRTE_PATHWAY	BIOCARTA_EGFR_SMRTE_PATHWAY		8	-0.38552162	-0.9319306	0.53246754	0.7483138	1.0	3781	tags=50%, list=25%, signal=66%	
REACTOME_NEDDYLATION	REACTOME_NEDDYLATION		204	-0.18458085	-0.93121	0.62695926	0.74899596	1.0	4728	tags=34%, list=31%, signal=48%	
REACTOME_SIGNALING_BY_ACTIVIN	REACTOME_SIGNALING_BY_ACTIVIN		9	-0.37273592	-0.9307227	0.5509091	0.7492007	1.0	1316	tags=22%, list=9%, signal=24%	
REACTOME_MTOR_SIGNALLING	REACTOME_MTOR_SIGNALLING		39	-0.24804266	-0.9304732	0.5761821	0.7488524	1.0	4828	tags=44%, list=31%, signal=63%	
REACTOME_PHOSPHORYLATION_OF_EMI1	REACTOME_PHOSPHORYLATION_OF_EMI1		6	-0.4225647	-0.9302631	0.5355805	0.74838555	1.0	1327	tags=17%, list=9%, signal=18%	
REACTOME_HUR_ELAVL1_BINDS_AND_STABILIZES_MRNA	REACTOME_HUR_ELAVL1_BINDS_AND_STABILIZES_MRNA		7	-0.3930047	-0.92963505	0.55145633	0.74891484	1.0	2860	tags=43%, list=19%, signal=53%	
WP_HISTONE_MODIFICATIONS	WP_HISTONE_MODIFICATIONS		5	-0.4508145	-0.9274519	0.55947953	0.7525499	1.0	3963	tags=60%, list=26%, signal=81%	
BIOCARTA_CCR5_PATHWAY	BIOCARTA_CCR5_PATHWAY		14	-0.32332695	-0.9261974	0.55514705	0.75427437	1.0	2427	tags=29%, list=16%, signal=34%	
BIOCARTA_IL12_PATHWAY	BIOCARTA_IL12_PATHWAY		19	-0.2938281	-0.92597705	0.5627178	0.75390005	1.0	4054	tags=58%, list=26%, signal=78%	
REACTOME_NUCLEAR_ENVELOPE_BREAKDOWN	REACTOME_NUCLEAR_ENVELOPE_BREAKDOWN		47	-0.23592792	-0.9234679	0.5891341	0.7583032	1.0	3178	tags=21%, list=21%, signal=27%	
REACTOME_ANTIGEN_PROCESSING_UBIQUITINATION_PROTEASOME_DEGRADATION	REACTOME_ANTIGEN_PROCESSING_UBIQUITINATION_PROTEASOME_DEGRADATION		270	-0.17505828	-0.9230352	0.6735905	0.7583321	1.0	4936	tags=35%, list=32%, signal=50%	
REACTOME_SUMOYLATION_OF_TRANSCRIPTION_COFACTORS	REACTOME_SUMOYLATION_OF_TRANSCRIPTION_COFACTORS		38	-0.2468932	-0.92295736	0.57586205	0.75763285	1.0	3855	tags=37%, list=25%, signal=49%	
REACTOME_RUNX3_REGULATES_P14_ARF	REACTOME_RUNX3_REGULATES_P14_ARF		6	-0.41633978	-0.921794	0.5495327	0.75929797	1.0	3679	tags=33%, list=24%, signal=44%	
BIOCARTA_AKAPCENTROSOME_PATHWAY	BIOCARTA_AKAPCENTROSOME_PATHWAY		12	-0.32957485	-0.9212632	0.57992566	0.7595408	1.0	5189	tags=50%, list=34%, signal=75%	
REACTOME_AKT_PHOSPHORYLATES_TARGETS_IN_THE_CYTOSOL	REACTOME_AKT_PHOSPHORYLATES_TARGETS_IN_THE_CYTOSOL		11	-0.3361986	-0.92104834	0.5667276	0.7591219	1.0	2569	tags=45%, list=17%, signal=55%	
REACTOME_P38MAPK_EVENTS	REACTOME_P38MAPK_EVENTS		7	-0.3975327	-0.9204158	0.5596154	0.7596726	1.0	4291	tags=57%, list=28%, signal=79%	
REACTOME_TRANSCRIPTIONAL_REGULATION_BY_RUNX3	REACTOME_TRANSCRIPTIONAL_REGULATION_BY_RUNX3		72	-0.21318768	-0.9198482	0.6126761	0.76000774	1.0	4411	tags=29%, list=29%, signal=41%	
REACTOME_MAPK_TARGETS_NUCLEAR_EVENTS_MEDIATED_BY_MAP_KINASES	REACTOME_MAPK_TARGETS_NUCLEAR_EVENTS_MEDIATED_BY_MAP_KINASES		27	-0.26714563	-0.91978335	0.57039714	0.7592886	1.0	4349	tags=41%, list=28%, signal=57%	
REACTOME_SHC1_EVENTS_IN_ERBB4_SIGNALING	REACTOME_SHC1_EVENTS_IN_ERBB4_SIGNALING		7	-0.39797422	-0.91953105	0.5946463	0.7589657	1.0	3697	tags=57%, list=24%, signal=75%	
REACTOME_COBALAMIN_CBL_METABOLISM	REACTOME_COBALAMIN_CBL_METABOLISM		7	-0.3956714	-0.9178948	0.58674467	0.7614495	1.0	1084	tags=14%, list=7%, signal=15%	
WP_HOMOLOGOUS_RECOMBINATION	WP_HOMOLOGOUS_RECOMBINATION		12	-0.33311698	-0.9158649	0.5692884	0.7647925	1.0	10287	tags=100%, list=67%, signal=300%	
REACTOME_CS_DS_DEGRADATION	REACTOME_CS_DS_DEGRADATION		8	-0.38818827	-0.9158549	0.5626204	0.7639508	1.0	1334	tags=25%, list=9%, signal=27%	
REACTOME_INTERLEUKIN_RECEPTOR_SHC_SIGNALING	REACTOME_INTERLEUKIN_RECEPTOR_SHC_SIGNALING		20	-0.28943557	-0.91410875	0.5716846	0.7666847	1.0	4160	tags=45%, list=27%, signal=62%	
REACTOME_REGULATION_OF_TP53_ACTIVITY_THROUGH_METHYLATION	REACTOME_REGULATION_OF_TP53_ACTIVITY_THROUGH_METHYLATION		18	-0.29608175	-0.9117035	0.59099436	0.770735	1.0	2307	tags=22%, list=15%, signal=26%	
WP_PURINE_METABOLISM	WP_PURINE_METABOLISM		128	-0.18965732	-0.91067666	0.67558527	0.77198225	1.0	5007	tags=32%, list=32%, signal=47%	
REACTOME_TRANSCRIPTIONAL_REGULATION_BY_SMALL_RNAS	REACTOME_TRANSCRIPTIONAL_REGULATION_BY_SMALL_RNAS		33	-0.25478548	-0.9090681	0.5897436	0.7742831	1.0	5239	tags=39%, list=34%, signal=60%	
REACTOME_CARGO_TRAFFICKING_TO_THE_PERICILIARY_MEMBRANE	REACTOME_CARGO_TRAFFICKING_TO_THE_PERICILIARY_MEMBRANE		33	-0.25347364	-0.9082132	0.6013865	0.7751454	1.0	3503	tags=30%, list=23%, signal=39%	
BIOCARTA_VIP_PATHWAY	BIOCARTA_VIP_PATHWAY		22	-0.27315176	-0.89803755	0.61565834	0.79529643	1.0	3158	tags=27%, list=20%, signal=34%	
REACTOME_PEXOPHAGY	REACTOME_PEXOPHAGY		11	-0.3330385	-0.897428	0.6010733	0.7956292	1.0	3784	tags=45%, list=25%, signal=60%	
REACTOME_SYNTHESIS_OF_PIPS_AT_THE_ER_MEMBRANE	REACTOME_SYNTHESIS_OF_PIPS_AT_THE_ER_MEMBRANE		5	-0.43683174	-0.89737046	0.5727612	0.79486626	1.0	3878	tags=60%, list=25%, signal=80%	
REACTOME_NUCLEAR_PORE_COMPLEX_NPC_DISASSEMBLY	REACTOME_NUCLEAR_PORE_COMPLEX_NPC_DISASSEMBLY		32	-0.24814063	-0.896685	0.61566484	0.7953339	1.0	5239	tags=38%, list=34%, signal=57%	
REACTOME_CREB_PHOSPHORYLATION	REACTOME_CREB_PHOSPHORYLATION		7	-0.38419464	-0.89534646	0.58035713	0.7971358	1.0	576	tags=29%, list=4%, signal=30%	
REACTOME_PI3K_EVENTS_IN_ERBB2_SIGNALING	REACTOME_PI3K_EVENTS_IN_ERBB2_SIGNALING		9	-0.353043	-0.8943407	0.58998144	0.79829	1.0	3967	tags=44%, list=26%, signal=60%	
BIOCARTA_RARRXR_PATHWAY	BIOCARTA_RARRXR_PATHWAY		6	-0.40814856	-0.89338225	0.5865922	0.79933786	1.0	3781	tags=50%, list=25%, signal=66%	
REACTOME_PCP_CE_PATHWAY	REACTOME_PCP_CE_PATHWAY		78	-0.20407341	-0.89296174	0.64332247	0.7993423	1.0	5942	tags=44%, list=39%, signal=71%	
REACTOME_FCERI_MEDIATED_MAPK_ACTIVATION	REACTOME_FCERI_MEDIATED_MAPK_ACTIVATION		32	-0.24901208	-0.8920932	0.6222597	0.8002407	1.0	3697	tags=34%, list=24%, signal=45%	
REACTOME_DOWNSTREAM_TCR_SIGNALING	REACTOME_DOWNSTREAM_TCR_SIGNALING		93	-0.19757125	-0.89105433	0.67205167	0.80140835	1.0	4411	tags=31%, list=29%, signal=43%	
REACTOME_LYSOSPHINGOLIPID_AND_LPA_RECEPTORS	REACTOME_LYSOSPHINGOLIPID_AND_LPA_RECEPTORS		9	-0.3558164	-0.8910258	0.60036165	0.8005852	1.0	1474	tags=22%, list=10%, signal=25%	
BIOCARTA_HES_PATHWAY	BIOCARTA_HES_PATHWAY		8	-0.37573582	-0.89014095	0.5981132	0.80155456	1.0	2557	tags=25%, list=17%, signal=30%	
BIOCARTA_AGR_PATHWAY	BIOCARTA_AGR_PATHWAY		19	-0.28339675	-0.8900956	0.58679247	0.80077595	1.0	262	tags=11%, list=2%, signal=11%	
REACTOME_ACYL_CHAIN_REMODELLING_OF_PI	REACTOME_ACYL_CHAIN_REMODELLING_OF_PI		8	-0.36097696	-0.8892392	0.61966604	0.80161625	1.0	3483	tags=38%, list=23%, signal=48%	
REACTOME_NETRIN_1_SIGNALING	REACTOME_NETRIN_1_SIGNALING		11	-0.33452824	-0.88895315	0.5868263	0.80136126	1.0	3379	tags=36%, list=22%, signal=47%	
REACTOME_GAB1_SIGNALOSOME	REACTOME_GAB1_SIGNALOSOME		12	-0.32182693	-0.88892555	0.5837651	0.80055135	1.0	3967	tags=42%, list=26%, signal=56%	
BIOCARTA_ATM_PATHWAY	BIOCARTA_ATM_PATHWAY		19	-0.2825584	-0.88858145	0.62815887	0.80036825	1.0	3158	tags=26%, list=20%, signal=33%	
REACTOME_SUMOYLATION_OF_INTRACELLULAR_RECEPTORS	REACTOME_SUMOYLATION_OF_INTRACELLULAR_RECEPTORS		20	-0.28217402	-0.88675517	0.6	0.8031744	1.0	4180	tags=35%, list=27%, signal=48%	
REACTOME_GENE_SILENCING_BY_RNA	REACTOME_GENE_SILENCING_BY_RNA		41	-0.23229596	-0.8865056	0.64181817	0.80276805	1.0	5335	tags=41%, list=35%, signal=63%	
REACTOME_PENTOSE_PHOSPHATE_PATHWAY	REACTOME_PENTOSE_PHOSPHATE_PATHWAY		14	-0.3101459	-0.8853652	0.6300885	0.80420715	1.0	4052	tags=43%, list=26%, signal=58%	
REACTOME_PRESYNAPTIC_FUNCTION_OF_KAINATE_RECEPTORS	REACTOME_PRESYNAPTIC_FUNCTION_OF_KAINATE_RECEPTORS		15	-0.30536985	-0.8848023	0.60980034	0.80442935	1.0	1724	tags=20%, list=11%, signal=22%	
REACTOME_MIRO_GTPASE_CYCLE	REACTOME_MIRO_GTPASE_CYCLE		7	-0.38242283	-0.88437706	0.6213592	0.8045016	1.0	3960	tags=57%, list=26%, signal=77%	
REACTOME_EPHA_MEDIATED_GROWTH_CONE_COLLAPSE	REACTOME_EPHA_MEDIATED_GROWTH_CONE_COLLAPSE		10	-0.34251672	-0.8835497	0.5914179	0.80529904	1.0	2923	tags=40%, list=19%, signal=49%	
REACTOME_ACTIVATION_OF_RAC1_DOWNSTREAM_OF_NMDARS	REACTOME_ACTIVATION_OF_RAC1_DOWNSTREAM_OF_NMDARS		6	-0.41282442	-0.88280976	0.6155268	0.80587244	1.0	2391	tags=33%, list=16%, signal=39%	
REACTOME_MITOCHONDRIAL_FATTY_ACID_BETA_OXIDATION_OF_SATURATED_FATTY_ACIDS	REACTOME_MITOCHONDRIAL_FATTY_ACID_BETA_OXIDATION_OF_SATURATED_FATTY_ACIDS		9	-0.35969162	-0.8820799	0.6186131	0.8064695	1.0	7023	tags=67%, list=46%, signal=122%	
WP_G_PROTEIN_SIGNALING_PATHWAYS	WP_G_PROTEIN_SIGNALING_PATHWAYS		72	-0.20544836	-0.87817883	0.7108434	0.8134163	1.0	4524	tags=35%, list=29%, signal=49%	
REACTOME_PROSTANOID_LIGAND_RECEPTORS	REACTOME_PROSTANOID_LIGAND_RECEPTORS		6	-0.3986097	-0.8781495	0.6099426	0.8125986	1.0	6898	tags=67%, list=45%, signal=121%	
REACTOME_DEUBIQUITINATION	REACTOME_DEUBIQUITINATION		236	-0.17119536	-0.87783986	0.7651633	0.81233037	1.0	4691	tags=31%, list=30%, signal=44%	
BIOCARTA_STATHMIN_PATHWAY	BIOCARTA_STATHMIN_PATHWAY		19	-0.27461827	-0.8771089	0.62929475	0.8128802	1.0	4524	tags=42%, list=29%, signal=60%	
REACTOME_SYNTHESIS_OF_PE	REACTOME_SYNTHESIS_OF_PE		9	-0.34607792	-0.8769495	0.60194176	0.8123226	1.0	4281	tags=44%, list=28%, signal=61%	
REACTOME_NECTIN_NECL_TRANS_HETERODIMERIZATION	REACTOME_NECTIN_NECL_TRANS_HETERODIMERIZATION		6	-0.39985502	-0.8766822	0.62330097	0.81198967	1.0	4109	tags=67%, list=27%, signal=91%	
REACTOME_ERBB2_REGULATES_CELL_MOTILITY	REACTOME_ERBB2_REGULATES_CELL_MOTILITY		8	-0.35485315	-0.8755967	0.6052142	0.8133293	1.0	3096	tags=38%, list=20%, signal=47%	
BIOCARTA_41BB_PATHWAY	BIOCARTA_41BB_PATHWAY		17	-0.2866576	-0.87559295	0.61026615	0.81245965	1.0	3158	tags=35%, list=20%, signal=44%	
REACTOME_NUCLEOTIDE_BINDING_DOMAIN_LEUCINE_RICH_REPEAT_CONTAINING_RECEPTOR_NLR_SIGNALING_PATHWAYS	REACTOME_NUCLEOTIDE_BINDING_DOMAIN_LEUCINE_RICH_REPEAT_CONTAINING_RECEPTOR_NLR_SIGNALING_PATHWAYS		45	-0.22608961	-0.8748312	0.68600684	0.812983	1.0	2669	tags=24%, list=17%, signal=29%	
REACTOME_DOWNSTREAM_SIGNALING_OF_ACTIVATED_FGFR2	REACTOME_DOWNSTREAM_SIGNALING_OF_ACTIVATED_FGFR2		14	-0.29735014	-0.8744778	0.639313	0.81275725	1.0	3967	tags=43%, list=26%, signal=58%	
REACTOME_RAB_GERANYLGERANYLATION	REACTOME_RAB_GERANYLGERANYLATION		54	-0.2143644	-0.8727085	0.70628184	0.81538856	1.0	4525	tags=30%, list=29%, signal=42%	
REACTOME_RHOJ_GTPASE_CYCLE	REACTOME_RHOJ_GTPASE_CYCLE		13	-0.31101304	-0.8725225	0.61966604	0.81487674	1.0	1991	tags=31%, list=13%, signal=35%	
REACTOME_FRUCTOSE_METABOLISM	REACTOME_FRUCTOSE_METABOLISM		6	-0.3922595	-0.8708478	0.62218046	0.81724554	1.0	5058	tags=50%, list=33%, signal=74%	
REACTOME_POLB_DEPENDENT_LONG_PATCH_BASE_EXCISION_REPAIR	REACTOME_POLB_DEPENDENT_LONG_PATCH_BASE_EXCISION_REPAIR		8	-0.35709015	-0.8686956	0.6319703	0.8206463	1.0	3319	tags=38%, list=22%, signal=48%	
BIOCARTA_EPO_PATHWAY	BIOCARTA_EPO_PATHWAY		19	-0.28630984	-0.86830676	0.64770645	0.8205538	1.0	3907	tags=47%, list=25%, signal=63%	
BIOCARTA_GPCR_PATHWAY	BIOCARTA_GPCR_PATHWAY		26	-0.26014176	-0.8678703	0.6302817	0.82057106	1.0	801	tags=12%, list=5%, signal=12%	
REACTOME_GP1B_IX_V_ACTIVATION_SIGNALLING	REACTOME_GP1B_IX_V_ACTIVATION_SIGNALLING		9	-0.35260484	-0.8669636	0.6148148	0.8214097	1.0	801	tags=22%, list=5%, signal=23%	
REACTOME_ACTIVATION_OF_IRF3_IRF7_MEDIATED_BY_TBK1_IKK_IKBKE	REACTOME_ACTIVATION_OF_IRF3_IRF7_MEDIATED_BY_TBK1_IKK_IKBKE		19	-0.27534643	-0.8669564	0.67657995	0.820545	1.0	3153	tags=32%, list=20%, signal=40%	
REACTOME_RAP1_SIGNALLING	REACTOME_RAP1_SIGNALLING		14	-0.3022486	-0.86653334	0.6268116	0.8205076	1.0	801	tags=14%, list=5%, signal=15%	
WP_LEPTININSULIN_SIGNALING_OVERLAP	WP_LEPTININSULIN_SIGNALING_OVERLAP		13	-0.30837286	-0.8661897	0.6163873	0.8203017	1.0	4100	tags=38%, list=27%, signal=52%	
REACTOME_NUCLEAR_ENVELOPE_NE_REASSEMBLY	REACTOME_NUCLEAR_ENVELOPE_NE_REASSEMBLY		62	-0.20639265	-0.866085	0.6972318	0.81962484	1.0	3178	tags=23%, list=21%, signal=28%	
BIOCARTA_DSP_PATHWAY	BIOCARTA_DSP_PATHWAY		8	-0.3622485	-0.86560273	0.59809524	0.81973296	1.0	3612	tags=50%, list=23%, signal=65%	
WP_MIRNAS_AND_TFS_IN_IPS_CELL_GENERATION	WP_MIRNAS_AND_TFS_IN_IPS_CELL_GENERATION		5	-0.41808861	-0.86489546	0.6245211	0.8201806	1.0	8975	tags=100%, list=58%, signal=239%	
REACTOME_INTERCONVERSION_OF_NUCLEOTIDE_DI_AND_TRIPHOSPHATES	REACTOME_INTERCONVERSION_OF_NUCLEOTIDE_DI_AND_TRIPHOSPHATES		22	-0.26284963	-0.8647205	0.66848814	0.81964195	1.0	3871	tags=27%, list=25%, signal=36%	
WP_SIGNAL_TRANSDUCTION_OF_S1P_RECEPTOR	WP_SIGNAL_TRANSDUCTION_OF_S1P_RECEPTOR		20	-0.27806404	-0.863818	0.6368613	0.8204895	1.0	4787	tags=50%, list=31%, signal=72%	
REACTOME_DOWNSTREAM_SIGNALING_OF_ACTIVATED_FGFR4	REACTOME_DOWNSTREAM_SIGNALING_OF_ACTIVATED_FGFR4		14	-0.29735014	-0.8611692	0.64468867	0.82463074	1.0	3967	tags=43%, list=26%, signal=58%	
WP_LEPTIN_AND_ADIPONECTIN	WP_LEPTIN_AND_ADIPONECTIN		8	-0.35306644	-0.86088324	0.6386233	0.82433003	1.0	3215	tags=38%, list=21%, signal=47%	
REACTOME_DOWNSTREAM_SIGNALING_OF_ACTIVATED_FGFR3	REACTOME_DOWNSTREAM_SIGNALING_OF_ACTIVATED_FGFR3		14	-0.29735014	-0.8600907	0.6848816	0.8248872	1.0	3967	tags=43%, list=26%, signal=58%	
BIOCARTA_P35ALZHEIMERS_PATHWAY	BIOCARTA_P35ALZHEIMERS_PATHWAY		6	-0.39243028	-0.8596342	0.6543438	0.82486254	1.0	2673	tags=33%, list=17%, signal=40%	
REACTOME_ACETYLCHOLINE_REGULATES_INSULIN_SECRETION	REACTOME_ACETYLCHOLINE_REGULATES_INSULIN_SECRETION		7	-0.37350667	-0.8572091	0.66179156	0.82861865	1.0	2419	tags=43%, list=16%, signal=51%	
BIOCARTA_INSULIN_PATHWAY	BIOCARTA_INSULIN_PATHWAY		21	-0.2665165	-0.8563916	0.67718	0.82929885	1.0	1293	tags=19%, list=8%, signal=21%	
REACTOME_FATTY_ACIDS_BOUND_TO_GPR40_FFAR1_REGULATE_INSULIN_SECRETION	REACTOME_FATTY_ACIDS_BOUND_TO_GPR40_FFAR1_REGULATE_INSULIN_SECRETION		7	-0.3759726	-0.85450804	0.6510319	0.832009	1.0	2419	tags=43%, list=16%, signal=51%	
REACTOME_CHOLESTEROL_BIOSYNTHESIS	REACTOME_CHOLESTEROL_BIOSYNTHESIS		26	-0.24947566	-0.85406464	0.65957445	0.83194673	1.0	5060	tags=46%, list=33%, signal=69%	
REACTOME_KEAP1_NFE2L2_PATHWAY	REACTOME_KEAP1_NFE2L2_PATHWAY		76	-0.19819944	-0.8532903	0.7432886	0.8324386	1.0	4411	tags=33%, list=29%, signal=46%	
REACTOME_SIGNALING_BY_TGFB_FAMILY_MEMBERS	REACTOME_SIGNALING_BY_TGFB_FAMILY_MEMBERS		90	-0.19063865	-0.8518959	0.7768014	0.8343247	1.0	4336	tags=29%, list=28%, signal=40%	
REACTOME_HDL_ASSEMBLY	REACTOME_HDL_ASSEMBLY		5	-0.4098999	-0.85018784	0.64365673	0.8366032	1.0	229	tags=20%, list=1%, signal=20%	
REACTOME_ADRENALINE_NORADRENALINE_INHIBITS_INSULIN_SECRETION	REACTOME_ADRENALINE_NORADRENALINE_INHIBITS_INSULIN_SECRETION		15	-0.28927058	-0.8500081	0.63721806	0.83603495	1.0	1724	tags=20%, list=11%, signal=22%	
REACTOME_ENDOGENOUS_STEROLS	REACTOME_ENDOGENOUS_STEROLS		14	-0.29407883	-0.84967476	0.65867156	0.8357585	1.0	2520	tags=29%, list=16%, signal=34%	
REACTOME_REGULATION_BY_C_FLIP	REACTOME_REGULATION_BY_C_FLIP		10	-0.33034113	-0.84944594	0.6716141	0.8353019	1.0	2189	tags=30%, list=14%, signal=35%	
REACTOME_SUMOYLATION_OF_RNA_BINDING_PROTEINS	REACTOME_SUMOYLATION_OF_RNA_BINDING_PROTEINS		46	-0.21876399	-0.84835494	0.7221239	0.8365088	1.0	5239	tags=41%, list=34%, signal=62%	
REACTOME_ADP_SIGNALLING_THROUGH_P2Y_PURINOCEPTOR_1	REACTOME_ADP_SIGNALLING_THROUGH_P2Y_PURINOCEPTOR_1		21	-0.25901982	-0.84812313	0.6703499	0.83609617	1.0	3160	tags=29%, list=20%, signal=36%	
REACTOME_SIGNALING_BY_ERBB2	REACTOME_SIGNALING_BY_ERBB2		39	-0.22554722	-0.84732485	0.7066421	0.8367163	1.0	2449	tags=23%, list=16%, signal=27%	
REACTOME_ACTIVATION_OF_NMDA_RECEPTORS_AND_POSTSYNAPTIC_EVENTS	REACTOME_ACTIVATION_OF_NMDA_RECEPTORS_AND_POSTSYNAPTIC_EVENTS		23	-0.25911835	-0.84714967	0.6980803	0.8361394	1.0	576	tags=13%, list=4%, signal=14%	
BIOCARTA_CDK5_PATHWAY	BIOCARTA_CDK5_PATHWAY		9	-0.34316695	-0.84698	0.6576923	0.83559126	1.0	4466	tags=56%, list=29%, signal=78%	
REACTOME_NUCLEOTIDE_CATABOLISM	REACTOME_NUCLEOTIDE_CATABOLISM		27	-0.24621636	-0.8462168	0.6857671	0.836129	1.0	4335	tags=37%, list=28%, signal=51%	
REACTOME_INTERLEUKIN_1_PROCESSING	REACTOME_INTERLEUKIN_1_PROCESSING		8	-0.34920093	-0.843033	0.67216116	0.8411475	1.0	3183	tags=63%, list=21%, signal=79%	
REACTOME_NUCLEAR_SIGNALING_BY_ERBB4	REACTOME_NUCLEAR_SIGNALING_BY_ERBB4		9	-0.3329899	-0.84293926	0.6576087	0.84042865	1.0	1393	tags=22%, list=9%, signal=24%	
BIOCARTA_AT1R_PATHWAY	BIOCARTA_AT1R_PATHWAY		23	-0.24925365	-0.8429042	0.67620754	0.83960706	1.0	3697	tags=26%, list=24%, signal=34%	
REACTOME_G2_M_DNA_REPLICATION_CHECKPOINT	REACTOME_G2_M_DNA_REPLICATION_CHECKPOINT		5	-0.40543696	-0.84164494	0.6846011	0.84102976	1.0	9170	tags=100%, list=59%, signal=247%	
REACTOME_MET_ACTIVATES_RAP1_AND_RAC1	REACTOME_MET_ACTIVATES_RAP1_AND_RAC1		11	-0.3092533	-0.8406505	0.67948717	0.8420257	1.0	4759	tags=55%, list=31%, signal=79%	
REACTOME_SIGNALING_BY_FGFR3	REACTOME_SIGNALING_BY_FGFR3		30	-0.23342428	-0.8376818	0.7332186	0.846584	1.0	3967	tags=33%, list=26%, signal=45%	
REACTOME_CAMK_IV_MEDIATED_PHOSPHORYLATION_OF_CREB	REACTOME_CAMK_IV_MEDIATED_PHOSPHORYLATION_OF_CREB		5	-0.40851986	-0.8369034	0.69433963	0.8471522	1.0	572	tags=20%, list=4%, signal=21%	
REACTOME_TRANSPORT_OF_MATURE_MRNAS_DERIVED_FROM_INTRONLESS_TRANSCRIPTS	REACTOME_TRANSPORT_OF_MATURE_MRNAS_DERIVED_FROM_INTRONLESS_TRANSCRIPTS		42	-0.21396992	-0.83640194	0.72790295	0.8472263	1.0	5239	tags=36%, list=34%, signal=54%	
REACTOME_EPHB_MEDIATED_FORWARD_SIGNALING	REACTOME_EPHB_MEDIATED_FORWARD_SIGNALING		29	-0.23838587	-0.8358868	0.73170733	0.84731656	1.0	3697	tags=31%, list=24%, signal=41%	
REACTOME_OAS_ANTIVIRAL_RESPONSE	REACTOME_OAS_ANTIVIRAL_RESPONSE		5	-0.3960942	-0.8343923	0.68390805	0.84912187	1.0	9314	tags=100%, list=60%, signal=253%	
REACTOME_NEUREXINS_AND_NEUROLIGINS	REACTOME_NEUREXINS_AND_NEUROLIGINS		13	-0.29640433	-0.83396834	0.67850465	0.84900415	1.0	3903	tags=38%, list=25%, signal=51%	
REACTOME_SODIUM_PROTON_EXCHANGERS	REACTOME_SODIUM_PROTON_EXCHANGERS		6	-0.3839213	-0.8334469	0.6956522	0.84903914	1.0	5866	tags=50%, list=38%, signal=81%	
WP_NOVEL_JUNDMP1_PATHWAY	WP_NOVEL_JUNDMP1_PATHWAY		23	-0.24973358	-0.83316034	0.71602786	0.8486529	1.0	5302	tags=48%, list=34%, signal=73%	
REACTOME_NRIF_SIGNALS_CELL_DEATH_FROM_THE_NUCLEUS	REACTOME_NRIF_SIGNALS_CELL_DEATH_FROM_THE_NUCLEUS		13	-0.2934956	-0.8319944	0.6892139	0.8499572	1.0	1393	tags=23%, list=9%, signal=25%	
REACTOME_CATION_COUPLED_CHLORIDE_COTRANSPORTERS	REACTOME_CATION_COUPLED_CHLORIDE_COTRANSPORTERS		6	-0.3764299	-0.83190644	0.64772725	0.8492545	1.0	369	tags=17%, list=2%, signal=17%	
REACTOME_SIGNALING_BY_WNT	REACTOME_SIGNALING_BY_WNT		192	-0.1660861	-0.83147436	0.87296414	0.84912115	1.0	4873	tags=32%, list=32%, signal=46%	
REACTOME_TP53_REGULATES_TRANSCRIPTION_OF_CELL_CYCLE_GENES	REACTOME_TP53_REGULATES_TRANSCRIPTION_OF_CELL_CYCLE_GENES		33	-0.23495212	-0.8313072	0.7321739	0.8485299	1.0	3280	tags=21%, list=21%, signal=27%	
REACTOME_SIGNALING_BY_TGF_BETA_RECEPTOR_COMPLEX	REACTOME_SIGNALING_BY_TGF_BETA_RECEPTOR_COMPLEX		68	-0.19368592	-0.830156	0.78238344	0.84972245	1.0	4075	tags=26%, list=26%, signal=36%	
BIOCARTA_TOLL_PATHWAY	BIOCARTA_TOLL_PATHWAY		23	-0.25018957	-0.82818776	0.70409983	0.8523953	1.0	4300	tags=39%, list=28%, signal=54%	
REACTOME_FORMATION_OF_WDR5_CONTAINING_HISTONE_MODIFYING_COMPLEXES	REACTOME_FORMATION_OF_WDR5_CONTAINING_HISTONE_MODIFYING_COMPLEXES		37	-0.22081788	-0.8280483	0.7419929	0.85178614	1.0	4548	tags=41%, list=29%, signal=57%	
REACTOME_PROTEIN_LOCALIZATION	REACTOME_PROTEIN_LOCALIZATION		93	-0.18439062	-0.8276852	0.79270315	0.8515093	1.0	4402	tags=31%, list=29%, signal=43%	
REACTOME_ACTIVATED_TAK1_MEDIATES_P38_MAPK_ACTIVATION	REACTOME_ACTIVATED_TAK1_MEDIATES_P38_MAPK_ACTIVATION		24	-0.2448998	-0.82650644	0.7425926	0.8527106	1.0	2505	tags=25%, list=16%, signal=30%	
REACTOME_THROMBOXANE_SIGNALLING_THROUGH_TP_RECEPTOR	REACTOME_THROMBOXANE_SIGNALLING_THROUGH_TP_RECEPTOR		20	-0.26401454	-0.82635695	0.6994633	0.8521037	1.0	2419	tags=25%, list=16%, signal=30%	
REACTOME_RIBAVIRIN_ADME	REACTOME_RIBAVIRIN_ADME		11	-0.31051287	-0.8240855	0.6837294	0.8552111	1.0	3345	tags=27%, list=22%, signal=35%	
REACTOME_TP53_REGULATES_TRANSCRIPTION_OF_ADDITIONAL_CELL_CYCLE_GENES_WHOSE_EXACT_ROLE_IN_THE_P53_PATHWAY_REMAIN_UNCERTAIN	REACTOME_TP53_REGULATES_TRANSCRIPTION_OF_ADDITIONAL_CELL_CYCLE_GENES_WHOSE_EXACT_ROLE_IN_THE_P53_PATHWAY_REMAIN_UNCERTAIN		18	-0.26592135	-0.823142	0.72545457	0.856005	1.0	3280	tags=28%, list=21%, signal=35%	
REACTOME_SHC_MEDIATED_CASCADE_FGFR3	REACTOME_SHC_MEDIATED_CASCADE_FGFR3		7	-0.34902793	-0.8183466	0.69649804	0.8634402	1.0	1293	tags=29%, list=8%, signal=31%	
REACTOME_SHC_MEDIATED_CASCADE_FGFR2	REACTOME_SHC_MEDIATED_CASCADE_FGFR2		7	-0.34902793	-0.8177256	0.7032967	0.8636277	1.0	1293	tags=29%, list=8%, signal=31%	
REACTOME_NUCLEOTIDE_LIKE_PURINERGIC_RECEPTORS	REACTOME_NUCLEOTIDE_LIKE_PURINERGIC_RECEPTORS		10	-0.31377798	-0.8157953	0.7202381	0.8660463	1.0	3727	tags=40%, list=24%, signal=53%	
BIOCARTA_CK1_PATHWAY	BIOCARTA_CK1_PATHWAY		10	-0.31717002	-0.81574875	0.7119266	0.865266	1.0	4524	tags=40%, list=29%, signal=57%	
REACTOME_SHC_MEDIATED_CASCADE_FGFR4	REACTOME_SHC_MEDIATED_CASCADE_FGFR4		7	-0.34902793	-0.8152449	0.69316083	0.8652592	1.0	1293	tags=29%, list=8%, signal=31%	
REACTOME_TGF_BETA_RECEPTOR_SIGNALING_IN_EMT_EPITHELIAL_TO_MESENCHYMAL_TRANSITION	REACTOME_TGF_BETA_RECEPTOR_SIGNALING_IN_EMT_EPITHELIAL_TO_MESENCHYMAL_TRANSITION		15	-0.27804205	-0.81267565	0.7005445	0.86885583	1.0	5942	tags=60%, list=39%, signal=98%	
REACTOME_CYTOPROTECTION_BY_HMOX1	REACTOME_CYTOPROTECTION_BY_HMOX1		44	-0.20988747	-0.8119733	0.76460767	0.8691838	1.0	3419	tags=32%, list=22%, signal=41%	
REACTOME_SHC_MEDIATED_CASCADE_FGFR1	REACTOME_SHC_MEDIATED_CASCADE_FGFR1		8	-0.33569238	-0.81170875	0.71259844	0.8687531	1.0	1293	tags=25%, list=8%, signal=27%	
BIOCARTA_EDG1_PATHWAY	BIOCARTA_EDG1_PATHWAY		16	-0.2688498	-0.81132585	0.7203065	0.8685649	1.0	4258	tags=38%, list=28%, signal=52%	
REACTOME_FRS_MEDIATED_FGFR4_SIGNALING	REACTOME_FRS_MEDIATED_FGFR4_SIGNALING		9	-0.31596872	-0.8101251	0.7083333	0.86968434	1.0	1048	tags=22%, list=7%, signal=24%	
REACTOME_SIGNALING_BY_FGFR	REACTOME_SIGNALING_BY_FGFR		55	-0.1973081	-0.80805326	0.8283186	0.87236655	1.0	1316	tags=13%, list=9%, signal=14%	
REACTOME_RESOLUTION_OF_D_LOOP_STRUCTURES	REACTOME_RESOLUTION_OF_D_LOOP_STRUCTURES		34	-0.21961328	-0.8043207	0.78571427	0.87777	1.0	1301	tags=9%, list=8%, signal=10%	
REACTOME_REGULATION_OF_TBK1_IKK_IKBKE_MEDIATED_ACTIVATION_OF_IRF3_IRF7	REACTOME_REGULATION_OF_TBK1_IKK_IKBKE_MEDIATED_ACTIVATION_OF_IRF3_IRF7		15	-0.26774627	-0.80282784	0.74666667	0.87936187	1.0	3153	tags=33%, list=20%, signal=42%	
BIOCARTA_CASPASE_PATHWAY	BIOCARTA_CASPASE_PATHWAY		22	-0.24602273	-0.80233294	0.7631103	0.87928796	1.0	3353	tags=27%, list=22%, signal=35%	
REACTOME_FRS_MEDIATED_FGFR3_SIGNALING	REACTOME_FRS_MEDIATED_FGFR3_SIGNALING		9	-0.31596872	-0.8007179	0.7330508	0.88100743	1.0	1048	tags=22%, list=7%, signal=24%	
REACTOME_FRS_MEDIATED_FGFR1_SIGNALING	REACTOME_FRS_MEDIATED_FGFR1_SIGNALING		10	-0.30573666	-0.7997413	0.7234849	0.88175344	1.0	1048	tags=20%, list=7%, signal=21%	
REACTOME_FC_EPSILON_RECEPTOR_FCERI_SIGNALING	REACTOME_FC_EPSILON_RECEPTOR_FCERI_SIGNALING		121	-0.16824338	-0.7969303	0.88666666	0.8854241	1.0	4254	tags=28%, list=28%, signal=39%	
REACTOME_REGULATION_OF_NF_KAPPA_B_SIGNALING	REACTOME_REGULATION_OF_NF_KAPPA_B_SIGNALING		17	-0.2560286	-0.7965442	0.7431694	0.88516605	1.0	3123	tags=29%, list=20%, signal=37%	
REACTOME_SIGNAL_AMPLIFICATION	REACTOME_SIGNAL_AMPLIFICATION		27	-0.22832541	-0.79621136	0.76623374	0.8848953	1.0	3160	tags=26%, list=20%, signal=33%	
REACTOME_RHO_GTPASES_ACTIVATE_KTN1	REACTOME_RHO_GTPASES_ACTIVATE_KTN1		11	-0.30099848	-0.79492086	0.72627735	0.88604444	1.0	5942	tags=73%, list=39%, signal=118%	
REACTOME_INACTIVATION_OF_CSF3_G_CSF_SIGNALING	REACTOME_INACTIVATION_OF_CSF3_G_CSF_SIGNALING		18	-0.25713447	-0.7941268	0.73889875	0.8864956	1.0	2662	tags=33%, list=17%, signal=40%	
BIOCARTA_TGFB_PATHWAY	BIOCARTA_TGFB_PATHWAY		16	-0.26762828	-0.79124343	0.74455446	0.89040726	1.0	383	tags=13%, list=2%, signal=13%	
REACTOME_ENERGY_DEPENDENT_REGULATION_OF_MTOR_BY_LKB1_AMPK	REACTOME_ENERGY_DEPENDENT_REGULATION_OF_MTOR_BY_LKB1_AMPK		27	-0.23027997	-0.7896455	0.7466411	0.892082	1.0	4828	tags=44%, list=31%, signal=65%	
REACTOME_ACYL_CHAIN_REMODELLING_OF_PG	REACTOME_ACYL_CHAIN_REMODELLING_OF_PG		9	-0.3103256	-0.7896367	0.7267658	0.8912163	1.0	1112	tags=22%, list=7%, signal=24%	
REACTOME_JOSEPHIN_DOMAIN_DUBS	REACTOME_JOSEPHIN_DOMAIN_DUBS		11	-0.29654616	-0.788589	0.74690264	0.8919439	1.0	3151	tags=36%, list=20%, signal=46%	
REACTOME_SUMOYLATION	REACTOME_SUMOYLATION		150	-0.16245945	-0.7868126	0.9030207	0.89378566	1.0	4204	tags=29%, list=27%, signal=39%	
REACTOME_METABOLISM_OF_POLYAMINES	REACTOME_METABOLISM_OF_POLYAMINES		55	-0.19546832	-0.78675365	0.8077601	0.89300495	1.0	4871	tags=35%, list=32%, signal=50%	
REACTOME_DOWNREGULATION_OF_ERBB2_ERBB3_SIGNALING	REACTOME_DOWNREGULATION_OF_ERBB2_ERBB3_SIGNALING		13	-0.27471623	-0.7863668	0.7504621	0.8927226	1.0	2449	tags=31%, list=16%, signal=37%	
WP_ETHANOL_METABOLISM_RESULTING_IN_PRODUCTION_OF_ROS_BY_CYP2E1	WP_ETHANOL_METABOLISM_RESULTING_IN_PRODUCTION_OF_ROS_BY_CYP2E1		9	-0.3088827	-0.7856298	0.74128443	0.8929224	1.0	4466	tags=67%, list=29%, signal=94%	
REACTOME_MET_RECEPTOR_RECYCLING	REACTOME_MET_RECEPTOR_RECYCLING		10	-0.2977156	-0.7855055	0.73422563	0.8922067	1.0	4148	tags=50%, list=27%, signal=68%	
REACTOME_TCF_DEPENDENT_SIGNALING_IN_RESPONSE_TO_WNT	REACTOME_TCF_DEPENDENT_SIGNALING_IN_RESPONSE_TO_WNT		129	-0.16711184	-0.78479964	0.9064417	0.89246345	1.0	4873	tags=33%, list=32%, signal=48%	
REACTOME_SLC15A4_TASL_DEPENDENT_IRF5_ACTIVATION	REACTOME_SLC15A4_TASL_DEPENDENT_IRF5_ACTIVATION		6	-0.35784033	-0.784234	0.72900766	0.8923983	1.0	3257	tags=33%, list=21%, signal=42%	
REACTOME_GLYCOGEN_METABOLISM	REACTOME_GLYCOGEN_METABOLISM		16	-0.26534376	-0.7825546	0.7663044	0.8939994	1.0	3848	tags=31%, list=25%, signal=42%	
REACTOME_GOLGI_CISTERNAE_PERICENTRIOLAR_STACK_REORGANIZATION	REACTOME_GOLGI_CISTERNAE_PERICENTRIOLAR_STACK_REORGANIZATION		10	-0.29796836	-0.7821164	0.73015875	0.8937552	1.0	4134	tags=40%, list=27%, signal=55%	
BIOCARTA_CFTR_PATHWAY	BIOCARTA_CFTR_PATHWAY		8	-0.32547843	-0.7816077	0.76325756	0.8936535	1.0	5129	tags=50%, list=33%, signal=75%	
WP_HEDGEHOG_SIGNALING_PATHWAY	WP_HEDGEHOG_SIGNALING_PATHWAY		12	-0.2819179	-0.78005046	0.77649325	0.89505	1.0	1252	tags=17%, list=8%, signal=18%	
REACTOME_FRS_MEDIATED_FGFR2_SIGNALING	REACTOME_FRS_MEDIATED_FGFR2_SIGNALING		9	-0.31596872	-0.7794374	0.7743119	0.8951128	1.0	1048	tags=22%, list=7%, signal=24%	
REACTOME_MITOCHONDRIAL_PROTEIN_IMPORT	REACTOME_MITOCHONDRIAL_PROTEIN_IMPORT		9	-0.30949488	-0.7792033	0.73800737	0.8946053	1.0	4139	tags=44%, list=27%, signal=61%	
BIOCARTA_CCR3_PATHWAY	BIOCARTA_CCR3_PATHWAY		15	-0.261339	-0.77904445	0.7639405	0.89399695	1.0	3730	tags=33%, list=24%, signal=44%	
REACTOME_REGULATION_OF_HSF1_MEDIATED_HEAT_SHOCK_RESPONSE	REACTOME_REGULATION_OF_HSF1_MEDIATED_HEAT_SHOCK_RESPONSE		63	-0.1859844	-0.77680254	0.8556338	0.8964279	1.0	3178	tags=19%, list=21%, signal=24%	
REACTOME_SPHINGOLIPID_DE_NOVO_BIOSYNTHESIS	REACTOME_SPHINGOLIPID_DE_NOVO_BIOSYNTHESIS		23	-0.23725462	-0.77656525	0.78988326	0.8959316	1.0	5132	tags=57%, list=33%, signal=85%	
BIOCARTA_EIF4_PATHWAY	BIOCARTA_EIF4_PATHWAY		19	-0.24874958	-0.77115786	0.78417265	0.9029516	1.0	4100	tags=32%, list=27%, signal=43%	
REACTOME_SUMOYLATION_OF_UBIQUITINYLATION_PROTEINS	REACTOME_SUMOYLATION_OF_UBIQUITINYLATION_PROTEINS		38	-0.20474319	-0.77074766	0.8190128	0.9026594	1.0	5239	tags=37%, list=34%, signal=56%	
REACTOME_THE_ROLE_OF_GTSE1_IN_G2_M_PROGRESSION_AFTER_G2_CHECKPOINT	REACTOME_THE_ROLE_OF_GTSE1_IN_G2_M_PROGRESSION_AFTER_G2_CHECKPOINT		71	-0.1781471	-0.7690827	0.8695652	0.9042748	1.0	4411	tags=27%, list=29%, signal=37%	
REACTOME_IFNG_SIGNALING_ACTIVATES_MAPKS	REACTOME_IFNG_SIGNALING_ACTIVATES_MAPKS		7	-0.33280355	-0.76692	0.7467412	0.9065457	1.0	3612	tags=43%, list=23%, signal=56%	
REACTOME_RECRUITMENT_OF_NUMA_TO_MITOTIC_CENTROSOMES	REACTOME_RECRUITMENT_OF_NUMA_TO_MITOTIC_CENTROSOMES		84	-0.17027736	-0.7666917	0.8938053	0.90598285	1.0	3785	tags=24%, list=25%, signal=31%	
REACTOME_DCC_MEDIATED_ATTRACTIVE_SIGNALING	REACTOME_DCC_MEDIATED_ATTRACTIVE_SIGNALING		8	-0.3215273	-0.76602596	0.78221416	0.9060719	1.0	122	tags=13%, list=1%, signal=13%	
REACTOME_HDR_THROUGH_MMEJ_ALT_NHEJ	REACTOME_HDR_THROUGH_MMEJ_ALT_NHEJ		12	-0.28041023	-0.7652649	0.77205884	0.90627974	1.0	11099	tags=100%, list=72%, signal=357%	
REACTOME_PROGRAMMED_CELL_DEATH	REACTOME_PROGRAMMED_CELL_DEATH		126	-0.16231312	-0.76504993	0.92763156	0.90575475	1.0	3612	tags=23%, list=23%, signal=30%	
REACTOME_TRANSPORT_OF_NUCLEOTIDE_SUGARS	REACTOME_TRANSPORT_OF_NUCLEOTIDE_SUGARS		9	-0.3001261	-0.7644678	0.7765363	0.90573764	1.0	3683	tags=44%, list=24%, signal=58%	
REACTOME_HEDGEHOG_OFF_STATE	REACTOME_HEDGEHOG_OFF_STATE		95	-0.17016414	-0.7630574	0.9279869	0.9067787	1.0	2301	tags=16%, list=15%, signal=18%	
WP_METHYLATION	WP_METHYLATION		5	-0.36156535	-0.7618044	0.7719298	0.9077111	1.0	2083	tags=40%, list=14%, signal=46%	
REACTOME_SYNTHESIS_OF_KETONE_BODIES	REACTOME_SYNTHESIS_OF_KETONE_BODIES		6	-0.3484129	-0.7601021	0.769084	0.9092398	1.0	3063	tags=50%, list=20%, signal=62%	
BIOCARTA_NOS1_PATHWAY	BIOCARTA_NOS1_PATHWAY		15	-0.25858352	-0.7582632	0.8128342	0.91100186	1.0	4524	tags=33%, list=29%, signal=47%	
REACTOME_EUKARYOTIC_TRANSLATION_TERMINATION	REACTOME_EUKARYOTIC_TRANSLATION_TERMINATION		6	-0.3443259	-0.7572151	0.7676951	0.9115471	1.0	4257	tags=33%, list=28%, signal=46%	
REACTOME_MITOCHONDRIAL_CALCIUM_ION_TRANSPORT	REACTOME_MITOCHONDRIAL_CALCIUM_ION_TRANSPORT		17	-0.2490308	-0.75611246	0.81238276	0.9122315	1.0	5747	tags=59%, list=37%, signal=94%	
BIOCARTA_PTEN_PATHWAY	BIOCARTA_PTEN_PATHWAY		16	-0.24866742	-0.7556781	0.8014311	0.9119304	1.0	1293	tags=13%, list=8%, signal=14%	
REACTOME_NF_KB_IS_ACTIVATED_AND_SIGNALS_SURVIVAL	REACTOME_NF_KB_IS_ACTIVATED_AND_SIGNALS_SURVIVAL		12	-0.27719346	-0.75554055	0.8273921	0.91126484	1.0	3158	tags=33%, list=20%, signal=42%	
REACTOME_SELECTIVE_AUTOPHAGY	REACTOME_SELECTIVE_AUTOPHAGY		64	-0.1807419	-0.753152	0.9023973	0.9135629	1.0	4243	tags=31%, list=28%, signal=43%	
REACTOME_SULFUR_AMINO_ACID_METABOLISM	REACTOME_SULFUR_AMINO_ACID_METABOLISM		20	-0.23405248	-0.75245875	0.79965156	0.913621	1.0	5316	tags=55%, list=34%, signal=84%	
REACTOME_SIGNALLING_TO_ERKS	REACTOME_SIGNALLING_TO_ERKS		22	-0.22942415	-0.75022066	0.8288288	0.9157515	1.0	4759	tags=41%, list=31%, signal=59%	
WP_MITOCHONDRIAL_LONG_CHAIN_FATTY_ACID_BETAOXIDATION	WP_MITOCHONDRIAL_LONG_CHAIN_FATTY_ACID_BETAOXIDATION		16	-0.2441095	-0.7497019	0.8106195	0.91558737	1.0	1410	tags=13%, list=9%, signal=14%	
WP_TCA_CYCLE	WP_TCA_CYCLE		29	-0.21219671	-0.7486643	0.84029037	0.9160783	1.0	5477	tags=38%, list=36%, signal=59%	
REACTOME_CROSS_PRESENTATION_OF_SOLUBLE_EXOGENOUS_ANTIGENS_ENDOSOMES	REACTOME_CROSS_PRESENTATION_OF_SOLUBLE_EXOGENOUS_ANTIGENS_ENDOSOMES		46	-0.18805839	-0.74740314	0.86948854	0.91691864	1.0	4411	tags=30%, list=29%, signal=43%	
REACTOME_TRANSPORT_OF_THE_SLBP_DEPENDANT_MATURE_MRNA	REACTOME_TRANSPORT_OF_THE_SLBP_DEPENDANT_MATURE_MRNA		35	-0.20583485	-0.7468615	0.8605852	0.91672444	1.0	3178	tags=20%, list=21%, signal=25%	
WP_GLYCOGEN_METABOLISM	WP_GLYCOGEN_METABOLISM		30	-0.2124363	-0.74580896	0.83970857	0.9172496	1.0	3889	tags=30%, list=25%, signal=40%	
REACTOME_DOWNREGULATION_OF_ERBB2_SIGNALING	REACTOME_DOWNREGULATION_OF_ERBB2_SIGNALING		22	-0.2217647	-0.73928857	0.84758365	0.92469305	1.0	3096	tags=27%, list=20%, signal=34%	
REACTOME_SEMA4D_INDUCED_CELL_MIGRATION_AND_GROWTH_CONE_COLLAPSE	REACTOME_SEMA4D_INDUCED_CELL_MIGRATION_AND_GROWTH_CONE_COLLAPSE		11	-0.28197235	-0.7379959	0.79026216	0.92542714	1.0	2117	tags=27%, list=14%, signal=32%	
REACTOME_HEDGEHOG_LIGAND_BIOGENESIS	REACTOME_HEDGEHOG_LIGAND_BIOGENESIS		57	-0.17778195	-0.73728734	0.9037162	0.9254075	1.0	4871	tags=33%, list=32%, signal=49%	
REACTOME_ACTIVATION_OF_CASPASES_THROUGH_APOPTOSOME_MEDIATED_CLEAVAGE	REACTOME_ACTIVATION_OF_CASPASES_THROUGH_APOPTOSOME_MEDIATED_CLEAVAGE		7	-0.3218514	-0.7342278	0.81056464	0.9283134	1.0	2569	tags=29%, list=17%, signal=34%	
REACTOME_POSITIVE_EPIGENETIC_REGULATION_OF_RRNA_EXPRESSION	REACTOME_POSITIVE_EPIGENETIC_REGULATION_OF_RRNA_EXPRESSION		30	-0.20634952	-0.73134494	0.8745583	0.9309236	1.0	2758	tags=20%, list=18%, signal=24%	
BIOCARTA_EIF_PATHWAY	BIOCARTA_EIF_PATHWAY		9	-0.29107213	-0.73059094	0.8111111	0.9309691	1.0	3804	tags=33%, list=25%, signal=44%	
BIOCARTA_IFNG_PATHWAY	BIOCARTA_IFNG_PATHWAY		6	-0.32742655	-0.72780794	0.8135593	0.93351495	1.0	2447	tags=33%, list=16%, signal=40%	
REACTOME_TP53_REGULATES_TRANSCRIPTION_OF_CELL_DEATH_GENES	REACTOME_TP53_REGULATES_TRANSCRIPTION_OF_CELL_DEATH_GENES		14	-0.24794231	-0.7244007	0.83425415	0.9367189	1.0	1810	tags=14%, list=12%, signal=16%	
BIOCARTA_NFAT_PATHWAY	BIOCARTA_NFAT_PATHWAY		35	-0.19285908	-0.7186773	0.897479	0.9424802	1.0	4970	tags=40%, list=32%, signal=59%	
BIOCARTA_MTOR_PATHWAY	BIOCARTA_MTOR_PATHWAY		19	-0.22035986	-0.70883596	0.9018868	0.9526462	1.0	2466	tags=26%, list=16%, signal=31%	
REACTOME_SYNTHESIS_OF_PIPS_AT_THE_EARLY_ENDOSOME_MEMBRANE	REACTOME_SYNTHESIS_OF_PIPS_AT_THE_EARLY_ENDOSOME_MEMBRANE		15	-0.24269237	-0.7086892	0.84249085	0.95190203	1.0	3200	tags=27%, list=21%, signal=34%	
REACTOME_TRANSCRIPTIONAL_REGULATION_BY_E2F6	REACTOME_TRANSCRIPTIONAL_REGULATION_BY_E2F6		23	-0.21456547	-0.7083826	0.8800738	0.9513633	1.0	3471	tags=26%, list=23%, signal=34%	
BIOCARTA_GSK3_PATHWAY	BIOCARTA_GSK3_PATHWAY		19	-0.22123608	-0.70804006	0.8550186	0.9508125	1.0	4459	tags=42%, list=29%, signal=59%	
WP_BDNF_PATHWAY	WP_BDNF_PATHWAY		9	-0.28652397	-0.7074522	0.8336484	0.9505278	1.0	6794	tags=67%, list=44%, signal=119%	
WP_OXIDATION_BY_CYTOCHROME_P450	WP_OXIDATION_BY_CYTOCHROME_P450		17	-0.23320152	-0.7061174	0.86727273	0.95105046	1.0	4218	tags=35%, list=27%, signal=49%	
REACTOME_HEDGEHOG_ON_STATE	REACTOME_HEDGEHOG_ON_STATE		71	-0.1639416	-0.7019112	0.9618056	0.9545852	1.0	1977	tags=14%, list=13%, signal=16%	
REACTOME_KETONE_BODY_METABOLISM	REACTOME_KETONE_BODY_METABOLISM		7	-0.29952127	-0.7012888	0.84393066	0.9543562	1.0	3063	tags=43%, list=20%, signal=53%	
REACTOME_RNA_POLYMERASE_III_TRANSCRIPTION_INITIATION_FROM_TYPE_1_PROMOTER	REACTOME_RNA_POLYMERASE_III_TRANSCRIPTION_INITIATION_FROM_TYPE_1_PROMOTER		27	-0.2070418	-0.6967144	0.9045045	0.9582338	1.0	2255	tags=22%, list=15%, signal=26%	
REACTOME_GRB2_SOS_PROVIDES_LINKAGE_TO_MAPK_SIGNALING_FOR_INTEGRINS	REACTOME_GRB2_SOS_PROVIDES_LINKAGE_TO_MAPK_SIGNALING_FOR_INTEGRINS		12	-0.25989193	-0.6964927	0.8724955	0.9575576	1.0	679	tags=17%, list=4%, signal=17%	
BIOCARTA_CPSF_PATHWAY	BIOCARTA_CPSF_PATHWAY		6	-0.31559825	-0.6912342	0.85214007	0.9619823	1.0	10555	tags=100%, list=68%, signal=317%	
REACTOME_SUMOYLATION_OF_SUMOYLATION_PROTEINS	REACTOME_SUMOYLATION_OF_SUMOYLATION_PROTEINS		34	-0.18601681	-0.6890884	0.93193716	0.9632174	1.0	3178	tags=21%, list=21%, signal=26%	
REACTOME_FORMATION_OF_APOPTOSOME	REACTOME_FORMATION_OF_APOPTOSOME		10	-0.262279	-0.68644863	0.84745765	0.96486104	1.0	3612	tags=30%, list=23%, signal=39%	
REACTOME_VITAMIN_B2_RIBOFLAVIN_METABOLISM	REACTOME_VITAMIN_B2_RIBOFLAVIN_METABOLISM		6	-0.31098863	-0.68625337	0.8396947	0.96416616	1.0	1903	tags=33%, list=12%, signal=38%	
BIOCARTA_HBX_PATHWAY	BIOCARTA_HBX_PATHWAY		7	-0.29758662	-0.684856	0.8541267	0.9646283	1.0	3697	tags=29%, list=24%, signal=38%	
REACTOME_WNT_LIGAND_BIOGENESIS_AND_TRAFFICKING	REACTOME_WNT_LIGAND_BIOGENESIS_AND_TRAFFICKING		11	-0.2567664	-0.68464637	0.8659004	0.96394587	1.0	11463	tags=100%, list=74%, signal=390%	
REACTOME_MICRORNA_MIRNA_BIOGENESIS	REACTOME_MICRORNA_MIRNA_BIOGENESIS		6	-0.30637047	-0.68283886	0.84444445	0.9647302	1.0	5335	tags=67%, list=35%, signal=102%	
REACTOME_DISPLACEMENT_OF_DNA_GLYCOSYLASE_BY_APEX1	REACTOME_DISPLACEMENT_OF_DNA_GLYCOSYLASE_BY_APEX1		9	-0.27127004	-0.68140197	0.8596491	0.9652129	1.0	11239	tags=100%, list=73%, signal=369%	
BIOCARTA_RAC1_PATHWAY	BIOCARTA_RAC1_PATHWAY		17	-0.22222753	-0.6806982	0.8888889	0.9649398	1.0	3877	tags=29%, list=25%, signal=39%	
REACTOME_EGFR_DOWNREGULATION	REACTOME_EGFR_DOWNREGULATION		23	-0.206419	-0.68033427	0.9120879	0.964398	1.0	3677	tags=26%, list=24%, signal=34%	
REACTOME_TYPE_I_HEMIDESMOSOME_ASSEMBLY	REACTOME_TYPE_I_HEMIDESMOSOME_ASSEMBLY		6	-0.31249252	-0.67992455	0.86259544	0.96387243	1.0	712	tags=17%, list=5%, signal=17%	
REACTOME_PREGNENOLONE_BIOSYNTHESIS	REACTOME_PREGNENOLONE_BIOSYNTHESIS		11	-0.2509026	-0.6798899	0.88490564	0.9630169	1.0	5478	tags=55%, list=36%, signal=85%	
REACTOME_SIGNALING_BY_THE_B_CELL_RECEPTOR_BCR	REACTOME_SIGNALING_BY_THE_B_CELL_RECEPTOR_BCR		104	-0.14739819	-0.67780346	0.98527	0.96408916	1.0	4917	tags=31%, list=32%, signal=45%	
WP_FAS_PATHWAY_AND_STRESS_INDUCTION_OF_HSP_REGULATION	WP_FAS_PATHWAY_AND_STRESS_INDUCTION_OF_HSP_REGULATION		35	-0.18559381	-0.67729867	0.92477065	0.9636256	1.0	3361	tags=23%, list=22%, signal=29%	
REACTOME_CLEC7A_DECTIN_1_SIGNALING	REACTOME_CLEC7A_DECTIN_1_SIGNALING		92	-0.1499154	-0.67027587	0.9734042	0.9689296	1.0	4936	tags=30%, list=32%, signal=44%	
REACTOME_ACTIVATION_OF_THE_TFAP2_AP_2_FAMILY_OF_TRANSCRIPTION_FACTORS	REACTOME_ACTIVATION_OF_THE_TFAP2_AP_2_FAMILY_OF_TRANSCRIPTION_FACTORS		5	-0.32152426	-0.66751856	0.8607843	0.97039664	1.0	1143	tags=20%, list=7%, signal=22%	
REACTOME_G_PROTEIN_BETA_GAMMA_SIGNALLING	REACTOME_G_PROTEIN_BETA_GAMMA_SIGNALLING		27	-0.18837859	-0.66118205	0.91202873	0.97485596	1.0	5968	tags=52%, list=39%, signal=84%	
REACTOME_SYNTHESIS_OF_GLYCOSYLPHOSPHATIDYLINOSITOL_GPI	REACTOME_SYNTHESIS_OF_GLYCOSYLPHOSPHATIDYLINOSITOL_GPI		17	-0.21239522	-0.6591262	0.9028777	0.97566813	1.0	2775	tags=24%, list=18%, signal=29%	
REACTOME_APEX1_INDEPENDENT_RESOLUTION_OF_AP_SITES_VIA_THE_SINGLE_NUCLEOTIDE_REPLACEMENT_PATHWAY	REACTOME_APEX1_INDEPENDENT_RESOLUTION_OF_AP_SITES_VIA_THE_SINGLE_NUCLEOTIDE_REPLACEMENT_PATHWAY		6	-0.29770666	-0.6589533	0.87940633	0.97491926	1.0	814	tags=17%, list=5%, signal=18%	
BIOCARTA_VDR_PATHWAY	BIOCARTA_VDR_PATHWAY		21	-0.20407578	-0.65308946	0.9227872	0.9787142	1.0	3135	tags=24%, list=20%, signal=30%	
BIOCARTA_CDC25_PATHWAY	BIOCARTA_CDC25_PATHWAY		7	-0.2765545	-0.65258634	0.88804555	0.9781724	1.0	1133	tags=14%, list=7%, signal=15%	
BIOCARTA_PGC1A_PATHWAY	BIOCARTA_PGC1A_PATHWAY		12	-0.24095947	-0.6518938	0.90925926	0.9778249	1.0	1277	tags=17%, list=8%, signal=18%	
REACTOME_SCF_SKP2_MEDIATED_DEGRADATION_OF_P27_P21	REACTOME_SCF_SKP2_MEDIATED_DEGRADATION_OF_P27_P21		58	-0.15652828	-0.6483162	0.9828179	0.9796876	1.0	4411	tags=26%, list=29%, signal=36%	
REACTOME_MITOCHONDRIAL_IRON_SULFUR_CLUSTER_BIOGENESIS	REACTOME_MITOCHONDRIAL_IRON_SULFUR_CLUSTER_BIOGENESIS		10	-0.2514585	-0.64718354	0.8909091	0.97964096	1.0	2706	tags=30%, list=18%, signal=36%	
REACTOME_DEGRADATION_OF_BETA_CATENIN_BY_THE_DESTRUCTION_COMPLEX	REACTOME_DEGRADATION_OF_BETA_CATENIN_BY_THE_DESTRUCTION_COMPLEX		78	-0.1464752	-0.64520365	0.99001664	0.98019874	1.0	4459	tags=29%, list=29%, signal=41%	
REACTOME_BETA_OXIDATION_OF_DECANOYL_COA_TO_OCTANOYL_COA_COA	REACTOME_BETA_OXIDATION_OF_DECANOYL_COA_TO_OCTANOYL_COA_COA		6	-0.2949001	-0.64392924	0.8957916	0.9801968	1.0	10874	tags=100%, list=71%, signal=339%	
REACTOME_HOMOLOGOUS_DNA_PAIRING_AND_STRAND_EXCHANGE	REACTOME_HOMOLOGOUS_DNA_PAIRING_AND_STRAND_EXCHANGE		26	-0.18159504	-0.6324881	0.9497307	0.9871509	1.0	11099	tags=96%, list=72%, signal=343%	
REACTOME_MITOTIC_G2_G2_M_PHASES	REACTOME_MITOTIC_G2_G2_M_PHASES		175	-0.1268198	-0.6273625	1.0	0.9895744	1.0	4411	tags=23%, list=29%, signal=32%	
BIOCARTA_GLEEVEC_PATHWAY	BIOCARTA_GLEEVEC_PATHWAY		23	-0.18806234	-0.6259398	0.92633516	0.9895611	1.0	4148	tags=35%, list=27%, signal=48%	
REACTOME_PTK6_REGULATES_RTKS_AND_THEIR_EFFECTORS_AKT1_AND_DOK1	REACTOME_PTK6_REGULATES_RTKS_AND_THEIR_EFFECTORS_AKT1_AND_DOK1		9	-0.24647188	-0.62558466	0.91821563	0.9888882	1.0	5698	tags=56%, list=37%, signal=88%	
REACTOME_NEGATIVE_REGULATION_OF_FLT3	REACTOME_NEGATIVE_REGULATION_OF_FLT3		15	-0.20978214	-0.6227946	0.93927896	0.98969126	1.0	6027	tags=47%, list=39%, signal=77%	
BIOCARTA_RANBP2_PATHWAY	BIOCARTA_RANBP2_PATHWAY		12	-0.22525778	-0.620922	0.9375	0.9899708	1.0	1767	tags=17%, list=11%, signal=19%	
REACTOME_DEADENYLATION_OF_MRNA	REACTOME_DEADENYLATION_OF_MRNA		23	-0.18647991	-0.62066656	0.94555354	0.989241	1.0	3720	tags=26%, list=24%, signal=34%	
BIOCARTA_ATRBRCA_PATHWAY	BIOCARTA_ATRBRCA_PATHWAY		18	-0.19757754	-0.61932886	0.94244605	0.9891492	1.0	2794	tags=17%, list=18%, signal=20%	
BIOCARTA_EFP_PATHWAY	BIOCARTA_EFP_PATHWAY		12	-0.22056651	-0.6153241	0.929368	0.99071646	1.0	5590	tags=42%, list=36%, signal=65%	
BIOCARTA_IGF1_PATHWAY	BIOCARTA_IGF1_PATHWAY		21	-0.18941373	-0.6149614	0.9509091	0.990029	1.0	4141	tags=33%, list=27%, signal=46%	
REACTOME_BETA_OXIDATION_OF_OCTANOYL_COA_TO_HEXANOYL_COA	REACTOME_BETA_OXIDATION_OF_OCTANOYL_COA_TO_HEXANOYL_COA		5	-0.29488096	-0.61359394	0.9226415	0.98997176	1.0	10874	tags=100%, list=71%, signal=339%	
REACTOME_P75NTR_RECRUITS_SIGNALLING_COMPLEXES	REACTOME_P75NTR_RECRUITS_SIGNALLING_COMPLEXES		12	-0.22697707	-0.61271846	0.930605	0.98958063	1.0	1231	tags=17%, list=8%, signal=18%	
REACTOME_BETA_OXIDATION_OF_LAUROYL_COA_TO_DECANOYL_COA_COA	REACTOME_BETA_OXIDATION_OF_LAUROYL_COA_TO_DECANOYL_COA_COA		5	-0.29488096	-0.61262935	0.93194705	0.98875004	1.0	10874	tags=100%, list=71%, signal=339%	
BIOCARTA_SKP2E2F_PATHWAY	BIOCARTA_SKP2E2F_PATHWAY		8	-0.2522522	-0.6102383	0.93430656	0.9892208	1.0	3087	tags=25%, list=20%, signal=31%	
REACTOME_SUMOYLATION_OF_DNA_REPLICATION_PROTEINS	REACTOME_SUMOYLATION_OF_DNA_REPLICATION_PROTEINS		42	-0.152928	-0.5965265	0.9840142	0.99558	1.0	3315	tags=19%, list=22%, signal=24%	
REACTOME_WAX_AND_PLASMALOGEN_BIOSYNTHESIS	REACTOME_WAX_AND_PLASMALOGEN_BIOSYNTHESIS		5	-0.2908083	-0.5964064	0.9065934	0.99474573	1.0	3927	tags=40%, list=25%, signal=54%	
REACTOME_PHOSPHATE_BOND_HYDROLYSIS_BY_NUDT_PROTEINS	REACTOME_PHOSPHATE_BOND_HYDROLYSIS_BY_NUDT_PROTEINS		7	-0.25747505	-0.59582895	0.94274807	0.9941681	1.0	4335	tags=43%, list=28%, signal=60%	
REACTOME_REGULATION_OF_INNATE_IMMUNE_RESPONSES_TO_CYTOSOLIC_DNA	REACTOME_REGULATION_OF_INNATE_IMMUNE_RESPONSES_TO_CYTOSOLIC_DNA		13	-0.21187489	-0.594881	0.91851854	0.99375474	1.0	5827	tags=62%, list=38%, signal=99%	
REACTOME_RHOBTB2_GTPASE_CYCLE	REACTOME_RHOBTB2_GTPASE_CYCLE		22	-0.17826538	-0.5915131	0.9702602	0.9944678	1.0	4146	tags=32%, list=27%, signal=43%	
REACTOME_NEUROTRANSMITTER_RELEASE_CYCLE	REACTOME_NEUROTRANSMITTER_RELEASE_CYCLE		27	-0.16903946	-0.5902448	0.97530866	0.99420047	1.0	2941	tags=22%, list=19%, signal=27%	
REACTOME_RHO_GTPASES_ACTIVATE_PAKS	REACTOME_RHO_GTPASES_ACTIVATE_PAKS		17	-0.19315833	-0.5877189	0.9425926	0.9945249	1.0	1008	tags=12%, list=7%, signal=13%	
REACTOME_PI5P_REGULATES_TP53_ACETYLATION	REACTOME_PI5P_REGULATES_TP53_ACETYLATION		9	-0.23358655	-0.5869725	0.9528302	0.99396855	1.0	831	tags=11%, list=5%, signal=12%	
REACTOME_DECTIN_1_MEDIATED_NONCANONICAL_NF_KB_SIGNALING	REACTOME_DECTIN_1_MEDIATED_NONCANONICAL_NF_KB_SIGNALING		57	-0.14037243	-0.5808145	0.9918167	0.9958652	1.0	2239	tags=14%, list=15%, signal=16%	
REACTOME_GLYCINE_DEGRADATION	REACTOME_GLYCINE_DEGRADATION		6	-0.2637613	-0.58044493	0.9435337	0.9951395	1.0	1566	tags=17%, list=10%, signal=19%	
REACTOME_ASYMMETRIC_LOCALIZATION_OF_PCP_PROTEINS	REACTOME_ASYMMETRIC_LOCALIZATION_OF_PCP_PROTEINS		57	-0.14219773	-0.5793043	0.99006623	0.9947367	1.0	4411	tags=26%, list=29%, signal=37%	
REACTOME_CYTOCHROME_C_MEDIATED_APOPTOTIC_RESPONSE	REACTOME_CYTOCHROME_C_MEDIATED_APOPTOTIC_RESPONSE		12	-0.21559991	-0.57922864	0.9600726	0.99387276	1.0	3612	tags=25%, list=23%, signal=33%	
REACTOME_APOPTOTIC_FACTOR_MEDIATED_RESPONSE	REACTOME_APOPTOTIC_FACTOR_MEDIATED_RESPONSE		17	-0.18534379	-0.5751101	0.9635701	0.99475914	1.0	4877	tags=29%, list=32%, signal=43%	
REACTOME_SYNTHESIS_OF_PIPS_AT_THE_LATE_ENDOSOME_MEMBRANE	REACTOME_SYNTHESIS_OF_PIPS_AT_THE_LATE_ENDOSOME_MEMBRANE		10	-0.21962994	-0.57244086	0.961183	0.99504524	1.0	3200	tags=30%, list=21%, signal=38%	
REACTOME_RUNX1_INTERACTS_WITH_CO_FACTORS_WHOSE_PRECISE_EFFECT_ON_RUNX1_TARGETS_IS_NOT_KNOWN	REACTOME_RUNX1_INTERACTS_WITH_CO_FACTORS_WHOSE_PRECISE_EFFECT_ON_RUNX1_TARGETS_IS_NOT_KNOWN		31	-0.1608742	-0.57137084	0.97639126	0.9945654	1.0	5123	tags=35%, list=33%, signal=53%	
WP_SEROTONIN_AND_ANXIETYRELATED_EVENTS	WP_SEROTONIN_AND_ANXIETYRELATED_EVENTS		6	-0.25884327	-0.569782	0.95085067	0.99432224	1.0	5020	tags=50%, list=33%, signal=74%	
BIOCARTA_BCELLSURVIVAL_PATHWAY	BIOCARTA_BCELLSURVIVAL_PATHWAY		16	-0.18766473	-0.569688	0.9537572	0.99346936	1.0	4877	tags=38%, list=32%, signal=55%	
REACTOME_TRANSCRIPTIONAL_REGULATION_BY_RUNX2	REACTOME_TRANSCRIPTIONAL_REGULATION_BY_RUNX2		62	-0.13481496	-0.5688073	0.9982818	0.992949	1.0	4411	tags=24%, list=29%, signal=34%	
REACTOME_RHO_GTPASES_ACTIVATE_PKNS	REACTOME_RHO_GTPASES_ACTIVATE_PKNS		21	-0.17788556	-0.5662305	0.9841828	0.99303794	1.0	2598	tags=19%, list=17%, signal=23%	
REACTOME_PYRUVATE_METABOLISM	REACTOME_PYRUVATE_METABOLISM		39	-0.14701702	-0.56498355	0.9908925	0.9926403	1.0	2723	tags=18%, list=18%, signal=22%	
WP_PROTEASOME_DEGRADATION	WP_PROTEASOME_DEGRADATION		50	-0.14109695	-0.5626358	0.99497485	0.9926358	1.0	5802	tags=42%, list=38%, signal=67%	
REACTOME_NUCLEOTIDE_SALVAGE	REACTOME_NUCLEOTIDE_SALVAGE		20	-0.17794491	-0.5617613	0.976234	0.9920496	1.0	4031	tags=25%, list=26%, signal=34%	
REACTOME_DOWNREGULATION_OF_TGF_BETA_RECEPTOR_SIGNALING	REACTOME_DOWNREGULATION_OF_TGF_BETA_RECEPTOR_SIGNALING		17	-0.18166211	-0.5599077	0.9794776	0.9918586	1.0	154	tags=6%, list=1%, signal=6%	
WP_TRANSLATION_FACTORS	WP_TRANSLATION_FACTORS		45	-0.14264569	-0.55343467	0.99256504	0.9931495	1.0	5502	tags=40%, list=36%, signal=62%	
REACTOME_RAF_ACTIVATION	REACTOME_RAF_ACTIVATION		33	-0.15010598	-0.5497566	0.994575	0.99348813	1.0	2395	tags=18%, list=16%, signal=21%	
BIOCARTA_TEL_PATHWAY	BIOCARTA_TEL_PATHWAY		16	-0.18633816	-0.54877895	0.97806215	0.9929472	1.0	1076	tags=13%, list=7%, signal=13%	
REACTOME_CARNITINE_METABOLISM	REACTOME_CARNITINE_METABOLISM		11	-0.20612006	-0.5479368	0.9592593	0.99238694	1.0	4920	tags=36%, list=32%, signal=53%	
REACTOME_COENZYME_A_BIOSYNTHESIS	REACTOME_COENZYME_A_BIOSYNTHESIS		7	-0.23041986	-0.53142774	0.97081715	0.99635446	1.0	5286	tags=43%, list=34%, signal=65%	
REACTOME_G1_S_DNA_DAMAGE_CHECKPOINTS	REACTOME_G1_S_DNA_DAMAGE_CHECKPOINTS		64	-0.12494687	-0.52667904	1.0	0.9966797	1.0	1977	tags=11%, list=13%, signal=12%	
REACTOME_ACTIVATION_OF_NF_KAPPAB_IN_B_CELLS	REACTOME_ACTIVATION_OF_NF_KAPPAB_IN_B_CELLS		63	-0.122894764	-0.52322227	0.99648505	0.9966292	1.0	5802	tags=37%, list=38%, signal=58%	
REACTOME_SEROTONIN_NEUROTRANSMITTER_RELEASE_CYCLE	REACTOME_SEROTONIN_NEUROTRANSMITTER_RELEASE_CYCLE		11	-0.19484092	-0.52081615	0.9772296	0.9963112	1.0	535	tags=9%, list=3%, signal=9%	
REACTOME_ASSOCIATION_OF_TRIC_CCT_WITH_TARGET_PROTEINS_DURING_BIOSYNTHESIS	REACTOME_ASSOCIATION_OF_TRIC_CCT_WITH_TARGET_PROTEINS_DURING_BIOSYNTHESIS		10	-0.1975201	-0.51997083	0.97579145	0.9956378	1.0	2831	tags=20%, list=18%, signal=24%	
REACTOME_NEGATIVE_REGULATION_OF_FGFR4_SIGNALING	REACTOME_NEGATIVE_REGULATION_OF_FGFR4_SIGNALING		20	-0.16180256	-0.51741195	0.98870057	0.9953536	1.0	3677	tags=25%, list=24%, signal=33%	
BIOCARTA_DNAFRAGMENT_PATHWAY	BIOCARTA_DNAFRAGMENT_PATHWAY		10	-0.20009619	-0.51666087	0.9833024	0.99466115	1.0	4877	tags=40%, list=32%, signal=58%	
REACTOME_RESOLUTION_OF_ABASIC_SITES_AP_SITES	REACTOME_RESOLUTION_OF_ABASIC_SITES_AP_SITES		37	-0.13770236	-0.5138569	0.9982935	0.99440277	1.0	13301	tags=100%, list=86%, signal=727%	
REACTOME_NEGATIVE_REGULATION_OF_FGFR3_SIGNALING	REACTOME_NEGATIVE_REGULATION_OF_FGFR3_SIGNALING		20	-0.16180256	-0.51106745	0.9912434	0.994073	1.0	3677	tags=25%, list=24%, signal=33%	
REACTOME_NEGATIVE_REGULATION_OF_FGFR2_SIGNALING	REACTOME_NEGATIVE_REGULATION_OF_FGFR2_SIGNALING		20	-0.16180256	-0.51104033	0.99067163	0.9932145	1.0	3677	tags=25%, list=24%, signal=33%	
BIOCARTA_VITCB_PATHWAY	BIOCARTA_VITCB_PATHWAY		7	-0.19618562	-0.45553002	0.9944341	1.0	1.0	4903	tags=43%, list=32%, signal=63%	
REACTOME_UBIQUITIN_MEDIATED_DEGRADATION_OF_PHOSPHORYLATED_CDC25A	REACTOME_UBIQUITIN_MEDIATED_DEGRADATION_OF_PHOSPHORYLATED_CDC25A		51	-0.11003368	-0.4445456	1.0	1.0	1.0	5802	tags=37%, list=38%, signal=60%	
BIOCARTA_MITOCHONDRIA_PATHWAY	BIOCARTA_MITOCHONDRIA_PATHWAY		19	-0.14111306	-0.43575105	1.0	0.99985844	1.0	13246	tags=100%, list=86%, signal=709%	
REACTOME_REGULATION_OF_RUNX3_EXPRESSION_AND_ACTIVITY	REACTOME_REGULATION_OF_RUNX3_EXPRESSION_AND_ACTIVITY		54	-0.105730034	-0.42636034	1.0	0.9994409	1.0	5802	tags=35%, list=38%, signal=56%	
REACTOME_REGULATION_OF_RUNX2_EXPRESSION_AND_ACTIVITY	REACTOME_REGULATION_OF_RUNX2_EXPRESSION_AND_ACTIVITY		52	-0.10335601	-0.41272634	1.0	0.99908805	1.0	5802	tags=35%, list=38%, signal=55%	
