NAME	GS<br> follow link to MSigDB	GS DETAILS	SIZE	ES	NES	NOM p-val	FDR q-val	FWER p-val	RANK AT MAX	LEADING EDGE	
REACTOME_EXTRACELLULAR_MATRIX_ORGANIZATION	REACTOME_EXTRACELLULAR_MATRIX_ORGANIZATION	Details ...	117	-0.5421055	-2.6320083	0.0	0.0	0.0	3568	tags=51%, list=23%, signal=66%	
REACTOME_METABOLISM_OF_PORPHYRINS	REACTOME_METABOLISM_OF_PORPHYRINS	Details ...	18	-0.7188347	-2.3198676	0.0	6.259446E-4	0.001	1750	tags=50%, list=11%, signal=56%	
WP_PROSTAGLANDIN_SYNTHESIS_AND_REGULATION	WP_PROSTAGLANDIN_SYNTHESIS_AND_REGULATION	Details ...	20	-0.7052323	-2.285125	0.0	0.0016729397	0.004	1942	tags=45%, list=13%, signal=51%	
REACTOME_INITIAL_TRIGGERING_OF_COMPLEMENT	REACTOME_INITIAL_TRIGGERING_OF_COMPLEMENT	Details ...	18	-0.7130379	-2.2801006	0.0	0.0012547049	0.004	2459	tags=67%, list=16%, signal=79%	
REACTOME_TRANSPORT_OF_SMALL_MOLECULES	REACTOME_TRANSPORT_OF_SMALL_MOLECULES	Details ...	459	-0.38849363	-2.2504563	0.0	0.0017475242	0.007	2396	tags=30%, list=16%, signal=34%	
REACTOME_BINDING_AND_UPTAKE_OF_LIGANDS_BY_SCAVENGER_RECEPTORS	REACTOME_BINDING_AND_UPTAKE_OF_LIGANDS_BY_SCAVENGER_RECEPTORS	Details ...	24	-0.6664438	-2.2502193	0.0	0.0014562702	0.007	1404	tags=50%, list=9%, signal=55%	
REACTOME_DEGRADATION_OF_THE_EXTRACELLULAR_MATRIX	REACTOME_DEGRADATION_OF_THE_EXTRACELLULAR_MATRIX	Details ...	48	-0.554697	-2.237115	0.0	0.0017779686	0.01	4667	tags=69%, list=30%, signal=98%	
REACTOME_REGULATION_OF_INSULIN_LIKE_GROWTH_FACTOR_IGF_TRANSPORT_AND_UPTAKE_BY_INSULIN_LIKE_GROWTH_FACTOR_BINDING_PROTEINS_IGFBPS	REACTOME_REGULATION_OF_INSULIN_LIKE_GROWTH_FACTOR_IGF_TRANSPORT_AND_UPTAKE_BY_INSULIN_LIKE_GROWTH_FACTOR_BINDING_PROTEINS_IGFBPS	Details ...	61	-0.5296212	-2.234549	0.0	0.0017152219	0.011	2808	tags=48%, list=18%, signal=58%	
WP_MICROGLIA_PATHOGEN_PHAGOCYTOSIS_PATHWAY	WP_MICROGLIA_PATHOGEN_PHAGOCYTOSIS_PATHWAY	Details ...	40	-0.5846247	-2.2326298	0.0	0.0015246418	0.011	4268	tags=63%, list=28%, signal=86%	
REACTOME_METABOLISM_OF_CARBOHYDRATES	REACTOME_METABOLISM_OF_CARBOHYDRATES	Details ...	203	-0.4240197	-2.224202	0.0	0.0014959631	0.012	4755	tags=53%, list=31%, signal=76%	
WP_GLUTATHIONE_METABOLISM	WP_GLUTATHIONE_METABOLISM	Details ...	16	-0.73162407	-2.212699	0.0	0.0014732039	0.013	2959	tags=75%, list=19%, signal=93%	
REACTOME_ERYTHROCYTES_TAKE_UP_OXYGEN_AND_RELEASE_CARBON_DIOXIDE	REACTOME_ERYTHROCYTES_TAKE_UP_OXYGEN_AND_RELEASE_CARBON_DIOXIDE	Details ...	8	-0.915769	-2.2088134	0.0	0.0013504369	0.013	1307	tags=100%, list=8%, signal=109%	
WP_HEME_BIOSYNTHESIS	WP_HEME_BIOSYNTHESIS	Details ...	9	-0.85996383	-2.204243	0.0	0.0012465572	0.013	1750	tags=78%, list=11%, signal=88%	
REACTOME_HEME_BIOSYNTHESIS	REACTOME_HEME_BIOSYNTHESIS	Details ...	12	-0.788502	-2.1973116	0.0	0.0011575174	0.013	2682	tags=67%, list=17%, signal=81%	
REACTOME_CELL_CELL_COMMUNICATION	REACTOME_CELL_CELL_COMMUNICATION	Details ...	63	-0.51585865	-2.1851904	0.0	0.0012449484	0.015	2775	tags=43%, list=18%, signal=52%	
REACTOME_METABOLISM_OF_FAT_SOLUBLE_VITAMINS	REACTOME_METABOLISM_OF_FAT_SOLUBLE_VITAMINS	Details ...	20	-0.65673435	-2.1813152	0.0	0.0012429013	0.016	3339	tags=65%, list=22%, signal=83%	
REACTOME_IMMUNOREGULATORY_INTERACTIONS_BETWEEN_A_LYMPHOID_AND_A_NON_LYMPHOID_CELL	REACTOME_IMMUNOREGULATORY_INTERACTIONS_BETWEEN_A_LYMPHOID_AND_A_NON_LYMPHOID_CELL	Details ...	85	-0.48529625	-2.1693583	0.0	0.0016752806	0.023	5384	tags=64%, list=35%, signal=97%	
REACTOME_INTEGRIN_CELL_SURFACE_INTERACTIONS	REACTOME_INTEGRIN_CELL_SURFACE_INTERACTIONS	Details ...	41	-0.55865836	-2.1600227	0.0	0.0018603585	0.027	3291	tags=49%, list=21%, signal=62%	
REACTOME_DAP12_INTERACTIONS	REACTOME_DAP12_INTERACTIONS	Details ...	45	-0.5446001	-2.1556242	0.0	0.0018262445	0.028	3912	tags=58%, list=25%, signal=77%	
REACTOME_GLYCOSAMINOGLYCAN_METABOLISM	REACTOME_GLYCOSAMINOGLYCAN_METABOLISM	Details ...	83	-0.47671175	-2.152377	0.0	0.0017349323	0.028	4384	tags=55%, list=28%, signal=77%	
REACTOME_BIOSYNTHESIS_OF_THE_N_GLYCAN_PRECURSOR_DOLICHOL_LIPID_LINKED_OLIGOSACCHARIDE_LLO_AND_TRANSFER_TO_A_NASCENT_PROTEIN	REACTOME_BIOSYNTHESIS_OF_THE_N_GLYCAN_PRECURSOR_DOLICHOL_LIPID_LINKED_OLIGOSACCHARIDE_LLO_AND_TRANSFER_TO_A_NASCENT_PROTEIN	Details ...	65	-0.48993948	-2.1201289	0.0	0.002842349	0.047	4726	tags=62%, list=31%, signal=88%	
BIOCARTA_COMP_PATHWAY	BIOCARTA_COMP_PATHWAY	Details ...	9	-0.81966394	-2.1028934	0.0	0.0035761115	0.061	2143	tags=89%, list=14%, signal=103%	
REACTOME_CELL_SURFACE_INTERACTIONS_AT_THE_VASCULAR_WALL	REACTOME_CELL_SURFACE_INTERACTIONS_AT_THE_VASCULAR_WALL	Details ...	93	-0.45724475	-2.0981698	0.0	0.0039620125	0.071	3086	tags=46%, list=20%, signal=57%	
REACTOME_ERYTHROCYTES_TAKE_UP_CARBON_DIOXIDE_AND_RELEASE_OXYGEN	REACTOME_ERYTHROCYTES_TAKE_UP_CARBON_DIOXIDE_AND_RELEASE_OXYGEN	Details ...	12	-0.75103515	-2.0748546	0.0	0.005877553	0.107	1307	tags=67%, list=8%, signal=73%	
REACTOME_COLLAGEN_BIOSYNTHESIS_AND_MODIFYING_ENZYMES	REACTOME_COLLAGEN_BIOSYNTHESIS_AND_MODIFYING_ENZYMES	Details ...	20	-0.6375602	-2.0743058	0.0	0.005642451	0.107	3175	tags=55%, list=21%, signal=69%	
REACTOME_SLC_MEDIATED_TRANSMEMBRANE_TRANSPORT	REACTOME_SLC_MEDIATED_TRANSMEMBRANE_TRANSPORT	Details ...	143	-0.41715485	-2.0721474	0.0	0.005617095	0.109	3195	tags=40%, list=21%, signal=50%	
REACTOME_COMPLEMENT_CASCADE	REACTOME_COMPLEMENT_CASCADE	Details ...	33	-0.5615594	-2.0692961	0.0	0.0058219037	0.117	2495	tags=48%, list=16%, signal=58%	
BIOCARTA_CLASSIC_PATHWAY	BIOCARTA_CLASSIC_PATHWAY	Details ...	7	-0.8614626	-2.0538783	0.0	0.006953537	0.145	2143	tags=100%, list=14%, signal=116%	
REACTOME_COLLAGEN_FORMATION	REACTOME_COLLAGEN_FORMATION	Details ...	26	-0.5839831	-2.0530193	0.0	0.0068439846	0.148	1262	tags=35%, list=8%, signal=38%	
WP_SPLICING_FACTOR_NOVA_REGULATED_SYNAPTIC_PROTEINS	WP_SPLICING_FACTOR_NOVA_REGULATED_SYNAPTIC_PROTEINS	Details ...	24	-0.59600514	-2.0463483	0.0	0.007116872	0.158	4757	tags=63%, list=31%, signal=90%	
REACTOME_CLASS_A_1_RHODOPSIN_LIKE_RECEPTORS	REACTOME_CLASS_A_1_RHODOPSIN_LIKE_RECEPTORS	Details ...	125	-0.41686705	-2.0445387	0.0	0.0071261907	0.163	5224	tags=58%, list=34%, signal=86%	
REACTOME_ANTIGEN_PRESENTATION_FOLDING_ASSEMBLY_AND_PEPTIDE_LOADING_OF_CLASS_I_MHC	REACTOME_ANTIGEN_PRESENTATION_FOLDING_ASSEMBLY_AND_PEPTIDE_LOADING_OF_CLASS_I_MHC	Details ...	30	-0.56352025	-2.0437577	0.0041067763	0.006942374	0.164	2462	tags=43%, list=16%, signal=51%	
WP_RETINOL_METABOLISM	WP_RETINOL_METABOLISM	Details ...	16	-0.66791964	-2.040232	0.0	0.006959768	0.169	1799	tags=50%, list=12%, signal=57%	
REACTOME_PEPTIDE_LIGAND_BINDING_RECEPTORS	REACTOME_PEPTIDE_LIGAND_BINDING_RECEPTORS	Details ...	72	-0.45851347	-2.0258708	0.0	0.008072603	0.198	3770	tags=47%, list=24%, signal=62%	
REACTOME_COLLAGEN_DEGRADATION	REACTOME_COLLAGEN_DEGRADATION	Details ...	17	-0.6609998	-2.010826	0.0038610038	0.00941097	0.234	2138	tags=53%, list=14%, signal=61%	
REACTOME_BIOTIN_TRANSPORT_AND_METABOLISM	REACTOME_BIOTIN_TRANSPORT_AND_METABOLISM	Details ...	11	-0.7430028	-2.0076787	0.0	0.009632698	0.245	1827	tags=55%, list=12%, signal=62%	
REACTOME_ROLE_OF_PHOSPHOLIPIDS_IN_PHAGOCYTOSIS	REACTOME_ROLE_OF_PHOSPHOLIPIDS_IN_PHAGOCYTOSIS	Details ...	24	-0.5844429	-2.0058355	0.0019379845	0.009608581	0.25	3636	tags=63%, list=24%, signal=82%	
REACTOME_ER_PHAGOSOME_PATHWAY	REACTOME_ER_PHAGOSOME_PATHWAY	Details ...	23	-0.6022302	-2.0052416	0.0019417476	0.009388339	0.251	3717	tags=52%, list=24%, signal=69%	
BIOCARTA_NKCELLS_PATHWAY	BIOCARTA_NKCELLS_PATHWAY	Details ...	18	-0.62906337	-1.9999837	0.0	0.009659718	0.264	2725	tags=50%, list=18%, signal=61%	
WP_GPCRS_NONODORANT	WP_GPCRS_NONODORANT	Details ...	105	-0.4165327	-1.9812938	0.0	0.011872508	0.325	5224	tags=58%, list=34%, signal=87%	
REACTOME_CLASSICAL_ANTIBODY_MEDIATED_COMPLEMENT_ACTIVATION	REACTOME_CLASSICAL_ANTIBODY_MEDIATED_COMPLEMENT_ACTIVATION	Details ...	9	-0.7867075	-1.9763442	0.0019417476	0.012560449	0.341	719	tags=56%, list=5%, signal=58%	
REACTOME_EFFECTS_OF_PIP2_HYDROLYSIS	REACTOME_EFFECTS_OF_PIP2_HYDROLYSIS	Details ...	19	-0.62083614	-1.9757912	0.0	0.012319219	0.341	4441	tags=74%, list=29%, signal=103%	
REACTOME_GLYCOSPHINGOLIPID_METABOLISM	REACTOME_GLYCOSPHINGOLIPID_METABOLISM	Details ...	42	-0.49821782	-1.9653491	0.0	0.013935973	0.386	3012	tags=43%, list=20%, signal=53%	
WP_EICOSANOID_METABOLISM_VIA_CYCLOOXYGENASES_COX	WP_EICOSANOID_METABOLISM_VIA_CYCLOOXYGENASES_COX	Details ...	20	-0.6113433	-1.9562037	0.0	0.014985314	0.412	1772	tags=35%, list=11%, signal=39%	
REACTOME_ASPARAGINE_N_LINKED_GLYCOSYLATION	REACTOME_ASPARAGINE_N_LINKED_GLYCOSYLATION	Details ...	237	-0.36479664	-1.9555056	0.0	0.014846484	0.416	4613	tags=46%, list=30%, signal=65%	
REACTOME_RET_SIGNALING	REACTOME_RET_SIGNALING	Details ...	30	-0.52786714	-1.9405744	0.0019607844	0.017623601	0.478	2591	tags=40%, list=17%, signal=48%	
WP_FOCAL_ADHESION	WP_FOCAL_ADHESION	Details ...	131	-0.39387682	-1.9346734	0.0	0.01854646	0.505	3291	tags=38%, list=21%, signal=48%	
REACTOME_NEUTROPHIL_DEGRANULATION	REACTOME_NEUTROPHIL_DEGRANULATION	Details ...	427	-0.33650446	-1.9315453	0.0	0.018760718	0.518	3808	tags=38%, list=25%, signal=50%	
REACTOME_METABOLISM_OF_VITAMINS_AND_COFACTORS	REACTOME_METABOLISM_OF_VITAMINS_AND_COFACTORS	Details ...	146	-0.38716218	-1.9315321	0.0	0.018377846	0.518	2362	tags=30%, list=15%, signal=35%	
REACTOME_ENDOSOMAL_VACUOLAR_PATHWAY	REACTOME_ENDOSOMAL_VACUOLAR_PATHWAY	Details ...	14	-0.64274544	-1.9280307	0.0	0.018585123	0.528	3717	tags=64%, list=24%, signal=85%	
WP_STATIN_PATHWAY	WP_STATIN_PATHWAY		13	-0.65302455	-1.918764	0.0	0.020032175	0.556	1297	tags=46%, list=8%, signal=50%	
REACTOME_CELL_JUNCTION_ORGANIZATION	REACTOME_CELL_JUNCTION_ORGANIZATION		46	-0.47957224	-1.9140565	0.0019646366	0.020742955	0.583	2775	tags=39%, list=18%, signal=48%	
REACTOME_AMINO_ACID_TRANSPORT_ACROSS_THE_PLASMA_MEMBRANE	REACTOME_AMINO_ACID_TRANSPORT_ACROSS_THE_PLASMA_MEMBRANE		23	-0.5722585	-1.9117159	0.0019455253	0.02101612	0.591	1581	tags=43%, list=10%, signal=48%	
WP_COMPLEMENT_ACTIVATION_CLASSICAL_PATHWAY	WP_COMPLEMENT_ACTIVATION_CLASSICAL_PATHWAY		9	-0.7534224	-1.9070578	0.0019230769	0.021804148	0.611	2143	tags=89%, list=14%, signal=103%	
WP_OXIDATIVE_STRESS_AND_REDOX_PATHWAY	WP_OXIDATIVE_STRESS_AND_REDOX_PATHWAY		72	-0.4356691	-1.9069675	0.0	0.021430673	0.611	3884	tags=47%, list=25%, signal=63%	
REACTOME_SEMA3A_PLEXIN_REPULSION_SIGNALING_BY_INHIBITING_INTEGRIN_ADHESION	REACTOME_SEMA3A_PLEXIN_REPULSION_SIGNALING_BY_INHIBITING_INTEGRIN_ADHESION		7	-0.80659854	-1.88963	0.0020242915	0.026165258	0.688	2216	tags=86%, list=14%, signal=100%	
REACTOME_METABOLISM_OF_LIPIDS	REACTOME_METABOLISM_OF_LIPIDS		447	-0.33045134	-1.8820393	0.0	0.028236799	0.722	4501	tags=42%, list=29%, signal=57%	
REACTOME_CELL_CELL_JUNCTION_ORGANIZATION	REACTOME_CELL_CELL_JUNCTION_ORGANIZATION		30	-0.5133909	-1.8751181	0.003984064	0.029972676	0.748	3176	tags=47%, list=21%, signal=59%	
REACTOME_RA_BIOSYNTHESIS_PATHWAY	REACTOME_RA_BIOSYNTHESIS_PATHWAY		11	-0.7049232	-1.8741273	0.002074689	0.029780457	0.749	1799	tags=55%, list=12%, signal=62%	
REACTOME_IRON_UPTAKE_AND_TRANSPORT	REACTOME_IRON_UPTAKE_AND_TRANSPORT		49	-0.46397328	-1.8728577	0.0017889087	0.029551642	0.752	1427	tags=31%, list=9%, signal=34%	
REACTOME_SPHINGOLIPID_METABOLISM	REACTOME_SPHINGOLIPID_METABOLISM		76	-0.42490384	-1.8690461	0.0	0.030412724	0.769	3095	tags=37%, list=20%, signal=46%	
REACTOME_ABC_TRANSPORTERS_IN_LIPID_HOMEOSTASIS	REACTOME_ABC_TRANSPORTERS_IN_LIPID_HOMEOSTASIS		12	-0.6691827	-1.8675566	0.0041237115	0.030401887	0.774	2361	tags=67%, list=15%, signal=79%	
WP_METAPATHWAY_BIOTRANSFORMATION	WP_METAPATHWAY_BIOTRANSFORMATION		73	-0.42450058	-1.8661076	0.0	0.03037449	0.777	4140	tags=52%, list=27%, signal=71%	
REACTOME_ACTIVATION_OF_MATRIX_METALLOPROTEINASES	REACTOME_ACTIVATION_OF_MATRIX_METALLOPROTEINASES		17	-0.61310536	-1.865042	0.008213553	0.030523576	0.783	4667	tags=76%, list=30%, signal=110%	
REACTOME_TRANSPORT_TO_THE_GOLGI_AND_SUBSEQUENT_MODIFICATION	REACTOME_TRANSPORT_TO_THE_GOLGI_AND_SUBSEQUENT_MODIFICATION		159	-0.36466768	-1.8635464	0.0	0.030455306	0.789	5177	tags=51%, list=34%, signal=76%	
REACTOME_TRANSFERRIN_ENDOCYTOSIS_AND_RECYCLING	REACTOME_TRANSFERRIN_ENDOCYTOSIS_AND_RECYCLING		26	-0.5278762	-1.8634608	0.0018975332	0.030012785	0.79	3203	tags=50%, list=21%, signal=63%	
REACTOME_ANTIMICROBIAL_PEPTIDES	REACTOME_ANTIMICROBIAL_PEPTIDES		25	-0.53396606	-1.8629154	0.0	0.029789858	0.793	5154	tags=64%, list=33%, signal=96%	
REACTOME_BETA_OXIDATION_OF_VERY_LONG_CHAIN_FATTY_ACIDS	REACTOME_BETA_OXIDATION_OF_VERY_LONG_CHAIN_FATTY_ACIDS		10	-0.70298886	-1.861837	0.0041841003	0.029754786	0.798	2139	tags=60%, list=14%, signal=70%	
REACTOME_RHOJ_GTPASE_CYCLE	REACTOME_RHOJ_GTPASE_CYCLE		13	-0.64515454	-1.8566649	0.002	0.030855248	0.81	4309	tags=69%, list=28%, signal=96%	
REACTOME_O_LINKED_GLYCOSYLATION	REACTOME_O_LINKED_GLYCOSYLATION		59	-0.43595552	-1.8535961	0.0	0.031518307	0.816	3669	tags=39%, list=24%, signal=51%	
REACTOME_CDC42_GTPASE_CYCLE	REACTOME_CDC42_GTPASE_CYCLE		74	-0.4200589	-1.8520795	0.0	0.031372562	0.82	5042	tags=54%, list=33%, signal=80%	
WP_ELONGATION_OF_VERY_LONG_CHAIN_FATTY_ACIDS	WP_ELONGATION_OF_VERY_LONG_CHAIN_FATTY_ACIDS		11	-0.6722373	-1.8429099	0.0019723866	0.034033723	0.852	3765	tags=73%, list=24%, signal=96%	
REACTOME_NERVOUS_SYSTEM_DEVELOPMENT	REACTOME_NERVOUS_SYSTEM_DEVELOPMENT		193	-0.3549108	-1.8389676	0.0	0.035033476	0.868	3002	tags=33%, list=19%, signal=41%	
REACTOME_SIALIC_ACID_METABOLISM	REACTOME_SIALIC_ACID_METABOLISM		25	-0.5355715	-1.8344278	0.0	0.036509205	0.881	5032	tags=68%, list=33%, signal=101%	
REACTOME_HEPARAN_SULFATE_HEPARIN_HS_GAG_METABOLISM	REACTOME_HEPARAN_SULFATE_HEPARIN_HS_GAG_METABOLISM		32	-0.48835242	-1.8334779	0.0019047619	0.03647144	0.886	4313	tags=63%, list=28%, signal=87%	
WP_INTEGRINMEDIATED_CELL_ADHESION	WP_INTEGRINMEDIATED_CELL_ADHESION		82	-0.40946364	-1.8324556	0.0	0.036381155	0.891	3535	tags=41%, list=23%, signal=54%	
BIOCARTA_LECTIN_PATHWAY	BIOCARTA_LECTIN_PATHWAY		5	-0.86135083	-1.8218427	0.0	0.039651487	0.917	2143	tags=100%, list=14%, signal=116%	
REACTOME_TRANSPORT_OF_INORGANIC_CATIONS_ANIONS_AND_AMINO_ACIDS_OLIGOPEPTIDES	REACTOME_TRANSPORT_OF_INORGANIC_CATIONS_ANIONS_AND_AMINO_ACIDS_OLIGOPEPTIDES		68	-0.418233	-1.8207792	0.0	0.03952787	0.918	3195	tags=43%, list=21%, signal=54%	
BIOCARTA_NUCLEARRS_PATHWAY	BIOCARTA_NUCLEARRS_PATHWAY		13	-0.6396975	-1.8144715	0.0	0.041458603	0.929	2361	tags=46%, list=15%, signal=54%	
REACTOME_SIGNALING_BY_GPCR	REACTOME_SIGNALING_BY_GPCR		316	-0.3279548	-1.8062707	0.0	0.044549014	0.946	5001	tags=48%, list=32%, signal=70%	
REACTOME_FORMATION_OF_THE_CORNIFIED_ENVELOPE	REACTOME_FORMATION_OF_THE_CORNIFIED_ENVELOPE		12	-0.64385456	-1.8053418	0.012170386	0.04452245	0.947	1103	tags=42%, list=7%, signal=45%	
REACTOME_METABOLISM_OF_WATER_SOLUBLE_VITAMINS_AND_COFACTORS	REACTOME_METABOLISM_OF_WATER_SOLUBLE_VITAMINS_AND_COFACTORS		101	-0.38762197	-1.804831	0.0	0.04420907	0.947	2305	tags=29%, list=15%, signal=34%	
REACTOME_GPCR_LIGAND_BINDING	REACTOME_GPCR_LIGAND_BINDING		151	-0.3642653	-1.803929	0.0	0.043973558	0.949	5224	tags=53%, list=34%, signal=79%	
REACTOME_HS_GAG_BIOSYNTHESIS	REACTOME_HS_GAG_BIOSYNTHESIS		16	-0.59170187	-1.7977169	0.005791506	0.04633741	0.952	4032	tags=75%, list=26%, signal=101%	
WP_KIT_RECEPTOR_SIGNALING_PATHWAY	WP_KIT_RECEPTOR_SIGNALING_PATHWAY		63	-0.41717598	-1.7957349	0.0019120459	0.04671752	0.953	4353	tags=48%, list=28%, signal=66%	
REACTOME_N_GLYCAN_ANTENNAE_ELONGATION_IN_THE_MEDIAL_TRANS_GOLGI	REACTOME_N_GLYCAN_ANTENNAE_ELONGATION_IN_THE_MEDIAL_TRANS_GOLGI		18	-0.5805709	-1.794251	0.0058479533	0.047013693	0.954	2419	tags=39%, list=16%, signal=46%	
REACTOME_PLASMA_LIPOPROTEIN_ASSEMBLY_REMODELING_AND_CLEARANCE	REACTOME_PLASMA_LIPOPROTEIN_ASSEMBLY_REMODELING_AND_CLEARANCE		47	-0.44347683	-1.7937702	0.0038314175	0.04666087	0.954	2652	tags=36%, list=17%, signal=44%	
REACTOME_HYALURONAN_METABOLISM	REACTOME_HYALURONAN_METABOLISM		12	-0.65296865	-1.7869015	0.0038610038	0.049312767	0.965	3107	tags=67%, list=20%, signal=83%	
REACTOME_GLYCOSPHINGOLIPID_BIOSYNTHESIS	REACTOME_GLYCOSPHINGOLIPID_BIOSYNTHESIS		15	-0.597643	-1.7861291	0.0019230769	0.04908221	0.965	1971	tags=53%, list=13%, signal=61%	
REACTOME_KERATINIZATION	REACTOME_KERATINIZATION		12	-0.64385456	-1.785051	0.004016064	0.04928586	0.966	1103	tags=42%, list=7%, signal=45%	
REACTOME_PHOSPHOLIPID_METABOLISM	REACTOME_PHOSPHOLIPID_METABOLISM		158	-0.35514277	-1.7845286	0.0	0.04902997	0.966	4689	tags=46%, list=30%, signal=65%	
WP_TYROBP_CAUSAL_NETWORK_IN_MICROGLIA	WP_TYROBP_CAUSAL_NETWORK_IN_MICROGLIA		53	-0.431677	-1.7840732	0.001953125	0.04886184	0.968	4408	tags=57%, list=29%, signal=79%	
REACTOME_DEVELOPMENTAL_BIOLOGY	REACTOME_DEVELOPMENTAL_BIOLOGY		266	-0.32869083	-1.7804508	0.0	0.05023517	0.974	3002	tags=30%, list=19%, signal=37%	
REACTOME_O_GLYCOSYLATION_OF_TSR_DOMAIN_CONTAINING_PROTEINS	REACTOME_O_GLYCOSYLATION_OF_TSR_DOMAIN_CONTAINING_PROTEINS		15	-0.5903513	-1.7795846	0.0	0.050243486	0.975	951	tags=27%, list=6%, signal=28%	
REACTOME_COLLAGEN_CHAIN_TRIMERIZATION	REACTOME_COLLAGEN_CHAIN_TRIMERIZATION		11	-0.65244997	-1.7792865	0.0057361377	0.05003184	0.976	2050	tags=45%, list=13%, signal=52%	
REACTOME_BLOOD_GROUP_SYSTEMS_BIOSYNTHESIS	REACTOME_BLOOD_GROUP_SYSTEMS_BIOSYNTHESIS		10	-0.67469746	-1.7790684	0.0040983604	0.0496005	0.976	1656	tags=50%, list=11%, signal=56%	
REACTOME_COPI_MEDIATED_ANTEROGRADE_TRANSPORT	REACTOME_COPI_MEDIATED_ANTEROGRADE_TRANSPORT		86	-0.39038822	-1.7742379	0.0	0.051372506	0.98	4270	tags=42%, list=28%, signal=58%	
REACTOME_RAC1_GTPASE_CYCLE	REACTOME_RAC1_GTPASE_CYCLE		145	-0.35650942	-1.7717412	0.0	0.05214518	0.984	5141	tags=50%, list=33%, signal=74%	
REACTOME_PLASMA_LIPOPROTEIN_CLEARANCE	REACTOME_PLASMA_LIPOPROTEIN_CLEARANCE		29	-0.4971791	-1.7710202	0.003868472	0.051999297	0.985	2652	tags=38%, list=17%, signal=46%	
REACTOME_RND3_GTPASE_CYCLE	REACTOME_RND3_GTPASE_CYCLE		37	-0.45672172	-1.7549005	0.0020242915	0.060300715	0.993	2735	tags=38%, list=18%, signal=46%	
REACTOME_PEROXISOMAL_LIPID_METABOLISM	REACTOME_PEROXISOMAL_LIPID_METABOLISM		24	-0.52373654	-1.7539558	0.002004008	0.06018172	0.993	2139	tags=38%, list=14%, signal=43%	
REACTOME_CYTOSOLIC_SULFONATION_OF_SMALL_MOLECULES	REACTOME_CYTOSOLIC_SULFONATION_OF_SMALL_MOLECULES		13	-0.6114598	-1.7444711	0.0040899795	0.06506864	0.996	2270	tags=54%, list=15%, signal=63%	
REACTOME_RHOQ_GTPASE_CYCLE	REACTOME_RHOQ_GTPASE_CYCLE		52	-0.4329726	-1.7438955	0.0055452865	0.06475048	0.996	5520	tags=58%, list=36%, signal=90%	
REACTOME_HEMOSTASIS	REACTOME_HEMOSTASIS		410	-0.30611432	-1.7418691	0.0	0.065446414	0.997	4353	tags=39%, list=28%, signal=53%	
REACTOME_ION_CHANNEL_TRANSPORT	REACTOME_ION_CHANNEL_TRANSPORT		104	-0.37076506	-1.7410382	0.0	0.065395065	0.997	2456	tags=29%, list=16%, signal=34%	
WP_TYPE_II_INTERFERON_SIGNALING_IFNG	WP_TYPE_II_INTERFERON_SIGNALING_IFNG		30	-0.4819312	-1.7336661	0.005628518	0.069719896	0.997	4562	tags=60%, list=30%, signal=85%	
REACTOME_NICOTINATE_METABOLISM	REACTOME_NICOTINATE_METABOLISM		24	-0.50324535	-1.7334689	0.0037664783	0.06920912	0.997	5208	tags=50%, list=34%, signal=75%	
REACTOME_MET_RECEPTOR_ACTIVATION	REACTOME_MET_RECEPTOR_ACTIVATION		6	-0.7701889	-1.7332666	0.012096774	0.06870589	0.997	2229	tags=67%, list=14%, signal=78%	
WP_IRON_HOMEOSTASIS	WP_IRON_HOMEOSTASIS		10	-0.6640408	-1.7317444	0.018292682	0.06905139	0.998	805	tags=50%, list=5%, signal=53%	
REACTOME_SIGNALING_BY_ERYTHROPOIETIN	REACTOME_SIGNALING_BY_ERYTHROPOIETIN		16	-0.56196016	-1.7312603	0.02244898	0.06886329	0.998	2389	tags=44%, list=15%, signal=52%	
WP_ALZHEIMERS_DISEASE	WP_ALZHEIMERS_DISEASE		60	-0.40343884	-1.7299129	0.0059405942	0.06892607	0.998	2845	tags=37%, list=18%, signal=45%	
WP_MATRIX_METALLOPROTEINASES	WP_MATRIX_METALLOPROTEINASES		12	-0.61602396	-1.7292833	0.008264462	0.06868887	0.998	2730	tags=58%, list=18%, signal=71%	
REACTOME_HYALURONAN_UPTAKE_AND_DEGRADATION	REACTOME_HYALURONAN_UPTAKE_AND_DEGRADATION		11	-0.6372424	-1.727932	0.00814664	0.068862766	0.999	3107	tags=64%, list=20%, signal=80%	
REACTOME_TRP_CHANNELS	REACTOME_TRP_CHANNELS		14	-0.5775751	-1.7252403	0.01898734	0.070043236	0.999	4060	tags=57%, list=26%, signal=77%	
REACTOME_FATTY_ACYL_COA_BIOSYNTHESIS	REACTOME_FATTY_ACYL_COA_BIOSYNTHESIS		25	-0.49654967	-1.7251331	0.012096774	0.06950963	0.999	2749	tags=40%, list=18%, signal=49%	
REACTOME_REGULATION_OF_IFNA_IFNB_SIGNALING	REACTOME_REGULATION_OF_IFNA_IFNB_SIGNALING		8	-0.7045425	-1.7249502	0.00754717	0.06908234	0.999	4562	tags=100%, list=30%, signal=142%	
REACTOME_ASSEMBLY_OF_COLLAGEN_FIBRILS_AND_OTHER_MULTIMERIC_STRUCTURES	REACTOME_ASSEMBLY_OF_COLLAGEN_FIBRILS_AND_OTHER_MULTIMERIC_STRUCTURES		16	-0.56539357	-1.7244538	0.012072435	0.06888843	0.999	2050	tags=38%, list=13%, signal=43%	
REACTOME_FATTY_ACID_METABOLISM	REACTOME_FATTY_ACID_METABOLISM		120	-0.3545303	-1.7213585	0.0	0.07017717	0.999	3765	tags=35%, list=24%, signal=46%	
REACTOME_MICRORNA_MIRNA_BIOGENESIS	REACTOME_MICRORNA_MIRNA_BIOGENESIS		6	-0.7875613	-1.7193367	0.00407332	0.0708197	0.999	1494	tags=50%, list=10%, signal=55%	
WP_PPAR_SIGNALING_PATHWAY	WP_PPAR_SIGNALING_PATHWAY		42	-0.43395257	-1.7191285	0.0038240917	0.07037457	0.999	2139	tags=31%, list=14%, signal=36%	
REACTOME_ADHERENS_JUNCTIONS_INTERACTIONS	REACTOME_ADHERENS_JUNCTIONS_INTERACTIONS		24	-0.50857687	-1.7174754	0.015904572	0.07075067	0.999	4985	tags=67%, list=32%, signal=98%	
REACTOME_SYNTHESIS_OF_UDP_N_ACETYL_GLUCOSAMINE	REACTOME_SYNTHESIS_OF_UDP_N_ACETYL_GLUCOSAMINE		6	-0.7538126	-1.7134948	0.009345794	0.07260107	1.0	2558	tags=67%, list=17%, signal=80%	
REACTOME_PLATELET_ACTIVATION_SIGNALING_AND_AGGREGATION	REACTOME_PLATELET_ACTIVATION_SIGNALING_AND_AGGREGATION		190	-0.32749707	-1.7109811	0.0	0.07348902	1.0	4160	tags=41%, list=27%, signal=56%	
REACTOME_MOLECULES_ASSOCIATED_WITH_ELASTIC_FIBRES	REACTOME_MOLECULES_ASSOCIATED_WITH_ELASTIC_FIBRES		14	-0.5930751	-1.7093172	0.0041237115	0.07388906	1.0	1994	tags=43%, list=13%, signal=49%	
REACTOME_KERATAN_SULFATE_DEGRADATION	REACTOME_KERATAN_SULFATE_DEGRADATION		6	-0.7477381	-1.7091377	0.00984252	0.07343783	1.0	513	tags=50%, list=3%, signal=52%	
REACTOME_POTASSIUM_CHANNELS	REACTOME_POTASSIUM_CHANNELS		44	-0.43663257	-1.708016	0.006085193	0.073520325	1.0	2600	tags=32%, list=17%, signal=38%	
REACTOME_BIOLOGICAL_OXIDATIONS	REACTOME_BIOLOGICAL_OXIDATIONS		105	-0.35661593	-1.7073333	0.0	0.07340963	1.0	3054	tags=36%, list=20%, signal=45%	
REACTOME_NEURONAL_SYSTEM	REACTOME_NEURONAL_SYSTEM		158	-0.34044373	-1.7047913	0.0018181818	0.07473571	1.0	2976	tags=30%, list=19%, signal=36%	
WP_IL5_SIGNALING_PATHWAY	WP_IL5_SIGNALING_PATHWAY		66	-0.38619027	-1.7023169	0.0	0.075766385	1.0	4348	tags=48%, list=28%, signal=67%	
REACTOME_TRANSLOCATION_OF_ZAP_70_TO_IMMUNOLOGICAL_SYNAPSE	REACTOME_TRANSLOCATION_OF_ZAP_70_TO_IMMUNOLOGICAL_SYNAPSE		17	-0.5478757	-1.6950219	0.010791367	0.08028017	1.0	5571	tags=76%, list=36%, signal=120%	
REACTOME_SEMA4D_MEDIATED_INHIBITION_OF_CELL_ATTACHMENT_AND_MIGRATION	REACTOME_SEMA4D_MEDIATED_INHIBITION_OF_CELL_ATTACHMENT_AND_MIGRATION		8	-0.69071954	-1.6949819	0.031185031	0.07972454	1.0	1997	tags=38%, list=13%, signal=43%	
REACTOME_PARACETAMOL_ADME	REACTOME_PARACETAMOL_ADME		14	-0.57837033	-1.6948223	0.00996016	0.079234615	1.0	3046	tags=57%, list=20%, signal=71%	
REACTOME_INTERLEUKIN_2_FAMILY_SIGNALING	REACTOME_INTERLEUKIN_2_FAMILY_SIGNALING		31	-0.45891947	-1.693082	0.004115226	0.07972994	1.0	4209	tags=55%, list=27%, signal=75%	
REACTOME_GLYCEROPHOSPHOLIPID_BIOSYNTHESIS	REACTOME_GLYCEROPHOSPHOLIPID_BIOSYNTHESIS		87	-0.37532324	-1.6922004	0.0	0.07970352	1.0	4584	tags=46%, list=30%, signal=65%	
REACTOME_TERMINATION_OF_O_GLYCAN_BIOSYNTHESIS	REACTOME_TERMINATION_OF_O_GLYCAN_BIOSYNTHESIS		10	-0.64065754	-1.6891036	0.020952381	0.081362695	1.0	4384	tags=70%, list=28%, signal=98%	
REACTOME_MET_PROMOTES_CELL_MOTILITY	REACTOME_MET_PROMOTES_CELL_MOTILITY		22	-0.5036023	-1.6855655	0.015779093	0.0834849	1.0	2050	tags=41%, list=13%, signal=47%	
REACTOME_RESPONSE_TO_ELEVATED_PLATELET_CYTOSOLIC_CA2	REACTOME_RESPONSE_TO_ELEVATED_PLATELET_CYTOSOLIC_CA2		87	-0.3653754	-1.6854216	0.0	0.082930006	1.0	3775	tags=43%, list=24%, signal=56%	
WP_SYNTHESIS_AND_DEGRADATION_OF_KETONE_BODIES	WP_SYNTHESIS_AND_DEGRADATION_OF_KETONE_BODIES		5	-0.81267065	-1.6853793	0.0038095238	0.0823566	1.0	2226	tags=60%, list=14%, signal=70%	
REACTOME_ER_TO_GOLGI_ANTEROGRADE_TRANSPORT	REACTOME_ER_TO_GOLGI_ANTEROGRADE_TRANSPORT		136	-0.33994856	-1.6826912	0.0018621974	0.083562635	1.0	4613	tags=45%, list=30%, signal=63%	
BIOCARTA_IL10_PATHWAY	BIOCARTA_IL10_PATHWAY		11	-0.61226946	-1.6773925	0.015533981	0.08686267	1.0	2730	tags=55%, list=18%, signal=66%	
REACTOME_INTERACTION_BETWEEN_L1_AND_ANKYRINS	REACTOME_INTERACTION_BETWEEN_L1_AND_ANKYRINS		8	-0.66777796	-1.6767334	0.021912351	0.08661088	1.0	799	tags=50%, list=5%, signal=53%	
REACTOME_ADENYLATE_CYCLASE_ACTIVATING_PATHWAY	REACTOME_ADENYLATE_CYCLASE_ACTIVATING_PATHWAY		5	-0.7938541	-1.6745443	0.018404908	0.08739007	1.0	2374	tags=80%, list=15%, signal=95%	
REACTOME_SIGNAL_REGULATORY_PROTEIN_FAMILY_INTERACTIONS	REACTOME_SIGNAL_REGULATORY_PROTEIN_FAMILY_INTERACTIONS		12	-0.59816706	-1.6745392	0.005859375	0.086778946	1.0	4223	tags=67%, list=27%, signal=92%	
REACTOME_SEMAPHORIN_INTERACTIONS	REACTOME_SEMAPHORIN_INTERACTIONS		43	-0.42385745	-1.6730835	0.0057034222	0.087162845	1.0	2216	tags=35%, list=14%, signal=41%	
REACTOME_OTHER_INTERLEUKIN_SIGNALING	REACTOME_OTHER_INTERLEUKIN_SIGNALING		12	-0.60717684	-1.6682844	0.017408123	0.08987459	1.0	4823	tags=75%, list=31%, signal=109%	
REACTOME_CELLULAR_HEXOSE_TRANSPORT	REACTOME_CELLULAR_HEXOSE_TRANSPORT		12	-0.6081982	-1.6678656	0.012121212	0.089705825	1.0	2782	tags=50%, list=18%, signal=61%	
WP_FIBRIN_COMPLEMENT_RECEPTOR_3_SIGNALING_PATHWAY	WP_FIBRIN_COMPLEMENT_RECEPTOR_3_SIGNALING_PATHWAY		35	-0.45649597	-1.667667	0.0078125	0.08923051	1.0	4188	tags=54%, list=27%, signal=74%	
WP_IL7_SIGNALING_PATHWAY	WP_IL7_SIGNALING_PATHWAY		42	-0.42057946	-1.6670585	0.01369863	0.089104556	1.0	4209	tags=38%, list=27%, signal=52%	
REACTOME_TRANSPORT_OF_ORGANIC_ANIONS	REACTOME_TRANSPORT_OF_ORGANIC_ANIONS		5	-0.78851306	-1.666712	0.013972056	0.088756114	1.0	1382	tags=60%, list=9%, signal=66%	
REACTOME_HS_GAG_DEGRADATION	REACTOME_HS_GAG_DEGRADATION		15	-0.56391025	-1.6656237	0.010989011	0.08904704	1.0	3317	tags=60%, list=22%, signal=76%	
REACTOME_SIGNALING_BY_ALK	REACTOME_SIGNALING_BY_ALK		11	-0.6164266	-1.6646279	0.01775148	0.08918548	1.0	4581	tags=73%, list=30%, signal=103%	
REACTOME_ACTIVATION_OF_C3_AND_C5	REACTOME_ACTIVATION_OF_C3_AND_C5		5	-0.800002	-1.6637026	0.015748031	0.08921601	1.0	2143	tags=80%, list=14%, signal=93%	
REACTOME_TRANSPORT_OF_VITAMINS_NUCLEOSIDES_AND_RELATED_MOLECULES	REACTOME_TRANSPORT_OF_VITAMINS_NUCLEOSIDES_AND_RELATED_MOLECULES		28	-0.4660649	-1.6633319	0.014256619	0.08888455	1.0	2396	tags=36%, list=16%, signal=42%	
BIOCARTA_VOBESITY_PATHWAY	BIOCARTA_VOBESITY_PATHWAY		6	-0.74469334	-1.6620739	0.017475728	0.08927718	1.0	2730	tags=83%, list=18%, signal=101%	
BIOCARTA_THELPER_PATHWAY	BIOCARTA_THELPER_PATHWAY		12	-0.5932485	-1.6605465	0.028355388	0.08996698	1.0	5571	tags=83%, list=36%, signal=130%	
REACTOME_GLYCOSPHINGOLIPID_CATABOLISM	REACTOME_GLYCOSPHINGOLIPID_CATABOLISM		27	-0.4722252	-1.6576816	0.003944773	0.09146732	1.0	3012	tags=37%, list=20%, signal=46%	
REACTOME_DECTIN_2_FAMILY	REACTOME_DECTIN_2_FAMILY		8	-0.6637886	-1.6555607	0.013972056	0.0923872	1.0	4160	tags=75%, list=27%, signal=103%	
REACTOME_PROTEIN_PROTEIN_INTERACTIONS_AT_SYNAPSES	REACTOME_PROTEIN_PROTEIN_INTERACTIONS_AT_SYNAPSES		28	-0.4691738	-1.6553173	0.016949153	0.0919825	1.0	3393	tags=39%, list=22%, signal=50%	
REACTOME_LDL_CLEARANCE	REACTOME_LDL_CLEARANCE		16	-0.5531127	-1.6552229	0.023166023	0.09151473	1.0	2652	tags=38%, list=17%, signal=45%	
REACTOME_ALPHA_LINOLENIC_OMEGA3_AND_LINOLEIC_OMEGA6_ACID_METABOLISM	REACTOME_ALPHA_LINOLENIC_OMEGA3_AND_LINOLEIC_OMEGA6_ACID_METABOLISM		11	-0.61588377	-1.6538438	0.02636535	0.091823034	1.0	3765	tags=73%, list=24%, signal=96%	
REACTOME_INOSITOL_PHOSPHATE_METABOLISM	REACTOME_INOSITOL_PHOSPHATE_METABOLISM		37	-0.43126526	-1.6534956	0.003875969	0.09151686	1.0	4330	tags=54%, list=28%, signal=75%	
REACTOME_ELASTIC_FIBRE_FORMATION	REACTOME_ELASTIC_FIBRE_FORMATION		18	-0.53742605	-1.6532984	0.028037382	0.09107305	1.0	2138	tags=39%, list=14%, signal=45%	
BIOCARTA_ARAP_PATHWAY	BIOCARTA_ARAP_PATHWAY		11	-0.6188183	-1.6510385	0.021072797	0.09233615	1.0	5722	tags=82%, list=37%, signal=130%	
WP_LUNG_FIBROSIS	WP_LUNG_FIBROSIS		36	-0.4410467	-1.6483523	0.0057361377	0.09379957	1.0	3047	tags=36%, list=20%, signal=45%	
WP_GLUTATHIONE_AND_ONECARBON_METABOLISM	WP_GLUTATHIONE_AND_ONECARBON_METABOLISM		27	-0.4668938	-1.6477598	0.015444015	0.093576506	1.0	3909	tags=48%, list=25%, signal=64%	
REACTOME_METABOLISM_OF_ANGIOTENSINOGEN_TO_ANGIOTENSINS	REACTOME_METABOLISM_OF_ANGIOTENSINOGEN_TO_ANGIOTENSINS		8	-0.6700828	-1.6463063	0.024667932	0.09404666	1.0	3697	tags=63%, list=24%, signal=82%	
REACTOME_TRANSPORT_OF_RCBL_WITHIN_THE_BODY	REACTOME_TRANSPORT_OF_RCBL_WITHIN_THE_BODY		6	-0.74114376	-1.6459792	0.011428571	0.09375241	1.0	1349	tags=50%, list=9%, signal=55%	
REACTOME_GLUCONEOGENESIS	REACTOME_GLUCONEOGENESIS		20	-0.51111203	-1.6444224	0.015841585	0.09437911	1.0	4708	tags=60%, list=31%, signal=86%	
REACTOME_BASIGIN_INTERACTIONS	REACTOME_BASIGIN_INTERACTIONS		19	-0.51354694	-1.6441753	0.009689922	0.09394487	1.0	2282	tags=42%, list=15%, signal=49%	
REACTOME_INTERLEUKIN_12_FAMILY_SIGNALING	REACTOME_INTERLEUKIN_12_FAMILY_SIGNALING		13	-0.57044804	-1.6400489	0.018903593	0.0967292	1.0	4195	tags=77%, list=27%, signal=106%	
REACTOME_ECM_PROTEOGLYCANS	REACTOME_ECM_PROTEOGLYCANS		18	-0.5289146	-1.6389492	0.021611001	0.097039565	1.0	2526	tags=39%, list=16%, signal=46%	
REACTOME_SIGNALING_BY_RECEPTOR_TYROSINE_KINASES	REACTOME_SIGNALING_BY_RECEPTOR_TYROSINE_KINASES		313	-0.29461494	-1.6348051	0.0	0.099618435	1.0	2987	tags=29%, list=19%, signal=35%	
REACTOME_TRAFFICKING_OF_GLUR2_CONTAINING_AMPA_RECEPTORS	REACTOME_TRAFFICKING_OF_GLUR2_CONTAINING_AMPA_RECEPTORS		11	-0.60863966	-1.6347318	0.018595042	0.099100046	1.0	3101	tags=45%, list=20%, signal=57%	
REACTOME_SIGNALING_BY_INSULIN_RECEPTOR	REACTOME_SIGNALING_BY_INSULIN_RECEPTOR		49	-0.39826477	-1.6338995	0.013358778	0.09917674	1.0	3508	tags=41%, list=23%, signal=53%	
REACTOME_G_ALPHA_I_SIGNALLING_EVENTS	REACTOME_G_ALPHA_I_SIGNALLING_EVENTS		140	-0.33143592	-1.6335061	0.0019047619	0.09891629	1.0	4656	tags=43%, list=30%, signal=61%	
REACTOME_INTERLEUKIN_6_SIGNALING	REACTOME_INTERLEUKIN_6_SIGNALING		9	-0.63794804	-1.6310053	0.050403226	0.1000723	1.0	2246	tags=56%, list=15%, signal=65%	
REACTOME_N_GLYCAN_ANTENNAE_ELONGATION	REACTOME_N_GLYCAN_ANTENNAE_ELONGATION		12	-0.5980552	-1.6279712	0.023076924	0.101652004	1.0	2419	tags=42%, list=16%, signal=49%	
BIOCARTA_TCYTOTOXIC_PATHWAY	BIOCARTA_TCYTOTOXIC_PATHWAY		12	-0.5935588	-1.6269759	0.027079303	0.10186897	1.0	5571	tags=83%, list=36%, signal=130%	
REACTOME_PHOSPHORYLATION_OF_CD3_AND_TCR_ZETA_CHAINS	REACTOME_PHOSPHORYLATION_OF_CD3_AND_TCR_ZETA_CHAINS		20	-0.4902141	-1.6234597	0.02004008	0.104446605	1.0	5571	tags=70%, list=36%, signal=109%	
WP_GPCRS_CLASS_A_RHODOPSINLIKE	WP_GPCRS_CLASS_A_RHODOPSINLIKE		62	-0.38277394	-1.622998	0.014198783	0.10416354	1.0	5198	tags=53%, list=34%, signal=80%	
REACTOME_ASPIRIN_ADME	REACTOME_ASPIRIN_ADME		6	-0.7097398	-1.6229724	0.022494888	0.103602014	1.0	2282	tags=67%, list=15%, signal=78%	
WP_EICOSANOID_METABOLISM_VIA_LIPOXYGENASES_LOX	WP_EICOSANOID_METABOLISM_VIA_LIPOXYGENASES_LOX		20	-0.50363183	-1.6218115	0.027131783	0.10391859	1.0	1835	tags=30%, list=12%, signal=34%	
REACTOME_PHENYLALANINE_AND_TYROSINE_METABOLISM	REACTOME_PHENYLALANINE_AND_TYROSINE_METABOLISM		6	-0.7303547	-1.6190742	0.024896266	0.10550812	1.0	2084	tags=50%, list=14%, signal=58%	
WP_GPCRS_OTHER	WP_GPCRS_OTHER		28	-0.45371237	-1.6168882	0.017441861	0.10675451	1.0	4206	tags=54%, list=27%, signal=74%	
WP_NUCLEAR_RECEPTORS_IN_LIPID_METABOLISM_AND_TOXICITY	WP_NUCLEAR_RECEPTORS_IN_LIPID_METABOLISM_AND_TOXICITY		13	-0.56297714	-1.6162006	0.02952756	0.1066697	1.0	2361	tags=38%, list=15%, signal=45%	
REACTOME_SYNTHESIS_OF_IP3_AND_IP4_IN_THE_CYTOSOL	REACTOME_SYNTHESIS_OF_IP3_AND_IP4_IN_THE_CYTOSOL		20	-0.49082178	-1.6149757	0.029069768	0.10700659	1.0	3723	tags=60%, list=24%, signal=79%	
REACTOME_TRIGLYCERIDE_BIOSYNTHESIS	REACTOME_TRIGLYCERIDE_BIOSYNTHESIS		8	-0.6671902	-1.6149408	0.035196688	0.106468	1.0	4908	tags=88%, list=32%, signal=128%	
BIOCARTA_IFNA_PATHWAY	BIOCARTA_IFNA_PATHWAY		7	-0.6831923	-1.6119763	0.035490606	0.10834474	1.0	4562	tags=86%, list=30%, signal=122%	
REACTOME_GLUCOSE_METABOLISM	REACTOME_GLUCOSE_METABOLISM		65	-0.3767796	-1.6114022	0.009708738	0.108155355	1.0	3942	tags=42%, list=26%, signal=56%	
REACTOME_DAP12_SIGNALING	REACTOME_DAP12_SIGNALING		27	-0.45910302	-1.6067094	0.015296367	0.11149017	1.0	3580	tags=48%, list=23%, signal=63%	
WP_AMINO_ACID_METABOLISM	WP_AMINO_ACID_METABOLISM		77	-0.35688654	-1.6040258	0.007490637	0.113080524	1.0	3232	tags=34%, list=21%, signal=43%	
REACTOME_GAMMA_CARBOXYLATION_TRANSPORT_AND_AMINO_TERMINAL_CLEAVAGE_OF_PROTEINS	REACTOME_GAMMA_CARBOXYLATION_TRANSPORT_AND_AMINO_TERMINAL_CLEAVAGE_OF_PROTEINS		6	-0.7233325	-1.6020197	0.018761726	0.11407994	1.0	4271	tags=100%, list=28%, signal=138%	
REACTOME_RHO_GTPASE_CYCLE	REACTOME_RHO_GTPASE_CYCLE		369	-0.28692275	-1.5975571	0.0	0.117304705	1.0	5042	tags=44%, list=33%, signal=63%	
WP_DRAVET_SYNDROME_SCN1AA1783V_POINT_MUTATION_MODEL	WP_DRAVET_SYNDROME_SCN1AA1783V_POINT_MUTATION_MODEL		46	-0.39483866	-1.5947119	0.013618677	0.11927427	1.0	3307	tags=35%, list=21%, signal=44%	
REACTOME_TRANSPORT_OF_BILE_SALTS_AND_ORGANIC_ACIDS_METAL_IONS_AND_AMINE_COMPOUNDS	REACTOME_TRANSPORT_OF_BILE_SALTS_AND_ORGANIC_ACIDS_METAL_IONS_AND_AMINE_COMPOUNDS		38	-0.41532832	-1.5946119	0.017441861	0.11872698	1.0	3011	tags=39%, list=20%, signal=49%	
WP_IL3_SIGNALING_PATHWAY	WP_IL3_SIGNALING_PATHWAY		94	-0.3487874	-1.5919923	0.013435701	0.120561846	1.0	4209	tags=44%, list=27%, signal=60%	
REACTOME_PRESYNAPTIC_DEPOLARIZATION_AND_CALCIUM_CHANNEL_OPENING	REACTOME_PRESYNAPTIC_DEPOLARIZATION_AND_CALCIUM_CHANNEL_OPENING		6	-0.7299904	-1.590495	0.025096525	0.12118215	1.0	1477	tags=50%, list=10%, signal=55%	
BIOCARTA_MCALPAIN_PATHWAY	BIOCARTA_MCALPAIN_PATHWAY		15	-0.5317882	-1.5904144	0.021526419	0.12062693	1.0	4295	tags=53%, list=28%, signal=74%	
REACTOME_SIGNALING_BY_RETINOIC_ACID	REACTOME_SIGNALING_BY_RETINOIC_ACID		26	-0.45289004	-1.5892907	0.023121387	0.120884664	1.0	1799	tags=31%, list=12%, signal=35%	
REACTOME_CHEMOKINE_RECEPTORS_BIND_CHEMOKINES	REACTOME_CHEMOKINE_RECEPTORS_BIND_CHEMOKINES		34	-0.4262033	-1.588675	0.02330097	0.12088825	1.0	4534	tags=56%, list=29%, signal=79%	
REACTOME_GENERATION_OF_SECOND_MESSENGER_MOLECULES	REACTOME_GENERATION_OF_SECOND_MESSENGER_MOLECULES		27	-0.4509603	-1.5857024	0.02014652	0.12285967	1.0	6606	tags=81%, list=43%, signal=142%	
REACTOME_SIGNALING_BY_MET	REACTOME_SIGNALING_BY_MET		57	-0.38079283	-1.5845131	0.009578544	0.1234136	1.0	2246	tags=32%, list=15%, signal=37%	
WP_PRIMARY_FOCAL_SEGMENTAL_GLOMERULOSCLEROSIS_FSGS	WP_PRIMARY_FOCAL_SEGMENTAL_GLOMERULOSCLEROSIS_FSGS		47	-0.39553678	-1.5826604	0.010121457	0.12421132	1.0	3444	tags=43%, list=22%, signal=55%	
REACTOME_SYNTHESIS_OF_IP2_IP_AND_INS_IN_THE_CYTOSOL	REACTOME_SYNTHESIS_OF_IP2_IP_AND_INS_IN_THE_CYTOSOL		10	-0.5980106	-1.58236	0.033398822	0.12395121	1.0	2557	tags=40%, list=17%, signal=48%	
REACTOME_PHASE_4_RESTING_MEMBRANE_POTENTIAL	REACTOME_PHASE_4_RESTING_MEMBRANE_POTENTIAL		7	-0.6769679	-1.5804112	0.032193158	0.12523957	1.0	1619	tags=43%, list=11%, signal=48%	
REACTOME_SYNTHESIS_OF_KETONE_BODIES	REACTOME_SYNTHESIS_OF_KETONE_BODIES		6	-0.7053297	-1.5745674	0.024640657	0.13006513	1.0	3316	tags=67%, list=22%, signal=85%	
REACTOME_KETONE_BODY_METABOLISM	REACTOME_KETONE_BODY_METABOLISM		7	-0.67986065	-1.5702064	0.045714285	0.13366644	1.0	3316	tags=57%, list=22%, signal=73%	
REACTOME_ACYL_CHAIN_REMODELLING_OF_PE	REACTOME_ACYL_CHAIN_REMODELLING_OF_PE		15	-0.52013594	-1.5700783	0.040462427	0.13314849	1.0	4410	tags=67%, list=29%, signal=93%	
REACTOME_FCGR_ACTIVATION	REACTOME_FCGR_ACTIVATION		17	-0.5035519	-1.5693506	0.034	0.13322026	1.0	5083	tags=76%, list=33%, signal=114%	
REACTOME_COMMON_PATHWAY_OF_FIBRIN_CLOT_FORMATION	REACTOME_COMMON_PATHWAY_OF_FIBRIN_CLOT_FORMATION		13	-0.55074626	-1.5682745	0.035363458	0.13355368	1.0	6106	tags=85%, list=40%, signal=140%	
BIOCARTA_PS1_PATHWAY	BIOCARTA_PS1_PATHWAY		12	-0.55182856	-1.5658094	0.044354837	0.13531527	1.0	3776	tags=58%, list=24%, signal=77%	
REACTOME_LAMININ_INTERACTIONS	REACTOME_LAMININ_INTERACTIONS		9	-0.62022084	-1.5645955	0.046558704	0.1358432	1.0	3387	tags=56%, list=22%, signal=71%	
BIOCARTA_BAD_PATHWAY	BIOCARTA_BAD_PATHWAY		21	-0.46662956	-1.5625418	0.03522505	0.13710383	1.0	4282	tags=43%, list=28%, signal=59%	
REACTOME_KERATAN_SULFATE_KERATIN_METABOLISM	REACTOME_KERATAN_SULFATE_KERATIN_METABOLISM		23	-0.46342263	-1.5621195	0.021912351	0.13681869	1.0	530	tags=22%, list=3%, signal=22%	
BIOCARTA_TCRA_PATHWAY	BIOCARTA_TCRA_PATHWAY		9	-0.61346465	-1.5605724	0.043137256	0.13753298	1.0	5571	tags=89%, list=36%, signal=139%	
REACTOME_ADENYLATE_CYCLASE_INHIBITORY_PATHWAY	REACTOME_ADENYLATE_CYCLASE_INHIBITORY_PATHWAY		7	-0.6575921	-1.558253	0.045454547	0.13930874	1.0	2374	tags=57%, list=15%, signal=68%	
REACTOME_RND2_GTPASE_CYCLE	REACTOME_RND2_GTPASE_CYCLE		40	-0.40993384	-1.5576471	0.031539887	0.13928105	1.0	1688	tags=25%, list=11%, signal=28%	
BIOCARTA_IL17_PATHWAY	BIOCARTA_IL17_PATHWAY		9	-0.6104179	-1.5556371	0.061181433	0.1402932	1.0	5571	tags=89%, list=36%, signal=139%	
REACTOME_GPVI_MEDIATED_ACTIVATION_CASCADE	REACTOME_GPVI_MEDIATED_ACTIVATION_CASCADE		28	-0.4392172	-1.5553113	0.034285713	0.13998939	1.0	4160	tags=50%, list=27%, signal=68%	
REACTOME_STIMULI_SENSING_CHANNELS	REACTOME_STIMULI_SENSING_CHANNELS		52	-0.3758642	-1.553397	0.019193858	0.14121838	1.0	2200	tags=27%, list=14%, signal=31%	
REACTOME_TRAFFICKING_AND_PROCESSING_OF_ENDOSOMAL_TLR	REACTOME_TRAFFICKING_AND_PROCESSING_OF_ENDOSOMAL_TLR		10	-0.58242	-1.5522587	0.041257367	0.14175725	1.0	4703	tags=70%, list=31%, signal=101%	
REACTOME_COBALAMIN_CBL_VITAMIN_B12_TRANSPORT_AND_METABOLISM	REACTOME_COBALAMIN_CBL_VITAMIN_B12_TRANSPORT_AND_METABOLISM		13	-0.548997	-1.5515547	0.0415879	0.14175266	1.0	2305	tags=38%, list=15%, signal=45%	
REACTOME_MET_INTERACTS_WITH_TNS_PROTEINS	REACTOME_MET_INTERACTS_WITH_TNS_PROTEINS		5	-0.74569196	-1.5489144	0.048828125	0.14388245	1.0	1994	tags=60%, list=13%, signal=69%	
REACTOME_TRANSPORT_AND_SYNTHESIS_OF_PAPS	REACTOME_TRANSPORT_AND_SYNTHESIS_OF_PAPS		6	-0.69879454	-1.5459875	0.04509804	0.14615963	1.0	3935	tags=83%, list=26%, signal=112%	
REACTOME_SYNTHESIS_OF_GDP_MANNOSE	REACTOME_SYNTHESIS_OF_GDP_MANNOSE		6	-0.6988064	-1.5449182	0.03448276	0.14668919	1.0	3618	tags=67%, list=23%, signal=87%	
REACTOME_CARDIAC_CONDUCTION	REACTOME_CARDIAC_CONDUCTION		48	-0.37919056	-1.5444165	0.025145067	0.14649087	1.0	2764	tags=33%, list=18%, signal=40%	
WP_SPHINGOLIPID_METABOLISM_OVERVIEW	WP_SPHINGOLIPID_METABOLISM_OVERVIEW		23	-0.45990026	-1.5412414	0.042145595	0.14918783	1.0	4173	tags=48%, list=27%, signal=65%	
REACTOME_TIGHT_JUNCTION_INTERACTIONS	REACTOME_TIGHT_JUNCTION_INTERACTIONS		6	-0.69158876	-1.5350296	0.06311637	0.15484716	1.0	1565	tags=50%, list=10%, signal=56%	
BIOCARTA_GSK3_PATHWAY	BIOCARTA_GSK3_PATHWAY		19	-0.47885126	-1.5349289	0.043560605	0.15429038	1.0	4901	tags=58%, list=32%, signal=85%	
REACTOME_NEGATIVE_REGULATION_OF_THE_PI3K_AKT_NETWORK	REACTOME_NEGATIVE_REGULATION_OF_THE_PI3K_AKT_NETWORK		78	-0.34290794	-1.5335578	0.010141988	0.15509455	1.0	3781	tags=36%, list=25%, signal=47%	
REACTOME_MET_ACTIVATES_RAP1_AND_RAC1	REACTOME_MET_ACTIVATES_RAP1_AND_RAC1		11	-0.5587239	-1.5308008	0.049212597	0.15724792	1.0	897	tags=36%, list=6%, signal=39%	
BIOCARTA_INTRINSIC_PATHWAY	BIOCARTA_INTRINSIC_PATHWAY		8	-0.62658703	-1.5300798	0.05436893	0.157301	1.0	5432	tags=88%, list=35%, signal=135%	
REACTOME_GLUTATHIONE_CONJUGATION	REACTOME_GLUTATHIONE_CONJUGATION		29	-0.42082036	-1.5300521	0.02739726	0.15666296	1.0	3235	tags=48%, list=21%, signal=61%	
REACTOME_PHASE_I_FUNCTIONALIZATION_OF_COMPOUNDS	REACTOME_PHASE_I_FUNCTIONALIZATION_OF_COMPOUNDS		44	-0.38187507	-1.5276626	0.019157087	0.15821569	1.0	2621	tags=34%, list=17%, signal=41%	
REACTOME_INSULIN_RECEPTOR_RECYCLING	REACTOME_INSULIN_RECEPTOR_RECYCLING		24	-0.45303524	-1.5268002	0.041015625	0.15845719	1.0	3203	tags=46%, list=21%, signal=58%	
REACTOME_ERYTHROPOIETIN_ACTIVATES_RAS	REACTOME_ERYTHROPOIETIN_ACTIVATES_RAS		9	-0.5972281	-1.5239043	0.059760958	0.16117814	1.0	2049	tags=44%, list=13%, signal=51%	
REACTOME_EPHRIN_SIGNALING	REACTOME_EPHRIN_SIGNALING		13	-0.54398525	-1.5237254	0.051282052	0.1606412	1.0	4974	tags=69%, list=32%, signal=102%	
REACTOME_ZINC_INFLUX_INTO_CELLS_BY_THE_SLC39_GENE_FAMILY	REACTOME_ZINC_INFLUX_INTO_CELLS_BY_THE_SLC39_GENE_FAMILY		7	-0.64083314	-1.5236014	0.0591716	0.16010886	1.0	3519	tags=57%, list=23%, signal=74%	
WP_CHEMOKINE_SIGNALING_PATHWAY	WP_CHEMOKINE_SIGNALING_PATHWAY		139	-0.30535242	-1.5230932	0.0037664783	0.15991865	1.0	4642	tags=45%, list=30%, signal=64%	
REACTOME_NR1H2_NR1H3_REGULATE_GENE_EXPRESSION_TO_CONTROL_BILE_ACID_HOMEOSTASIS	REACTOME_NR1H2_NR1H3_REGULATE_GENE_EXPRESSION_TO_CONTROL_BILE_ACID_HOMEOSTASIS		6	-0.6795618	-1.5226107	0.057312254	0.15982889	1.0	4475	tags=83%, list=29%, signal=117%	
REACTOME_PRE_NOTCH_EXPRESSION_AND_PROCESSING	REACTOME_PRE_NOTCH_EXPRESSION_AND_PROCESSING		5	-0.70764583	-1.5197952	0.0546875	0.1621697	1.0	2138	tags=40%, list=14%, signal=46%	
REACTOME_ION_TRANSPORT_BY_P_TYPE_ATPASES	REACTOME_ION_TRANSPORT_BY_P_TYPE_ATPASES		37	-0.39920965	-1.5194365	0.021400778	0.16187504	1.0	2456	tags=32%, list=16%, signal=38%	
REACTOME_FORMYL_PEPTIDE_RECEPTORS_BIND_FORMYL_PEPTIDES_AND_MANY_OTHER_LIGANDS	REACTOME_FORMYL_PEPTIDE_RECEPTORS_BIND_FORMYL_PEPTIDES_AND_MANY_OTHER_LIGANDS		7	-0.65130967	-1.5187433	0.062992126	0.16198121	1.0	4614	tags=86%, list=30%, signal=122%	
REACTOME_PYRIMIDINE_CATABOLISM	REACTOME_PYRIMIDINE_CATABOLISM		6	-0.67528045	-1.5185473	0.057803467	0.1615471	1.0	2705	tags=67%, list=18%, signal=81%	
WP_INSULIN_SIGNALING	WP_INSULIN_SIGNALING		145	-0.30666524	-1.5174369	0.0056926	0.16201322	1.0	4713	tags=43%, list=31%, signal=62%	
REACTOME_LINOLEIC_ACID_LA_METABOLISM	REACTOME_LINOLEIC_ACID_LA_METABOLISM		6	-0.68180645	-1.516498	0.05078125	0.16239269	1.0	4911	tags=100%, list=32%, signal=147%	
REACTOME_SYNTHESIS_OF_PIPS_AT_THE_GOLGI_MEMBRANE	REACTOME_SYNTHESIS_OF_PIPS_AT_THE_GOLGI_MEMBRANE		15	-0.50141895	-1.5151929	0.068	0.16317141	1.0	5711	tags=80%, list=37%, signal=127%	
REACTOME_ARACHIDONATE_PRODUCTION_FROM_DAG	REACTOME_ARACHIDONATE_PRODUCTION_FROM_DAG		5	-0.7194868	-1.5150892	0.03364486	0.16264996	1.0	2561	tags=60%, list=17%, signal=72%	
REACTOME_UBIQUINOL_BIOSYNTHESIS	REACTOME_UBIQUINOL_BIOSYNTHESIS		13	-0.53229773	-1.5150137	0.037181996	0.16206641	1.0	4226	tags=46%, list=27%, signal=64%	
REACTOME_TRANSPORT_OF_CONNEXONS_TO_THE_PLASMA_MEMBRANE	REACTOME_TRANSPORT_OF_CONNEXONS_TO_THE_PLASMA_MEMBRANE		14	-0.50906366	-1.5144107	0.04797048	0.16197117	1.0	3363	tags=43%, list=22%, signal=55%	
WP_GPCRS_PEPTIDE	WP_GPCRS_PEPTIDE		23	-0.45012146	-1.5142908	0.03359684	0.16147453	1.0	4534	tags=57%, list=29%, signal=80%	
REACTOME_NRAGE_SIGNALS_DEATH_THROUGH_JNK	REACTOME_NRAGE_SIGNALS_DEATH_THROUGH_JNK		43	-0.3854923	-1.510502	0.027504912	0.16491231	1.0	5042	tags=51%, list=33%, signal=76%	
REACTOME_RAC2_GTPASE_CYCLE	REACTOME_RAC2_GTPASE_CYCLE		77	-0.33944657	-1.5103829	0.028301887	0.16439381	1.0	5520	tags=51%, list=36%, signal=79%	
REACTOME_G_ALPHA_Q_SIGNALLING_EVENTS	REACTOME_G_ALPHA_Q_SIGNALLING_EVENTS		108	-0.31608856	-1.5077703	0.0078125	0.16647013	1.0	4642	tags=46%, list=30%, signal=66%	
BIOCARTA_INTEGRIN_PATHWAY	BIOCARTA_INTEGRIN_PATHWAY		30	-0.4081052	-1.5075628	0.0327553	0.1659986	1.0	2216	tags=33%, list=14%, signal=39%	
REACTOME_O_LINKED_GLYCOSYLATION_OF_MUCINS	REACTOME_O_LINKED_GLYCOSYLATION_OF_MUCINS		35	-0.4014947	-1.506637	0.027131783	0.16629414	1.0	1647	tags=26%, list=11%, signal=29%	
REACTOME_ABC_FAMILY_PROTEINS_MEDIATED_TRANSPORT	REACTOME_ABC_FAMILY_PROTEINS_MEDIATED_TRANSPORT		86	-0.32907826	-1.5048335	0.011516315	0.16758731	1.0	2383	tags=26%, list=15%, signal=30%	
REACTOME_ACYL_CHAIN_REMODELLING_OF_PC	REACTOME_ACYL_CHAIN_REMODELLING_OF_PC		16	-0.48923838	-1.4980643	0.04809619	0.17438217	1.0	4410	tags=63%, list=29%, signal=87%	
REACTOME_RHOA_GTPASE_CYCLE	REACTOME_RHOA_GTPASE_CYCLE		118	-0.30963844	-1.4979722	0.0018939395	0.17380445	1.0	5042	tags=47%, list=33%, signal=69%	
REACTOME_INTERLEUKIN_1_PROCESSING	REACTOME_INTERLEUKIN_1_PROCESSING		8	-0.6143003	-1.4951984	0.067669176	0.176405	1.0	3940	tags=63%, list=26%, signal=84%	
REACTOME_SYNAPTIC_ADHESION_LIKE_MOLECULES	REACTOME_SYNAPTIC_ADHESION_LIKE_MOLECULES		11	-0.5505553	-1.4936402	0.061507937	0.17764655	1.0	3393	tags=55%, list=22%, signal=70%	
REACTOME_FCGAMMA_RECEPTOR_FCGR_DEPENDENT_PHAGOCYTOSIS	REACTOME_FCGAMMA_RECEPTOR_FCGR_DEPENDENT_PHAGOCYTOSIS		77	-0.3339133	-1.491116	0.020522388	0.1797928	1.0	5083	tags=56%, list=33%, signal=83%	
REACTOME_MET_ACTIVATES_PTPN11	REACTOME_MET_ACTIVATES_PTPN11		5	-0.7234205	-1.4909583	0.06530612	0.17927392	1.0	1621	tags=60%, list=11%, signal=67%	
REACTOME_GAMMA_CARBOXYLATION_OF_PROTEIN_PRECURSORS	REACTOME_GAMMA_CARBOXYLATION_OF_PROTEIN_PRECURSORS		5	-0.72328556	-1.4898882	0.041501977	0.1798379	1.0	4271	tags=100%, list=28%, signal=138%	
REACTOME_PHASE_II_CONJUGATION_OF_COMPOUNDS	REACTOME_PHASE_II_CONJUGATION_OF_COMPOUNDS		59	-0.3509627	-1.4895724	0.019305019	0.17946525	1.0	3235	tags=39%, list=21%, signal=49%	
WP_TRANSCRIPTIONAL_ACTIVATION_BY_NFE2L2_IN_RESPONSE_TO_PHYTOCHEMICALS	WP_TRANSCRIPTIONAL_ACTIVATION_BY_NFE2L2_IN_RESPONSE_TO_PHYTOCHEMICALS		12	-0.5323027	-1.4894004	0.06262231	0.17894931	1.0	2004	tags=33%, list=13%, signal=38%	
REACTOME_PI_METABOLISM	REACTOME_PI_METABOLISM		72	-0.34221897	-1.4886636	0.02366864	0.17920332	1.0	5727	tags=57%, list=37%, signal=90%	
REACTOME_MAPK1_ERK2_ACTIVATION	REACTOME_MAPK1_ERK2_ACTIVATION		8	-0.59701616	-1.4873333	0.09795918	0.18000378	1.0	4164	tags=75%, list=27%, signal=103%	
WP_INFLAMMATORY_RESPONSE_PATHWAY	WP_INFLAMMATORY_RESPONSE_PATHWAY		20	-0.46291488	-1.4872802	0.046332046	0.17938992	1.0	5182	tags=75%, list=34%, signal=113%	
REACTOME_PD_1_SIGNALING	REACTOME_PD_1_SIGNALING		21	-0.44717598	-1.4869398	0.05533597	0.17914075	1.0	5753	tags=76%, list=37%, signal=121%	
WP_EPO_RECEPTOR_SIGNALING	WP_EPO_RECEPTOR_SIGNALING		23	-0.44015127	-1.4813508	0.03777336	0.18487763	1.0	4209	tags=52%, list=27%, signal=72%	
REACTOME_INTERLEUKIN_20_FAMILY_SIGNALING	REACTOME_INTERLEUKIN_20_FAMILY_SIGNALING		11	-0.54033005	-1.4780502	0.0770751	0.18785962	1.0	4590	tags=73%, list=30%, signal=103%	
WP_GLYCEROLIPIDS_AND_GLYCEROPHOSPHOLIPIDS	WP_GLYCEROLIPIDS_AND_GLYCEROPHOSPHOLIPIDS		21	-0.44381723	-1.4774266	0.051756006	0.18794985	1.0	5130	tags=62%, list=33%, signal=93%	
WP_GLYCOLYSIS_AND_GLUCONEOGENESIS	WP_GLYCOLYSIS_AND_GLUCONEOGENESIS		39	-0.38527197	-1.4758354	0.027881041	0.18916501	1.0	4812	tags=49%, list=31%, signal=71%	
BIOCARTA_EICOSANOID_PATHWAY	BIOCARTA_EICOSANOID_PATHWAY		16	-0.48533264	-1.4756473	0.06451613	0.18868564	1.0	4594	tags=56%, list=30%, signal=80%	
REACTOME_L1CAM_INTERACTIONS	REACTOME_L1CAM_INTERACTIONS		57	-0.35463315	-1.4749316	0.031835206	0.18885463	1.0	1994	tags=21%, list=13%, signal=24%	
WP_OXYLIPINS_PATHWAYS	WP_OXYLIPINS_PATHWAYS		17	-0.48021996	-1.473613	0.07214429	0.18981169	1.0	2127	tags=29%, list=14%, signal=34%	
REACTOME_REVERSIBLE_HYDRATION_OF_CARBON_DIOXIDE	REACTOME_REVERSIBLE_HYDRATION_OF_CARBON_DIOXIDE		7	-0.6356779	-1.4729004	0.07905138	0.18999285	1.0	1307	tags=29%, list=8%, signal=31%	
REACTOME_FRUCTOSE_METABOLISM	REACTOME_FRUCTOSE_METABOLISM		6	-0.6542954	-1.4727908	0.0890538	0.18946376	1.0	5335	tags=100%, list=35%, signal=153%	
REACTOME_NR1H2_AND_NR1H3_MEDIATED_SIGNALING	REACTOME_NR1H2_AND_NR1H3_MEDIATED_SIGNALING		12	-0.5375023	-1.4719085	0.056420233	0.18993466	1.0	4475	tags=50%, list=29%, signal=70%	
WP_SPHINGOLIPID_METABOLISM_INTEGRATED_PATHWAY	WP_SPHINGOLIPID_METABOLISM_INTEGRATED_PATHWAY		24	-0.4320973	-1.4709597	0.04893617	0.19028927	1.0	4173	tags=46%, list=27%, signal=63%	
BIOCARTA_CELL2CELL_PATHWAY	BIOCARTA_CELL2CELL_PATHWAY		7	-0.6205308	-1.4700975	0.078277886	0.19054237	1.0	5856	tags=100%, list=38%, signal=161%	
REACTOME_MUSCLE_CONTRACTION	REACTOME_MUSCLE_CONTRACTION		80	-0.3272195	-1.4690697	0.017509727	0.1909779	1.0	1868	tags=25%, list=12%, signal=28%	
REACTOME_SENSORY_PERCEPTION	REACTOME_SENSORY_PERCEPTION		47	-0.35954505	-1.4660628	0.042769857	0.19403647	1.0	4531	tags=53%, list=29%, signal=75%	
BIOCARTA_CTL_PATHWAY	BIOCARTA_CTL_PATHWAY		14	-0.4997528	-1.4641671	0.06923077	0.19539645	1.0	5571	tags=86%, list=36%, signal=134%	
REACTOME_SIGNALING_BY_PDGF	REACTOME_SIGNALING_BY_PDGF		34	-0.39650258	-1.4599168	0.037698414	0.19991343	1.0	4209	tags=47%, list=27%, signal=65%	
REACTOME_AFLATOXIN_ACTIVATION_AND_DETOXIFICATION	REACTOME_AFLATOXIN_ACTIVATION_AND_DETOXIFICATION		8	-0.58961713	-1.4584479	0.08300395	0.20103604	1.0	6333	tags=100%, list=41%, signal=170%	
WP_SPINAL_CORD_INJURY	WP_SPINAL_CORD_INJURY		68	-0.33162433	-1.4565363	0.036	0.2026968	1.0	2804	tags=34%, list=18%, signal=41%	
REACTOME_PROPIONYL_COA_CATABOLISM	REACTOME_PROPIONYL_COA_CATABOLISM		5	-0.69005513	-1.4560158	0.072	0.20277935	1.0	1409	tags=40%, list=9%, signal=44%	
REACTOME_METAL_ION_SLC_TRANSPORTERS	REACTOME_METAL_ION_SLC_TRANSPORTERS		16	-0.47622943	-1.4545808	0.068571426	0.20383398	1.0	3519	tags=50%, list=23%, signal=65%	
WP_IL2_SIGNALING_PATHWAY	WP_IL2_SIGNALING_PATHWAY		73	-0.32674563	-1.4531868	0.035363458	0.20486583	1.0	4425	tags=47%, list=29%, signal=65%	
REACTOME_VISUAL_PHOTOTRANSDUCTION	REACTOME_VISUAL_PHOTOTRANSDUCTION		41	-0.37102804	-1.4506696	0.047709923	0.20728168	1.0	4140	tags=51%, list=27%, signal=70%	
BIOCARTA_IL22BP_PATHWAY	BIOCARTA_IL22BP_PATHWAY		9	-0.56603503	-1.4491742	0.08230453	0.20856075	1.0	4209	tags=67%, list=27%, signal=92%	
WP_HYPOXIADEPENDENT_PROLIFERATION_OF_MYOBLASTS	WP_HYPOXIADEPENDENT_PROLIFERATION_OF_MYOBLASTS		13	-0.5036813	-1.4485431	0.08811475	0.20863491	1.0	1433	tags=38%, list=9%, signal=42%	
REACTOME_GAP_JUNCTION_ASSEMBLY	REACTOME_GAP_JUNCTION_ASSEMBLY		14	-0.50906366	-1.4481331	0.07949791	0.20838794	1.0	3363	tags=43%, list=22%, signal=55%	
REACTOME_FORMATION_OF_THE_BETA_CATENIN_TCF_TRANSACTIVATING_COMPLEX	REACTOME_FORMATION_OF_THE_BETA_CATENIN_TCF_TRANSACTIVATING_COMPLEX		24	-0.42233416	-1.4462417	0.073076926	0.2100251	1.0	5152	tags=54%, list=33%, signal=81%	
REACTOME_HDL_REMODELING	REACTOME_HDL_REMODELING		5	-0.7014912	-1.445882	0.08946322	0.20982324	1.0	2361	tags=60%, list=15%, signal=71%	
REACTOME_HEME_DEGRADATION	REACTOME_HEME_DEGRADATION		6	-0.6570647	-1.4456921	0.08835341	0.20935674	1.0	498	tags=33%, list=3%, signal=34%	
BIOCARTA_CBL_PATHWAY	BIOCARTA_CBL_PATHWAY		9	-0.56002223	-1.4451662	0.07736944	0.20938723	1.0	922	tags=33%, list=6%, signal=35%	
REACTOME_MET_ACTIVATES_PTK2_SIGNALING	REACTOME_MET_ACTIVATES_PTK2_SIGNALING		11	-0.5449893	-1.442427	0.08686869	0.21209855	1.0	4547	tags=73%, list=29%, signal=103%	
WP_IL1_SIGNALING_PATHWAY	WP_IL1_SIGNALING_PATHWAY		36	-0.3782833	-1.440622	0.06336634	0.21362194	1.0	4901	tags=47%, list=32%, signal=69%	
REACTOME_COPI_DEPENDENT_GOLGI_TO_ER_RETROGRADE_TRAFFIC	REACTOME_COPI_DEPENDENT_GOLGI_TO_ER_RETROGRADE_TRAFFIC		84	-0.31013024	-1.4405	0.019455252	0.21308374	1.0	2464	tags=23%, list=16%, signal=27%	
REACTOME_RUNX3_REGULATES_WNT_SIGNALING	REACTOME_RUNX3_REGULATES_WNT_SIGNALING		5	-0.6833193	-1.4378786	0.09859155	0.21560517	1.0	4887	tags=100%, list=32%, signal=146%	
BIOCARTA_ACE2_PATHWAY	BIOCARTA_ACE2_PATHWAY		5	-0.6875004	-1.4365226	0.08514851	0.21646327	1.0	3697	tags=60%, list=24%, signal=79%	
REACTOME_SIGNALING_BY_MST1	REACTOME_SIGNALING_BY_MST1		5	-0.69599426	-1.4333446	0.09090909	0.21981256	1.0	2229	tags=60%, list=14%, signal=70%	
REACTOME_REPRESSION_OF_WNT_TARGET_GENES	REACTOME_REPRESSION_OF_WNT_TARGET_GENES		9	-0.57550526	-1.4321957	0.06876228	0.22054201	1.0	4887	tags=67%, list=32%, signal=98%	
REACTOME_TNFS_BIND_THEIR_PHYSIOLOGICAL_RECEPTORS	REACTOME_TNFS_BIND_THEIR_PHYSIOLOGICAL_RECEPTORS		21	-0.43788218	-1.4317886	0.055670105	0.2203459	1.0	3289	tags=43%, list=21%, signal=54%	
REACTOME_TNFR1_INDUCED_PROAPOPTOTIC_SIGNALING	REACTOME_TNFR1_INDUCED_PROAPOPTOTIC_SIGNALING		22	-0.42472363	-1.4316506	0.07619048	0.21982026	1.0	3517	tags=45%, list=23%, signal=59%	
REACTOME_CROSSLINKING_OF_COLLAGEN_FIBRILS	REACTOME_CROSSLINKING_OF_COLLAGEN_FIBRILS		6	-0.63038033	-1.4316432	0.09514563	0.21912895	1.0	1105	tags=33%, list=7%, signal=36%	
REACTOME_RHOB_GTPASE_CYCLE	REACTOME_RHOB_GTPASE_CYCLE		56	-0.3363613	-1.4314375	0.023166023	0.21869092	1.0	3712	tags=36%, list=24%, signal=47%	
WP_TRIACYLGLYCERIDE_SYNTHESIS	WP_TRIACYLGLYCERIDE_SYNTHESIS		19	-0.44214475	-1.4304821	0.09784736	0.21919857	1.0	5215	tags=63%, list=34%, signal=95%	
REACTOME_TP53_REGULATES_TRANSCRIPTION_OF_GENES_INVOLVED_IN_CYTOCHROME_C_RELEASE	REACTOME_TP53_REGULATES_TRANSCRIPTION_OF_GENES_INVOLVED_IN_CYTOCHROME_C_RELEASE		7	-0.59283054	-1.4296949	0.09859155	0.21952206	1.0	17	tags=14%, list=0%, signal=14%	
REACTOME_SYNTHESIS_OF_DOLICHYL_PHOSPHATE	REACTOME_SYNTHESIS_OF_DOLICHYL_PHOSPHATE		6	-0.6435773	-1.4296372	0.08367347	0.21890518	1.0	2187	tags=50%, list=14%, signal=58%	
BIOCARTA_CB1R_PATHWAY	BIOCARTA_CB1R_PATHWAY		5	-0.6914103	-1.42455	0.08237548	0.2245925	1.0	2358	tags=60%, list=15%, signal=71%	
BIOCARTA_NO2IL12_PATHWAY	BIOCARTA_NO2IL12_PATHWAY		14	-0.48357117	-1.4240565	0.084848486	0.2245663	1.0	5571	tags=79%, list=36%, signal=123%	
REACTOME_SMALL_INTERFERING_RNA_SIRNA_BIOGENESIS	REACTOME_SMALL_INTERFERING_RNA_SIRNA_BIOGENESIS		8	-0.58990794	-1.4214512	0.10650887	0.22728121	1.0	1494	tags=38%, list=10%, signal=42%	
REACTOME_STING_MEDIATED_INDUCTION_OF_HOST_IMMUNE_RESPONSES	REACTOME_STING_MEDIATED_INDUCTION_OF_HOST_IMMUNE_RESPONSES		6	-0.64624065	-1.4191962	0.11354582	0.22938935	1.0	3937	tags=83%, list=26%, signal=112%	
WP_OXIDATIVE_DAMAGE_RESPONSE	WP_OXIDATIVE_DAMAGE_RESPONSE		36	-0.37139088	-1.4173874	0.06883365	0.23107016	1.0	1947	tags=31%, list=13%, signal=35%	
BIOCARTA_IL5_PATHWAY	BIOCARTA_IL5_PATHWAY		5	-0.67184895	-1.4151412	0.11875	0.23329067	1.0	805	tags=40%, list=5%, signal=42%	
REACTOME_SIGNALING_BY_INTERLEUKINS	REACTOME_SIGNALING_BY_INTERLEUKINS		246	-0.2626556	-1.4147557	0.003539823	0.23316815	1.0	4209	tags=37%, list=27%, signal=50%	
REACTOME_NEPHRIN_FAMILY_INTERACTIONS	REACTOME_NEPHRIN_FAMILY_INTERACTIONS		5	-0.67583	-1.4145353	0.106090374	0.2327336	1.0	2216	tags=60%, list=14%, signal=70%	
REACTOME_MET_ACTIVATES_PI3K_AKT_SIGNALING	REACTOME_MET_ACTIVATES_PI3K_AKT_SIGNALING		6	-0.6422389	-1.4141382	0.09072581	0.23257254	1.0	897	tags=33%, list=6%, signal=35%	
REACTOME_OTHER_SEMAPHORIN_INTERACTIONS	REACTOME_OTHER_SEMAPHORIN_INTERACTIONS		12	-0.5139587	-1.4123052	0.10358566	0.23437151	1.0	4968	tags=50%, list=32%, signal=74%	
REACTOME_VITAMIN_B5_PANTOTHENATE_METABOLISM	REACTOME_VITAMIN_B5_PANTOTHENATE_METABOLISM		14	-0.47298974	-1.4109997	0.107421875	0.23527369	1.0	1824	tags=36%, list=12%, signal=40%	
BIOCARTA_AMAN_PATHWAY	BIOCARTA_AMAN_PATHWAY		6	-0.6421545	-1.4108163	0.11377245	0.23480189	1.0	744	tags=33%, list=5%, signal=35%	
WP_EICOSANOID_SYNTHESIS	WP_EICOSANOID_SYNTHESIS		14	-0.47735825	-1.4105515	0.081871346	0.23438786	1.0	1835	tags=29%, list=12%, signal=32%	
REACTOME_NECTIN_NECL_TRANS_HETERODIMERIZATION	REACTOME_NECTIN_NECL_TRANS_HETERODIMERIZATION		6	-0.637323	-1.4080603	0.09338521	0.23689224	1.0	4985	tags=83%, list=32%, signal=123%	
REACTOME_REGULATION_OF_MITF_M_DEPENDENT_GENES_INVOLVED_IN_PIGMENTATION	REACTOME_REGULATION_OF_MITF_M_DEPENDENT_GENES_INVOLVED_IN_PIGMENTATION		5	-0.6690516	-1.4031787	0.11328125	0.24279444	1.0	4606	tags=80%, list=30%, signal=114%	
REACTOME_ERYTHROPOIETIN_ACTIVATES_PHOSPHOINOSITIDE_3_KINASE_PI3K	REACTOME_ERYTHROPOIETIN_ACTIVATES_PHOSPHOINOSITIDE_3_KINASE_PI3K		11	-0.5168176	-1.4011588	0.099585064	0.24476881	1.0	4160	tags=55%, list=27%, signal=75%	
REACTOME_PECAM1_INTERACTIONS	REACTOME_PECAM1_INTERACTIONS		12	-0.50221634	-1.4007062	0.1007752	0.24466816	1.0	4160	tags=67%, list=27%, signal=91%	
WP_IL6_SIGNALING_PATHWAY	WP_IL6_SIGNALING_PATHWAY		95	-0.2981726	-1.3997109	0.03187251	0.24522391	1.0	4209	tags=40%, list=27%, signal=55%	
BIOCARTA_MRP_PATHWAY	BIOCARTA_MRP_PATHWAY		5	-0.6615942	-1.3996724	0.10408163	0.2445266	1.0	983	tags=40%, list=6%, signal=43%	
WP_FOCAL_ADHESION_PI3KAKTMTOR_SIGNALING_PATHWAY	WP_FOCAL_ADHESION_PI3KAKTMTOR_SIGNALING_PATHWAY		199	-0.26617807	-1.3987354	0.014842301	0.24500497	1.0	4791	tags=43%, list=31%, signal=62%	
BIOCARTA_PLC_PATHWAY	BIOCARTA_PLC_PATHWAY		8	-0.57540405	-1.3980212	0.123732254	0.24527496	1.0	3274	tags=50%, list=21%, signal=63%	
REACTOME_TNF_RECEPTOR_SUPERFAMILY_TNFSF_MEMBERS_MEDIATING_NON_CANONICAL_NF_KB_PATHWAY	REACTOME_TNF_RECEPTOR_SUPERFAMILY_TNFSF_MEMBERS_MEDIATING_NON_CANONICAL_NF_KB_PATHWAY		16	-0.4619097	-1.3970119	0.09920635	0.245918	1.0	3380	tags=38%, list=22%, signal=48%	
REACTOME_THE_CANONICAL_RETINOID_CYCLE_IN_RODS_TWILIGHT_VISION	REACTOME_THE_CANONICAL_RETINOID_CYCLE_IN_RODS_TWILIGHT_VISION		7	-0.5729475	-1.3958966	0.10453649	0.24654004	1.0	4140	tags=71%, list=27%, signal=98%	
REACTOME_MAPK3_ERK1_ACTIVATION	REACTOME_MAPK3_ERK1_ACTIVATION		9	-0.52982	-1.3954725	0.10621242	0.24636288	1.0	1875	tags=44%, list=12%, signal=51%	
REACTOME_SIGNALING_BY_LTK	REACTOME_SIGNALING_BY_LTK		9	-0.54423136	-1.3951226	0.11596958	0.2460774	1.0	2389	tags=44%, list=15%, signal=53%	
BIOCARTA_HER2_PATHWAY	BIOCARTA_HER2_PATHWAY		20	-0.42858344	-1.3951075	0.06769826	0.24537714	1.0	2246	tags=30%, list=15%, signal=35%	
REACTOME_INTERLEUKIN_4_AND_INTERLEUKIN_13_SIGNALING	REACTOME_INTERLEUKIN_4_AND_INTERLEUKIN_13_SIGNALING		10	-0.514242	-1.3932644	0.10344828	0.2471577	1.0	4950	tags=70%, list=32%, signal=103%	
REACTOME_TRIGLYCERIDE_METABOLISM	REACTOME_TRIGLYCERIDE_METABOLISM		11	-0.51330143	-1.3913784	0.09784736	0.24904127	1.0	4931	tags=73%, list=32%, signal=107%	
WP_ALANINE_AND_ASPARTATE_METABOLISM	WP_ALANINE_AND_ASPARTATE_METABOLISM		12	-0.48694277	-1.3892499	0.11023622	0.25117713	1.0	4859	tags=67%, list=32%, signal=97%	
BIOCARTA_ERBB4_PATHWAY	BIOCARTA_ERBB4_PATHWAY		5	-0.6589787	-1.3877299	0.12055336	0.25247678	1.0	3049	tags=60%, list=20%, signal=75%	
REACTOME_REGULATION_OF_CYTOSKELETAL_REMODELING_AND_CELL_SPREADING_BY_IPP_COMPLEX_COMPONENTS	REACTOME_REGULATION_OF_CYTOSKELETAL_REMODELING_AND_CELL_SPREADING_BY_IPP_COMPLEX_COMPONENTS		7	-0.5964577	-1.3867714	0.09475806	0.25315344	1.0	3445	tags=57%, list=22%, signal=74%	
REACTOME_GABA_B_RECEPTOR_ACTIVATION	REACTOME_GABA_B_RECEPTOR_ACTIVATION		23	-0.40550637	-1.3865892	0.09057301	0.25265414	1.0	2573	tags=35%, list=17%, signal=42%	
REACTOME_DIGESTION	REACTOME_DIGESTION		5	-0.66713226	-1.3854861	0.11632653	0.25348955	1.0	3797	tags=60%, list=25%, signal=80%	
BIOCARTA_EPONFKB_PATHWAY	BIOCARTA_EPONFKB_PATHWAY		9	-0.54601234	-1.3844671	0.11808118	0.25411555	1.0	1363	tags=22%, list=9%, signal=24%	
REACTOME_UNFOLDED_PROTEIN_RESPONSE_UPR	REACTOME_UNFOLDED_PROTEIN_RESPONSE_UPR		10	-0.51986134	-1.3841883	0.108333334	0.25377437	1.0	2457	tags=50%, list=16%, signal=59%	
REACTOME_DIGESTION_AND_ABSORPTION	REACTOME_DIGESTION_AND_ABSORPTION		5	-0.66713226	-1.381067	0.120162934	0.25725532	1.0	3797	tags=60%, list=25%, signal=80%	
REACTOME_SIGNALING_BY_TYPE_1_INSULIN_LIKE_GROWTH_FACTOR_1_RECEPTOR_IGF1R	REACTOME_SIGNALING_BY_TYPE_1_INSULIN_LIKE_GROWTH_FACTOR_1_RECEPTOR_IGF1R		24	-0.4038084	-1.3799137	0.08598131	0.25811782	1.0	2389	tags=33%, list=15%, signal=39%	
REACTOME_SYNTHESIS_OF_PE	REACTOME_SYNTHESIS_OF_PE		9	-0.54953164	-1.378966	0.14117648	0.25874174	1.0	3690	tags=44%, list=24%, signal=58%	
REACTOME_CYTOKINE_SIGNALING_IN_IMMUNE_SYSTEM	REACTOME_CYTOKINE_SIGNALING_IN_IMMUNE_SYSTEM		402	-0.24478549	-1.3776782	0.0017421603	0.2597456	1.0	4209	tags=36%, list=27%, signal=48%	
REACTOME_CHONDROITIN_SULFATE_DERMATAN_SULFATE_METABOLISM	REACTOME_CHONDROITIN_SULFATE_DERMATAN_SULFATE_METABOLISM		35	-0.3668293	-1.3773534	0.06896552	0.25947204	1.0	3097	tags=34%, list=20%, signal=43%	
REACTOME_GLUTATHIONE_SYNTHESIS_AND_RECYCLING	REACTOME_GLUTATHIONE_SYNTHESIS_AND_RECYCLING		11	-0.504934	-1.3744444	0.12974052	0.26290917	1.0	2837	tags=45%, list=18%, signal=56%	
REACTOME_HEME_SIGNALING	REACTOME_HEME_SIGNALING		10	-0.5280402	-1.3732281	0.11614173	0.2638966	1.0	965	tags=40%, list=6%, signal=43%	
WP_TRYPTOPHAN_METABOLISM	WP_TRYPTOPHAN_METABOLISM		26	-0.39232805	-1.3723063	0.09541985	0.264457	1.0	4602	tags=54%, list=30%, signal=77%	
REACTOME_MHC_CLASS_II_ANTIGEN_PRESENTATION	REACTOME_MHC_CLASS_II_ANTIGEN_PRESENTATION		103	-0.29416493	-1.370668	0.028368793	0.26598945	1.0	3444	tags=28%, list=22%, signal=36%	
WP_GPCRS_ODORANT	WP_GPCRS_ODORANT		43	-0.34982002	-1.3685981	0.08183633	0.2682323	1.0	4531	tags=49%, list=29%, signal=69%	
REACTOME_RECEPTOR_TYPE_TYROSINE_PROTEIN_PHOSPHATASES	REACTOME_RECEPTOR_TYPE_TYROSINE_PROTEIN_PHOSPHATASES		8	-0.5444526	-1.3683405	0.11111111	0.26786694	1.0	4420	tags=50%, list=29%, signal=70%	
REACTOME_INTERLEUKIN_21_SIGNALING	REACTOME_INTERLEUKIN_21_SIGNALING		5	-0.65257776	-1.3675692	0.10891089	0.26817545	1.0	4209	tags=60%, list=27%, signal=83%	
WP_ECTODYSPLASIN_A_SIGNALING_IN_HAIR_FOLLICLE_DEVELOPMENT	WP_ECTODYSPLASIN_A_SIGNALING_IN_HAIR_FOLLICLE_DEVELOPMENT		7	-0.5840866	-1.3648934	0.13157895	0.27112082	1.0	3940	tags=71%, list=26%, signal=96%	
WP_ADIPOGENESIS_GENES	WP_ADIPOGENESIS_GENES		93	-0.29695278	-1.3646029	0.04553734	0.27076337	1.0	4569	tags=44%, list=30%, signal=62%	
REACTOME_DRUG_ADME	REACTOME_DRUG_ADME		47	-0.34313598	-1.3641636	0.06311637	0.27065098	1.0	3046	tags=32%, list=20%, signal=40%	
WP_MACROPHAGE_MARKERS	WP_MACROPHAGE_MARKERS		9	-0.54205334	-1.362778	0.13	0.27186754	1.0	3571	tags=56%, list=23%, signal=72%	
BIOCARTA_PLATELETAPP_PATHWAY	BIOCARTA_PLATELETAPP_PATHWAY		5	-0.65917665	-1.3625282	0.13535354	0.27146277	1.0	4271	tags=60%, list=28%, signal=83%	
BIOCARTA_TH1TH2_PATHWAY	BIOCARTA_TH1TH2_PATHWAY		17	-0.44123453	-1.3601921	0.11500975	0.2741416	1.0	5182	tags=65%, list=34%, signal=97%	
BIOCARTA_NEUTROPHIL_PATHWAY	BIOCARTA_NEUTROPHIL_PATHWAY		8	-0.5545005	-1.3572747	0.1290944	0.27744088	1.0	3288	tags=75%, list=21%, signal=95%	
REACTOME_TRANS_GOLGI_NETWORK_VESICLE_BUDDING	REACTOME_TRANS_GOLGI_NETWORK_VESICLE_BUDDING		66	-0.31068876	-1.3571966	0.070143886	0.27678475	1.0	3311	tags=30%, list=21%, signal=38%	
REACTOME_RND1_GTPASE_CYCLE	REACTOME_RND1_GTPASE_CYCLE		38	-0.34971383	-1.3569403	0.07539683	0.27637237	1.0	5031	tags=50%, list=33%, signal=74%	
REACTOME_INTERLEUKIN_10_SIGNALING	REACTOME_INTERLEUKIN_10_SIGNALING		5	-0.6519669	-1.3559998	0.12277228	0.2769082	1.0	2246	tags=60%, list=15%, signal=70%	
BIOCARTA_NPP1_PATHWAY	BIOCARTA_NPP1_PATHWAY		5	-0.6477122	-1.3550224	0.137577	0.27759963	1.0	1105	tags=40%, list=7%, signal=43%	
REACTOME_SIGNALING_BY_ACTIVIN	REACTOME_SIGNALING_BY_ACTIVIN		9	-0.53751427	-1.3532178	0.1257485	0.27959737	1.0	5725	tags=67%, list=37%, signal=106%	
WP_OXIDATIVE_STRESS_RESPONSE	WP_OXIDATIVE_STRESS_RESPONSE		24	-0.40293133	-1.350076	0.09885932	0.28345457	1.0	1759	tags=25%, list=11%, signal=28%	
REACTOME_PI_3K_CASCADE_FGFR3	REACTOME_PI_3K_CASCADE_FGFR3		8	-0.5383718	-1.3484981	0.13562752	0.2849416	1.0	1621	tags=38%, list=11%, signal=42%	
REACTOME_CS_DS_DEGRADATION	REACTOME_CS_DS_DEGRADATION		8	-0.5480477	-1.347099	0.14068441	0.2861111	1.0	2805	tags=38%, list=18%, signal=46%	
REACTOME_BETA_OXIDATION_OF_PRISTANOYL_COA	REACTOME_BETA_OXIDATION_OF_PRISTANOYL_COA		8	-0.5487111	-1.3464487	0.14836223	0.28628975	1.0	1638	tags=38%, list=11%, signal=42%	
REACTOME_ARACHIDONIC_ACID_METABOLISM	REACTOME_ARACHIDONIC_ACID_METABOLISM		27	-0.37918627	-1.3460076	0.108481266	0.28617415	1.0	5751	tags=63%, list=37%, signal=100%	
REACTOME_NICOTINAMIDE_SALVAGING	REACTOME_NICOTINAMIDE_SALVAGING		14	-0.45307955	-1.3456105	0.11867704	0.2859266	1.0	5148	tags=43%, list=33%, signal=64%	
REACTOME_INTERLEUKIN_15_SIGNALING	REACTOME_INTERLEUKIN_15_SIGNALING		11	-0.4931441	-1.3428464	0.14734773	0.28937787	1.0	4803	tags=64%, list=31%, signal=92%	
REACTOME_PI_3K_CASCADE_FGFR4	REACTOME_PI_3K_CASCADE_FGFR4		8	-0.5383718	-1.3404927	0.1617357	0.29211485	1.0	1621	tags=38%, list=11%, signal=42%	
REACTOME_BILE_ACID_AND_BILE_SALT_METABOLISM	REACTOME_BILE_ACID_AND_BILE_SALT_METABOLISM		20	-0.41934514	-1.3402983	0.11176471	0.29165	1.0	4073	tags=50%, list=26%, signal=68%	
REACTOME_TRIF_MEDIATED_PROGRAMMED_CELL_DEATH	REACTOME_TRIF_MEDIATED_PROGRAMMED_CELL_DEATH		9	-0.528887	-1.3400027	0.15175097	0.291314	1.0	4681	tags=44%, list=30%, signal=64%	
REACTOME_BRANCHED_CHAIN_AMINO_ACID_CATABOLISM	REACTOME_BRANCHED_CHAIN_AMINO_ACID_CATABOLISM		20	-0.40304238	-1.3397735	0.11089866	0.2909035	1.0	3085	tags=35%, list=20%, signal=44%	
REACTOME_ACYL_CHAIN_REMODELLING_OF_PS	REACTOME_ACYL_CHAIN_REMODELLING_OF_PS		12	-0.4757694	-1.3391182	0.12698413	0.29115498	1.0	4477	tags=58%, list=29%, signal=82%	
BIOCARTA_DEATH_PATHWAY	BIOCARTA_DEATH_PATHWAY		30	-0.36579594	-1.3375118	0.10240964	0.29273146	1.0	5563	tags=50%, list=36%, signal=78%	
REACTOME_RHOD_GTPASE_CYCLE	REACTOME_RHOD_GTPASE_CYCLE		46	-0.33370227	-1.336808	0.06508876	0.2930354	1.0	3515	tags=35%, list=23%, signal=45%	
REACTOME_INTERLEUKIN_27_SIGNALING	REACTOME_INTERLEUKIN_27_SIGNALING		8	-0.53604734	-1.3349156	0.1392157	0.29507336	1.0	3866	tags=75%, list=25%, signal=100%	
REACTOME_DOWNSTREAM_SIGNALING_OF_ACTIVATED_FGFR1	REACTOME_DOWNSTREAM_SIGNALING_OF_ACTIVATED_FGFR1		16	-0.4364251	-1.333142	0.12162162	0.2970642	1.0	3508	tags=44%, list=23%, signal=57%	
BIOCARTA_EDG1_PATHWAY	BIOCARTA_EDG1_PATHWAY		16	-0.44012398	-1.3329102	0.11710037	0.29665047	1.0	3274	tags=31%, list=21%, signal=40%	
REACTOME_INTRA_GOLGI_TRAFFIC	REACTOME_INTRA_GOLGI_TRAFFIC		34	-0.35500517	-1.3279977	0.12093863	0.30313262	1.0	5289	tags=50%, list=34%, signal=76%	
REACTOME_GLYCOSPHINGOLIPID_TRANSPORT	REACTOME_GLYCOSPHINGOLIPID_TRANSPORT		7	-0.55875653	-1.3270451	0.15461847	0.30365628	1.0	5289	tags=71%, list=34%, signal=109%	
BIOCARTA_SPRY_PATHWAY	BIOCARTA_SPRY_PATHWAY		14	-0.45967707	-1.32678	0.14173229	0.30324125	1.0	2869	tags=36%, list=19%, signal=44%	
REACTOME_INTERLEUKIN_6_FAMILY_SIGNALING	REACTOME_INTERLEUKIN_6_FAMILY_SIGNALING		14	-0.4559402	-1.3254455	0.1255144	0.3045847	1.0	4164	tags=57%, list=27%, signal=78%	
REACTOME_PI_3K_CASCADE_FGFR2	REACTOME_PI_3K_CASCADE_FGFR2		8	-0.5383718	-1.3251473	0.13934426	0.30426714	1.0	1621	tags=38%, list=11%, signal=42%	
REACTOME_BIOSYNTHESIS_OF_EPA_DERIVED_SPMS	REACTOME_BIOSYNTHESIS_OF_EPA_DERIVED_SPMS		6	-0.59915936	-1.3232534	0.168357	0.30647537	1.0	2959	tags=33%, list=19%, signal=41%	
REACTOME_INSULIN_RECEPTOR_SIGNALLING_CASCADE	REACTOME_INSULIN_RECEPTOR_SIGNALLING_CASCADE		26	-0.39093456	-1.3231103	0.107569724	0.30589905	1.0	2389	tags=31%, list=15%, signal=36%	
REACTOME_INTERLEUKIN_2_SIGNALING	REACTOME_INTERLEUKIN_2_SIGNALING		10	-0.51155865	-1.3212323	0.13282733	0.30804473	1.0	4209	tags=70%, list=27%, signal=96%	
BIOCARTA_SODD_PATHWAY	BIOCARTA_SODD_PATHWAY		10	-0.49670133	-1.3192741	0.13899614	0.31028628	1.0	3289	tags=50%, list=21%, signal=64%	
REACTOME_INTERLEUKIN_23_SIGNALING	REACTOME_INTERLEUKIN_23_SIGNALING		6	-0.59779656	-1.3168072	0.16007905	0.3131335	1.0	4195	tags=83%, list=27%, signal=114%	
REACTOME_CASPASE_ACTIVATION_VIA_DEATH_RECEPTORS_IN_THE_PRESENCE_OF_LIGAND	REACTOME_CASPASE_ACTIVATION_VIA_DEATH_RECEPTORS_IN_THE_PRESENCE_OF_LIGAND		15	-0.43760088	-1.3152666	0.14549181	0.31471148	1.0	2404	tags=33%, list=16%, signal=39%	
BIOCARTA_MALATEX_PATHWAY	BIOCARTA_MALATEX_PATHWAY		7	-0.5600545	-1.3149781	0.15977444	0.3143837	1.0	6788	tags=100%, list=44%, signal=179%	
REACTOME_ELEVATION_OF_CYTOSOLIC_CA2_LEVELS	REACTOME_ELEVATION_OF_CYTOSOLIC_CA2_LEVELS		6	-0.60432154	-1.3147951	0.16194332	0.31389037	1.0	5172	tags=83%, list=34%, signal=125%	
REACTOME_RHOC_GTPASE_CYCLE	REACTOME_RHOC_GTPASE_CYCLE		59	-0.31021947	-1.3135558	0.078095235	0.3149584	1.0	5334	tags=47%, list=35%, signal=72%	
WP_PENTOSE_PHOSPHATE_PATHWAY	WP_PENTOSE_PHOSPHATE_PATHWAY		7	-0.5711328	-1.3111428	0.17293233	0.31788048	1.0	4641	tags=57%, list=30%, signal=82%	
REACTOME_UREA_CYCLE	REACTOME_UREA_CYCLE		6	-0.585088	-1.310379	0.16306484	0.31828728	1.0	1062	tags=33%, list=7%, signal=36%	
BIOCARTA_NKT_PATHWAY	BIOCARTA_NKT_PATHWAY		23	-0.38401067	-1.3100811	0.116033755	0.31796277	1.0	5182	tags=65%, list=34%, signal=98%	
WP_FATTY_ACID_BIOSYNTHESIS	WP_FATTY_ACID_BIOSYNTHESIS		20	-0.4001486	-1.309854	0.13142857	0.3175159	1.0	4911	tags=50%, list=32%, signal=73%	
REACTOME_PI_3K_CASCADE_FGFR1	REACTOME_PI_3K_CASCADE_FGFR1		9	-0.5141001	-1.308692	0.16506718	0.31857902	1.0	1621	tags=33%, list=11%, signal=37%	
REACTOME_COPII_MEDIATED_VESICLE_TRANSPORT	REACTOME_COPII_MEDIATED_VESICLE_TRANSPORT		64	-0.301823	-1.306835	0.08045977	0.32062668	1.0	5432	tags=56%, list=35%, signal=86%	
REACTOME_SYNTHESIS_OF_5_EICOSATETRAENOIC_ACIDS	REACTOME_SYNTHESIS_OF_5_EICOSATETRAENOIC_ACIDS		5	-0.6272627	-1.3060881	0.17731959	0.3209831	1.0	5751	tags=100%, list=37%, signal=159%	
REACTOME_INTERLEUKIN_12_SIGNALING	REACTOME_INTERLEUKIN_12_SIGNALING		7	-0.5623603	-1.3049713	0.1879845	0.32202867	1.0	4963	tags=86%, list=32%, signal=126%	
REACTOME_REACTIONS_SPECIFIC_TO_THE_COMPLEX_N_GLYCAN_SYNTHESIS_PATHWAY	REACTOME_REACTIONS_SPECIFIC_TO_THE_COMPLEX_N_GLYCAN_SYNTHESIS_PATHWAY		6	-0.5721144	-1.304958	0.168	0.32125607	1.0	5137	tags=67%, list=33%, signal=100%	
BIOCARTA_BARRESTIN_SRC_PATHWAY	BIOCARTA_BARRESTIN_SRC_PATHWAY		13	-0.4608269	-1.3048189	0.15594542	0.32068634	1.0	4642	tags=62%, list=30%, signal=88%	
BIOCARTA_NOTCH_PATHWAY	BIOCARTA_NOTCH_PATHWAY		6	-0.59014946	-1.3044128	0.1884058	0.32061592	1.0	3776	tags=67%, list=24%, signal=88%	
REACTOME_MITF_M_DEPENDENT_GENE_EXPRESSION	REACTOME_MITF_M_DEPENDENT_GENE_EXPRESSION		13	-0.45978814	-1.3039048	0.1388889	0.32065248	1.0	4887	tags=77%, list=32%, signal=113%	
REACTOME_ETHANOL_OXIDATION	REACTOME_ETHANOL_OXIDATION		7	-0.55488336	-1.3035443	0.15876289	0.32034928	1.0	4851	tags=71%, list=31%, signal=104%	
REACTOME_EICOSANOID_LIGAND_BINDING_RECEPTORS	REACTOME_EICOSANOID_LIGAND_BINDING_RECEPTORS		9	-0.50449014	-1.3035127	0.1570248	0.31961975	1.0	5224	tags=67%, list=34%, signal=101%	
BIOCARTA_MSP_PATHWAY	BIOCARTA_MSP_PATHWAY		5	-0.62451553	-1.303411	0.16977225	0.3190342	1.0	5512	tags=80%, list=36%, signal=124%	
REACTOME_SIGNALING_BY_NTRKS	REACTOME_SIGNALING_BY_NTRKS		65	-0.3063754	-1.3031622	0.09315589	0.3186581	1.0	4148	tags=35%, list=27%, signal=48%	
REACTOME_SYNTHESIS_OF_BILE_ACIDS_AND_BILE_SALTS	REACTOME_SYNTHESIS_OF_BILE_ACIDS_AND_BILE_SALTS		17	-0.41967642	-1.3029709	0.13842975	0.31818718	1.0	4073	tags=53%, list=26%, signal=72%	
REACTOME_SIGNALING_BY_SCF_KIT	REACTOME_SIGNALING_BY_SCF_KIT		34	-0.34789422	-1.3029658	0.117529884	0.3174404	1.0	4209	tags=44%, list=27%, signal=61%	
REACTOME_BIOSYNTHESIS_OF_E_SERIES_18_S_RESOLVINS	REACTOME_BIOSYNTHESIS_OF_E_SERIES_18_S_RESOLVINS		5	-0.64039767	-1.3020396	0.16833667	0.31825587	1.0	2959	tags=40%, list=19%, signal=49%	
WP_NOTCH_SIGNALING_PATHWAY	WP_NOTCH_SIGNALING_PATHWAY		42	-0.33503318	-1.3012582	0.13465783	0.31862608	1.0	4581	tags=50%, list=30%, signal=71%	
REACTOME_HDL_ASSEMBLY	REACTOME_HDL_ASSEMBLY		5	-0.61391157	-1.3003412	0.17813765	0.31929484	1.0	624	tags=20%, list=4%, signal=21%	
REACTOME_RHOG_GTPASE_CYCLE	REACTOME_RHOG_GTPASE_CYCLE		64	-0.3011357	-1.3002747	0.088757396	0.31867313	1.0	4613	tags=45%, list=30%, signal=64%	
WP_EGFR1_SIGNALING_PATHWAY	WP_EGFR1_SIGNALING_PATHWAY		158	-0.25629604	-1.2982668	0.07650273	0.32092142	1.0	4331	tags=36%, list=28%, signal=50%	
REACTOME_ACTIVATION_OF_THE_TFAP2_AP_2_FAMILY_OF_TRANSCRIPTION_FACTORS	REACTOME_ACTIVATION_OF_THE_TFAP2_AP_2_FAMILY_OF_TRANSCRIPTION_FACTORS		5	-0.62756807	-1.2966568	0.1747212	0.32274053	1.0	29	tags=20%, list=0%, signal=20%	
BIOCARTA_AKAP13_PATHWAY	BIOCARTA_AKAP13_PATHWAY		7	-0.54642606	-1.2962697	0.17082533	0.32259405	1.0	3905	tags=57%, list=25%, signal=76%	
REACTOME_SYNTHESIS_OF_VERY_LONG_CHAIN_FATTY_ACYL_COAS	REACTOME_SYNTHESIS_OF_VERY_LONG_CHAIN_FATTY_ACYL_COAS		16	-0.4225999	-1.2962381	0.15267175	0.32188866	1.0	2749	tags=31%, list=18%, signal=38%	
WP_OMEGA9_FATTY_ACID_SYNTHESIS	WP_OMEGA9_FATTY_ACID_SYNTHESIS		12	-0.46120527	-1.2961541	0.15728155	0.321276	1.0	3765	tags=58%, list=24%, signal=77%	
REACTOME_RHO_GTPASES_ACTIVATE_NADPH_OXIDASES	REACTOME_RHO_GTPASES_ACTIVATE_NADPH_OXIDASES		21	-0.39685178	-1.2956625	0.14145383	0.32134265	1.0	5821	tags=62%, list=38%, signal=99%	
REACTOME_SIGNALING_BY_TGFBR3	REACTOME_SIGNALING_BY_TGFBR3		16	-0.4294001	-1.294237	0.13733076	0.32273003	1.0	3748	tags=50%, list=24%, signal=66%	
REACTOME_SEMA3A_PAK_DEPENDENT_AXON_REPULSION	REACTOME_SEMA3A_PAK_DEPENDENT_AXON_REPULSION		11	-0.47462124	-1.2924973	0.14619882	0.32464278	1.0	4974	tags=64%, list=32%, signal=94%	
WP_ALPHA_6_BETA_4_INTEGRIN_SIGNALING_PATHWAY	WP_ALPHA_6_BETA_4_INTEGRIN_SIGNALING_PATHWAY		52	-0.316278	-1.2923018	0.10325048	0.3241388	1.0	4974	tags=48%, list=32%, signal=71%	
WP_APOE_AND_MIR146_IN_INFLAMMATION_AND_ATHEROSCLEROSIS	WP_APOE_AND_MIR146_IN_INFLAMMATION_AND_ATHEROSCLEROSIS		8	-0.52069944	-1.2919855	0.17515275	0.32389456	1.0	4901	tags=63%, list=32%, signal=92%	
REACTOME_RAC3_GTPASE_CYCLE	REACTOME_RAC3_GTPASE_CYCLE		78	-0.29337022	-1.2882795	0.076481834	0.32889292	1.0	4309	tags=37%, list=28%, signal=51%	
REACTOME_NCAM_SIGNALING_FOR_NEURITE_OUT_GROWTH	REACTOME_NCAM_SIGNALING_FOR_NEURITE_OUT_GROWTH		21	-0.3942677	-1.2873642	0.15400411	0.3295502	1.0	2216	tags=33%, list=14%, signal=39%	
BIOCARTA_LYMPHOCYTE_PATHWAY	BIOCARTA_LYMPHOCYTE_PATHWAY		9	-0.509327	-1.2872379	0.18023255	0.32899657	1.0	3288	tags=67%, list=21%, signal=85%	
REACTOME_SULFIDE_OXIDATION_TO_SULFATE	REACTOME_SULFIDE_OXIDATION_TO_SULFATE		5	-0.6141633	-1.2862629	0.1870229	0.32968372	1.0	3673	tags=60%, list=24%, signal=79%	
REACTOME_PLASMA_LIPOPROTEIN_REMODELING	REACTOME_PLASMA_LIPOPROTEIN_REMODELING		14	-0.4432503	-1.2861644	0.16532259	0.32910624	1.0	3175	tags=50%, list=21%, signal=63%	
REACTOME_TGFBR3_PTM_REGULATION	REACTOME_TGFBR3_PTM_REGULATION		8	-0.53960973	-1.2849896	0.18775511	0.33024818	1.0	3748	tags=75%, list=24%, signal=99%	
REACTOME_INTERLEUKIN_35_SIGNALLING	REACTOME_INTERLEUKIN_35_SIGNALLING		9	-0.49572173	-1.284857	0.16396761	0.32966453	1.0	3866	tags=67%, list=25%, signal=89%	
WP_NUCLEAR_RECEPTORS	WP_NUCLEAR_RECEPTORS		20	-0.3999569	-1.284118	0.13840155	0.3300605	1.0	5813	tags=65%, list=38%, signal=104%	
BIOCARTA_FREE_PATHWAY	BIOCARTA_FREE_PATHWAY		8	-0.5162586	-1.2832146	0.18105263	0.33066094	1.0	5124	tags=75%, list=33%, signal=112%	
REACTOME_LYSOSOME_VESICLE_BIOGENESIS	REACTOME_LYSOSOME_VESICLE_BIOGENESIS		30	-0.3583891	-1.2828407	0.13877551	0.3305522	1.0	6102	tags=60%, list=40%, signal=99%	
REACTOME_NOTCH_HLH_TRANSCRIPTION_PATHWAY	REACTOME_NOTCH_HLH_TRANSCRIPTION_PATHWAY		20	-0.4007638	-1.2825801	0.16500995	0.33026072	1.0	4581	tags=50%, list=30%, signal=71%	
WP_SIDS_SUSCEPTIBILITY_PATHWAYS	WP_SIDS_SUSCEPTIBILITY_PATHWAYS		37	-0.33752692	-1.27964	0.13257575	0.33424455	1.0	3414	tags=38%, list=22%, signal=48%	
REACTOME_GABA_RECEPTOR_ACTIVATION	REACTOME_GABA_RECEPTOR_ACTIVATION		26	-0.3692765	-1.2787706	0.14822547	0.33488935	1.0	2573	tags=31%, list=17%, signal=37%	
REACTOME_GAP_JUNCTION_TRAFFICKING_AND_REGULATION	REACTOME_GAP_JUNCTION_TRAFFICKING_AND_REGULATION		24	-0.3740432	-1.277296	0.14990513	0.33649424	1.0	3781	tags=33%, list=25%, signal=44%	
REACTOME_NON_INTEGRIN_MEMBRANE_ECM_INTERACTIONS	REACTOME_NON_INTEGRIN_MEMBRANE_ECM_INTERACTIONS		18	-0.40780577	-1.2761517	0.16485508	0.33746168	1.0	2050	tags=33%, list=13%, signal=38%	
REACTOME_INTERLEUKIN_3_INTERLEUKIN_5_AND_GM_CSF_SIGNALING	REACTOME_INTERLEUKIN_3_INTERLEUKIN_5_AND_GM_CSF_SIGNALING		40	-0.32779506	-1.2754583	0.13085938	0.33771715	1.0	4209	tags=50%, list=27%, signal=69%	
WP_BIOGENIC_AMINE_SYNTHESIS	WP_BIOGENIC_AMINE_SYNTHESIS		6	-0.5626145	-1.2727971	0.20425531	0.3412972	1.0	2265	tags=50%, list=15%, signal=59%	
REACTOME_TNFR1_MEDIATED_CERAMIDE_PRODUCTION	REACTOME_TNFR1_MEDIATED_CERAMIDE_PRODUCTION		6	-0.56648	-1.2714819	0.1971831	0.34268308	1.0	2730	tags=50%, list=18%, signal=61%	
BIOCARTA_MONOCYTE_PATHWAY	BIOCARTA_MONOCYTE_PATHWAY		11	-0.46227375	-1.2710993	0.20564516	0.34249353	1.0	3288	tags=64%, list=21%, signal=81%	
REACTOME_CASPASE_ACTIVATION_VIA_EXTRINSIC_APOPTOTIC_SIGNALLING_PATHWAY	REACTOME_CASPASE_ACTIVATION_VIA_EXTRINSIC_APOPTOTIC_SIGNALLING_PATHWAY		18	-0.4083783	-1.2697556	0.18292683	0.34398344	1.0	3571	tags=39%, list=23%, signal=51%	
REACTOME_SPHINGOLIPID_CATABOLISM	REACTOME_SPHINGOLIPID_CATABOLISM		11	-0.47309858	-1.268087	0.18761726	0.34594962	1.0	4501	tags=45%, list=29%, signal=64%	
REACTOME_REGULATION_OF_CDH11_EXPRESSION_AND_FUNCTION	REACTOME_REGULATION_OF_CDH11_EXPRESSION_AND_FUNCTION		9	-0.50535446	-1.2677672	0.19348268	0.3457906	1.0	3176	tags=56%, list=21%, signal=70%	
REACTOME_SYNTHESIS_OF_PIPS_AT_THE_PLASMA_MEMBRANE	REACTOME_SYNTHESIS_OF_PIPS_AT_THE_PLASMA_MEMBRANE		48	-0.31316668	-1.2671626	0.11984283	0.3460361	1.0	4473	tags=40%, list=29%, signal=56%	
REACTOME_HYDROLYSIS_OF_LPC	REACTOME_HYDROLYSIS_OF_LPC		5	-0.598484	-1.2669573	0.19461697	0.34562954	1.0	5704	tags=80%, list=37%, signal=127%	
BIOCARTA_RECK_PATHWAY	BIOCARTA_RECK_PATHWAY		5	-0.60548913	-1.2668797	0.19767442	0.34498382	1.0	5877	tags=80%, list=38%, signal=129%	
REACTOME_INTERLEUKIN_RECEPTOR_SHC_SIGNALING	REACTOME_INTERLEUKIN_RECEPTOR_SHC_SIGNALING		20	-0.3965469	-1.2661407	0.17738791	0.34542567	1.0	4170	tags=55%, list=27%, signal=75%	
REACTOME_SYNTHESIS_OF_LIPOXINS_LX	REACTOME_SYNTHESIS_OF_LIPOXINS_LX		5	-0.59694576	-1.2637316	0.22332016	0.34848872	1.0	69	tags=20%, list=0%, signal=20%	
REACTOME_SYNTHESIS_OF_LEUKOTRIENES_LT_AND_EOXINS_EX	REACTOME_SYNTHESIS_OF_LEUKOTRIENES_LT_AND_EOXINS_EX		10	-0.48576707	-1.2632788	0.19066148	0.3484302	1.0	6946	tags=90%, list=45%, signal=164%	
REACTOME_REGULATION_OF_KIT_SIGNALING	REACTOME_REGULATION_OF_KIT_SIGNALING		12	-0.44703087	-1.260201	0.19085488	0.35259655	1.0	4160	tags=58%, list=27%, signal=80%	
REACTOME_SIGNALING_BY_NTRK2_TRKB	REACTOME_SIGNALING_BY_NTRK2_TRKB		7	-0.53109056	-1.25988	0.20916335	0.35233513	1.0	3508	tags=57%, list=23%, signal=74%	
REACTOME_RHOU_GTPASE_CYCLE	REACTOME_RHOU_GTPASE_CYCLE		37	-0.32852295	-1.257746	0.14559387	0.35516092	1.0	5141	tags=43%, list=33%, signal=65%	
REACTOME_SYNTHESIS_OF_PYROPHOSPHATES_IN_THE_CYTOSOL	REACTOME_SYNTHESIS_OF_PYROPHOSPHATES_IN_THE_CYTOSOL		8	-0.5075066	-1.255078	0.22309197	0.3587673	1.0	4928	tags=75%, list=32%, signal=110%	
REACTOME_TOLL_LIKE_RECEPTOR_CASCADES	REACTOME_TOLL_LIKE_RECEPTOR_CASCADES		138	-0.2506501	-1.2538139	0.07749078	0.36012614	1.0	4703	tags=41%, list=31%, signal=59%	
REACTOME_ANTIGEN_ACTIVATES_B_CELL_RECEPTOR_BCR_LEADING_TO_GENERATION_OF_SECOND_MESSENGERS	REACTOME_ANTIGEN_ACTIVATES_B_CELL_RECEPTOR_BCR_LEADING_TO_GENERATION_OF_SECOND_MESSENGERS		26	-0.36967406	-1.253377	0.16261682	0.36007428	1.0	3901	tags=42%, list=25%, signal=57%	
REACTOME_EPH_EPHRIN_MEDIATED_REPULSION_OF_CELLS	REACTOME_EPH_EPHRIN_MEDIATED_REPULSION_OF_CELLS		22	-0.38182545	-1.2509391	0.17519686	0.3633861	1.0	4160	tags=55%, list=27%, signal=75%	
BIOCARTA_RHO_PATHWAY	BIOCARTA_RHO_PATHWAY		18	-0.3928831	-1.2502214	0.17586912	0.36391684	1.0	4688	tags=50%, list=30%, signal=72%	
REACTOME_FGFR1B_LIGAND_BINDING_AND_ACTIVATION	REACTOME_FGFR1B_LIGAND_BINDING_AND_ACTIVATION		5	-0.58535004	-1.2472885	0.21679688	0.3679344	1.0	6397	tags=100%, list=41%, signal=171%	
REACTOME_PLATELET_ADHESION_TO_EXPOSED_COLLAGEN	REACTOME_PLATELET_ADHESION_TO_EXPOSED_COLLAGEN		8	-0.5075743	-1.2458599	0.20987654	0.3695881	1.0	4160	tags=50%, list=27%, signal=68%	
REACTOME_ANTIGEN_PROCESSING_CROSS_PRESENTATION	REACTOME_ANTIGEN_PROCESSING_CROSS_PRESENTATION		77	-0.27834755	-1.2454337	0.1283525	0.36945024	1.0	3222	tags=25%, list=21%, signal=31%	
BIOCARTA_MTA3_PATHWAY	BIOCARTA_MTA3_PATHWAY		14	-0.4352779	-1.2447762	0.19140625	0.36980173	1.0	3363	tags=36%, list=22%, signal=46%	
REACTOME_INTERLEUKIN_9_SIGNALING	REACTOME_INTERLEUKIN_9_SIGNALING		5	-0.5926854	-1.2447584	0.2195122	0.36905068	1.0	4209	tags=60%, list=27%, signal=83%	
BIOCARTA_ION_PATHWAY	BIOCARTA_ION_PATHWAY		5	-0.5832901	-1.2440444	0.22612086	0.3695054	1.0	4634	tags=60%, list=30%, signal=86%	
WP_SELENIUM_MICRONUTRIENT_NETWORK	WP_SELENIUM_MICRONUTRIENT_NETWORK		18	-0.39552462	-1.2426772	0.18436874	0.37108734	1.0	5124	tags=61%, list=33%, signal=91%	
REACTOME_DOWNSTREAM_SIGNAL_TRANSDUCTION	REACTOME_DOWNSTREAM_SIGNAL_TRANSDUCTION		25	-0.35855514	-1.2419722	0.16829745	0.37152147	1.0	4209	tags=48%, list=27%, signal=66%	
REACTOME_SIGNALING_BY_NODAL	REACTOME_SIGNALING_BY_NODAL		6	-0.55876505	-1.2411559	0.24212599	0.37219575	1.0	5725	tags=67%, list=37%, signal=106%	
REACTOME_TRANSMISSION_ACROSS_CHEMICAL_SYNAPSES	REACTOME_TRANSMISSION_ACROSS_CHEMICAL_SYNAPSES		109	-0.2588098	-1.2393095	0.10488246	0.37451476	1.0	3101	tags=27%, list=20%, signal=33%	
WP_DOPAMINERGIC_NEUROGENESIS	WP_DOPAMINERGIC_NEUROGENESIS		8	-0.50130546	-1.2390273	0.20676692	0.3742357	1.0	2246	tags=38%, list=15%, signal=44%	
WP_PEROXIREDOXIN_2_INDUCED_OVARIAN_FAILURE	WP_PEROXIREDOXIN_2_INDUCED_OVARIAN_FAILURE		6	-0.5546249	-1.2388446	0.2446184	0.37379324	1.0	815	tags=33%, list=5%, signal=35%	
WP_CYTOKINES_AND_INFLAMMATORY_RESPONSE	WP_CYTOKINES_AND_INFLAMMATORY_RESPONSE		13	-0.43283513	-1.2376996	0.198	0.3748392	1.0	4963	tags=69%, list=32%, signal=102%	
REACTOME_NA_CL_DEPENDENT_NEUROTRANSMITTER_TRANSPORTERS	REACTOME_NA_CL_DEPENDENT_NEUROTRANSMITTER_TRANSPORTERS		7	-0.51494586	-1.236146	0.21010101	0.37663525	1.0	3695	tags=57%, list=24%, signal=75%	
REACTOME_GAMMA_CARBOXYLATION_HYPUSINYLATION_HYDROXYLATION_AND_ARYLSULFATASE_ACTIVATION	REACTOME_GAMMA_CARBOXYLATION_HYPUSINYLATION_HYDROXYLATION_AND_ARYLSULFATASE_ACTIVATION		49	-0.30699432	-1.2359085	0.16242662	0.3762171	1.0	3600	tags=37%, list=23%, signal=48%	
WP_WHITE_FAT_CELL_DIFFERENTIATION	WP_WHITE_FAT_CELL_DIFFERENTIATION		26	-0.3503309	-1.234901	0.17953669	0.37709317	1.0	2836	tags=35%, list=18%, signal=42%	
REACTOME_RETROGRADE_NEUROTROPHIN_SIGNALLING	REACTOME_RETROGRADE_NEUROTROPHIN_SIGNALLING		8	-0.496142	-1.2332674	0.21626984	0.37907878	1.0	2652	tags=25%, list=17%, signal=30%	
REACTOME_SEROTONIN_NEUROTRANSMITTER_RELEASE_CYCLE	REACTOME_SEROTONIN_NEUROTRANSMITTER_RELEASE_CYCLE		11	-0.45353165	-1.233197	0.21825397	0.37842777	1.0	1100	tags=18%, list=7%, signal=20%	
REACTOME_DEATH_RECEPTOR_SIGNALING	REACTOME_DEATH_RECEPTOR_SIGNALING		125	-0.25514537	-1.2328507	0.11133201	0.3782281	1.0	3060	tags=28%, list=20%, signal=35%	
REACTOME_MISCELLANEOUS_TRANSPORT_AND_BINDING_EVENTS	REACTOME_MISCELLANEOUS_TRANSPORT_AND_BINDING_EVENTS		19	-0.378388	-1.2322448	0.2027833	0.37847817	1.0	1129	tags=21%, list=7%, signal=23%	
BIOCARTA_SRCRPTP_PATHWAY	BIOCARTA_SRCRPTP_PATHWAY		10	-0.4592809	-1.2311397	0.224	0.379429	1.0	2838	tags=40%, list=18%, signal=49%	
REACTOME_PLATELET_SENSITIZATION_BY_LDL	REACTOME_PLATELET_SENSITIZATION_BY_LDL		16	-0.40692562	-1.2300522	0.2063197	0.38050106	1.0	5305	tags=56%, list=34%, signal=86%	
REACTOME_SURFACTANT_METABOLISM	REACTOME_SURFACTANT_METABOLISM		12	-0.4327827	-1.2298716	0.19361277	0.38001013	1.0	1334	tags=33%, list=9%, signal=36%	
REACTOME_NEUREXINS_AND_NEUROLIGINS	REACTOME_NEUREXINS_AND_NEUROLIGINS		13	-0.43555254	-1.2290909	0.21706864	0.38053495	1.0	3393	tags=38%, list=22%, signal=49%	
REACTOME_FGFR1C_LIGAND_BINDING_AND_ACTIVATION	REACTOME_FGFR1C_LIGAND_BINDING_AND_ACTIVATION		5	-0.58535004	-1.2280638	0.21995927	0.38140985	1.0	6397	tags=100%, list=41%, signal=171%	
REACTOME_ROLE_OF_LAT2_NTAL_LAB_ON_CALCIUM_MOBILIZATION	REACTOME_ROLE_OF_LAT2_NTAL_LAB_ON_CALCIUM_MOBILIZATION		17	-0.40401262	-1.2268308	0.21755725	0.38269383	1.0	3279	tags=35%, list=21%, signal=45%	
WP_NEURAL_CREST_DIFFERENTIATION	WP_NEURAL_CREST_DIFFERENTIATION		46	-0.30386335	-1.2261161	0.1523046	0.38314417	1.0	4581	tags=46%, list=30%, signal=65%	
WP_APOPTOSIS	WP_APOPTOSIS		72	-0.2769278	-1.2260444	0.14859438	0.38252333	1.0	4519	tags=40%, list=29%, signal=57%	
REACTOME_GOLGI_TO_ER_RETROGRADE_TRANSPORT	REACTOME_GOLGI_TO_ER_RETROGRADE_TRANSPORT		114	-0.25683355	-1.2253863	0.110074624	0.3827933	1.0	3383	tags=25%, list=22%, signal=32%	
BIOCARTA_TRKA_PATHWAY	BIOCARTA_TRKA_PATHWAY		10	-0.4664022	-1.2240046	0.20833333	0.38440678	1.0	3274	tags=40%, list=21%, signal=51%	
BIOCARTA_BIOPEPTIDES_PATHWAY	BIOCARTA_BIOPEPTIDES_PATHWAY		24	-0.35765734	-1.2220206	0.20338982	0.3871209	1.0	4147	tags=46%, list=27%, signal=63%	
REACTOME_COSTIMULATION_BY_THE_CD28_FAMILY	REACTOME_COSTIMULATION_BY_THE_CD28_FAMILY		65	-0.28649342	-1.2212824	0.14401622	0.38764775	1.0	5166	tags=52%, list=34%, signal=78%	
REACTOME_AMINE_LIGAND_BINDING_RECEPTORS	REACTOME_AMINE_LIGAND_BINDING_RECEPTORS		7	-0.5259047	-1.2208316	0.23061225	0.38762602	1.0	5198	tags=86%, list=34%, signal=129%	
REACTOME_FGFR1_LIGAND_BINDING_AND_ACTIVATION	REACTOME_FGFR1_LIGAND_BINDING_AND_ACTIVATION		5	-0.58535004	-1.2207657	0.25343812	0.3869626	1.0	6397	tags=100%, list=41%, signal=171%	
REACTOME_RHOH_GTPASE_CYCLE	REACTOME_RHOH_GTPASE_CYCLE		31	-0.33544928	-1.2175485	0.20204082	0.391715	1.0	2167	tags=23%, list=14%, signal=26%	
REACTOME_SEMA4D_IN_SEMAPHORIN_SIGNALING	REACTOME_SEMA4D_IN_SEMAPHORIN_SIGNALING		15	-0.4100694	-1.2166485	0.23106061	0.3925236	1.0	2955	tags=40%, list=19%, signal=49%	
WP_FACTORS_AND_PATHWAYS_AFFECTING_INSULINLIKE_GROWTH_FACTOR_IGF1AKT_SIGNALING	WP_FACTORS_AND_PATHWAYS_AFFECTING_INSULINLIKE_GROWTH_FACTOR_IGF1AKT_SIGNALING		21	-0.3707539	-1.2156304	0.22527473	0.3934678	1.0	3449	tags=48%, list=22%, signal=61%	
REACTOME_REGULATION_BY_C_FLIP	REACTOME_REGULATION_BY_C_FLIP		10	-0.4483848	-1.2128968	0.23076923	0.39727595	1.0	2404	tags=40%, list=16%, signal=47%	
REACTOME_ACYL_CHAIN_REMODELING_OF_DAG_AND_TAG	REACTOME_ACYL_CHAIN_REMODELING_OF_DAG_AND_TAG		5	-0.5676934	-1.2128184	0.23952095	0.39661267	1.0	2594	tags=40%, list=17%, signal=48%	
REACTOME_G_ALPHA_S_SIGNALLING_EVENTS	REACTOME_G_ALPHA_S_SIGNALLING_EVENTS		60	-0.28854594	-1.2101707	0.18052739	0.40033567	1.0	5001	tags=45%, list=32%, signal=66%	
BIOCARTA_GH_PATHWAY	BIOCARTA_GH_PATHWAY		24	-0.3517167	-1.2087399	0.22736031	0.4020906	1.0	4209	tags=42%, list=27%, signal=57%	
BIOCARTA_FXR_PATHWAY	BIOCARTA_FXR_PATHWAY		5	-0.5782933	-1.2070282	0.25698325	0.40431523	1.0	1547	tags=40%, list=10%, signal=44%	
BIOCARTA_PRION_PATHWAY	BIOCARTA_PRION_PATHWAY		9	-0.47108442	-1.2031128	0.2504931	0.41029933	1.0	4811	tags=56%, list=31%, signal=81%	
BIOCARTA_MELANOCYTE_PATHWAY	BIOCARTA_MELANOCYTE_PATHWAY		6	-0.54888374	-1.2013592	0.256917	0.41257262	1.0	838	tags=33%, list=5%, signal=35%	
WP_REGULATION_OF_ACTIN_CYTOSKELETON	WP_REGULATION_OF_ACTIN_CYTOSKELETON		102	-0.25516388	-1.198943	0.16247582	0.41616046	1.0	3123	tags=27%, list=20%, signal=34%	
REACTOME_NCAM1_INTERACTIONS	REACTOME_NCAM1_INTERACTIONS		5	-0.57469225	-1.197812	0.26706827	0.41728982	1.0	2050	tags=40%, list=13%, signal=46%	
REACTOME_DOWNSTREAM_SIGNALING_OF_ACTIVATED_FGFR3	REACTOME_DOWNSTREAM_SIGNALING_OF_ACTIVATED_FGFR3		14	-0.40642124	-1.197472	0.23421589	0.41705212	1.0	3508	tags=43%, list=23%, signal=55%	
REACTOME_INTRA_GOLGI_AND_RETROGRADE_GOLGI_TO_ER_TRAFFIC	REACTOME_INTRA_GOLGI_AND_RETROGRADE_GOLGI_TO_ER_TRAFFIC		167	-0.23380135	-1.197186	0.12635379	0.41673294	1.0	3992	tags=29%, list=26%, signal=38%	
BIOCARTA_CCR3_PATHWAY	BIOCARTA_CCR3_PATHWAY		15	-0.39665237	-1.1966395	0.23664123	0.41689205	1.0	1946	tags=27%, list=13%, signal=30%	
WP_GPCRS_CLASS_B_SECRETINLIKE	WP_GPCRS_CLASS_B_SECRETINLIKE		7	-0.5156469	-1.195587	0.25	0.41792372	1.0	3627	tags=57%, list=24%, signal=75%	
REACTOME_ACETYLCHOLINE_NEUROTRANSMITTER_RELEASE_CYCLE	REACTOME_ACETYLCHOLINE_NEUROTRANSMITTER_RELEASE_CYCLE		8	-0.48657405	-1.1955844	0.25851703	0.41712785	1.0	6851	tags=75%, list=44%, signal=135%	
REACTOME_DEPOLYMERIZATION_OF_THE_NUCLEAR_LAMINA	REACTOME_DEPOLYMERIZATION_OF_THE_NUCLEAR_LAMINA		12	-0.4321351	-1.1948785	0.26907632	0.41765735	1.0	428	tags=17%, list=3%, signal=17%	
REACTOME_TBC_RABGAPS	REACTOME_TBC_RABGAPS		32	-0.32923943	-1.1903871	0.2165992	0.4249443	1.0	3410	tags=34%, list=22%, signal=44%	
WP_OMEGA3_OMEGA6_FATTY_ACID_SYNTHESIS	WP_OMEGA3_OMEGA6_FATTY_ACID_SYNTHESIS		14	-0.41049322	-1.1877819	0.24497992	0.428923	1.0	3722	tags=50%, list=24%, signal=66%	
REACTOME_DOWNSTREAM_SIGNALING_OF_ACTIVATED_FGFR2	REACTOME_DOWNSTREAM_SIGNALING_OF_ACTIVATED_FGFR2		14	-0.40642124	-1.1870198	0.23046093	0.4294513	1.0	3508	tags=43%, list=23%, signal=55%	
REACTOME_ION_HOMEOSTASIS	REACTOME_ION_HOMEOSTASIS		34	-0.31889635	-1.1861777	0.21969697	0.43021885	1.0	3901	tags=41%, list=25%, signal=55%	
BIOCARTA_STAT3_PATHWAY	BIOCARTA_STAT3_PATHWAY		8	-0.47748667	-1.1851618	0.2430279	0.43126616	1.0	2246	tags=38%, list=15%, signal=44%	
REACTOME_DOWNSTREAM_SIGNALING_OF_ACTIVATED_FGFR4	REACTOME_DOWNSTREAM_SIGNALING_OF_ACTIVATED_FGFR4		14	-0.40642124	-1.1837313	0.27155963	0.43305138	1.0	3508	tags=43%, list=23%, signal=55%	
WP_MONOAMINE_GPCRS	WP_MONOAMINE_GPCRS		6	-0.5384419	-1.1826037	0.28827038	0.43438846	1.0	3514	tags=67%, list=23%, signal=86%	
REACTOME_FORMATION_OF_XYLULOSE_5_PHOSPHATE	REACTOME_FORMATION_OF_XYLULOSE_5_PHOSPHATE		5	-0.55722904	-1.1824739	0.28707224	0.4338069	1.0	4159	tags=80%, list=27%, signal=110%	
WP_CHOLESTEROL_METABOLISM_WITH_BLOCH_AND_KANDUTSCHRUSSELL_PATHWAYS	WP_CHOLESTEROL_METABOLISM_WITH_BLOCH_AND_KANDUTSCHRUSSELL_PATHWAYS		45	-0.29782203	-1.1761272	0.22200772	0.44467914	1.0	4911	tags=49%, list=32%, signal=72%	
BIOCARTA_ECM_PATHWAY	BIOCARTA_ECM_PATHWAY		19	-0.36219332	-1.1740292	0.22807017	0.44752485	1.0	2216	tags=26%, list=14%, signal=31%	
REACTOME_RECYCLING_PATHWAY_OF_L1	REACTOME_RECYCLING_PATHWAY_OF_L1		31	-0.31956452	-1.1717927	0.23339659	0.45091426	1.0	3781	tags=32%, list=25%, signal=43%	
BIOCARTA_NFKB_PATHWAY	BIOCARTA_NFKB_PATHWAY		20	-0.36255115	-1.1716694	0.23854962	0.45029077	1.0	4901	tags=55%, list=32%, signal=81%	
WP_PARKINSONS_DISEASE	WP_PARKINSONS_DISEASE		31	-0.32565004	-1.1703011	0.23282443	0.45202047	1.0	2770	tags=29%, list=18%, signal=35%	
WP_HEART_DEVELOPMENT	WP_HEART_DEVELOPMENT		18	-0.36842138	-1.1696583	0.23300971	0.45237184	1.0	3176	tags=33%, list=21%, signal=42%	
REACTOME_CARBOXYTERMINAL_POST_TRANSLATIONAL_MODIFICATIONS_OF_TUBULIN	REACTOME_CARBOXYTERMINAL_POST_TRANSLATIONAL_MODIFICATIONS_OF_TUBULIN		19	-0.3639832	-1.1695877	0.2552381	0.4516905	1.0	2213	tags=21%, list=14%, signal=25%	
REACTOME_GOLGI_ASSOCIATED_VESICLE_BIOGENESIS	REACTOME_GOLGI_ASSOCIATED_VESICLE_BIOGENESIS		52	-0.28399554	-1.1677103	0.20493358	0.454409	1.0	3265	tags=27%, list=21%, signal=34%	
REACTOME_G_PROTEIN_MEDIATED_EVENTS	REACTOME_G_PROTEIN_MEDIATED_EVENTS		30	-0.32459563	-1.166099	0.2332696	0.45656925	1.0	4642	tags=43%, list=30%, signal=62%	
BIOCARTA_TALL1_PATHWAY	BIOCARTA_TALL1_PATHWAY		13	-0.41080502	-1.1637107	0.27613413	0.46029973	1.0	4713	tags=69%, list=31%, signal=100%	
BIOCARTA_CSK_PATHWAY	BIOCARTA_CSK_PATHWAY		15	-0.38573346	-1.1627958	0.27238095	0.46122563	1.0	5571	tags=67%, list=36%, signal=104%	
REACTOME_POST_TRANSCRIPTIONAL_SILENCING_BY_SMALL_RNAS	REACTOME_POST_TRANSCRIPTIONAL_SILENCING_BY_SMALL_RNAS		6	-0.49976477	-1.1617429	0.29651162	0.46220317	1.0	1061	tags=17%, list=7%, signal=18%	
REACTOME_REGULATION_OF_CDH11_FUNCTION	REACTOME_REGULATION_OF_CDH11_FUNCTION		6	-0.5181396	-1.1537924	0.3127413	0.4761876	1.0	3176	tags=50%, list=21%, signal=63%	
REACTOME_NEUROTRANSMITTER_RECEPTORS_AND_POSTSYNAPTIC_SIGNAL_TRANSMISSION	REACTOME_NEUROTRANSMITTER_RECEPTORS_AND_POSTSYNAPTIC_SIGNAL_TRANSMISSION		71	-0.26233217	-1.1533448	0.19842829	0.47616738	1.0	4269	tags=35%, list=28%, signal=48%	
REACTOME_REGULATION_OF_SIGNALING_BY_CBL	REACTOME_REGULATION_OF_SIGNALING_BY_CBL		22	-0.34454918	-1.1519259	0.27855712	0.47791448	1.0	3017	tags=36%, list=20%, signal=45%	
REACTOME_SIGNALING_BY_VEGF	REACTOME_SIGNALING_BY_VEGF		92	-0.24699154	-1.1511312	0.21572211	0.47865066	1.0	5101	tags=47%, list=33%, signal=69%	
REACTOME_ROS_AND_RNS_PRODUCTION_IN_PHAGOCYTES	REACTOME_ROS_AND_RNS_PRODUCTION_IN_PHAGOCYTES		29	-0.31860384	-1.1501248	0.25148514	0.47975346	1.0	3203	tags=38%, list=21%, signal=48%	
WP_OSTEOCLAST_SIGNALING	WP_OSTEOCLAST_SIGNALING		10	-0.42938012	-1.1482221	0.2992278	0.48259315	1.0	3351	tags=50%, list=22%, signal=64%	
REACTOME_RHOBTB3_ATPASE_CYCLE	REACTOME_RHOBTB3_ATPASE_CYCLE		8	-0.46187925	-1.1475909	0.30417496	0.48297223	1.0	5840	tags=75%, list=38%, signal=121%	
BIOCARTA_IL6_PATHWAY	BIOCARTA_IL6_PATHWAY		22	-0.347812	-1.1465839	0.27938342	0.48394293	1.0	2246	tags=32%, list=15%, signal=37%	
REACTOME_VOLTAGE_GATED_POTASSIUM_CHANNELS	REACTOME_VOLTAGE_GATED_POTASSIUM_CHANNELS		16	-0.37836185	-1.1424047	0.3070707	0.49095345	1.0	3994	tags=38%, list=26%, signal=51%	
REACTOME_BIOSYNTHESIS_OF_SPECIALIZED_PRORESOLVING_MEDIATORS_SPMS	REACTOME_BIOSYNTHESIS_OF_SPECIALIZED_PRORESOLVING_MEDIATORS_SPMS		12	-0.41286418	-1.1419189	0.27416173	0.4909567	1.0	5848	tags=58%, list=38%, signal=94%	
REACTOME_KERATAN_SULFATE_BIOSYNTHESIS	REACTOME_KERATAN_SULFATE_BIOSYNTHESIS		17	-0.36770874	-1.141732	0.27552986	0.49036825	1.0	5515	tags=53%, list=36%, signal=82%	
REACTOME_CLASS_I_MHC_MEDIATED_ANTIGEN_PROCESSING_PRESENTATION	REACTOME_CLASS_I_MHC_MEDIATED_ANTIGEN_PROCESSING_PRESENTATION		315	-0.20469403	-1.1414598	0.16226415	0.48996466	1.0	3717	tags=27%, list=24%, signal=35%	
BIOCARTA_ACH_PATHWAY	BIOCARTA_ACH_PATHWAY		11	-0.42257333	-1.1414181	0.28513238	0.48915082	1.0	3956	tags=36%, list=26%, signal=49%	
REACTOME_IRS_MEDIATED_SIGNALLING	REACTOME_IRS_MEDIATED_SIGNALLING		21	-0.34286103	-1.1392119	0.270428	0.49237978	1.0	2389	tags=29%, list=15%, signal=34%	
REACTOME_CLATHRIN_MEDIATED_ENDOCYTOSIS	REACTOME_CLATHRIN_MEDIATED_ENDOCYTOSIS		114	-0.23874795	-1.1380957	0.1988743	0.49357536	1.0	5383	tags=46%, list=35%, signal=70%	
BIOCARTA_PKC_PATHWAY	BIOCARTA_PKC_PATHWAY		6	-0.5197638	-1.1359614	0.3254902	0.49670956	1.0	1363	tags=33%, list=9%, signal=37%	
BIOCARTA_BARR_MAPK_PATHWAY	BIOCARTA_BARR_MAPK_PATHWAY		10	-0.42292225	-1.1358271	0.30855018	0.4960628	1.0	4642	tags=60%, list=30%, signal=86%	
WP_ONECARBON_METABOLISM	WP_ONECARBON_METABOLISM		25	-0.33068195	-1.1341902	0.2842742	0.49843118	1.0	4783	tags=48%, list=31%, signal=69%	
REACTOME_RECYCLING_OF_BILE_ACIDS_AND_SALTS	REACTOME_RECYCLING_OF_BILE_ACIDS_AND_SALTS		7	-0.47911623	-1.1335309	0.3072165	0.4987371	1.0	3689	tags=57%, list=24%, signal=75%	
REACTOME_FORMATION_OF_FIBRIN_CLOT_CLOTTING_CASCADE	REACTOME_FORMATION_OF_FIBRIN_CLOT_CLOTTING_CASCADE		21	-0.3412273	-1.1334593	0.3030303	0.49800023	1.0	6106	tags=62%, list=40%, signal=102%	
BIOCARTA_ERYTH_PATHWAY	BIOCARTA_ERYTH_PATHWAY		6	-0.50461996	-1.1332612	0.29774126	0.49754152	1.0	805	tags=33%, list=5%, signal=35%	
WP_ONECARBON_METABOLISM_AND_RELATED_PATHWAYS	WP_ONECARBON_METABOLISM_AND_RELATED_PATHWAYS		37	-0.2945354	-1.1319895	0.26242545	0.49899092	1.0	4783	tags=41%, list=31%, signal=59%	
REACTOME_CRMPS_IN_SEMA3A_SIGNALING	REACTOME_CRMPS_IN_SEMA3A_SIGNALING		10	-0.4293063	-1.1312124	0.30056712	0.4997202	1.0	2216	tags=50%, list=14%, signal=58%	
REACTOME_CARGO_CONCENTRATION_IN_THE_ER	REACTOME_CARGO_CONCENTRATION_IN_THE_ER		28	-0.32004568	-1.1311542	0.26045626	0.49896207	1.0	3065	tags=32%, list=20%, signal=40%	
REACTOME_CARGO_RECOGNITION_FOR_CLATHRIN_MEDIATED_ENDOCYTOSIS	REACTOME_CARGO_RECOGNITION_FOR_CLATHRIN_MEDIATED_ENDOCYTOSIS		79	-0.2522529	-1.1307597	0.23416507	0.49884334	1.0	5383	tags=44%, list=35%, signal=68%	
REACTOME_CELL_DEATH_SIGNALLING_VIA_NRAGE_NRIF_AND_NADE	REACTOME_CELL_DEATH_SIGNALLING_VIA_NRAGE_NRIF_AND_NADE		60	-0.26645762	-1.1294758	0.2578125	0.5004404	1.0	2955	tags=28%, list=19%, signal=35%	
REACTOME_ORGANIC_ANION_TRANSPORTERS	REACTOME_ORGANIC_ANION_TRANSPORTERS		6	-0.49795315	-1.1287062	0.30241936	0.5010498	1.0	3166	tags=50%, list=21%, signal=63%	
REACTOME_GLUTAMATE_AND_GLUTAMINE_METABOLISM	REACTOME_GLUTAMATE_AND_GLUTAMINE_METABOLISM		10	-0.42416316	-1.1280053	0.3149284	0.5014268	1.0	4844	tags=60%, list=31%, signal=87%	
REACTOME_COBALAMIN_CBL_METABOLISM	REACTOME_COBALAMIN_CBL_METABOLISM		7	-0.4812155	-1.1264449	0.32475248	0.50369084	1.0	6492	tags=86%, list=42%, signal=148%	
REACTOME_TNFR1_INDUCED_NF_KAPPA_B_SIGNALING_PATHWAY	REACTOME_TNFR1_INDUCED_NF_KAPPA_B_SIGNALING_PATHWAY		33	-0.300527	-1.1246899	0.28721175	0.5061503	1.0	3060	tags=33%, list=20%, signal=41%	
REACTOME_SPHINGOLIPID_DE_NOVO_BIOSYNTHESIS	REACTOME_SPHINGOLIPID_DE_NOVO_BIOSYNTHESIS		23	-0.33669302	-1.1241975	0.29013538	0.50623804	1.0	4173	tags=43%, list=27%, signal=60%	
REACTOME_RETROGRADE_TRANSPORT_AT_THE_TRANS_GOLGI_NETWORK	REACTOME_RETROGRADE_TRANSPORT_AT_THE_TRANS_GOLGI_NETWORK		42	-0.28381512	-1.1217468	0.2764706	0.51008826	1.0	2078	tags=21%, list=13%, signal=25%	
REACTOME_PI3K_AKT_ACTIVATION	REACTOME_PI3K_AKT_ACTIVATION		6	-0.49403888	-1.1207035	0.3241107	0.5113322	1.0	2389	tags=33%, list=15%, signal=39%	
REACTOME_DRUG_MEDIATED_INHIBITION_OF_CDK4_CDK6_ACTIVITY	REACTOME_DRUG_MEDIATED_INHIBITION_OF_CDK4_CDK6_ACTIVITY		5	-0.5330585	-1.1198659	0.35384616	0.5120777	1.0	4455	tags=40%, list=29%, signal=56%	
BIOCARTA_TOB1_PATHWAY	BIOCARTA_TOB1_PATHWAY		17	-0.35879046	-1.1164085	0.3151751	0.5179241	1.0	5571	tags=71%, list=36%, signal=110%	
WP_KENNEDY_PATHWAY	WP_KENNEDY_PATHWAY		13	-0.39100182	-1.1141306	0.30416667	0.5216723	1.0	1499	tags=23%, list=10%, signal=26%	
BIOCARTA_GATA3_PATHWAY	BIOCARTA_GATA3_PATHWAY		11	-0.41415522	-1.113114	0.332	0.52276134	1.0	1703	tags=27%, list=11%, signal=31%	
REACTOME_SYNTHESIS_OF_BILE_ACIDS_AND_BILE_SALTS_VIA_7ALPHA_HYDROXYCHOLESTEROL	REACTOME_SYNTHESIS_OF_BILE_ACIDS_AND_BILE_SALTS_VIA_7ALPHA_HYDROXYCHOLESTEROL		9	-0.43517005	-1.1128063	0.32264528	0.5224259	1.0	4073	tags=56%, list=26%, signal=75%	
BIOCARTA_MAPK_PATHWAY	BIOCARTA_MAPK_PATHWAY		74	-0.25328904	-1.1104683	0.2809612	0.5261504	1.0	5015	tags=42%, list=33%, signal=62%	
REACTOME_SYNDECAN_INTERACTIONS	REACTOME_SYNDECAN_INTERACTIONS		12	-0.3943459	-1.1104162	0.32704404	0.5253512	1.0	1994	tags=33%, list=13%, signal=38%	
REACTOME_N_GLYCAN_TRIMMING_AND_ELONGATION_IN_THE_CIS_GOLGI	REACTOME_N_GLYCAN_TRIMMING_AND_ELONGATION_IN_THE_CIS_GOLGI		5	-0.53205776	-1.1097969	0.35211268	0.5255985	1.0	3135	tags=40%, list=20%, signal=50%	
BIOCARTA_IGF1R_PATHWAY	BIOCARTA_IGF1R_PATHWAY		20	-0.34306338	-1.1095903	0.3247012	0.52511746	1.0	4282	tags=35%, list=28%, signal=48%	
REACTOME_PLATELET_CALCIUM_HOMEOSTASIS	REACTOME_PLATELET_CALCIUM_HOMEOSTASIS		16	-0.36094892	-1.1080184	0.3247012	0.52735	1.0	2764	tags=38%, list=18%, signal=46%	
REACTOME_RHOV_GTPASE_CYCLE	REACTOME_RHOV_GTPASE_CYCLE		35	-0.29206574	-1.1048592	0.30588236	0.53286934	1.0	2154	tags=23%, list=14%, signal=27%	
WP_GENE_REGULATORY_NETWORK_MODELLING_SOMITOGENESIS	WP_GENE_REGULATORY_NETWORK_MODELLING_SOMITOGENESIS		6	-0.49874985	-1.104736	0.33652008	0.5322348	1.0	675	tags=33%, list=4%, signal=35%	
REACTOME_RAF_INDEPENDENT_MAPK1_3_ACTIVATION	REACTOME_RAF_INDEPENDENT_MAPK1_3_ACTIVATION		21	-0.3354532	-1.102121	0.34496123	0.5364504	1.0	1875	tags=29%, list=12%, signal=32%	
BIOCARTA_TNFR2_PATHWAY	BIOCARTA_TNFR2_PATHWAY		17	-0.35988146	-1.1005181	0.33007812	0.5388796	1.0	3940	tags=53%, list=26%, signal=71%	
REACTOME_TP53_REGULATES_TRANSCRIPTION_OF_CELL_DEATH_GENES	REACTOME_TP53_REGULATES_TRANSCRIPTION_OF_CELL_DEATH_GENES		14	-0.3749259	-1.1002543	0.32806325	0.53845835	1.0	17	tags=7%, list=0%, signal=7%	
REACTOME_MAPK_FAMILY_SIGNALING_CASCADES	REACTOME_MAPK_FAMILY_SIGNALING_CASCADES		233	-0.20387672	-1.0992739	0.21272728	0.53973496	1.0	2389	tags=18%, list=15%, signal=21%	
WP_GPCRS_ORPHAN	WP_GPCRS_ORPHAN		12	-0.3930515	-1.0985137	0.33333334	0.5404464	1.0	3749	tags=50%, list=24%, signal=66%	
REACTOME_GLYOXYLATE_METABOLISM_AND_GLYCINE_DEGRADATION	REACTOME_GLYOXYLATE_METABOLISM_AND_GLYCINE_DEGRADATION		11	-0.4101432	-1.098128	0.34081632	0.5403836	1.0	4261	tags=55%, list=28%, signal=75%	
BIOCARTA_BARRESTIN_PATHWAY	BIOCARTA_BARRESTIN_PATHWAY		6	-0.4889877	-1.096235	0.36382115	0.5431677	1.0	4642	tags=83%, list=30%, signal=119%	
REACTOME_SEALING_OF_THE_NUCLEAR_ENVELOPE_NE_BY_ESCRT_III	REACTOME_SEALING_OF_THE_NUCLEAR_ENVELOPE_NE_BY_ESCRT_III		23	-0.31832385	-1.095502	0.29862475	0.5437722	1.0	1817	tags=17%, list=12%, signal=20%	
REACTOME_NUCLEAR_SIGNALING_BY_ERBB4	REACTOME_NUCLEAR_SIGNALING_BY_ERBB4		9	-0.4237977	-1.0953765	0.33466136	0.5431599	1.0	3916	tags=56%, list=25%, signal=74%	
REACTOME_METABOLISM_OF_AMINO_ACIDS_AND_DERIVATIVES	REACTOME_METABOLISM_OF_AMINO_ACIDS_AND_DERIVATIVES		175	-0.21330705	-1.0950902	0.23905109	0.5428589	1.0	3793	tags=27%, list=25%, signal=35%	
REACTOME_SHC1_EVENTS_IN_ERBB2_SIGNALING	REACTOME_SHC1_EVENTS_IN_ERBB2_SIGNALING		9	-0.42296928	-1.0942777	0.32871288	0.5435925	1.0	2110	tags=33%, list=14%, signal=39%	
BIOCARTA_EXTRINSIC_PATHWAY	BIOCARTA_EXTRINSIC_PATHWAY		5	-0.53333086	-1.093304	0.37014315	0.5446013	1.0	2169	tags=40%, list=14%, signal=47%	
BIOCARTA_MPR_PATHWAY	BIOCARTA_MPR_PATHWAY		14	-0.37478495	-1.0919428	0.33206108	0.54643553	1.0	838	tags=14%, list=5%, signal=15%	
REACTOME_POST_TRANSLATIONAL_MODIFICATION_SYNTHESIS_OF_GPI_ANCHORED_PROTEINS	REACTOME_POST_TRANSLATIONAL_MODIFICATION_SYNTHESIS_OF_GPI_ANCHORED_PROTEINS		46	-0.27090514	-1.0902892	0.32786885	0.5488328	1.0	747	tags=13%, list=5%, signal=14%	
WP_LEPTININSULIN_SIGNALING_OVERLAP	WP_LEPTININSULIN_SIGNALING_OVERLAP		13	-0.37980884	-1.0894531	0.338843	0.5495791	1.0	4072	tags=38%, list=26%, signal=52%	
REACTOME_MET_RECEPTOR_RECYCLING	REACTOME_MET_RECEPTOR_RECYCLING		10	-0.40698943	-1.0884691	0.34935305	0.5507308	1.0	1636	tags=30%, list=11%, signal=34%	
REACTOME_P75_NTR_RECEPTOR_MEDIATED_SIGNALLING	REACTOME_P75_NTR_RECEPTOR_MEDIATED_SIGNALLING		73	-0.2488111	-1.0874479	0.31669867	0.5518368	1.0	2955	tags=26%, list=19%, signal=32%	
REACTOME_SYNTHESIS_OF_PC	REACTOME_SYNTHESIS_OF_PC		20	-0.3292389	-1.0866876	0.3372549	0.55242527	1.0	4364	tags=30%, list=28%, signal=42%	
REACTOME_DEFENSINS	REACTOME_DEFENSINS		5	-0.5183542	-1.0826383	0.36327344	0.55979013	1.0	4823	tags=60%, list=31%, signal=87%	
REACTOME_PEPTIDE_HORMONE_METABOLISM	REACTOME_PEPTIDE_HORMONE_METABOLISM		33	-0.2969437	-1.0818489	0.3365949	0.56052697	1.0	4037	tags=30%, list=26%, signal=41%	
REACTOME_TRAIL_SIGNALING	REACTOME_TRAIL_SIGNALING		5	-0.51644486	-1.0784577	0.40076336	0.56648064	1.0	4681	tags=40%, list=30%, signal=57%	
BIOCARTA_BLYMPHOCYTE_PATHWAY	BIOCARTA_BLYMPHOCYTE_PATHWAY		9	-0.41684857	-1.0782181	0.35573122	0.56603503	1.0	5182	tags=67%, list=34%, signal=100%	
REACTOME_SYNTHESIS_OF_BILE_ACIDS_AND_BILE_SALTS_VIA_27_HYDROXYCHOLESTEROL	REACTOME_SYNTHESIS_OF_BILE_ACIDS_AND_BILE_SALTS_VIA_27_HYDROXYCHOLESTEROL		5	-0.5243481	-1.0775386	0.38867188	0.56651515	1.0	4073	tags=80%, list=26%, signal=109%	
WP_TGFBETA_SIGNALING_PATHWAY	WP_TGFBETA_SIGNALING_PATHWAY		41	-0.27964574	-1.0753049	0.3559322	0.57017154	1.0	4373	tags=41%, list=28%, signal=58%	
WP_GLUCURONIDATION	WP_GLUCURONIDATION		6	-0.48253697	-1.0740951	0.3764706	0.57168984	1.0	2122	tags=33%, list=14%, signal=39%	
REACTOME_REGULATION_OF_MITF_M_DEPENDENT_GENES_INVOLVED_IN_CELL_CYCLE_AND_PROLIFERATION	REACTOME_REGULATION_OF_MITF_M_DEPENDENT_GENES_INVOLVED_IN_CELL_CYCLE_AND_PROLIFERATION		7	-0.45719674	-1.0710647	0.39	0.5770521	1.0	4887	tags=86%, list=32%, signal=125%	
REACTOME_ASSEMBLY_OF_ACTIVE_LPL_AND_LIPC_LIPASE_COMPLEXES	REACTOME_ASSEMBLY_OF_ACTIVE_LPL_AND_LIPC_LIPASE_COMPLEXES		7	-0.46035108	-1.0700418	0.37795275	0.5783195	1.0	2141	tags=43%, list=14%, signal=50%	
WP_MIR193A_AND_MVP_IN_COLON_CANCER_METASTASIS	WP_MIR193A_AND_MVP_IN_COLON_CANCER_METASTASIS		6	-0.48599514	-1.0697763	0.40501043	0.5780151	1.0	2083	tags=33%, list=14%, signal=39%	
REACTOME_PLASMA_LIPOPROTEIN_ASSEMBLY	REACTOME_PLASMA_LIPOPROTEIN_ASSEMBLY		9	-0.41537452	-1.0685204	0.38178295	0.5797147	1.0	624	tags=22%, list=4%, signal=23%	
REACTOME_AZATHIOPRINE_ADME	REACTOME_AZATHIOPRINE_ADME		19	-0.3319073	-1.0677334	0.35714287	0.5804091	1.0	5405	tags=47%, list=35%, signal=73%	
WP_WNT_SIGNALING_IN_KIDNEY_DISEASE	WP_WNT_SIGNALING_IN_KIDNEY_DISEASE		25	-0.31128436	-1.0676321	0.3468992	0.57967645	1.0	4149	tags=36%, list=27%, signal=49%	
WP_DISTAL_CONVOLUTED_TUBULE_1_DCT1_CELL	WP_DISTAL_CONVOLUTED_TUBULE_1_DCT1_CELL		5	-0.5105656	-1.0669888	0.43253967	0.5801121	1.0	2439	tags=40%, list=16%, signal=48%	
REACTOME_G_ALPHA_12_13_SIGNALLING_EVENTS	REACTOME_G_ALPHA_12_13_SIGNALLING_EVENTS		61	-0.25467843	-1.0664415	0.3561644	0.5803983	1.0	4854	tags=43%, list=31%, signal=62%	
WP_MICRORNAS_IN_CARDIOMYOCYTE_HYPERTROPHY	WP_MICRORNAS_IN_CARDIOMYOCYTE_HYPERTROPHY		66	-0.24352643	-1.0655222	0.31931165	0.5813598	1.0	4713	tags=41%, list=31%, signal=59%	
REACTOME_DERMATAN_SULFATE_BIOSYNTHESIS	REACTOME_DERMATAN_SULFATE_BIOSYNTHESIS		5	-0.50813913	-1.0648673	0.41935483	0.5817678	1.0	3097	tags=40%, list=20%, signal=50%	
REACTOME_INTRINSIC_PATHWAY_OF_FIBRIN_CLOT_FORMATION	REACTOME_INTRINSIC_PATHWAY_OF_FIBRIN_CLOT_FORMATION		12	-0.36913422	-1.0640813	0.37721023	0.5823421	1.0	4487	tags=42%, list=29%, signal=59%	
REACTOME_A_TETRASACCHARIDE_LINKER_SEQUENCE_IS_REQUIRED_FOR_GAG_SYNTHESIS	REACTOME_A_TETRASACCHARIDE_LINKER_SEQUENCE_IS_REQUIRED_FOR_GAG_SYNTHESIS		13	-0.3706331	-1.0636116	0.36309522	0.582427	1.0	4639	tags=54%, list=30%, signal=77%	
BIOCARTA_IL2RB_PATHWAY	BIOCARTA_IL2RB_PATHWAY		35	-0.28712705	-1.0634296	0.34791252	0.58187395	1.0	4209	tags=37%, list=27%, signal=51%	
REACTOME_SIGNALING_BY_NTRK1_TRKA	REACTOME_SIGNALING_BY_NTRK1_TRKA		58	-0.24890204	-1.0609645	0.31509435	0.5859318	1.0	4148	tags=31%, list=27%, signal=42%	
WP_CALCIUM_REGULATION_IN_CARDIAC_CELLS	WP_CALCIUM_REGULATION_IN_CARDIAC_CELLS		93	-0.22787593	-1.0605447	0.3458498	0.5858816	1.0	2498	tags=23%, list=16%, signal=27%	
BIOCARTA_IL12_PATHWAY	BIOCARTA_IL12_PATHWAY		19	-0.32813755	-1.058647	0.38223937	0.5889903	1.0	5571	tags=68%, list=36%, signal=107%	
REACTOME_GLUTAMATE_NEUROTRANSMITTER_RELEASE_CYCLE	REACTOME_GLUTAMATE_NEUROTRANSMITTER_RELEASE_CYCLE		12	-0.3806866	-1.0582337	0.39156628	0.5889766	1.0	1330	tags=17%, list=9%, signal=18%	
REACTOME_CELL_EXTRACELLULAR_MATRIX_INTERACTIONS	REACTOME_CELL_EXTRACELLULAR_MATRIX_INTERACTIONS		12	-0.37894905	-1.0571367	0.3943662	0.59027386	1.0	4395	tags=50%, list=29%, signal=70%	
REACTOME_FATTY_ACIDS_BOUND_TO_GPR40_FFAR1_REGULATE_INSULIN_SECRETION	REACTOME_FATTY_ACIDS_BOUND_TO_GPR40_FFAR1_REGULATE_INSULIN_SECRETION		7	-0.4424532	-1.053987	0.4235977	0.59595907	1.0	4053	tags=43%, list=26%, signal=58%	
WP_GPCRS_SMALL_LIGAND	WP_GPCRS_SMALL_LIGAND		12	-0.3848683	-1.0535585	0.4054054	0.5957978	1.0	5406	tags=58%, list=35%, signal=90%	
REACTOME_GAB1_SIGNALOSOME	REACTOME_GAB1_SIGNALOSOME		12	-0.3789124	-1.0533749	0.39478958	0.5952712	1.0	4295	tags=50%, list=28%, signal=69%	
REACTOME_INCRETIN_SYNTHESIS_SECRETION_AND_INACTIVATION	REACTOME_INCRETIN_SYNTHESIS_SECRETION_AND_INACTIVATION		5	-0.49549395	-1.0487224	0.42331287	0.6041007	1.0	442	tags=20%, list=3%, signal=21%	
WP_SIGNAL_TRANSDUCTION_OF_S1P_RECEPTOR	WP_SIGNAL_TRANSDUCTION_OF_S1P_RECEPTOR		20	-0.32193896	-1.0481769	0.3916501	0.60433805	1.0	1077	tags=15%, list=7%, signal=16%	
REACTOME_TNFR2_NON_CANONICAL_NF_KB_PATHWAY	REACTOME_TNFR2_NON_CANONICAL_NF_KB_PATHWAY		91	-0.22621693	-1.0480953	0.35203093	0.60355693	1.0	3380	tags=24%, list=22%, signal=31%	
WP_FOLIC_ACID_NETWORK	WP_FOLIC_ACID_NETWORK		17	-0.34193203	-1.0465046	0.39583334	0.6057918	1.0	6295	tags=71%, list=41%, signal=119%	
BIOCARTA_CTLA4_PATHWAY	BIOCARTA_CTLA4_PATHWAY		16	-0.34976077	-1.0457426	0.39960238	0.6063224	1.0	5571	tags=69%, list=36%, signal=108%	
REACTOME_DOPAMINE_NEUROTRANSMITTER_RELEASE_CYCLE	REACTOME_DOPAMINE_NEUROTRANSMITTER_RELEASE_CYCLE		14	-0.3579694	-1.0447512	0.40508807	0.60750854	1.0	2976	tags=29%, list=19%, signal=35%	
REACTOME_TIE2_SIGNALING	REACTOME_TIE2_SIGNALING		12	-0.36165425	-1.0445123	0.39453125	0.6070922	1.0	2389	tags=33%, list=15%, signal=39%	
WP_MYOMETRIAL_RELAXATION_AND_CONTRACTION_PATHWAYS	WP_MYOMETRIAL_RELAXATION_AND_CONTRACTION_PATHWAYS		109	-0.21731246	-1.0438178	0.35514018	0.6074877	1.0	4395	tags=38%, list=29%, signal=52%	
REACTOME_TOLL_LIKE_RECEPTOR_9_TLR9_CASCADE	REACTOME_TOLL_LIKE_RECEPTOR_9_TLR9_CASCADE		95	-0.22278354	-1.0435293	0.37570092	0.6071337	1.0	4901	tags=41%, list=32%, signal=60%	
WP_BLOOD_CLOTTING_CASCADE	WP_BLOOD_CLOTTING_CASCADE		8	-0.42295375	-1.042881	0.39285713	0.607611	1.0	5432	tags=75%, list=35%, signal=116%	
REACTOME_WNT5A_DEPENDENT_INTERNALIZATION_OF_FZD2_FZD5_AND_ROR2	REACTOME_WNT5A_DEPENDENT_INTERNALIZATION_OF_FZD2_FZD5_AND_ROR2		9	-0.4063179	-1.0420239	0.4071856	0.6085137	1.0	5316	tags=44%, list=34%, signal=68%	
BIOCARTA_VITCB_PATHWAY	BIOCARTA_VITCB_PATHWAY		7	-0.43763182	-1.038945	0.38140416	0.61399674	1.0	4517	tags=57%, list=29%, signal=81%	
BIOCARTA_ERK5_PATHWAY	BIOCARTA_ERK5_PATHWAY		13	-0.35482457	-1.038816	0.3888889	0.61335737	1.0	3274	tags=31%, list=21%, signal=39%	
REACTOME_RAB_REGULATION_OF_TRAFFICKING	REACTOME_RAB_REGULATION_OF_TRAFFICKING		111	-0.21961635	-1.037868	0.35934663	0.61435276	1.0	5164	tags=43%, list=33%, signal=65%	
REACTOME_GLYCOGEN_BREAKDOWN_GLYCOGENOLYSIS	REACTOME_GLYCOGEN_BREAKDOWN_GLYCOGENOLYSIS		13	-0.3596301	-1.0373812	0.410101	0.61440295	1.0	1101	tags=23%, list=7%, signal=25%	
REACTOME_REGULATED_PROTEOLYSIS_OF_P75NTR	REACTOME_REGULATED_PROTEOLYSIS_OF_P75NTR		9	-0.40033263	-1.0372314	0.4207317	0.61372787	1.0	2399	tags=44%, list=16%, signal=53%	
REACTOME_SYNTHESIS_OF_PROSTAGLANDINS_PG_AND_THROMBOXANES_TX	REACTOME_SYNTHESIS_OF_PROSTAGLANDINS_PG_AND_THROMBOXANES_TX		7	-0.43629703	-1.0371811	0.43469787	0.6128943	1.0	517	tags=29%, list=3%, signal=30%	
REACTOME_INTERFERON_ALPHA_BETA_SIGNALING	REACTOME_INTERFERON_ALPHA_BETA_SIGNALING		20	-0.32264057	-1.0368057	0.4239351	0.6126725	1.0	4562	tags=50%, list=30%, signal=71%	
REACTOME_CYTOCHROME_P450_ARRANGED_BY_SUBSTRATE_TYPE	REACTOME_CYTOCHROME_P450_ARRANGED_BY_SUBSTRATE_TYPE		20	-0.32206473	-1.0353627	0.41044775	0.6147603	1.0	4140	tags=45%, list=27%, signal=61%	
REACTOME_PKR_MEDIATED_SIGNALING	REACTOME_PKR_MEDIATED_SIGNALING		60	-0.24659231	-1.0317599	0.411985	0.6213148	1.0	2623	tags=23%, list=17%, signal=28%	
REACTOME_SIGNAL_TRANSDUCTION_BY_L1	REACTOME_SIGNAL_TRANSDUCTION_BY_L1		18	-0.33222052	-1.0305973	0.39350912	0.6228758	1.0	5042	tags=39%, list=33%, signal=58%	
BIOCARTA_EPHA4_PATHWAY	BIOCARTA_EPHA4_PATHWAY		7	-0.42158163	-1.0250325	0.42166343	0.6337373	1.0	2216	tags=43%, list=14%, signal=50%	
BIOCARTA_IL3_PATHWAY	BIOCARTA_IL3_PATHWAY		14	-0.35559383	-1.0223325	0.41516966	0.6385319	1.0	2273	tags=36%, list=15%, signal=42%	
BIOCARTA_TCAPOPTOSIS_PATHWAY	BIOCARTA_TCAPOPTOSIS_PATHWAY		9	-0.40126258	-1.022258	0.41040462	0.6377188	1.0	5571	tags=89%, list=36%, signal=139%	
REACTOME_TOLL_LIKE_RECEPTOR_4_TLR4_CASCADE	REACTOME_TOLL_LIKE_RECEPTOR_4_TLR4_CASCADE		112	-0.21278821	-1.0212151	0.4047187	0.63906676	1.0	3989	tags=33%, list=26%, signal=44%	
WP_WNT_SIGNALING	WP_WNT_SIGNALING		43	-0.2591964	-1.0210094	0.42669174	0.63848436	1.0	4321	tags=35%, list=28%, signal=48%	
REACTOME_PEROXISOMAL_PROTEIN_IMPORT	REACTOME_PEROXISOMAL_PROTEIN_IMPORT		55	-0.24372286	-1.0203938	0.41535434	0.63885266	1.0	2958	tags=27%, list=19%, signal=34%	
REACTOME_INTERFERON_SIGNALING	REACTOME_INTERFERON_SIGNALING		117	-0.21264024	-1.0203251	0.4185185	0.638057	1.0	2896	tags=23%, list=19%, signal=28%	
WP_WNT_SIGNALING_PATHWAY	WP_WNT_SIGNALING_PATHWAY		80	-0.22742954	-1.0198967	0.416318	0.6380456	1.0	4149	tags=30%, list=27%, signal=41%	
REACTOME_EUKARYOTIC_TRANSLATION_ELONGATION	REACTOME_EUKARYOTIC_TRANSLATION_ELONGATION		5	-0.489175	-1.0166804	0.46332046	0.64382774	1.0	4564	tags=60%, list=30%, signal=85%	
WP_ID_SIGNALING_PATHWAY	WP_ID_SIGNALING_PATHWAY		38	-0.26452443	-1.0159967	0.41434264	0.64430165	1.0	1363	tags=16%, list=9%, signal=17%	
REACTOME_SHC_RELATED_EVENTS_TRIGGERED_BY_IGF1R	REACTOME_SHC_RELATED_EVENTS_TRIGGERED_BY_IGF1R		5	-0.47357094	-1.0138919	0.4328063	0.64789355	1.0	2049	tags=40%, list=13%, signal=46%	
REACTOME_NONCANONICAL_ACTIVATION_OF_NOTCH3	REACTOME_NONCANONICAL_ACTIVATION_OF_NOTCH3		6	-0.4464333	-1.0137807	0.41699606	0.6471747	1.0	2399	tags=50%, list=16%, signal=59%	
REACTOME_ZBP1_DAI_MEDIATED_INDUCTION_OF_TYPE_I_IFNS	REACTOME_ZBP1_DAI_MEDIATED_INDUCTION_OF_TYPE_I_IFNS		13	-0.35853142	-1.011226	0.44869214	0.6518147	1.0	3940	tags=46%, list=26%, signal=62%	
REACTOME_SIGNALING_BY_EGFR	REACTOME_SIGNALING_BY_EGFR		39	-0.26439756	-1.009375	0.4469697	0.65481806	1.0	2912	tags=31%, list=19%, signal=38%	
REACTOME_PROSTANOID_LIGAND_RECEPTORS	REACTOME_PROSTANOID_LIGAND_RECEPTORS		6	-0.44169378	-1.0070391	0.4616896	0.65879756	1.0	4594	tags=50%, list=30%, signal=71%	
BIOCARTA_IL4_PATHWAY	BIOCARTA_IL4_PATHWAY		9	-0.39245805	-1.0050523	0.48125	0.6620953	1.0	3274	tags=44%, list=21%, signal=56%	
REACTOME_PREGNENOLONE_BIOSYNTHESIS	REACTOME_PREGNENOLONE_BIOSYNTHESIS		11	-0.37187162	-1.0048398	0.4317719	0.66158605	1.0	1324	tags=27%, list=9%, signal=30%	
REACTOME_SYNTHESIS_OF_DIPHTHAMIDE_EEF2	REACTOME_SYNTHESIS_OF_DIPHTHAMIDE_EEF2		7	-0.4253852	-1.0046293	0.45901638	0.66111463	1.0	2324	tags=43%, list=15%, signal=50%	
BIOCARTA_BTG2_PATHWAY	BIOCARTA_BTG2_PATHWAY		8	-0.39630574	-1.0035837	0.4607646	0.66241294	1.0	3590	tags=38%, list=23%, signal=49%	
BIOCARTA_MET_PATHWAY	BIOCARTA_MET_PATHWAY		32	-0.2698822	-1.0029917	0.44400784	0.6627866	1.0	2246	tags=22%, list=15%, signal=26%	
REACTOME_INWARDLY_RECTIFYING_K_CHANNELS	REACTOME_INWARDLY_RECTIFYING_K_CHANNELS		18	-0.32264104	-1.002143	0.42828685	0.66368854	1.0	2573	tags=28%, list=17%, signal=33%	
REACTOME_THE_NLRP3_INFLAMMASOME	REACTOME_THE_NLRP3_INFLAMMASOME		10	-0.38270557	-1.001722	0.46138212	0.6637107	1.0	3589	tags=40%, list=23%, signal=52%	
REACTOME_SYNTHESIS_OF_PA	REACTOME_SYNTHESIS_OF_PA		29	-0.27975783	-1.0014195	0.4446565	0.66337126	1.0	4908	tags=48%, list=32%, signal=71%	
BIOCARTA_ERAD_PATHWAY	BIOCARTA_ERAD_PATHWAY		14	-0.34411126	-1.0009136	0.45652175	0.6634336	1.0	2533	tags=36%, list=16%, signal=43%	
REACTOME_METABOLISM_OF_STEROIDS	REACTOME_METABOLISM_OF_STEROIDS		75	-0.22358595	-0.99997395	0.44401544	0.6645458	1.0	3194	tags=28%, list=21%, signal=35%	
REACTOME_MET_ACTIVATES_RAS_SIGNALING	REACTOME_MET_ACTIVATES_RAS_SIGNALING		9	-0.39196107	-0.99914134	0.47717842	0.665277	1.0	2049	tags=33%, list=13%, signal=38%	
BIOCARTA_RAC1_PATHWAY	BIOCARTA_RAC1_PATHWAY		17	-0.32483312	-0.9970538	0.45697898	0.66869986	1.0	1946	tags=24%, list=13%, signal=27%	
BIOCARTA_PAR1_PATHWAY	BIOCARTA_PAR1_PATHWAY		16	-0.32888147	-0.99633884	0.44528303	0.6692266	1.0	1946	tags=19%, list=13%, signal=21%	
REACTOME_SIGNALING_BY_FGFR1	REACTOME_SIGNALING_BY_FGFR1		36	-0.26241273	-0.99550664	0.46307385	0.6700856	1.0	3781	tags=33%, list=25%, signal=44%	
REACTOME_DISSOLUTION_OF_FIBRIN_CLOT	REACTOME_DISSOLUTION_OF_FIBRIN_CLOT		8	-0.39742544	-0.99526393	0.44271845	0.66962916	1.0	5261	tags=38%, list=34%, signal=57%	
REACTOME_CTLA4_INHIBITORY_SIGNALING	REACTOME_CTLA4_INHIBITORY_SIGNALING		21	-0.3095853	-0.99481523	0.4367347	0.66970235	1.0	4791	tags=52%, list=31%, signal=76%	
REACTOME_METABOLISM_OF_STEROID_HORMONES	REACTOME_METABOLISM_OF_STEROID_HORMONES		20	-0.30582562	-0.99431545	0.45185184	0.6697916	1.0	1324	tags=20%, list=9%, signal=22%	
BIOCARTA_CYTOKINE_PATHWAY	BIOCARTA_CYTOKINE_PATHWAY		9	-0.39205107	-0.99066216	0.4652908	0.67668384	1.0	4803	tags=67%, list=31%, signal=97%	
BIOCARTA_CREB_PATHWAY	BIOCARTA_CREB_PATHWAY		19	-0.31234518	-0.9883027	0.46078432	0.6808255	1.0	922	tags=16%, list=6%, signal=17%	
BIOCARTA_KERATINOCYTE_PATHWAY	BIOCARTA_KERATINOCYTE_PATHWAY		45	-0.24882446	-0.9836981	0.46407768	0.68986833	1.0	4713	tags=42%, list=31%, signal=61%	
BIOCARTA_CHEMICAL_PATHWAY	BIOCARTA_CHEMICAL_PATHWAY		18	-0.3089603	-0.9826365	0.47408828	0.6911054	1.0	3274	tags=28%, list=21%, signal=35%	
REACTOME_SIGNALING_BY_FGFR3	REACTOME_SIGNALING_BY_FGFR3		30	-0.2643797	-0.9812442	0.45882353	0.6930217	1.0	3781	tags=33%, list=25%, signal=44%	
REACTOME_BH3_ONLY_PROTEINS_ASSOCIATE_WITH_AND_INACTIVATE_ANTI_APOPTOTIC_BCL_2_MEMBERS	REACTOME_BH3_ONLY_PROTEINS_ASSOCIATE_WITH_AND_INACTIVATE_ANTI_APOPTOTIC_BCL_2_MEMBERS		7	-0.41188103	-0.9806311	0.4805915	0.69339615	1.0	1227	tags=29%, list=8%, signal=31%	
REACTOME_AMINO_ACIDS_REGULATE_MTORC1	REACTOME_AMINO_ACIDS_REGULATE_MTORC1		51	-0.23437327	-0.97880036	0.48242188	0.6962781	1.0	3203	tags=27%, list=21%, signal=35%	
REACTOME_TYPE_I_HEMIDESMOSOME_ASSEMBLY	REACTOME_TYPE_I_HEMIDESMOSOME_ASSEMBLY		6	-0.43958375	-0.9759693	0.46601942	0.70129216	1.0	499	tags=17%, list=3%, signal=17%	
BIOCARTA_NOS1_PATHWAY	BIOCARTA_NOS1_PATHWAY		15	-0.3275502	-0.97508454	0.49242425	0.70227647	1.0	1107	tags=20%, list=7%, signal=22%	
BIOCARTA_PPARG_PATHWAY	BIOCARTA_PPARG_PATHWAY		7	-0.41422728	-0.97250193	0.5	0.70723814	1.0	1896	tags=43%, list=12%, signal=49%	
BIOCARTA_ERK_PATHWAY	BIOCARTA_ERK_PATHWAY		20	-0.29848874	-0.9720373	0.48303393	0.70719284	1.0	2712	tags=30%, list=18%, signal=36%	
WP_LEPTIN_AND_ADIPONECTIN	WP_LEPTIN_AND_ADIPONECTIN		8	-0.3943358	-0.9717466	0.48303393	0.7068745	1.0	4357	tags=63%, list=28%, signal=87%	
BIOCARTA_EPO_PATHWAY	BIOCARTA_EPO_PATHWAY		19	-0.300424	-0.9637298	0.4748062	0.72325355	1.0	2591	tags=26%, list=17%, signal=32%	
BIOCARTA_HIVNEF_PATHWAY	BIOCARTA_HIVNEF_PATHWAY		54	-0.23265493	-0.96259034	0.521576	0.7247319	1.0	4740	tags=39%, list=31%, signal=56%	
WP_EICOSANOID_LIPID_SYNTHESIS_MAP	WP_EICOSANOID_LIPID_SYNTHESIS_MAP		7	-0.4082651	-0.9625027	0.5031579	0.7238914	1.0	4107	tags=43%, list=27%, signal=58%	
REACTOME_BUTYROPHILIN_BTN_FAMILY_INTERACTIONS	REACTOME_BUTYROPHILIN_BTN_FAMILY_INTERACTIONS		6	-0.43122503	-0.96057284	0.5030181	0.7270685	1.0	4045	tags=67%, list=26%, signal=90%	
REACTOME_EPHA_MEDIATED_GROWTH_CONE_COLLAPSE	REACTOME_EPHA_MEDIATED_GROWTH_CONE_COLLAPSE		10	-0.35820594	-0.96026087	0.5046555	0.726716	1.0	4160	tags=60%, list=27%, signal=82%	
REACTOME_PLATELET_HOMEOSTASIS	REACTOME_PLATELET_HOMEOSTASIS		53	-0.23075686	-0.9590551	0.5046211	0.72847176	1.0	2764	tags=25%, list=18%, signal=30%	
BIOCARTA_MEF2D_PATHWAY	BIOCARTA_MEF2D_PATHWAY		15	-0.31941906	-0.9586636	0.50187266	0.728255	1.0	1134	tags=20%, list=7%, signal=22%	
BIOCARTA_INFLAM_PATHWAY	BIOCARTA_INFLAM_PATHWAY		10	-0.36217552	-0.9572858	0.5070422	0.7304263	1.0	4823	tags=70%, list=31%, signal=102%	
REACTOME_INFLAMMASOMES	REACTOME_INFLAMMASOMES		13	-0.33972123	-0.95644766	0.51097804	0.7312756	1.0	4936	tags=46%, list=32%, signal=68%	
REACTOME_SODIUM_PROTON_EXCHANGERS	REACTOME_SODIUM_PROTON_EXCHANGERS		6	-0.4297146	-0.9555653	0.49411765	0.73225564	1.0	4657	tags=67%, list=30%, signal=95%	
REACTOME_SIGNAL_ATTENUATION	REACTOME_SIGNAL_ATTENUATION		8	-0.38282764	-0.9552427	0.498998	0.73187464	1.0	2049	tags=25%, list=13%, signal=29%	
REACTOME_CD22_MEDIATED_BCR_REGULATION	REACTOME_CD22_MEDIATED_BCR_REGULATION		8	-0.39172408	-0.95512795	0.496063	0.73110735	1.0	4735	tags=50%, list=31%, signal=72%	
REACTOME_RHO_GTPASES_ACTIVATE_IQGAPS	REACTOME_RHO_GTPASES_ACTIVATE_IQGAPS		26	-0.26990446	-0.9545249	0.5143954	0.7314119	1.0	1817	tags=19%, list=12%, signal=22%	
BIOCARTA_CDMAC_PATHWAY	BIOCARTA_CDMAC_PATHWAY		14	-0.32506883	-0.95231175	0.51361865	0.7351697	1.0	2730	tags=29%, list=18%, signal=35%	
REACTOME_ENDOGENOUS_STEROLS	REACTOME_ENDOGENOUS_STEROLS		14	-0.3234908	-0.95089906	0.52277225	0.73718	1.0	4140	tags=50%, list=27%, signal=68%	
REACTOME_NETRIN_1_SIGNALING	REACTOME_NETRIN_1_SIGNALING		11	-0.3483155	-0.9501723	0.51497006	0.737633	1.0	4321	tags=55%, list=28%, signal=76%	
REACTOME_COPI_INDEPENDENT_GOLGI_TO_ER_RETROGRADE_TRAFFIC	REACTOME_COPI_INDEPENDENT_GOLGI_TO_ER_RETROGRADE_TRAFFIC		42	-0.24501573	-0.94967437	0.5210421	0.7377265	1.0	3383	tags=26%, list=22%, signal=33%	
WP_ETHANOL_METABOLISM_RESULTING_IN_PRODUCTION_OF_ROS_BY_CYP2E1	WP_ETHANOL_METABOLISM_RESULTING_IN_PRODUCTION_OF_ROS_BY_CYP2E1		9	-0.37029743	-0.9483537	0.51012146	0.73951864	1.0	4305	tags=56%, list=28%, signal=77%	
BIOCARTA_IL1R_PATHWAY	BIOCARTA_IL1R_PATHWAY		27	-0.26640174	-0.9472644	0.54924244	0.74093324	1.0	3989	tags=41%, list=26%, signal=55%	
WP_NUCLEOTIDE_GPCRS	WP_NUCLEOTIDE_GPCRS		7	-0.40615004	-0.9470635	0.5194085	0.7403236	1.0	2643	tags=43%, list=17%, signal=52%	
REACTOME_ERBB2_ACTIVATES_PTK6_SIGNALING	REACTOME_ERBB2_ACTIVATES_PTK6_SIGNALING		5	-0.450117	-0.945908	0.5397149	0.7418368	1.0	5290	tags=60%, list=34%, signal=91%	
REACTOME_CD209_DC_SIGN_SIGNALING	REACTOME_CD209_DC_SIGN_SIGNALING		16	-0.3066547	-0.9453466	0.53095686	0.7420713	1.0	4160	tags=44%, list=27%, signal=60%	
REACTOME_SIGNALING_BY_HEDGEHOG	REACTOME_SIGNALING_BY_HEDGEHOG		118	-0.19641252	-0.94421864	0.5614035	0.7434075	1.0	3900	tags=29%, list=25%, signal=38%	
REACTOME_WNT5A_DEPENDENT_INTERNALIZATION_OF_FZD4	REACTOME_WNT5A_DEPENDENT_INTERNALIZATION_OF_FZD4		12	-0.33948517	-0.9439083	0.5019841	0.74306554	1.0	3774	tags=25%, list=24%, signal=33%	
REACTOME_REGULATION_OF_CHOLESTEROL_BIOSYNTHESIS_BY_SREBP_SREBF	REACTOME_REGULATION_OF_CHOLESTEROL_BIOSYNTHESIS_BY_SREBP_SREBF		7	-0.40777344	-0.9436058	0.52917504	0.7426627	1.0	2798	tags=43%, list=18%, signal=52%	
REACTOME_NUCLEOTIDE_CATABOLISM	REACTOME_NUCLEOTIDE_CATABOLISM		27	-0.26697806	-0.942961	0.55069584	0.74294	1.0	4088	tags=44%, list=27%, signal=60%	
REACTOME_VITAMIN_B2_RIBOFLAVIN_METABOLISM	REACTOME_VITAMIN_B2_RIBOFLAVIN_METABOLISM		6	-0.42420664	-0.9425262	0.5247525	0.74289024	1.0	1087	tags=33%, list=7%, signal=36%	
REACTOME_REPRODUCTION	REACTOME_REPRODUCTION		10	-0.35818943	-0.94110614	0.5374532	0.7448609	1.0	3506	tags=40%, list=23%, signal=52%	
BIOCARTA_TCR_PATHWAY	BIOCARTA_TCR_PATHWAY		40	-0.23973751	-0.94108737	0.51262134	0.74387026	1.0	2591	tags=23%, list=17%, signal=27%	
REACTOME_INTEGRIN_SIGNALING	REACTOME_INTEGRIN_SIGNALING		24	-0.27744845	-0.9406214	0.5507246	0.7438701	1.0	3274	tags=38%, list=21%, signal=48%	
REACTOME_REGULATION_OF_LIPID_METABOLISM_BY_PPARALPHA	REACTOME_REGULATION_OF_LIPID_METABOLISM_BY_PPARALPHA		15	-0.3214881	-0.9396063	0.5390782	0.7450475	1.0	4596	tags=53%, list=30%, signal=76%	
BIOCARTA_UCALPAIN_PATHWAY	BIOCARTA_UCALPAIN_PATHWAY		10	-0.35489458	-0.9366044	0.52963674	0.75043625	1.0	7068	tags=80%, list=46%, signal=148%	
REACTOME_TRANSCRIPTIONAL_REGULATION_BY_MECP2	REACTOME_TRANSCRIPTIONAL_REGULATION_BY_MECP2		5	-0.44786692	-0.93643296	0.51703405	0.74977833	1.0	5178	tags=60%, list=34%, signal=90%	
REACTOME_ANTIVIRAL_MECHANISM_BY_IFN_STIMULATED_GENES	REACTOME_ANTIVIRAL_MECHANISM_BY_IFN_STIMULATED_GENES		87	-0.20509924	-0.9357769	0.59029126	0.75016075	1.0	2630	tags=21%, list=17%, signal=25%	
REACTOME_SYNTHESIS_OF_PIPS_AT_THE_EARLY_ENDOSOME_MEMBRANE	REACTOME_SYNTHESIS_OF_PIPS_AT_THE_EARLY_ENDOSOME_MEMBRANE		15	-0.31841213	-0.9352181	0.5329341	0.7502861	1.0	1416	tags=20%, list=9%, signal=22%	
REACTOME_TRAF6_MEDIATED_NF_KB_ACTIVATION	REACTOME_TRAF6_MEDIATED_NF_KB_ACTIVATION		13	-0.32879648	-0.93454117	0.535316	0.75073975	1.0	3940	tags=46%, list=26%, signal=62%	
REACTOME_ISG15_ANTIVIRAL_MECHANISM	REACTOME_ISG15_ANTIVIRAL_MECHANISM		28	-0.26251593	-0.93053997	0.5570342	0.75840837	1.0	6111	tags=64%, list=40%, signal=106%	
REACTOME_NGF_STIMULATED_TRANSCRIPTION	REACTOME_NGF_STIMULATED_TRANSCRIPTION		6	-0.4183569	-0.9293962	0.5502008	0.75990635	1.0	4148	tags=50%, list=27%, signal=68%	
REACTOME_RHOF_GTPASE_CYCLE	REACTOME_RHOF_GTPASE_CYCLE		38	-0.24343288	-0.9290069	0.5825243	0.7598167	1.0	4395	tags=34%, list=29%, signal=48%	
REACTOME_MAP2K_AND_MAPK_ACTIVATION	REACTOME_MAP2K_AND_MAPK_ACTIVATION		32	-0.2542582	-0.9271078	0.5839695	0.7628378	1.0	2167	tags=25%, list=14%, signal=29%	
REACTOME_RHO_GTPASES_ACTIVATE_KTN1	REACTOME_RHO_GTPASES_ACTIVATE_KTN1		11	-0.3375488	-0.92537594	0.52165353	0.7654116	1.0	985	tags=18%, list=6%, signal=19%	
REACTOME_FOXO_MEDIATED_TRANSCRIPTION_OF_CELL_CYCLE_GENES	REACTOME_FOXO_MEDIATED_TRANSCRIPTION_OF_CELL_CYCLE_GENES		6	-0.42414385	-0.924649	0.5562372	0.76600355	1.0	5359	tags=67%, list=35%, signal=102%	
BIOCARTA_AGR_PATHWAY	BIOCARTA_AGR_PATHWAY		19	-0.28874892	-0.9246367	0.57279694	0.76500165	1.0	2436	tags=21%, list=16%, signal=25%	
REACTOME_KINESINS	REACTOME_KINESINS		45	-0.23072222	-0.92028236	0.5697674	0.7735173	1.0	2091	tags=16%, list=14%, signal=18%	
BIOCARTA_CXCR4_PATHWAY	BIOCARTA_CXCR4_PATHWAY		17	-0.30006117	-0.92021835	0.5601504	0.77260965	1.0	2591	tags=24%, list=17%, signal=28%	
REACTOME_DEX_H_BOX_HELICASES_ACTIVATE_TYPE_I_IFN_AND_INFLAMMATORY_CYTOKINES_PRODUCTION	REACTOME_DEX_H_BOX_HELICASES_ACTIVATE_TYPE_I_IFN_AND_INFLAMMATORY_CYTOKINES_PRODUCTION		7	-0.38781783	-0.9177145	0.56	0.776935	1.0	4229	tags=71%, list=27%, signal=98%	
BIOCARTA_AGPCR_PATHWAY	BIOCARTA_AGPCR_PATHWAY		10	-0.34879723	-0.9164905	0.5612648	0.7785058	1.0	1880	tags=30%, list=12%, signal=34%	
WP_ESC_PLURIPOTENCY_PATHWAYS	WP_ESC_PLURIPOTENCY_PATHWAYS		68	-0.2097821	-0.9164854	0.5803922	0.777467	1.0	4425	tags=35%, list=29%, signal=49%	
REACTOME_CHONDROITIN_SULFATE_BIOSYNTHESIS	REACTOME_CHONDROITIN_SULFATE_BIOSYNTHESIS		12	-0.3279463	-0.91502714	0.56640625	0.77949154	1.0	1774	tags=25%, list=12%, signal=28%	
REACTOME_RAB_GEFS_EXCHANGE_GTP_FOR_GDP_ON_RABS	REACTOME_RAB_GEFS_EXCHANGE_GTP_FOR_GDP_ON_RABS		86	-0.19984353	-0.9114972	0.6313869	0.7859365	1.0	5070	tags=41%, list=33%, signal=60%	
BIOCARTA_CERAMIDE_PATHWAY	BIOCARTA_CERAMIDE_PATHWAY		22	-0.27901268	-0.91040194	0.5643154	0.7872279	1.0	3012	tags=27%, list=20%, signal=34%	
REACTOME_FACTORS_INVOLVED_IN_MEGAKARYOCYTE_DEVELOPMENT_AND_PLATELET_PRODUCTION	REACTOME_FACTORS_INVOLVED_IN_MEGAKARYOCYTE_DEVELOPMENT_AND_PLATELET_PRODUCTION		106	-0.19322503	-0.90971816	0.6641791	0.7876287	1.0	3363	tags=23%, list=22%, signal=29%	
REACTOME_REGULATION_OF_RUNX1_EXPRESSION_AND_ACTIVITY	REACTOME_REGULATION_OF_RUNX1_EXPRESSION_AND_ACTIVITY		7	-0.3752135	-0.90779275	0.5607477	0.7908007	1.0	1641	tags=29%, list=11%, signal=32%	
BIOCARTA_SHH_PATHWAY	BIOCARTA_SHH_PATHWAY		11	-0.33305672	-0.9046916	0.5854167	0.7962628	1.0	4269	tags=45%, list=28%, signal=63%	
REACTOME_TRANSPORT_OF_NUCLEOTIDE_SUGARS	REACTOME_TRANSPORT_OF_NUCLEOTIDE_SUGARS		9	-0.34537494	-0.9044294	0.5801527	0.79582095	1.0	4260	tags=56%, list=28%, signal=77%	
REACTOME_REGULATION_OF_TP53_ACTIVITY_THROUGH_ASSOCIATION_WITH_CO_FACTORS	REACTOME_REGULATION_OF_TP53_ACTIVITY_THROUGH_ASSOCIATION_WITH_CO_FACTORS		10	-0.3424515	-0.90309113	0.5669903	0.7976912	1.0	4739	tags=60%, list=31%, signal=87%	
WP_MAPK_CASCADE	WP_MAPK_CASCADE		27	-0.2548088	-0.90188295	0.6166008	0.79917634	1.0	1997	tags=22%, list=13%, signal=25%	
REACTOME_ACETYLCHOLINE_REGULATES_INSULIN_SECRETION	REACTOME_ACETYLCHOLINE_REGULATES_INSULIN_SECRETION		7	-0.3920172	-0.8996757	0.5646123	0.8028169	1.0	163	tags=14%, list=1%, signal=14%	
REACTOME_ACTIVATION_OF_G_PROTEIN_GATED_POTASSIUM_CHANNELS	REACTOME_ACTIVATION_OF_G_PROTEIN_GATED_POTASSIUM_CHANNELS		16	-0.2956946	-0.89742523	0.62124246	0.806603	1.0	2573	tags=25%, list=17%, signal=30%	
WP_SREBF_AND_MIR33_IN_CHOLESTEROL_AND_LIPID_HOMEOSTASIS	WP_SREBF_AND_MIR33_IN_CHOLESTEROL_AND_LIPID_HOMEOSTASIS		10	-0.3427825	-0.8969862	0.6115538	0.8065289	1.0	5303	tags=60%, list=34%, signal=91%	
REACTOME_SIGNALING_BY_PTK6	REACTOME_SIGNALING_BY_PTK6		41	-0.22836548	-0.8942989	0.6217228	0.8111806	1.0	2849	tags=24%, list=18%, signal=30%	
WP_DYSREGULATED_MIRNA_TARGETING_IN_INSULINPI3KAKT_SIGNALING	WP_DYSREGULATED_MIRNA_TARGETING_IN_INSULINPI3KAKT_SIGNALING		22	-0.2670791	-0.8931338	0.6225296	0.81265634	1.0	4425	tags=36%, list=29%, signal=51%	
REACTOME_PROTEIN_LOCALIZATION	REACTOME_PROTEIN_LOCALIZATION		93	-0.1946784	-0.891496	0.67877626	0.81498003	1.0	3708	tags=30%, list=24%, signal=39%	
REACTOME_HUR_ELAVL1_BINDS_AND_STABILIZES_MRNA	REACTOME_HUR_ELAVL1_BINDS_AND_STABILIZES_MRNA		7	-0.38036093	-0.891434	0.58181816	0.81402385	1.0	2	tags=14%, list=0%, signal=14%	
BIOCARTA_RELA_PATHWAY	BIOCARTA_RELA_PATHWAY		15	-0.2984326	-0.8910409	0.61627907	0.81375897	1.0	4681	tags=47%, list=30%, signal=67%	
REACTOME_TRANSCRIPTIONAL_ACTIVATION_OF_MITOCHONDRIAL_BIOGENESIS	REACTOME_TRANSCRIPTIONAL_ACTIVATION_OF_MITOCHONDRIAL_BIOGENESIS		11	-0.31993032	-0.8902139	0.58800775	0.8144238	1.0	352	tags=18%, list=2%, signal=19%	
REACTOME_PLATELET_AGGREGATION_PLUG_FORMATION	REACTOME_PLATELET_AGGREGATION_PLUG_FORMATION		27	-0.2547759	-0.88940513	0.62795275	0.8150475	1.0	3274	tags=33%, list=21%, signal=42%	
REACTOME_SYNTHESIS_SECRETION_AND_DEACYLATION_OF_GHRELIN	REACTOME_SYNTHESIS_SECRETION_AND_DEACYLATION_OF_GHRELIN		8	-0.3631629	-0.8866473	0.60465115	0.8197221	1.0	411	tags=13%, list=3%, signal=13%	
REACTOME_METHYLATION	REACTOME_METHYLATION		12	-0.31963176	-0.8843308	0.61616164	0.8234222	1.0	5697	tags=58%, list=37%, signal=92%	
REACTOME_MITOCHONDRIAL_PROTEIN_DEGRADATION	REACTOME_MITOCHONDRIAL_PROTEIN_DEGRADATION		79	-0.19637416	-0.88382083	0.68359375	0.8234329	1.0	3000	tags=22%, list=19%, signal=27%	
REACTOME_CYTOSOLIC_SENSORS_OF_PATHOGEN_ASSOCIATED_DNA	REACTOME_CYTOSOLIC_SENSORS_OF_PATHOGEN_ASSOCIATED_DNA		32	-0.23844595	-0.87922335	0.6588694	0.8317303	1.0	4229	tags=44%, list=27%, signal=60%	
REACTOME_SYNTHESIS_OF_15_EICOSATETRAENOIC_ACID_DERIVATIVES	REACTOME_SYNTHESIS_OF_15_EICOSATETRAENOIC_ACID_DERIVATIVES		5	-0.4145202	-0.8788544	0.61277443	0.8314309	1.0	9030	tags=100%, list=59%, signal=241%	
REACTOME_CD28_DEPENDENT_VAV1_PATHWAY	REACTOME_CD28_DEPENDENT_VAV1_PATHWAY		11	-0.3208436	-0.87870264	0.6087866	0.83064955	1.0	4974	tags=55%, list=32%, signal=80%	
BIOCARTA_IL7_PATHWAY	BIOCARTA_IL7_PATHWAY		15	-0.28591585	-0.87425655	0.6245136	0.8387376	1.0	4949	tags=40%, list=32%, signal=59%	
REACTOME_APEX1_INDEPENDENT_RESOLUTION_OF_AP_SITES_VIA_THE_SINGLE_NUCLEOTIDE_REPLACEMENT_PATHWAY	REACTOME_APEX1_INDEPENDENT_RESOLUTION_OF_AP_SITES_VIA_THE_SINGLE_NUCLEOTIDE_REPLACEMENT_PATHWAY		6	-0.39005905	-0.8726796	0.6150628	0.84077954	1.0	1506	tags=33%, list=10%, signal=37%	
WP_FATTY_ACID_BETAOXIDATION	WP_FATTY_ACID_BETAOXIDATION		30	-0.23814118	-0.8725529	0.65637064	0.8399357	1.0	4911	tags=40%, list=32%, signal=59%	
REACTOME_TGFBR3_REGULATES_TGF_BETA_SIGNALING	REACTOME_TGFBR3_REGULATES_TGF_BETA_SIGNALING		7	-0.37521645	-0.87219614	0.62674654	0.83960944	1.0	5281	tags=57%, list=34%, signal=87%	
BIOCARTA_CASPASE_PATHWAY	BIOCARTA_CASPASE_PATHWAY		22	-0.26308212	-0.8706757	0.6561886	0.8416948	1.0	4740	tags=36%, list=31%, signal=52%	
BIOCARTA_GPCR_PATHWAY	BIOCARTA_GPCR_PATHWAY		26	-0.25277975	-0.8705195	0.64796907	0.84096396	1.0	1157	tags=15%, list=8%, signal=17%	
REACTOME_SIGNALING_BY_TGFB_FAMILY_MEMBERS	REACTOME_SIGNALING_BY_TGFB_FAMILY_MEMBERS		90	-0.18932512	-0.87030244	0.7354597	0.84030694	1.0	2399	tags=19%, list=16%, signal=22%	
BIOCARTA_FMLP_PATHWAY	BIOCARTA_FMLP_PATHWAY		28	-0.24545413	-0.86935604	0.6397638	0.8410768	1.0	1703	tags=18%, list=11%, signal=20%	
REACTOME_PI3K_EVENTS_IN_ERBB2_SIGNALING	REACTOME_PI3K_EVENTS_IN_ERBB2_SIGNALING		9	-0.34236646	-0.8685415	0.6496945	0.84178305	1.0	2110	tags=22%, list=14%, signal=26%	
WP_EBV_LMP1_SIGNALING	WP_EBV_LMP1_SIGNALING		19	-0.26920402	-0.8658828	0.6389961	0.8460702	1.0	5671	tags=53%, list=37%, signal=83%	
REACTOME_NUCLEAR_EVENTS_KINASE_AND_TRANSCRIPTION_FACTOR_ACTIVATION	REACTOME_NUCLEAR_EVENTS_KINASE_AND_TRANSCRIPTION_FACTOR_ACTIVATION		27	-0.24682069	-0.86485547	0.6666667	0.846972	1.0	4791	tags=37%, list=31%, signal=54%	
REACTOME_SIGNALING_BY_NOTCH	REACTOME_SIGNALING_BY_NOTCH		35	-0.22879337	-0.8619404	0.6736243	0.85159326	1.0	4301	tags=43%, list=28%, signal=59%	
REACTOME_TRANSCRIPTIONAL_REGULATION_OF_GRANULOPOIESIS	REACTOME_TRANSCRIPTIONAL_REGULATION_OF_GRANULOPOIESIS		6	-0.3878609	-0.8604962	0.6089494	0.8533926	1.0	6251	tags=67%, list=41%, signal=112%	
REACTOME_RUNX3_REGULATES_CDKN1A_TRANSCRIPTION	REACTOME_RUNX3_REGULATES_CDKN1A_TRANSCRIPTION		6	-0.38869166	-0.8598327	0.6532567	0.8536988	1.0	5822	tags=67%, list=38%, signal=107%	
BIOCARTA_HSP27_PATHWAY	BIOCARTA_HSP27_PATHWAY		11	-0.31749544	-0.85941374	0.628	0.85345775	1.0	3724	tags=45%, list=24%, signal=60%	
REACTOME_PROTON_COUPLED_MONOCARBOXYLATE_TRANSPORT	REACTOME_PROTON_COUPLED_MONOCARBOXYLATE_TRANSPORT		5	-0.41416878	-0.85907274	0.61811024	0.85307467	1.0	5560	tags=80%, list=36%, signal=125%	
REACTOME_INTRACELLULAR_SIGNALING_BY_SECOND_MESSENGERS	REACTOME_INTRACELLULAR_SIGNALING_BY_SECOND_MESSENGERS		204	-0.16423784	-0.85875875	0.853211	0.852648	1.0	4901	tags=34%, list=32%, signal=50%	
REACTOME_FREE_FATTY_ACIDS_REGULATE_INSULIN_SECRETION	REACTOME_FREE_FATTY_ACIDS_REGULATE_INSULIN_SECRETION		10	-0.32296792	-0.8562433	0.64503044	0.85656065	1.0	163	tags=10%, list=1%, signal=10%	
REACTOME_MYD88_MAL_TIRAP_CASCADE_INITIATED_ON_PLASMA_MEMBRANE	REACTOME_MYD88_MAL_TIRAP_CASCADE_INITIATED_ON_PLASMA_MEMBRANE		82	-0.1889662	-0.85449433	0.78805393	0.8588959	1.0	4121	tags=33%, list=27%, signal=45%	
BIOCARTA_IL2_PATHWAY	BIOCARTA_IL2_PATHWAY		23	-0.24941643	-0.8542927	0.6666667	0.85822654	1.0	4209	tags=39%, list=27%, signal=54%	
BIOCARTA_S1P_PATHWAY	BIOCARTA_S1P_PATHWAY		6	-0.38616374	-0.8530693	0.6384778	0.8595536	1.0	2798	tags=50%, list=18%, signal=61%	
BIOCARTA_RAS_PATHWAY	BIOCARTA_RAS_PATHWAY		21	-0.260192	-0.85215753	0.6748582	0.86030936	1.0	1363	tags=14%, list=9%, signal=16%	
WP_GDNFRET_SIGNALING_AXIS	WP_GDNFRET_SIGNALING_AXIS		7	-0.36589557	-0.8518522	0.65531063	0.85982955	1.0	4875	tags=57%, list=32%, signal=84%	
REACTOME_MITF_M_REGULATED_MELANOCYTE_DEVELOPMENT	REACTOME_MITF_M_REGULATED_MELANOCYTE_DEVELOPMENT		32	-0.23396197	-0.85114324	0.6969112	0.86003876	1.0	4887	tags=44%, list=32%, signal=64%	
REACTOME_PYRIMIDINE_SALVAGE	REACTOME_PYRIMIDINE_SALVAGE		7	-0.3638051	-0.85080475	0.6639676	0.859584	1.0	3544	tags=43%, list=23%, signal=56%	
WP_G_PROTEIN_SIGNALING_PATHWAYS	WP_G_PROTEIN_SIGNALING_PATHWAYS		72	-0.1920394	-0.85036814	0.7572464	0.8592939	1.0	4321	tags=32%, list=28%, signal=44%	
REACTOME_CROSS_PRESENTATION_OF_PARTICULATE_EXOGENOUS_ANTIGENS_PHAGOSOMES	REACTOME_CROSS_PRESENTATION_OF_PARTICULATE_EXOGENOUS_ANTIGENS_PHAGOSOMES		7	-0.35414132	-0.84970075	0.6247505	0.85949945	1.0	5726	tags=43%, list=37%, signal=68%	
REACTOME_ZINC_TRANSPORTERS	REACTOME_ZINC_TRANSPORTERS		9	-0.3282412	-0.84696966	0.657197	0.863585	1.0	3519	tags=44%, list=23%, signal=58%	
BIOCARTA_BCR_PATHWAY	BIOCARTA_BCR_PATHWAY		30	-0.23309071	-0.84681773	0.73260075	0.8628116	1.0	2591	tags=23%, list=17%, signal=28%	
WP_ENDOCHONDRAL_OSSIFICATION	WP_ENDOCHONDRAL_OSSIFICATION		35	-0.23087084	-0.84521294	0.71292776	0.8648542	1.0	4621	tags=40%, list=30%, signal=57%	
REACTOME_TRAFFICKING_OF_AMPA_RECEPTORS	REACTOME_TRAFFICKING_OF_AMPA_RECEPTORS		19	-0.2688121	-0.8448789	0.70871985	0.8644009	1.0	3101	tags=26%, list=20%, signal=33%	
REACTOME_PURINE_RIBONUCLEOSIDE_MONOPHOSPHATE_BIOSYNTHESIS	REACTOME_PURINE_RIBONUCLEOSIDE_MONOPHOSPHATE_BIOSYNTHESIS		11	-0.3068967	-0.84364724	0.6861167	0.86565846	1.0	53	tags=9%, list=0%, signal=9%	
BIOCARTA_FCER1_PATHWAY	BIOCARTA_FCER1_PATHWAY		37	-0.21929541	-0.84129655	0.72392637	0.8690484	1.0	2591	tags=19%, list=17%, signal=23%	
REACTOME_SYNTHESIS_OF_GLYCOSYLPHOSPHATIDYLINOSITOL_GPI	REACTOME_SYNTHESIS_OF_GLYCOSYLPHOSPHATIDYLINOSITOL_GPI		17	-0.2710317	-0.8401996	0.7077799	0.8700811	1.0	747	tags=12%, list=5%, signal=12%	
BIOCARTA_TPO_PATHWAY	BIOCARTA_TPO_PATHWAY		23	-0.2516011	-0.8400746	0.70172083	0.8692231	1.0	2591	tags=26%, list=17%, signal=31%	
REACTOME_OPIOID_SIGNALLING	REACTOME_OPIOID_SIGNALLING		55	-0.20419174	-0.83972704	0.7281553	0.8688148	1.0	4791	tags=33%, list=31%, signal=47%	
REACTOME_IL_6_TYPE_CYTOKINE_RECEPTOR_LIGAND_INTERACTIONS	REACTOME_IL_6_TYPE_CYTOKINE_RECEPTOR_LIGAND_INTERACTIONS		8	-0.34846392	-0.838428	0.646	0.87022513	1.0	3372	tags=50%, list=22%, signal=64%	
REACTOME_ANTIGEN_PROCESSING_UBIQUITINATION_PROTEASOME_DEGRADATION	REACTOME_ANTIGEN_PROCESSING_UBIQUITINATION_PROTEASOME_DEGRADATION		270	-0.1537617	-0.8377362	0.9198473	0.8704587	1.0	3711	tags=25%, list=24%, signal=32%	
REACTOME_INTERLEUKIN_1_FAMILY_SIGNALING	REACTOME_INTERLEUKIN_1_FAMILY_SIGNALING		115	-0.1744038	-0.83761954	0.8027613	0.8695563	1.0	3988	tags=29%, list=26%, signal=38%	
WP_DELTANOTCH_SIGNALING_PATHWAY	WP_DELTANOTCH_SIGNALING_PATHWAY		71	-0.18633907	-0.83484024	0.7744361	0.87360615	1.0	4732	tags=37%, list=31%, signal=53%	
BIOCARTA_TERT_PATHWAY	BIOCARTA_TERT_PATHWAY		6	-0.379597	-0.8345583	0.66132265	0.8730344	1.0	424	tags=17%, list=3%, signal=17%	
REACTOME_TNF_SIGNALING	REACTOME_TNF_SIGNALING		55	-0.20307517	-0.8336228	0.7338403	0.87364423	1.0	3060	tags=25%, list=20%, signal=32%	
BIOCARTA_ARENRF2_PATHWAY	BIOCARTA_ARENRF2_PATHWAY		18	-0.2711872	-0.8327825	0.6907021	0.8742115	1.0	4305	tags=44%, list=28%, signal=62%	
REACTOME_DEACTIVATION_OF_THE_BETA_CATENIN_TRANSACTIVATING_COMPLEX	REACTOME_DEACTIVATION_OF_THE_BETA_CATENIN_TRANSACTIVATING_COMPLEX		27	-0.2353092	-0.830023	0.71	0.87828445	1.0	1751	tags=19%, list=11%, signal=21%	
REACTOME_PHOSPHATE_BOND_HYDROLYSIS_BY_NUDT_PROTEINS	REACTOME_PHOSPHATE_BOND_HYDROLYSIS_BY_NUDT_PROTEINS		7	-0.35733804	-0.8286885	0.67184466	0.87968683	1.0	4088	tags=57%, list=27%, signal=78%	
REACTOME_ACETYLCHOLINE_BINDING_AND_DOWNSTREAM_EVENTS	REACTOME_ACETYLCHOLINE_BINDING_AND_DOWNSTREAM_EVENTS		5	-0.39440703	-0.8281245	0.67432153	0.87972313	1.0	3414	tags=40%, list=22%, signal=51%	
REACTOME_BICARBONATE_TRANSPORTERS	REACTOME_BICARBONATE_TRANSPORTERS		7	-0.35078633	-0.827787	0.6940452	0.8792946	1.0	2201	tags=43%, list=14%, signal=50%	
BIOCARTA_IGF1_PATHWAY	BIOCARTA_IGF1_PATHWAY		21	-0.24597666	-0.8260919	0.70520234	0.8813731	1.0	2049	tags=19%, list=13%, signal=22%	
REACTOME_SEMA4D_INDUCED_CELL_MIGRATION_AND_GROWTH_CONE_COLLAPSE	REACTOME_SEMA4D_INDUCED_CELL_MIGRATION_AND_GROWTH_CONE_COLLAPSE		11	-0.30536386	-0.8248727	0.68761903	0.8825144	1.0	2955	tags=36%, list=19%, signal=45%	
BIOCARTA_TFF_PATHWAY	BIOCARTA_TFF_PATHWAY		19	-0.25560898	-0.8198039	0.7029126	0.890639	1.0	3274	tags=32%, list=21%, signal=40%	
REACTOME_INTEGRATION_OF_ENERGY_METABOLISM	REACTOME_INTEGRATION_OF_ENERGY_METABOLISM		52	-0.19949853	-0.81872106	0.79875517	0.8914123	1.0	4517	tags=33%, list=29%, signal=46%	
BIOCARTA_VIP_PATHWAY	BIOCARTA_VIP_PATHWAY		22	-0.24658467	-0.81859887	0.7494781	0.89054394	1.0	1387	tags=18%, list=9%, signal=20%	
BIOCARTA_CARDIACEGF_PATHWAY	BIOCARTA_CARDIACEGF_PATHWAY		11	-0.30021894	-0.8158363	0.7148594	0.8944162	1.0	4295	tags=45%, list=28%, signal=63%	
REACTOME_DISPLACEMENT_OF_DNA_GLYCOSYLASE_BY_APEX1	REACTOME_DISPLACEMENT_OF_DNA_GLYCOSYLASE_BY_APEX1		9	-0.31753203	-0.81519073	0.66863906	0.89449805	1.0	5260	tags=56%, list=34%, signal=84%	
REACTOME_EPH_EPHRIN_SIGNALING	REACTOME_EPH_EPHRIN_SIGNALING		47	-0.20291227	-0.8151862	0.7704918	0.89342237	1.0	3002	tags=28%, list=19%, signal=34%	
REACTOME_NEUROTRANSMITTER_RELEASE_CYCLE	REACTOME_NEUROTRANSMITTER_RELEASE_CYCLE		27	-0.23191568	-0.8136594	0.746507	0.8949043	1.0	2976	tags=26%, list=19%, signal=32%	
BIOCARTA_NTHI_PATHWAY	BIOCARTA_NTHI_PATHWAY		22	-0.24411611	-0.81226057	0.75	0.8962605	1.0	3989	tags=36%, list=26%, signal=49%	
BIOCARTA_AKAPCENTROSOME_PATHWAY	BIOCARTA_AKAPCENTROSOME_PATHWAY		12	-0.29452756	-0.81141794	0.68688846	0.89675784	1.0	3759	tags=33%, list=24%, signal=44%	
BIOCARTA_INSULIN_PATHWAY	BIOCARTA_INSULIN_PATHWAY		21	-0.24729776	-0.81109494	0.7352381	0.8962076	1.0	2049	tags=19%, list=13%, signal=22%	
WP_TCA_CYCLE	WP_TCA_CYCLE		29	-0.22432172	-0.811055	0.7118998	0.89521396	1.0	4708	tags=38%, list=31%, signal=55%	
REACTOME_MITOCHONDRIAL_FATTY_ACID_BETA_OXIDATION	REACTOME_MITOCHONDRIAL_FATTY_ACID_BETA_OXIDATION		32	-0.22222446	-0.80868846	0.79017013	0.89819044	1.0	3386	tags=25%, list=22%, signal=32%	
REACTOME_GENE_SILENCING_BY_RNA	REACTOME_GENE_SILENCING_BY_RNA		41	-0.20970947	-0.80574054	0.7715356	0.90213037	1.0	2235	tags=17%, list=14%, signal=20%	
REACTOME_CARNITINE_METABOLISM	REACTOME_CARNITINE_METABOLISM		11	-0.29749584	-0.80453646	0.7075099	0.9031097	1.0	4357	tags=36%, list=28%, signal=51%	
REACTOME_SIGNALLING_TO_ERKS	REACTOME_SIGNALLING_TO_ERKS		22	-0.2394237	-0.80386263	0.7405941	0.9032379	1.0	4147	tags=36%, list=27%, signal=50%	
BIOCARTA_VDR_PATHWAY	BIOCARTA_VDR_PATHWAY		21	-0.24911736	-0.80360556	0.74903476	0.9026686	1.0	3670	tags=33%, list=24%, signal=44%	
REACTOME_GLYCOGEN_METABOLISM	REACTOME_GLYCOGEN_METABOLISM		16	-0.26508453	-0.8008581	0.74319065	0.90610796	1.0	1101	tags=19%, list=7%, signal=20%	
BIOCARTA_ETS_PATHWAY	BIOCARTA_ETS_PATHWAY		17	-0.25519478	-0.8007563	0.7471483	0.90520394	1.0	4596	tags=47%, list=30%, signal=67%	
WP_HYPOXIADEPENDENT_DIFFERENTIATION_OF_MYOBLASTS	WP_HYPOXIADEPENDENT_DIFFERENTIATION_OF_MYOBLASTS		9	-0.3197811	-0.7994938	0.7137014	0.9063077	1.0	863	tags=22%, list=6%, signal=24%	
REACTOME_CD28_DEPENDENT_PI3K_AKT_SIGNALING	REACTOME_CD28_DEPENDENT_PI3K_AKT_SIGNALING		22	-0.23584619	-0.7994791	0.7624751	0.9052508	1.0	5101	tags=50%, list=33%, signal=75%	
REACTOME_FORMATION_OF_WDR5_CONTAINING_HISTONE_MODIFYING_COMPLEXES	REACTOME_FORMATION_OF_WDR5_CONTAINING_HISTONE_MODIFYING_COMPLEXES		37	-0.20833723	-0.7994444	0.7906504	0.9042216	1.0	3530	tags=32%, list=23%, signal=42%	
REACTOME_MITOCHONDRIAL_FATTY_ACID_BETA_OXIDATION_OF_SATURATED_FATTY_ACIDS	REACTOME_MITOCHONDRIAL_FATTY_ACID_BETA_OXIDATION_OF_SATURATED_FATTY_ACIDS		9	-0.31332612	-0.7980584	0.711501	0.90551555	1.0	4836	tags=33%, list=31%, signal=49%	
REACTOME_SIGNALING_BY_FGFR4	REACTOME_SIGNALING_BY_FGFR4		29	-0.22107232	-0.79743177	0.7678917	0.9053962	1.0	3781	tags=31%, list=25%, signal=41%	
REACTOME_MACROAUTOPHAGY	REACTOME_MACROAUTOPHAGY		117	-0.16679981	-0.79646575	0.8962076	0.90584767	1.0	3791	tags=26%, list=25%, signal=35%	
WP_HOMOLOGOUS_RECOMBINATION	WP_HOMOLOGOUS_RECOMBINATION		12	-0.2861872	-0.79446423	0.73046875	0.90800935	1.0	11010	tags=100%, list=71%, signal=350%	
REACTOME_HYPUSINE_SYNTHESIS_FROM_EIF5A_LYSINE	REACTOME_HYPUSINE_SYNTHESIS_FROM_EIF5A_LYSINE		5	-0.37775657	-0.7943937	0.7130977	0.9070455	1.0	3139	tags=40%, list=20%, signal=50%	
BIOCARTA_P38MAPK_PATHWAY	BIOCARTA_P38MAPK_PATHWAY		30	-0.21744563	-0.79409325	0.79752064	0.90644073	1.0	3989	tags=33%, list=26%, signal=45%	
WP_WNT_SIGNALING_PATHWAY_AND_PLURIPOTENCY	WP_WNT_SIGNALING_PATHWAY_AND_PLURIPOTENCY		67	-0.18267873	-0.7894906	0.8643411	0.9128812	1.0	5071	tags=33%, list=33%, signal=49%	
REACTOME_CA_DEPENDENT_EVENTS	REACTOME_CA_DEPENDENT_EVENTS		20	-0.24763799	-0.7887102	0.7735849	0.9130824	1.0	5185	tags=45%, list=34%, signal=68%	
REACTOME_NUCLEOTIDE_BIOSYNTHESIS	REACTOME_NUCLEOTIDE_BIOSYNTHESIS		14	-0.27072042	-0.78749233	0.7464503	0.9139401	1.0	53	tags=7%, list=0%, signal=7%	
REACTOME_VEGFR2_MEDIATED_CELL_PROLIFERATION	REACTOME_VEGFR2_MEDIATED_CELL_PROLIFERATION		12	-0.27772418	-0.78615576	0.728	0.9150215	1.0	4273	tags=42%, list=28%, signal=58%	
REACTOME_PENTOSE_PHOSPHATE_PATHWAY	REACTOME_PENTOSE_PHOSPHATE_PATHWAY		14	-0.27026322	-0.78576034	0.76	0.91457075	1.0	4641	tags=36%, list=30%, signal=51%	
REACTOME_MALATE_ASPARTATE_SHUTTLE	REACTOME_MALATE_ASPARTATE_SHUTTLE		9	-0.30426335	-0.78516966	0.73320156	0.91441566	1.0	3166	tags=33%, list=21%, signal=42%	
WP_MECP2_AND_ASSOCIATED_RETT_SYNDROME	WP_MECP2_AND_ASSOCIATED_RETT_SYNDROME		33	-0.21680349	-0.784778	0.798419	0.9139603	1.0	1014	tags=12%, list=7%, signal=13%	
REACTOME_REGULATION_OF_TNFR1_SIGNALING	REACTOME_REGULATION_OF_TNFR1_SIGNALING		46	-0.1963652	-0.7819326	0.84302324	0.9173969	1.0	4796	tags=39%, list=31%, signal=57%	
REACTOME_REDUCTION_OF_CYTOSOLIC_CA_LEVELS	REACTOME_REDUCTION_OF_CYTOSOLIC_CA_LEVELS		10	-0.29862815	-0.7810754	0.7520325	0.9176511	1.0	2359	tags=30%, list=15%, signal=35%	
REACTOME_REGULATION_OF_PYRUVATE_DEHYDROGENASE_PDH_COMPLEX	REACTOME_REGULATION_OF_PYRUVATE_DEHYDROGENASE_PDH_COMPLEX		13	-0.27402732	-0.78017056	0.75763357	0.9179236	1.0	3449	tags=31%, list=22%, signal=40%	
REACTOME_MITOCHONDRIAL_CALCIUM_ION_TRANSPORT	REACTOME_MITOCHONDRIAL_CALCIUM_ION_TRANSPORT		17	-0.2511536	-0.77995414	0.7768763	0.9171692	1.0	4002	tags=35%, list=26%, signal=48%	
BIOCARTA_STEM_PATHWAY	BIOCARTA_STEM_PATHWAY		5	-0.3708589	-0.77923226	0.7412008	0.91729945	1.0	4823	tags=80%, list=31%, signal=116%	
REACTOME_LYSOSPHINGOLIPID_AND_LPA_RECEPTORS	REACTOME_LYSOSPHINGOLIPID_AND_LPA_RECEPTORS		9	-0.30374554	-0.77803177	0.72837025	0.9181205	1.0	6315	tags=67%, list=41%, signal=113%	
BIOCARTA_HDAC_PATHWAY	BIOCARTA_HDAC_PATHWAY		21	-0.23255764	-0.7767433	0.7724551	0.9190108	1.0	4282	tags=33%, list=28%, signal=46%	
REACTOME_REGULATION_OF_FOXO_TRANSCRIPTIONAL_ACTIVITY_BY_ACETYLATION	REACTOME_REGULATION_OF_FOXO_TRANSCRIPTIONAL_ACTIVITY_BY_ACETYLATION		6	-0.35250193	-0.7761824	0.7406639	0.918845	1.0	298	tags=17%, list=2%, signal=17%	
REACTOME_BETA_OXIDATION_OF_HEXANOYL_COA_TO_BUTANOYL_COA	REACTOME_BETA_OXIDATION_OF_HEXANOYL_COA_TO_BUTANOYL_COA		5	-0.37212902	-0.77552307	0.76494026	0.9187637	1.0	4383	tags=40%, list=28%, signal=56%	
REACTOME_FCERI_MEDIATED_CA_2_MOBILIZATION	REACTOME_FCERI_MEDIATED_CA_2_MOBILIZATION		31	-0.21117188	-0.7735354	0.8133595	0.9205979	1.0	4255	tags=35%, list=28%, signal=49%	
REACTOME_ATTACHMENT_OF_GPI_ANCHOR_TO_UPAR	REACTOME_ATTACHMENT_OF_GPI_ANCHOR_TO_UPAR		7	-0.33276847	-0.77204025	0.7520325	0.92175376	1.0	4101	tags=43%, list=27%, signal=58%	
BIOCARTA_NFAT_PATHWAY	BIOCARTA_NFAT_PATHWAY		35	-0.20541114	-0.77096325	0.84380955	0.92226475	1.0	1157	tags=11%, list=8%, signal=12%	
REACTOME_WNT_MEDIATED_ACTIVATION_OF_DVL	REACTOME_WNT_MEDIATED_ACTIVATION_OF_DVL		8	-0.31879583	-0.77009004	0.7664093	0.92251503	1.0	640	tags=13%, list=4%, signal=13%	
REACTOME_DCC_MEDIATED_ATTRACTIVE_SIGNALING	REACTOME_DCC_MEDIATED_ATTRACTIVE_SIGNALING		8	-0.30544007	-0.7670226	0.766129	0.9259857	1.0	3781	tags=50%, list=25%, signal=66%	
REACTOME_MATURATION_OF_TCA_ENZYMES_AND_REGULATION_OF_TCA_CYCLE	REACTOME_MATURATION_OF_TCA_ENZYMES_AND_REGULATION_OF_TCA_CYCLE		18	-0.24706909	-0.7664878	0.8179959	0.9257378	1.0	3031	tags=28%, list=20%, signal=35%	
BIOCARTA_PDGF_PATHWAY	BIOCARTA_PDGF_PATHWAY		27	-0.21736488	-0.7661884	0.79133856	0.9250813	1.0	2591	tags=22%, list=17%, signal=27%	
WP_P53_SIGNALING	WP_P53_SIGNALING		58	-0.18068741	-0.76400304	0.8699029	0.927179	1.0	1663	tags=10%, list=11%, signal=12%	
REACTOME_TAK1_DEPENDENT_IKK_AND_NF_KAPPA_B_ACTIVATION	REACTOME_TAK1_DEPENDENT_IKK_AND_NF_KAPPA_B_ACTIVATION		37	-0.20261385	-0.76383203	0.8457031	0.92633986	1.0	4121	tags=38%, list=27%, signal=52%	
REACTOME_SIGNALLING_TO_RAS	REACTOME_SIGNALLING_TO_RAS		10	-0.2857374	-0.7634955	0.8051181	0.9257632	1.0	3989	tags=40%, list=26%, signal=54%	
WP_OXIDATION_BY_CYTOCHROME_P450	WP_OXIDATION_BY_CYTOCHROME_P450		17	-0.246027	-0.7630071	0.8027079	0.9253986	1.0	5238	tags=47%, list=34%, signal=71%	
BIOCARTA_TNFR1_PATHWAY	BIOCARTA_TNFR1_PATHWAY		28	-0.21485461	-0.75980675	0.81747574	0.9289597	1.0	5563	tags=46%, list=36%, signal=73%	
BIOCARTA_EGF_PATHWAY	BIOCARTA_EGF_PATHWAY		27	-0.2149238	-0.75928855	0.8076923	0.9286426	1.0	2591	tags=22%, list=17%, signal=27%	
BIOCARTA_LONGEVITY_PATHWAY	BIOCARTA_LONGEVITY_PATHWAY		13	-0.2604217	-0.7573124	0.7775551	0.9303297	1.0	4282	tags=38%, list=28%, signal=53%	
REACTOME_ERKS_ARE_INACTIVATED	REACTOME_ERKS_ARE_INACTIVATED		13	-0.26783514	-0.75514305	0.7707129	0.9323131	1.0	11293	tags=100%, list=73%, signal=373%	
REACTOME_VITAMIN_C_ASCORBATE_METABOLISM	REACTOME_VITAMIN_C_ASCORBATE_METABOLISM		8	-0.30598333	-0.75387686	0.7740668	0.9330732	1.0	3054	tags=38%, list=20%, signal=47%	
REACTOME_ACYL_CHAIN_REMODELING_OF_CL	REACTOME_ACYL_CHAIN_REMODELING_OF_CL		5	-0.3625511	-0.75113547	0.7830375	0.9358086	1.0	9831	tags=100%, list=64%, signal=276%	
REACTOME_NUCLEAR_RECEPTOR_TRANSCRIPTION_PATHWAY	REACTOME_NUCLEAR_RECEPTOR_TRANSCRIPTION_PATHWAY		29	-0.20946355	-0.74785465	0.8389662	0.9391817	1.0	5813	tags=45%, list=38%, signal=72%	
REACTOME_NUCLEOTIDE_LIKE_PURINERGIC_RECEPTORS	REACTOME_NUCLEOTIDE_LIKE_PURINERGIC_RECEPTORS		10	-0.28815192	-0.7464433	0.7887597	0.93994576	1.0	2883	tags=30%, list=19%, signal=37%	
BIOCARTA_PTEN_PATHWAY	BIOCARTA_PTEN_PATHWAY		16	-0.24100178	-0.7364295	0.82376236	0.95198107	1.0	3956	tags=38%, list=26%, signal=50%	
REACTOME_PTK6_REGULATES_RHO_GTPASES_RAS_GTPASE_AND_MAP_KINASES	REACTOME_PTK6_REGULATES_RHO_GTPASES_RAS_GTPASE_AND_MAP_KINASES		12	-0.26937795	-0.7364279	0.8229376	0.95090824	1.0	2849	tags=25%, list=18%, signal=31%	
REACTOME_MTOR_SIGNALLING	REACTOME_MTOR_SIGNALLING		39	-0.1942422	-0.73632205	0.88930583	0.94996595	1.0	4425	tags=38%, list=29%, signal=54%	
REACTOME_ERK_MAPK_TARGETS	REACTOME_ERK_MAPK_TARGETS		19	-0.22472136	-0.73516023	0.8229376	0.9503864	1.0	4791	tags=32%, list=31%, signal=46%	
REACTOME_GROWTH_HORMONE_RECEPTOR_SIGNALING	REACTOME_GROWTH_HORMONE_RECEPTOR_SIGNALING		10	-0.27724585	-0.73087543	0.800813	0.9547734	1.0	5725	tags=70%, list=37%, signal=111%	
BIOCARTA_ARF_PATHWAY	BIOCARTA_ARF_PATHWAY		13	-0.25803313	-0.7302113	0.831068	0.9545761	1.0	11444	tags=100%, list=74%, signal=388%	
BIOCARTA_PITX2_PATHWAY	BIOCARTA_PITX2_PATHWAY		13	-0.25629848	-0.7298922	0.8153527	0.95392245	1.0	6214	tags=69%, list=40%, signal=116%	
WP_BURN_WOUND_HEALING	WP_BURN_WOUND_HEALING		15	-0.243867	-0.72979087	0.81386137	0.952969	1.0	5305	tags=53%, list=34%, signal=81%	
REACTOME_REGULATION_OF_INSULIN_SECRETION	REACTOME_REGULATION_OF_INSULIN_SECRETION		44	-0.18476456	-0.72860664	0.8810916	0.95334345	1.0	4053	tags=27%, list=26%, signal=37%	
REACTOME_ACYL_CHAIN_REMODELLING_OF_PG	REACTOME_ACYL_CHAIN_REMODELLING_OF_PG		9	-0.28680366	-0.7274735	0.8057692	0.9535549	1.0	3134	tags=33%, list=20%, signal=42%	
BIOCARTA_PLCE_PATHWAY	BIOCARTA_PLCE_PATHWAY		9	-0.28159687	-0.72647667	0.8143712	0.95379037	1.0	1839	tags=22%, list=12%, signal=25%	
REACTOME_CATION_COUPLED_CHLORIDE_COTRANSPORTERS	REACTOME_CATION_COUPLED_CHLORIDE_COTRANSPORTERS		6	-0.33170965	-0.72578025	0.80037665	0.95357513	1.0	333	tags=17%, list=2%, signal=17%	
BIOCARTA_CFTR_PATHWAY	BIOCARTA_CFTR_PATHWAY		8	-0.29187742	-0.7251838	0.8118609	0.9531989	1.0	460	tags=13%, list=3%, signal=13%	
WP_TOLLLIKE_RECEPTOR_SIGNALING	WP_TOLLLIKE_RECEPTOR_SIGNALING		31	-0.20124559	-0.7208288	0.8774319	0.95740104	1.0	4901	tags=39%, list=32%, signal=57%	
REACTOME_ACTIVATION_OF_NIMA_KINASES_NEK9_NEK6_NEK7	REACTOME_ACTIVATION_OF_NIMA_KINASES_NEK9_NEK6_NEK7		5	-0.34386557	-0.7190403	0.82723576	0.9584433	1.0	10119	tags=100%, list=66%, signal=291%	
REACTOME_ASSOCIATION_OF_TRIC_CCT_WITH_TARGET_PROTEINS_DURING_BIOSYNTHESIS	REACTOME_ASSOCIATION_OF_TRIC_CCT_WITH_TARGET_PROTEINS_DURING_BIOSYNTHESIS		10	-0.27280876	-0.71443814	0.81299216	0.9626827	1.0	336	tags=10%, list=2%, signal=10%	
BIOCARTA_RACCYCD_PATHWAY	BIOCARTA_RACCYCD_PATHWAY		25	-0.20243242	-0.7105646	0.8940937	0.96599096	1.0	5048	tags=36%, list=33%, signal=53%	
WP_HISTONE_MODIFICATIONS	WP_HISTONE_MODIFICATIONS		5	-0.3341446	-0.7096808	0.8125	0.9659107	1.0	4581	tags=60%, list=30%, signal=85%	
REACTOME_IFNG_SIGNALING_ACTIVATES_MAPKS	REACTOME_IFNG_SIGNALING_ACTIVATES_MAPKS		7	-0.2981693	-0.70834357	0.8300395	0.96632594	1.0	1157	tags=14%, list=8%, signal=15%	
WP_SELENIUM_METABOLISM_SELENOPROTEINS	WP_SELENIUM_METABOLISM_SELENOPROTEINS		40	-0.18314168	-0.70775443	0.9148073	0.96597064	1.0	2959	tags=23%, list=19%, signal=28%	
REACTOME_HDR_THROUGH_MMEJ_ALT_NHEJ	REACTOME_HDR_THROUGH_MMEJ_ALT_NHEJ		12	-0.25339884	-0.7069568	0.8506876	0.96577585	1.0	2149	tags=17%, list=14%, signal=19%	
REACTOME_PURINE_CATABOLISM	REACTOME_PURINE_CATABOLISM		16	-0.22967242	-0.7049302	0.85685486	0.96688527	1.0	4088	tags=44%, list=27%, signal=59%	
REACTOME_TGF_BETA_RECEPTOR_SIGNALING_ACTIVATES_SMADS	REACTOME_TGF_BETA_RECEPTOR_SIGNALING_ACTIVATES_SMADS		34	-0.1907726	-0.70042545	0.9150579	0.97048575	1.0	2138	tags=18%, list=14%, signal=20%	
REACTOME_FRS_MEDIATED_FGFR3_SIGNALING	REACTOME_FRS_MEDIATED_FGFR3_SIGNALING		9	-0.2706822	-0.69951624	0.8463074	0.970301	1.0	1621	tags=22%, list=11%, signal=25%	
REACTOME_CD28_CO_STIMULATION	REACTOME_CD28_CO_STIMULATION		32	-0.18796296	-0.69787705	0.8833992	0.9709828	1.0	5101	tags=47%, list=33%, signal=70%	
REACTOME_EUKARYOTIC_TRANSLATION_TERMINATION	REACTOME_EUKARYOTIC_TRANSLATION_TERMINATION		6	-0.31324473	-0.69683474	0.8375242	0.97103685	1.0	968	tags=17%, list=6%, signal=18%	
REACTOME_SIGNALING_BY_FGFR	REACTOME_SIGNALING_BY_FGFR		55	-0.16977884	-0.69614977	0.9280156	0.97064334	1.0	3781	tags=27%, list=25%, signal=36%	
REACTOME_FRS_MEDIATED_FGFR2_SIGNALING	REACTOME_FRS_MEDIATED_FGFR2_SIGNALING		9	-0.2706822	-0.6950078	0.84583336	0.97077495	1.0	1621	tags=22%, list=11%, signal=25%	
REACTOME_GAP_JUNCTION_DEGRADATION	REACTOME_GAP_JUNCTION_DEGRADATION		10	-0.2605373	-0.69376844	0.85940593	0.9709776	1.0	4395	tags=30%, list=29%, signal=42%	
BIOCARTA_EGFR_SMRTE_PATHWAY	BIOCARTA_EGFR_SMRTE_PATHWAY		8	-0.27819917	-0.6922322	0.82530123	0.97143704	1.0	5630	tags=63%, list=37%, signal=98%	
BIOCARTA_SKP2E2F_PATHWAY	BIOCARTA_SKP2E2F_PATHWAY		8	-0.2835821	-0.69172114	0.8549618	0.9708921	1.0	11049	tags=100%, list=72%, signal=353%	
BIOCARTA_CARM1_PATHWAY	BIOCARTA_CARM1_PATHWAY		11	-0.25608844	-0.69106126	0.85573125	0.9705104	1.0	1547	tags=18%, list=10%, signal=20%	
REACTOME_SYNTHESIS_OF_PIPS_AT_THE_ER_MEMBRANE	REACTOME_SYNTHESIS_OF_PIPS_AT_THE_ER_MEMBRANE		5	-0.3326131	-0.6906042	0.8203125	0.9699265	1.0	2960	tags=40%, list=19%, signal=49%	
BIOCARTA_WNT_PATHWAY	BIOCARTA_WNT_PATHWAY		20	-0.21310171	-0.6902982	0.886	0.96918166	1.0	3176	tags=25%, list=21%, signal=31%	
REACTOME_GLYCOGEN_SYNTHESIS	REACTOME_GLYCOGEN_SYNTHESIS		5	-0.33235672	-0.68680805	0.84294236	0.97155154	1.0	2629	tags=40%, list=17%, signal=48%	
BIOCARTA_PYK2_PATHWAY	BIOCARTA_PYK2_PATHWAY		25	-0.19724278	-0.6862092	0.9194499	0.9710906	1.0	2591	tags=20%, list=17%, signal=24%	
REACTOME_ACYL_CHAIN_REMODELLING_OF_PI	REACTOME_ACYL_CHAIN_REMODELLING_OF_PI		8	-0.277766	-0.68321157	0.872211	0.97297436	1.0	4410	tags=38%, list=29%, signal=52%	
WP_FAS_PATHWAY_AND_STRESS_INDUCTION_OF_HSP_REGULATION	WP_FAS_PATHWAY_AND_STRESS_INDUCTION_OF_HSP_REGULATION		35	-0.18246484	-0.68287027	0.94205606	0.97224784	1.0	5027	tags=34%, list=33%, signal=51%	
REACTOME_FRS_MEDIATED_FGFR4_SIGNALING	REACTOME_FRS_MEDIATED_FGFR4_SIGNALING		9	-0.2706822	-0.6825828	0.8721374	0.9714522	1.0	1621	tags=22%, list=11%, signal=25%	
REACTOME_MIRO_GTPASE_CYCLE	REACTOME_MIRO_GTPASE_CYCLE		7	-0.29441035	-0.68026906	0.8431772	0.9724972	1.0	4876	tags=57%, list=32%, signal=84%	
BIOCARTA_AKAP95_PATHWAY	BIOCARTA_AKAP95_PATHWAY		10	-0.25780565	-0.67958987	0.88246626	0.9720447	1.0	460	tags=10%, list=3%, signal=10%	
REACTOME_ENERGY_DEPENDENT_REGULATION_OF_MTOR_BY_LKB1_AMPK	REACTOME_ENERGY_DEPENDENT_REGULATION_OF_MTOR_BY_LKB1_AMPK		27	-0.19674063	-0.6782662	0.9106464	0.9721523	1.0	4425	tags=37%, list=29%, signal=52%	
REACTOME_NOREPINEPHRINE_NEUROTRANSMITTER_RELEASE_CYCLE	REACTOME_NOREPINEPHRINE_NEUROTRANSMITTER_RELEASE_CYCLE		10	-0.25856972	-0.67759633	0.8355641	0.97173434	1.0	6851	tags=70%, list=44%, signal=126%	
WP_ACETYLCHOLINE_SYNTHESIS	WP_ACETYLCHOLINE_SYNTHESIS		5	-0.32009327	-0.67719895	0.8740458	0.97099936	1.0	2265	tags=20%, list=15%, signal=23%	
WP_PURINE_METABOLISM	WP_PURINE_METABOLISM		128	-0.13747285	-0.67592996	0.9943609	0.97117054	1.0	2705	tags=18%, list=18%, signal=22%	
REACTOME_FRS_MEDIATED_FGFR1_SIGNALING	REACTOME_FRS_MEDIATED_FGFR1_SIGNALING		10	-0.2574983	-0.6758635	0.86815417	0.97019094	1.0	1621	tags=20%, list=11%, signal=22%	
REACTOME_ALPHA_OXIDATION_OF_PHYTANATE	REACTOME_ALPHA_OXIDATION_OF_PHYTANATE		5	-0.3191462	-0.6693208	0.85010266	0.97488177	1.0	10500	tags=100%, list=68%, signal=313%	
REACTOME_DISASSEMBLY_OF_THE_DESTRUCTION_COMPLEX_AND_RECRUITMENT_OF_AXIN_TO_THE_MEMBRANE	REACTOME_DISASSEMBLY_OF_THE_DESTRUCTION_COMPLEX_AND_RECRUITMENT_OF_AXIN_TO_THE_MEMBRANE		23	-0.20028315	-0.66900134	0.9244898	0.97411984	1.0	4791	tags=39%, list=31%, signal=57%	
REACTOME_CLASS_B_2_SECRETIN_FAMILY_RECEPTORS	REACTOME_CLASS_B_2_SECRETIN_FAMILY_RECEPTORS		22	-0.20008343	-0.66853297	0.91434264	0.9734993	1.0	1293	tags=14%, list=8%, signal=15%	
REACTOME_PKA_MEDIATED_PHOSPHORYLATION_OF_CREB	REACTOME_PKA_MEDIATED_PHOSPHORYLATION_OF_CREB		11	-0.2420792	-0.66720414	0.867052	0.9736636	1.0	2374	tags=27%, list=15%, signal=32%	
REACTOME_NEDDYLATION	REACTOME_NEDDYLATION		204	-0.12819763	-0.6644291	0.9981618	0.97502434	1.0	2221	tags=13%, list=14%, signal=15%	
REACTOME_TGF_BETA_RECEPTOR_SIGNALING_IN_EMT_EPITHELIAL_TO_MESENCHYMAL_TRANSITION	REACTOME_TGF_BETA_RECEPTOR_SIGNALING_IN_EMT_EPITHELIAL_TO_MESENCHYMAL_TRANSITION		15	-0.22457598	-0.6642097	0.9139344	0.9741797	1.0	4279	tags=40%, list=28%, signal=55%	
REACTOME_NEGATIVE_FEEDBACK_REGULATION_OF_MAPK_PATHWAY	REACTOME_NEGATIVE_FEEDBACK_REGULATION_OF_MAPK_PATHWAY		6	-0.29752403	-0.6632926	0.8752599	0.9738905	1.0	1157	tags=17%, list=8%, signal=18%	
REACTOME_HEDGEHOG_OFF_STATE	REACTOME_HEDGEHOG_OFF_STATE		95	-0.14131744	-0.66163534	0.9864865	0.9742405	1.0	3828	tags=24%, list=25%, signal=32%	
BIOCARTA_PTDINS_PATHWAY	BIOCARTA_PTDINS_PATHWAY		14	-0.2278551	-0.66053456	0.9044715	0.9740847	1.0	5289	tags=50%, list=34%, signal=76%	
REACTOME_SIGNALING_BY_TGF_BETA_RECEPTOR_COMPLEX	REACTOME_SIGNALING_BY_TGF_BETA_RECEPTOR_COMPLEX		68	-0.14998932	-0.65799856	0.9713193	0.9751051	1.0	2138	tags=15%, list=14%, signal=17%	
BIOCARTA_CHREBP_PATHWAY	BIOCARTA_CHREBP_PATHWAY		7	-0.27698162	-0.6558919	0.89349115	0.9757372	1.0	460	tags=14%, list=3%, signal=15%	
REACTOME_RUNX3_REGULATES_NOTCH_SIGNALING	REACTOME_RUNX3_REGULATES_NOTCH_SIGNALING		9	-0.2566071	-0.6524042	0.8790787	0.9773957	1.0	4373	tags=44%, list=28%, signal=62%	
REACTOME_BETA_OXIDATION_OF_DECANOYL_COA_TO_OCTANOYL_COA_COA	REACTOME_BETA_OXIDATION_OF_DECANOYL_COA_TO_OCTANOYL_COA_COA		6	-0.2889956	-0.6448067	0.89341086	0.98201346	1.0	10965	tags=100%, list=71%, signal=346%	
REACTOME_POST_NMDA_RECEPTOR_ACTIVATION_EVENTS	REACTOME_POST_NMDA_RECEPTOR_ACTIVATION_EVENTS		14	-0.2203071	-0.6389631	0.9138943	0.9853899	1.0	1810	tags=21%, list=12%, signal=24%	
REACTOME_ERBB2_REGULATES_CELL_MOTILITY	REACTOME_ERBB2_REGULATES_CELL_MOTILITY		8	-0.2605451	-0.63399976	0.9250493	0.98776644	1.0	11404	tags=100%, list=74%, signal=384%	
BIOCARTA_IFNG_PATHWAY	BIOCARTA_IFNG_PATHWAY		6	-0.27484113	-0.6331697	0.90118575	0.98729616	1.0	4194	tags=33%, list=27%, signal=46%	
REACTOME_MITOCHONDRIAL_PROTEIN_IMPORT	REACTOME_MITOCHONDRIAL_PROTEIN_IMPORT		9	-0.24694572	-0.63295513	0.896	0.9863877	1.0	3180	tags=33%, list=21%, signal=42%	
WP_METHYLATION	WP_METHYLATION		5	-0.30459476	-0.63152325	0.9104478	0.98632705	1.0	1260	tags=20%, list=8%, signal=22%	
REACTOME_PRESYNAPTIC_FUNCTION_OF_KAINATE_RECEPTORS	REACTOME_PRESYNAPTIC_FUNCTION_OF_KAINATE_RECEPTORS		15	-0.21320236	-0.63002247	0.92871284	0.98619837	1.0	163	tags=7%, list=1%, signal=7%	
REACTOME_ACTIVATION_OF_SMO	REACTOME_ACTIVATION_OF_SMO		9	-0.2495316	-0.62699467	0.9271255	0.9872504	1.0	4642	tags=44%, list=30%, signal=64%	
REACTOME_GOLGI_CISTERNAE_PERICENTRIOLAR_STACK_REORGANIZATION	REACTOME_GOLGI_CISTERNAE_PERICENTRIOLAR_STACK_REORGANIZATION		10	-0.23766875	-0.62545604	0.92706335	0.9871822	1.0	11757	tags=100%, list=76%, signal=421%	
BIOCARTA_EFP_PATHWAY	BIOCARTA_EFP_PATHWAY		12	-0.22588603	-0.6249094	0.9133858	0.9865036	1.0	11939	tags=100%, list=77%, signal=443%	
BIOCARTA_TSP1_PATHWAY	BIOCARTA_TSP1_PATHWAY		7	-0.2640259	-0.61991143	0.9094488	0.9886416	1.0	2216	tags=29%, list=14%, signal=33%	
REACTOME_VXPX_CARGO_TARGETING_TO_CILIUM	REACTOME_VXPX_CARGO_TARGETING_TO_CILIUM		16	-0.20221186	-0.6182058	0.9278752	0.9886548	1.0	5722	tags=44%, list=37%, signal=69%	
BIOCARTA_G1_PATHWAY	BIOCARTA_G1_PATHWAY		23	-0.1847252	-0.61596346	0.9546351	0.9889794	1.0	5359	tags=43%, list=35%, signal=67%	
REACTOME_BETA_OXIDATION_OF_LAUROYL_COA_TO_DECANOYL_COA_COA	REACTOME_BETA_OXIDATION_OF_LAUROYL_COA_TO_DECANOYL_COA_COA		5	-0.28897685	-0.6158909	0.93047035	0.9879777	1.0	10965	tags=100%, list=71%, signal=346%	
REACTOME_VEGF_LIGAND_RECEPTOR_INTERACTIONS	REACTOME_VEGF_LIGAND_RECEPTOR_INTERACTIONS		5	-0.2913857	-0.6124929	0.9251012	0.98897266	1.0	4962	tags=60%, list=32%, signal=88%	
WP_FATTY_ACID_OXIDATION	WP_FATTY_ACID_OXIDATION		10	-0.22638264	-0.60824895	0.91793895	0.99048513	1.0	1919	tags=20%, list=12%, signal=23%	
REACTOME_BETA_OXIDATION_OF_OCTANOYL_COA_TO_HEXANOYL_COA	REACTOME_BETA_OXIDATION_OF_OCTANOYL_COA_TO_HEXANOYL_COA		5	-0.28897685	-0.6058259	0.94756556	0.9907676	1.0	10965	tags=100%, list=71%, signal=346%	
BIOCARTA_RARRXR_PATHWAY	BIOCARTA_RARRXR_PATHWAY		6	-0.26969805	-0.60168856	0.9115385	0.99199134	1.0	2985	tags=33%, list=19%, signal=41%	
REACTOME_NEGATIVE_REGULATION_OF_FGFR2_SIGNALING	REACTOME_NEGATIVE_REGULATION_OF_FGFR2_SIGNALING		20	-0.18252149	-0.59612703	0.96385545	0.9937708	1.0	3781	tags=30%, list=25%, signal=40%	
REACTOME_G_ALPHA_Z_SIGNALLING_EVENTS	REACTOME_G_ALPHA_Z_SIGNALLING_EVENTS		19	-0.18703988	-0.5956176	0.97109824	0.99300134	1.0	2498	tags=21%, list=16%, signal=25%	
REACTOME_MITOCHONDRIAL_IRON_SULFUR_CLUSTER_BIOGENESIS	REACTOME_MITOCHONDRIAL_IRON_SULFUR_CLUSTER_BIOGENESIS		10	-0.22567432	-0.5955571	0.93737376	0.9920027	1.0	1895	tags=20%, list=12%, signal=23%	
BIOCARTA_RB_PATHWAY	BIOCARTA_RB_PATHWAY		11	-0.22106835	-0.5935278	0.92741936	0.9919956	1.0	12013	tags=100%, list=78%, signal=452%	
REACTOME_INTERFERON_GAMMA_SIGNALING	REACTOME_INTERFERON_GAMMA_SIGNALING		18	-0.18773279	-0.59116703	0.96062994	0.99208796	1.0	4502	tags=33%, list=29%, signal=47%	
REACTOME_MRNA_EDITING	REACTOME_MRNA_EDITING		5	-0.28005376	-0.5897177	0.9254658	0.99178034	1.0	4303	tags=40%, list=28%, signal=55%	
REACTOME_NEGATIVE_REGULATION_OF_FGFR4_SIGNALING	REACTOME_NEGATIVE_REGULATION_OF_FGFR4_SIGNALING		20	-0.18252149	-0.5855171	0.9607438	0.99270624	1.0	3781	tags=30%, list=25%, signal=40%	
REACTOME_NEGATIVE_REGULATION_OF_FGFR3_SIGNALING	REACTOME_NEGATIVE_REGULATION_OF_FGFR3_SIGNALING		20	-0.18252149	-0.58117384	0.967803	0.99365336	1.0	3781	tags=30%, list=25%, signal=40%	
REACTOME_PROLONGED_ERK_ACTIVATION_EVENTS	REACTOME_PROLONGED_ERK_ACTIVATION_EVENTS		12	-0.20708856	-0.57920235	0.9412916	0.99346685	1.0	4147	tags=33%, list=27%, signal=46%	
REACTOME_GP1B_IX_V_ACTIVATION_SIGNALLING	REACTOME_GP1B_IX_V_ACTIVATION_SIGNALLING		9	-0.22798951	-0.5779134	0.9582505	0.9930172	1.0	3781	tags=33%, list=25%, signal=44%	
REACTOME_SYNTHESIS_OF_PIPS_AT_THE_LATE_ENDOSOME_MEMBRANE	REACTOME_SYNTHESIS_OF_PIPS_AT_THE_LATE_ENDOSOME_MEMBRANE		10	-0.22336842	-0.57700455	0.9680639	0.99240667	1.0	1416	tags=20%, list=9%, signal=22%	
REACTOME_THROMBIN_SIGNALLING_THROUGH_PROTEINASE_ACTIVATED_RECEPTORS_PARS	REACTOME_THROMBIN_SIGNALLING_THROUGH_PROTEINASE_ACTIVATED_RECEPTORS_PARS		27	-0.16448997	-0.5755911	0.97252744	0.9919734	1.0	4053	tags=26%, list=26%, signal=35%	
REACTOME_METABOLISM_OF_POLYAMINES	REACTOME_METABOLISM_OF_POLYAMINES		55	-0.13767627	-0.57498765	0.99813783	0.9912095	1.0	2383	tags=13%, list=15%, signal=15%	
REACTOME_SERINE_BIOSYNTHESIS	REACTOME_SERINE_BIOSYNTHESIS		7	-0.23924468	-0.5716895	0.9578313	0.9914872	1.0	11732	tags=100%, list=76%, signal=418%	
WP_MITOCHONDRIAL_LONG_CHAIN_FATTY_ACID_BETAOXIDATION	WP_MITOCHONDRIAL_LONG_CHAIN_FATTY_ACID_BETAOXIDATION		16	-0.19010517	-0.5709086	0.966	0.99076086	1.0	12491	tags=100%, list=81%, signal=526%	
REACTOME_BETA_CATENIN_PHOSPHORYLATION_CASCADE	REACTOME_BETA_CATENIN_PHOSPHORYLATION_CASCADE		17	-0.18271711	-0.5682596	0.97590363	0.990817	1.0	4791	tags=35%, list=31%, signal=51%	
REACTOME_DETOXIFICATION_OF_REACTIVE_OXYGEN_SPECIES	REACTOME_DETOXIFICATION_OF_REACTIVE_OXYGEN_SPECIES		30	-0.1562421	-0.5681926	0.98285717	0.9898363	1.0	5145	tags=40%, list=33%, signal=60%	
BIOCARTA_HCMV_PATHWAY	BIOCARTA_HCMV_PATHWAY		17	-0.18399319	-0.5665022	0.9525617	0.9894363	1.0	4147	tags=35%, list=27%, signal=48%	
REACTOME_DARPP_32_EVENTS	REACTOME_DARPP_32_EVENTS		15	-0.18989807	-0.5647799	0.9653061	0.9890966	1.0	12494	tags=100%, list=81%, signal=527%	
REACTOME_TCR_SIGNALING	REACTOME_TCR_SIGNALING		110	-0.117340475	-0.5624432	1.0	0.98898846	1.0	5771	tags=40%, list=37%, signal=63%	
REACTOME_ACTIVATION_OF_IRF3_IRF7_MEDIATED_BY_TBK1_IKK_IKBKE	REACTOME_ACTIVATION_OF_IRF3_IRF7_MEDIATED_BY_TBK1_IKK_IKBKE		19	-0.17598146	-0.5617965	0.9574899	0.9882378	1.0	4620	tags=37%, list=30%, signal=53%	
REACTOME_FCERI_MEDIATED_MAPK_ACTIVATION	REACTOME_FCERI_MEDIATED_MAPK_ACTIVATION		32	-0.15036078	-0.55318034	0.9860558	0.9902485	1.0	3580	tags=22%, list=23%, signal=28%	
WP_GLYCOGEN_METABOLISM	WP_GLYCOGEN_METABOLISM		30	-0.15190397	-0.5517566	0.98785424	0.9897024	1.0	1101	tags=10%, list=7%, signal=11%	
REACTOME_TCF_DEPENDENT_SIGNALING_IN_RESPONSE_TO_WNT	REACTOME_TCF_DEPENDENT_SIGNALING_IN_RESPONSE_TO_WNT		129	-0.11252248	-0.5430428	1.0	0.9914689	1.0	4154	tags=22%, list=27%, signal=31%	
REACTOME_ACTIVATION_OF_NMDA_RECEPTORS_AND_POSTSYNAPTIC_EVENTS	REACTOME_ACTIVATION_OF_NMDA_RECEPTORS_AND_POSTSYNAPTIC_EVENTS		23	-0.1586957	-0.5380173	0.99236643	0.99195963	1.0	1959	tags=17%, list=13%, signal=20%	
WP_ERBB_SIGNALING_PATHWAY	WP_ERBB_SIGNALING_PATHWAY		39	-0.1375689	-0.5379707	0.99236643	0.99097025	1.0	4425	tags=31%, list=29%, signal=43%	
REACTOME_CROSS_PRESENTATION_OF_SOLUBLE_EXOGENOUS_ANTIGENS_ENDOSOMES	REACTOME_CROSS_PRESENTATION_OF_SOLUBLE_EXOGENOUS_ANTIGENS_ENDOSOMES		46	-0.1314728	-0.5266133	0.99633026	0.99309486	1.0	13398	tags=100%, list=87%, signal=761%	
REACTOME_APOPTOTIC_CLEAVAGE_OF_CELLULAR_PROTEINS	REACTOME_APOPTOTIC_CLEAVAGE_OF_CELLULAR_PROTEINS		30	-0.14530437	-0.5244272	0.99800795	0.9926435	1.0	4321	tags=27%, list=28%, signal=37%	
REACTOME_HEDGEHOG_LIGAND_BIOGENESIS	REACTOME_HEDGEHOG_LIGAND_BIOGENESIS		57	-0.11965842	-0.505536	1.0	0.9957886	1.0	2383	tags=14%, list=15%, signal=17%	
REACTOME_PCP_CE_PATHWAY	REACTOME_PCP_CE_PATHWAY		78	-0.11437377	-0.5055326	0.99811673	0.9947817	1.0	3774	tags=19%, list=24%, signal=25%	
REACTOME_TRANSCRIPTIONAL_REGULATION_BY_RUNX3	REACTOME_TRANSCRIPTIONAL_REGULATION_BY_RUNX3		72	-0.112343855	-0.49932498	1.0	0.9949697	1.0	5868	tags=42%, list=38%, signal=67%	
BIOCARTA_STATHMIN_PATHWAY	BIOCARTA_STATHMIN_PATHWAY		19	-0.14274386	-0.4588545	0.99800795	0.99937564	1.0	460	tags=5%, list=3%, signal=5%	
BIOCARTA_FAS_PATHWAY	BIOCARTA_FAS_PATHWAY		28	-0.12848935	-0.45314983	1.0	0.9989051	1.0	5866	tags=43%, list=38%, signal=69%	
BIOCARTA_TGFB_PATHWAY	BIOCARTA_TGFB_PATHWAY		16	-0.14335799	-0.43954605	0.99589324	0.99890196	1.0	13211	tags=100%, list=86%, signal=698%	
REACTOME_GLYCINE_DEGRADATION	REACTOME_GLYCINE_DEGRADATION		6	-0.18481511	-0.4101497	0.997996	0.99914306	1.0	5418	tags=50%, list=35%, signal=77%	
